<?xml version="1.0" encoding="UTF-8"?>
<gpx xmlns="http://www.topografix.com/GPX/1/1" xmlns:xsi="http://www.w3.org/2001/XMLSchema-instance" xsi:schemaLocation="http://www.topografix.com/GPX/1/1 http://www.topografix.com/GPX/1/1/gpx.xsd" version="1.1" creator="gpx.py -- https://github.com/tkrajina/gpxpy">
  <trk>
    <name>
   Castricum Kajakken
  </name>
    <desc>9.7 km; akersloot.gpx</desc>
    <type>
   kayaking_v2
  </type>
    <trkseg>
      <trkpt lat="52.549417074769735" lon="4.722082866355777">
        <ele>-13.0</ele>
      </trkpt>
      <trkpt lat="52.54941866733134" lon="4.722082195803523">
        <ele>-13.0</ele>
      </trkpt>
      <trkpt lat="52.54941917024553" lon="4.722085129469633">
        <ele>-13.0</ele>
      </trkpt>
      <trkpt lat="52.54942185245454" lon="4.72208839841187">
        <ele>-13.0</ele>
      </trkpt>
      <trkpt lat="52.549422439187765" lon="4.722092002630234">
        <ele>-13.0</ele>
      </trkpt>
      <trkpt lat="52.54942771978676" lon="4.72210600040853">
        <ele>-13.0</ele>
      </trkpt>
      <trkpt lat="52.549433251842856" lon="4.722119411453605">
        <ele>-13.0</ele>
      </trkpt>
      <trkpt lat="52.54943693988025" lon="4.722135756164789">
        <ele>-13.0</ele>
      </trkpt>
      <trkpt lat="52.54944171756506" lon="4.722153022885323">
        <ele>-13.0</ele>
      </trkpt>
      <trkpt lat="52.54944766871631" lon="4.722174229100347">
        <ele>-13.0</ele>
      </trkpt>
      <trkpt lat="52.54945429041982" lon="4.722197195515037">
        <ele>-13.0</ele>
      </trkpt>
      <trkpt lat="52.54946275614202" lon="4.72221739590168">
        <ele>-13.0</ele>
      </trkpt>
      <trkpt lat="52.549472227692604" lon="4.7222378477454185">
        <ele>-13.0</ele>
      </trkpt>
      <trkpt lat="52.54948312416673" lon="4.722257209941745">
        <ele>-13.0</ele>
      </trkpt>
      <trkpt lat="52.549497205764055" lon="4.722277829423547">
        <ele>-13.0</ele>
      </trkpt>
      <trkpt lat="52.54951254464686" lon="4.72229702398181">
        <ele>-12.600000381469727</ele>
      </trkpt>
      <trkpt lat="52.54952788352966" lon="4.72231412306428">
        <ele>-12.600000381469727</ele>
      </trkpt>
      <trkpt lat="52.54954297095537" lon="4.7223318088799715">
        <ele>-12.600000381469727</ele>
      </trkpt>
      <trkpt lat="52.54955948330462" lon="4.722350919619203">
        <ele>-12.399999618530273</ele>
      </trkpt>
      <trkpt lat="52.549575911834836" lon="4.7223674319684505">
        <ele>-12.399999618530273</ele>
      </trkpt>
      <trkpt lat="52.549592927098274" lon="4.722384111955762">
        <ele>-12.399999618530273</ele>
      </trkpt>
      <trkpt lat="52.54961136728525" lon="4.722399031743407">
        <ele>-12.600000381469727</ele>
      </trkpt>
      <trkpt lat="52.54962930455804" lon="4.722415124997497">
        <ele>-12.800000190734863</ele>
      </trkpt>
      <trkpt lat="52.549645062536" lon="4.722430212423205">
        <ele>-13.0</ele>
      </trkpt>
      <trkpt lat="52.549662832170725" lon="4.722446221858263">
        <ele>-13.0</ele>
      </trkpt>
      <trkpt lat="52.54968035034835" lon="4.72246122546494">
        <ele>-13.0</ele>
      </trkpt>
      <trkpt lat="52.549698539078236" lon="4.722479162737727">
        <ele>-13.0</ele>
      </trkpt>
      <trkpt lat="52.549716643989086" lon="4.722493076696992">
        <ele>-13.199999809265137</ele>
      </trkpt>
      <trkpt lat="52.54973432980478" lon="4.7225079126656055">
        <ele>-13.399999618530273</ele>
      </trkpt>
      <trkpt lat="52.54975704476237" lon="4.722522832453251">
        <ele>-13.199999809265137</ele>
      </trkpt>
      <trkpt lat="52.54977498203516" lon="4.722537836059928">
        <ele>-13.0</ele>
      </trkpt>
      <trkpt lat="52.5497919972986" lon="4.722552336752415">
        <ele>-13.0</ele>
      </trkpt>
      <trkpt lat="52.54980825819075" lon="4.722569100558758">
        <ele>-12.800000190734863</ele>
      </trkpt>
      <trkpt lat="52.549827536568046" lon="4.722585864365101">
        <ele>-12.800000190734863</ele>
      </trkpt>
      <trkpt lat="52.54984547384083" lon="4.722601203247905">
        <ele>-13.0</ele>
      </trkpt>
      <trkpt lat="52.54986181855202" lon="4.7226133570075035">
        <ele>-13.0</ele>
      </trkpt>
      <trkpt lat="52.54987430758774" lon="4.7226307913661">
        <ele>-13.0</ele>
      </trkpt>
      <trkpt lat="52.549891993403435" lon="4.72264789044857">
        <ele>-13.0</ele>
      </trkpt>
      <trkpt lat="52.54990699701011" lon="4.722664654254913">
        <ele>-13.0</ele>
      </trkpt>
      <trkpt lat="52.54992216825485" lon="4.722679574042559">
        <ele>-13.0</ele>
      </trkpt>
      <trkpt lat="52.54993759095669" lon="4.722692314535379">
        <ele>-13.0</ele>
      </trkpt>
      <trkpt lat="52.54995561204851" lon="4.722707150503993">
        <ele>-13.0</ele>
      </trkpt>
      <trkpt lat="52.54997028037906" lon="4.722719555720687">
        <ele>-13.0</ele>
      </trkpt>
      <trkpt lat="52.54998712800443" lon="4.7227355651557446">
        <ele>-13.0</ele>
      </trkpt>
      <trkpt lat="52.55000037141144" lon="4.722750568762422">
        <ele>-13.199999809265137</ele>
      </trkpt>
      <trkpt lat="52.550017638131976" lon="4.722766242921352">
        <ele>-13.0</ele>
      </trkpt>
      <trkpt lat="52.55003331229091" lon="4.722783928737044">
        <ele>-13.0</ele>
      </trkpt>
      <trkpt lat="52.550050327554345" lon="4.722799099981785">
        <ele>-13.0</ele>
      </trkpt>
      <trkpt lat="52.55006524734199" lon="4.7228139359503984">
        <ele>-13.0</ele>
      </trkpt>
      <trkpt lat="52.55008284933865" lon="4.722829945385456">
        <ele>-13.0</ele>
      </trkpt>
      <trkpt lat="52.55009944550693" lon="4.722845032811165">
        <ele>-12.600000381469727</ele>
      </trkpt>
      <trkpt lat="52.5501165445894" lon="4.722861796617508">
        <ele>-12.399999618530273</ele>
      </trkpt>
      <trkpt lat="52.55013255402446" lon="4.722876716405153">
        <ele>-12.399999618530273</ele>
      </trkpt>
      <trkpt lat="52.55015208385885" lon="4.722892139106989">
        <ele>-12.199999809265137</ele>
      </trkpt>
      <trkpt lat="52.55016943439841" lon="4.722907980903983">
        <ele>-12.199999809265137</ele>
      </trkpt>
      <trkpt lat="52.550187623128295" lon="4.722923403605819">
        <ele>-12.199999809265137</ele>
      </trkpt>
      <trkpt lat="52.550206230953336" lon="4.722937233746052">
        <ele>-12.199999809265137</ele>
      </trkpt>
      <trkpt lat="52.5502254255116" lon="4.722951902076602">
        <ele>-12.199999809265137</ele>
      </trkpt>
      <trkpt lat="52.550243781879544" lon="4.722966235131025">
        <ele>-12.399999618530273</ele>
      </trkpt>
      <trkpt lat="52.55026205442846" lon="4.722982244566083">
        <ele>-12.399999618530273</ele>
      </trkpt>
      <trkpt lat="52.55028082989156" lon="4.7229985892772675">
        <ele>-12.399999618530273</ele>
      </trkpt>
      <trkpt lat="52.55029960535467" lon="4.723015017807484">
        <ele>-12.399999618530273</ele>
      </trkpt>
      <trkpt lat="52.55031938664615" lon="4.723030356690288">
        <ele>-12.600000381469727</ele>
      </trkpt>
      <trkpt lat="52.55033698864281" lon="4.723046533763409">
        <ele>-12.399999618530273</ele>
      </trkpt>
      <trkpt lat="52.550355764105916" lon="4.723061956465244">
        <ele>-12.399999618530273</ele>
      </trkpt>
      <trkpt lat="52.55037244409323" lon="4.723077546805143">
        <ele>-12.399999618530273</ele>
      </trkpt>
      <trkpt lat="52.550390465185046" lon="4.723093891516328">
        <ele>-12.600000381469727</ele>
      </trkpt>
      <trkpt lat="52.55040722899139" lon="4.723110822960734">
        <ele>-12.600000381469727</ele>
      </trkpt>
      <trkpt lat="52.550425082445145" lon="4.7231275867670774">
        <ele>-12.800000190734863</ele>
      </trkpt>
      <trkpt lat="52.55044016987085" lon="4.7231449373066425">
        <ele>-13.0</ele>
      </trkpt>
      <trkpt lat="52.55045861005783" lon="4.723161617293954">
        <ele>-13.0</ele>
      </trkpt>
      <trkpt lat="52.55047470331192" lon="4.723176369443536">
        <ele>-13.0</ele>
      </trkpt>
      <trkpt lat="52.55049272440374" lon="4.723192630335689">
        <ele>-13.0</ele>
      </trkpt>
      <trkpt lat="52.5505084823817" lon="4.723208891227841">
        <ele>-13.0</ele>
      </trkpt>
      <trkpt lat="52.55052608437836" lon="4.7232250683009624">
        <ele>-13.0</ele>
      </trkpt>
      <trkpt lat="52.550541926175356" lon="4.723239401355386">
        <ele>-12.800000190734863</ele>
      </trkpt>
      <trkpt lat="52.5505602825433" lon="4.723255410790443">
        <ele>-12.800000190734863</ele>
      </trkpt>
      <trkpt lat="52.55057687871158" lon="4.723269492387772">
        <ele>-12.800000190734863</ele>
      </trkpt>
      <trkpt lat="52.5505948998034" lon="4.723283741623163">
        <ele>-12.800000190734863</ele>
      </trkpt>
      <trkpt lat="52.550611328333616" lon="4.7232980746775866">
        <ele>-12.800000190734863</ele>
      </trkpt>
      <trkpt lat="52.55062893033028" lon="4.723314754664898">
        <ele>-12.600000381469727</ele>
      </trkpt>
      <trkpt lat="52.550646448507905" lon="4.723330680280924">
        <ele>-12.600000381469727</ele>
      </trkpt>
      <trkpt lat="52.55066463723779" lon="4.723346773535013">
        <ele>-12.600000381469727</ele>
      </trkpt>
      <trkpt lat="52.55068232305348" lon="4.7233628667891026">
        <ele>-12.600000381469727</ele>
      </trkpt>
      <trkpt lat="52.550701182335615" lon="4.723379882052541">
        <ele>-12.600000381469727</ele>
      </trkpt>
      <trkpt lat="52.5507193710655" lon="4.723396226763725">
        <ele>-12.600000381469727</ele>
      </trkpt>
      <trkpt lat="52.55073747597635" lon="4.723412403836846">
        <ele>-12.600000381469727</ele>
      </trkpt>
      <trkpt lat="52.55075574852526" lon="4.723429335281253">
        <ele>-12.600000381469727</ele>
      </trkpt>
      <trkpt lat="52.550772093236446" lon="4.723446015268564">
        <ele>-12.600000381469727</ele>
      </trkpt>
      <trkpt lat="52.55078986287117" lon="4.723462611436844">
        <ele>-12.800000190734863</ele>
      </trkpt>
      <trkpt lat="52.55080654285848" lon="4.723477615043521">
        <ele>-12.600000381469727</ele>
      </trkpt>
      <trkpt lat="52.55082422867417" lon="4.723494127392769">
        <ele>-12.800000190734863</ele>
      </trkpt>
      <trkpt lat="52.55083923228085" lon="4.7235101368278265">
        <ele>-12.399999618530273</ele>
      </trkpt>
      <trkpt lat="52.55085624754429" lon="4.723527235910296">
        <ele>-12.600000381469727</ele>
      </trkpt>
      <trkpt lat="52.55087158642709" lon="4.723543245345354">
        <ele>-12.800000190734863</ele>
      </trkpt>
      <trkpt lat="52.55088943988085" lon="4.72355967387557">
        <ele>-12.800000190734863</ele>
      </trkpt>
      <trkpt lat="52.55090528167784" lon="4.723575431853533">
        <ele>-12.800000190734863</ele>
      </trkpt>
      <trkpt lat="52.55092229694128" lon="4.723591860383749">
        <ele>-12.600000381469727</ele>
      </trkpt>
      <trkpt lat="52.55093830637634" lon="4.723605355247855">
        <ele>-12.600000381469727</ele>
      </trkpt>
      <trkpt lat="52.55095557309687" lon="4.72361926920712">
        <ele>-12.600000381469727</ele>
      </trkpt>
      <trkpt lat="52.55097208544612" lon="4.723634775727987">
        <ele>-12.600000381469727</ele>
      </trkpt>
      <trkpt lat="52.55098834633827" lon="4.723649695515633">
        <ele>-12.399999618530273</ele>
      </trkpt>
      <trkpt lat="52.551005529239774" lon="4.723666207864881">
        <ele>-12.399999618530273</ele>
      </trkpt>
      <trkpt lat="52.551022209227085" lon="4.723683390766382">
        <ele>-12.399999618530273</ele>
      </trkpt>
      <trkpt lat="52.551038302481174" lon="4.723699986934662">
        <ele>-12.600000381469727</ele>
      </trkpt>
      <trkpt lat="52.55105389282107" lon="4.7237195167690516">
        <ele>-12.800000190734863</ele>
      </trkpt>
      <trkpt lat="52.55106973461807" lon="4.723740387707949">
        <ele>-13.0</ele>
      </trkpt>
      <trkpt lat="52.551083816215396" lon="4.723759330809116">
        <ele>-13.0</ele>
      </trkpt>
      <trkpt lat="52.551098484545946" lon="4.723780872300267">
        <ele>-13.0</ele>
      </trkpt>
      <trkpt lat="52.55111097358167" lon="4.723800485953689">
        <ele>-13.0</ele>
      </trkpt>
      <trkpt lat="52.551124803721905" lon="4.72382353618741">
        <ele>-13.0</ele>
      </trkpt>
      <trkpt lat="52.55113871768117" lon="4.723848095163703">
        <ele>-13.0</ele>
      </trkpt>
      <trkpt lat="52.55115129053593" lon="4.72387139685452">
        <ele>-12.800000190734863</ele>
      </trkpt>
      <trkpt lat="52.55116352811456" lon="4.723894950002432">
        <ele>-12.800000190734863</ele>
      </trkpt>
      <trkpt lat="52.55117643624544" lon="4.723921017721295">
        <ele>-12.800000190734863</ele>
      </trkpt>
      <trkpt lat="52.551188338547945" lon="4.723944989964366">
        <ele>-12.600000381469727</ele>
      </trkpt>
      <trkpt lat="52.55120032466948" lon="4.723970219492912">
        <ele>-12.399999618530273</ele>
      </trkpt>
      <trkpt lat="52.55121264606714" lon="4.723993856459856">
        <ele>-12.399999618530273</ele>
      </trkpt>
      <trkpt lat="52.5512252189219" lon="4.7240187507122755">
        <ele>-12.399999618530273</ele>
      </trkpt>
      <trkpt lat="52.551237205043435" lon="4.724044566974044">
        <ele>-12.199999809265137</ele>
      </trkpt>
      <trkpt lat="52.55124877206981" lon="4.724070467054844">
        <ele>-12.199999809265137</ele>
      </trkpt>
      <trkpt lat="52.55126033909619" lon="4.724095780402422">
        <ele>-12.0</ele>
      </trkpt>
      <trkpt lat="52.551271906122565" lon="4.724121261388063">
        <ele>-12.0</ele>
      </trkpt>
      <trkpt lat="52.55128338932991" lon="4.724145904183388">
        <ele>-12.0</ele>
      </trkpt>
      <trkpt lat="52.55129453726113" lon="4.724170295521617">
        <ele>-12.399999618530273</ele>
      </trkpt>
      <trkpt lat="52.55130568519235" lon="4.724195776507258">
        <ele>-12.600000381469727</ele>
      </trkpt>
      <trkpt lat="52.55131674930453" lon="4.72421882674098">
        <ele>-12.800000190734863</ele>
      </trkpt>
      <trkpt lat="52.5513272266835" lon="4.724244307726622">
        <ele>-12.800000190734863</ele>
      </trkpt>
      <trkpt lat="52.551336949691176" lon="4.72426769323647">
        <ele>-12.800000190734863</ele>
      </trkpt>
      <trkpt lat="52.55134725943208" lon="4.724292503669858">
        <ele>-12.600000381469727</ele>
      </trkpt>
      <trkpt lat="52.551357401534915" lon="4.724316475912929">
        <ele>-12.399999618530273</ele>
      </trkpt>
      <trkpt lat="52.551367208361626" lon="4.7243403643369675">
        <ele>-12.399999618530273</ele>
      </trkpt>
      <trkpt lat="52.551377434283495" lon="4.724363749846816">
        <ele>-12.399999618530273</ele>
      </trkpt>
      <trkpt lat="52.551389588043094" lon="4.7243880573660135">
        <ele>-12.399999618530273</ele>
      </trkpt>
      <trkpt lat="52.55140174180269" lon="4.724411945790052">
        <ele>-12.399999618530273</ele>
      </trkpt>
      <trkpt lat="52.551414566114545" lon="4.724434409290552">
        <ele>-12.600000381469727</ele>
      </trkpt>
      <trkpt lat="52.551427809521556" lon="4.724456369876862">
        <ele>-12.600000381469727</ele>
      </trkpt>
      <trkpt lat="52.55144163966179" lon="4.724477156996727">
        <ele>-12.600000381469727</ele>
      </trkpt>
      <trkpt lat="52.55145597271621" lon="4.724498279392719">
        <ele>-12.600000381469727</ele>
      </trkpt>
      <trkpt lat="52.55146955139935" lon="4.724517725408077">
        <ele>-12.800000190734863</ele>
      </trkpt>
      <trkpt lat="52.551484471186996" lon="4.7245376743376255">
        <ele>-12.800000190734863</ele>
      </trkpt>
      <trkpt lat="52.55149838514626" lon="4.724554941058159">
        <ele>-12.800000190734863</ele>
      </trkpt>
      <trkpt lat="52.551513304933906" lon="4.724573465064168">
        <ele>-12.800000190734863</ele>
      </trkpt>
      <trkpt lat="52.551528392359614" lon="4.7245892230421305">
        <ele>-12.600000381469727</ele>
      </trkpt>
      <trkpt lat="52.5515447370708" lon="4.724604310467839">
        <ele>-12.600000381469727</ele>
      </trkpt>
      <trkpt lat="52.55155990831554" lon="4.724616715684533">
        <ele>-12.399999618530273</ele>
      </trkpt>
      <trkpt lat="52.55157549865544" lon="4.7246253490448">
        <ele>-12.399999618530273</ele>
      </trkpt>
      <trkpt lat="52.551592011004686" lon="4.724634820595384">
        <ele>-12.399999618530273</ele>
      </trkpt>
      <trkpt lat="52.5516102835536" lon="4.724642699584365">
        <ele>-12.399999618530273</ele>
      </trkpt>
      <trkpt lat="52.551626125350595" lon="4.724646555259824">
        <ele>-12.199999809265137</ele>
      </trkpt>
      <trkpt lat="52.551643727347255" lon="4.7246489860117435">
        <ele>-12.199999809265137</ele>
      </trkpt>
      <trkpt lat="52.551661832258105" lon="4.724648483097553">
        <ele>-12.199999809265137</ele>
      </trkpt>
      <trkpt lat="52.551679937168956" lon="4.724645549431443">
        <ele>-12.199999809265137</ele>
      </trkpt>
      <trkpt lat="52.55169904790819" lon="4.724641526117921">
        <ele>-12.199999809265137</ele>
      </trkpt>
      <trkpt lat="52.55171623080969" lon="4.724636161699891">
        <ele>-12.199999809265137</ele>
      </trkpt>
      <trkpt lat="52.551733162254095" lon="4.72462928853929">
        <ele>-12.199999809265137</ele>
      </trkpt>
      <trkpt lat="52.551749842241406" lon="4.724620655179024">
        <ele>-12.0</ele>
      </trkpt>
      <trkpt lat="52.55176710896194" lon="4.724612943828106">
        <ele>-12.0</ele>
      </trkpt>
      <trkpt lat="52.55178177729249" lon="4.724600957706571">
        <ele>-12.0</ele>
      </trkpt>
      <trkpt lat="52.551797199994326" lon="4.724587043747306">
        <ele>-12.199999809265137</ele>
      </trkpt>
      <trkpt lat="52.55181354470551" lon="4.724574135616422">
        <ele>-12.399999618530273</ele>
      </trkpt>
      <trkpt lat="52.55182913504541" lon="4.72455745562911">
        <ele>-12.399999618530273</ele>
      </trkpt>
      <trkpt lat="52.551844054833055" lon="4.724541530013084">
        <ele>-12.399999618530273</ele>
      </trkpt>
      <trkpt lat="52.55185889080167" lon="4.724524095654488">
        <ele>-12.600000381469727</ele>
      </trkpt>
      <trkpt lat="52.55187381058931" lon="4.724505487829447">
        <ele>-12.399999618530273</ele>
      </trkpt>
      <trkpt lat="52.55188931711018" lon="4.724485203623772">
        <ele>-12.600000381469727</ele>
      </trkpt>
      <trkpt lat="52.551903147250414" lon="4.724460979923606">
        <ele>-12.600000381469727</ele>
      </trkpt>
      <trkpt lat="52.55191815085709" lon="4.7244384326040745">
        <ele>-12.600000381469727</ele>
      </trkpt>
      <trkpt lat="52.55193223245442" lon="4.72441571764648">
        <ele>-12.600000381469727</ele>
      </trkpt>
      <trkpt lat="52.55194706842303" lon="4.724391242489219">
        <ele>-12.399999618530273</ele>
      </trkpt>
      <trkpt lat="52.55195972509682" lon="4.72436735406518">
        <ele>-12.399999618530273</ele>
      </trkpt>
      <trkpt lat="52.551973136141896" lon="4.724344052374363">
        <ele>-12.600000381469727</ele>
      </trkpt>
      <trkpt lat="52.55198637954891" lon="4.724323181435466">
        <ele>-12.399999618530273</ele>
      </trkpt>
      <trkpt lat="52.55200004205108" lon="4.724300466477871">
        <ele>-12.199999809265137</ele>
      </trkpt>
      <trkpt lat="52.552012614905834" lon="4.724276829510927">
        <ele>-12.199999809265137</ele>
      </trkpt>
      <trkpt lat="52.552025355398655" lon="4.724253863096237">
        <ele>-12.199999809265137</ele>
      </trkpt>
      <trkpt lat="52.55203591659665" lon="4.724230980500579">
        <ele>-12.199999809265137</ele>
      </trkpt>
      <trkpt lat="52.55204765126109" lon="4.724208349362016">
        <ele>-12.199999809265137</ele>
      </trkpt>
      <trkpt lat="52.552058044821024" lon="4.724185718223453">
        <ele>-12.199999809265137</ele>
      </trkpt>
      <trkpt lat="52.55207070149481" lon="4.724163506180048">
        <ele>-12.199999809265137</ele>
      </trkpt>
      <trkpt lat="52.55208134651184" lon="4.724138444289565">
        <ele>-12.199999809265137</ele>
      </trkpt>
      <trkpt lat="52.55209215916693" lon="4.724114304408431">
        <ele>-12.199999809265137</ele>
      </trkpt>
      <trkpt lat="52.55210221745074" lon="4.724088069051504">
        <ele>-12.199999809265137</ele>
      </trkpt>
      <trkpt lat="52.55211219191551" lon="4.72406342625618">
        <ele>-12.399999618530273</ele>
      </trkpt>
      <trkpt lat="52.5521230045706" lon="4.724038867279887">
        <ele>-12.399999618530273</ele>
      </trkpt>
      <trkpt lat="52.55213473923504" lon="4.724015900865197">
        <ele>-12.399999618530273</ele>
      </trkpt>
      <trkpt lat="52.55214680917561" lon="4.723993102088571">
        <ele>-12.399999618530273</ele>
      </trkpt>
      <trkpt lat="52.552158795297146" lon="4.7239683754742146">
        <ele>-12.399999618530273</ele>
      </trkpt>
      <trkpt lat="52.55217170342803" lon="4.723948258906603">
        <ele>-12.600000381469727</ele>
      </trkpt>
      <trkpt lat="52.55218343809247" lon="4.723923448473215">
        <ele>-12.399999618530273</ele>
      </trkpt>
      <trkpt lat="52.55219651386142" lon="4.723901320248842">
        <ele>-12.399999618530273</ele>
      </trkpt>
      <trkpt lat="52.5522094219923" lon="4.7238782700151205">
        <ele>-12.399999618530273</ele>
      </trkpt>
      <trkpt lat="52.55222392268479" lon="4.7238588239997625">
        <ele>-12.399999618530273</ele>
      </trkpt>
      <trkpt lat="52.55223817192018" lon="4.7238364443182945">
        <ele>-12.399999618530273</ele>
      </trkpt>
      <trkpt lat="52.55225191824138" lon="4.7238146513700485">
        <ele>-12.399999618530273</ele>
      </trkpt>
      <trkpt lat="52.55226365290582" lon="4.723790427669883">
        <ele>-12.399999618530273</ele>
      </trkpt>
      <trkpt lat="52.55227672867477" lon="4.723767628893256">
        <ele>-12.399999618530273</ele>
      </trkpt>
      <trkpt lat="52.552287206053734" lon="4.723741980269551">
        <ele>-12.399999618530273</ele>
      </trkpt>
      <trkpt lat="52.552298437803984" lon="4.723720354959369">
        <ele>-12.399999618530273</ele>
      </trkpt>
      <trkpt lat="52.5523114297539" lon="4.723696215078235">
        <ele>-12.399999618530273</ele>
      </trkpt>
      <trkpt lat="52.55232500843704" lon="4.7236729972064495">
        <ele>-12.399999618530273</ele>
      </trkpt>
      <trkpt lat="52.552338084205985" lon="4.723649276420474">
        <ele>-12.399999618530273</ele>
      </trkpt>
      <trkpt lat="52.55235166288912" lon="4.723625723272562">
        <ele>-12.399999618530273</ele>
      </trkpt>
      <trkpt lat="52.55236339755356" lon="4.7236008290201426">
        <ele>-12.199999809265137</ele>
      </trkpt>
      <trkpt lat="52.552375718951225" lon="4.72357870079577">
        <ele>-12.199999809265137</ele>
      </trkpt>
      <trkpt lat="52.55238669924438" lon="4.723555902019143">
        <ele>-12.199999809265137</ele>
      </trkpt>
      <trkpt lat="52.55239927209914" lon="4.723533857613802">
        <ele>-12.199999809265137</ele>
      </trkpt>
      <trkpt lat="52.5524100009352" lon="4.723512819036841">
        <ele>-12.199999809265137</ele>
      </trkpt>
      <trkpt lat="52.55242056213319" lon="4.723491193726659">
        <ele>-12.199999809265137</ele>
      </trkpt>
      <trkpt lat="52.55242936313152" lon="4.723469233140349">
        <ele>-12.199999809265137</ele>
      </trkpt>
      <trkpt lat="52.552439169958234" lon="4.7234465181827545">
        <ele>-12.199999809265137</ele>
      </trkpt>
      <trkpt lat="52.5524493958801" lon="4.723423048853874">
        <ele>-12.199999809265137</ele>
      </trkpt>
      <trkpt lat="52.552458280697465" lon="4.723396813496947">
        <ele>-12.199999809265137</ele>
      </trkpt>
      <trkpt lat="52.55246766842902" lon="4.7233702428638935">
        <ele>-12.199999809265137</ele>
      </trkpt>
      <trkpt lat="52.55247621797025" lon="4.723343169316649">
        <ele>-12.199999809265137</ele>
      </trkpt>
      <trkpt lat="52.55248334258795" lon="4.723317353054881">
        <ele>-12.199999809265137</ele>
      </trkpt>
      <trkpt lat="52.55249122157693" lon="4.723290950059891">
        <ele>-12.399999618530273</ele>
      </trkpt>
      <trkpt lat="52.55250153131783" lon="4.723265049979091">
        <ele>-12.399999618530273</ele>
      </trkpt>
      <trkpt lat="52.55251083523035" lon="4.723236886784434">
        <ele>-12.399999618530273</ele>
      </trkpt>
      <trkpt lat="52.552520809695125" lon="4.723209310323">
        <ele>-12.399999618530273</ele>
      </trkpt>
      <trkpt lat="52.552531538531184" lon="4.723180057480931">
        <ele>-12.399999618530273</ele>
      </trkpt>
      <trkpt lat="52.552543357014656" lon="4.723152481019497">
        <ele>-12.399999618530273</ele>
      </trkpt>
      <trkpt lat="52.55254939198494" lon="4.723122473806143">
        <ele>-12.399999618530273</ele>
      </trkpt>
      <trkpt lat="52.55256204865873" lon="4.723096741363406">
        <ele>-12.399999618530273</ele>
      </trkpt>
      <trkpt lat="52.55257001146674" lon="4.723066063597798">
        <ele>-12.399999618530273</ele>
      </trkpt>
      <trkpt lat="52.552580405026674" lon="4.72303781658411">
        <ele>-12.199999809265137</ele>
      </trkpt>
      <trkpt lat="52.5525894574821" lon="4.72300797700882">
        <ele>-12.199999809265137</ele>
      </trkpt>
      <trkpt lat="52.55259985104203" lon="4.722979394719005">
        <ele>-12.399999618530273</ele>
      </trkpt>
      <trkpt lat="52.55260890349746" lon="4.722948549315333">
        <ele>-12.199999809265137</ele>
      </trkpt>
      <trkpt lat="52.55261938087642" lon="4.722920302301645">
        <ele>-12.199999809265137</ele>
      </trkpt>
      <trkpt lat="52.55262809805572" lon="4.722889540717006">
        <ele>-12.399999618530273</ele>
      </trkpt>
      <trkpt lat="52.55263773724437" lon="4.722860790789127">
        <ele>-12.600000381469727</ele>
      </trkpt>
      <trkpt lat="52.5526462867856" lon="4.722833214327693">
        <ele>-12.199999809265137</ele>
      </trkpt>
      <trkpt lat="52.55265735089779" lon="4.722807230427861">
        <ele>-12.399999618530273</ele>
      </trkpt>
      <trkpt lat="52.552665900439024" lon="4.722779653966427">
        <ele>-12.199999809265137</ele>
      </trkpt>
      <trkpt lat="52.552675707265735" lon="4.722753334790468">
        <ele>-12.199999809265137</ele>
      </trkpt>
      <trkpt lat="52.55268484354019" lon="4.722726345062256">
        <ele>-12.0</ele>
      </trkpt>
      <trkpt lat="52.55269515328109" lon="4.722700864076614">
        <ele>-12.199999809265137</ele>
      </trkpt>
      <trkpt lat="52.552703535184264" lon="4.72267379052937">
        <ele>-12.199999809265137</ele>
      </trkpt>
      <trkpt lat="52.55271032452583" lon="4.722648644819856">
        <ele>-12.199999809265137</ele>
      </trkpt>
      <trkpt lat="52.55271853879094" lon="4.722622409462929">
        <ele>-12.199999809265137</ele>
      </trkpt>
      <trkpt lat="52.55272666923702" lon="4.722596677020192">
        <ele>-12.0</ele>
      </trkpt>
      <trkpt lat="52.55273505114019" lon="4.722570106387138">
        <ele>-12.0</ele>
      </trkpt>
      <trkpt lat="52.55274184048176" lon="4.72254185937345">
        <ele>-12.0</ele>
      </trkpt>
      <trkpt lat="52.55275131203234" lon="4.7225158754736185">
        <ele>-12.0</ele>
      </trkpt>
      <trkpt lat="52.552759274840355" lon="4.722487377002835">
        <ele>-12.0</ele>
      </trkpt>
      <trkpt lat="52.552767572924495" lon="4.722459884360433">
        <ele>-12.399999618530273</ele>
      </trkpt>
      <trkpt lat="52.55277679301798" lon="4.722432140260935">
        <ele>-12.199999809265137</ele>
      </trkpt>
      <trkpt lat="52.552786683663726" lon="4.722405569627881">
        <ele>-12.600000381469727</ele>
      </trkpt>
      <trkpt lat="52.552795987576246" lon="4.722374975681305">
        <ele>-12.800000190734863</ele>
      </trkpt>
      <trkpt lat="52.55280738696456" lon="4.722347734495997">
        <ele>-12.800000190734863</ele>
      </trkpt>
      <trkpt lat="52.55281677469611" lon="4.722316302359104">
        <ele>-12.800000190734863</ele>
      </trkpt>
      <trkpt lat="52.55282549187541" lon="4.722290989011526">
        <ele>-12.800000190734863</ele>
      </trkpt>
      <trkpt lat="52.55283320322633" lon="4.722260562703013">
        <ele>-12.800000190734863</ele>
      </trkpt>
      <trkpt lat="52.55284351296723" lon="4.722234411165118">
        <ele>-12.600000381469727</ele>
      </trkpt>
      <trkpt lat="52.552850721403956" lon="4.7222045715898275">
        <ele>-12.600000381469727</ele>
      </trkpt>
      <trkpt lat="52.552860947325826" lon="4.722180180251598">
        <ele>-12.600000381469727</ele>
      </trkpt>
      <trkpt lat="52.55287184379995" lon="4.722153609618545">
        <ele>-12.600000381469727</ele>
      </trkpt>
      <trkpt lat="52.552883410826325" lon="4.722129050642252">
        <ele>-12.600000381469727</ele>
      </trkpt>
      <trkpt lat="52.552891708910465" lon="4.722099546343088">
        <ele>-12.600000381469727</ele>
      </trkpt>
      <trkpt lat="52.55290118046105" lon="4.722071718424559">
        <ele>-12.600000381469727</ele>
      </trkpt>
      <trkpt lat="52.552910819649696" lon="4.722043806686997">
        <ele>-12.600000381469727</ele>
      </trkpt>
      <trkpt lat="52.55292356014252" lon="4.7220187447965145">
        <ele>-12.800000190734863</ele>
      </trkpt>
      <trkpt lat="52.552933786064386" lon="4.721992928534746">
        <ele>-12.800000190734863</ele>
      </trkpt>
      <trkpt lat="52.55294292233884" lon="4.721967112272978">
        <ele>-13.0</ele>
      </trkpt>
      <trkpt lat="52.55295197479427" lon="4.721942720934749">
        <ele>-13.0</ele>
      </trkpt>
      <trkpt lat="52.55296220071614" lon="4.721920760348439">
        <ele>-13.0</ele>
      </trkpt>
      <trkpt lat="52.5529729295522" lon="4.7218982968479395">
        <ele>-13.0</ele>
      </trkpt>
      <trkpt lat="52.55298533476889" lon="4.721876420080662">
        <ele>-13.0</ele>
      </trkpt>
      <trkpt lat="52.55299757234752" lon="4.721852615475655">
        <ele>-12.800000190734863</ele>
      </trkpt>
      <trkpt lat="52.55300737917423" lon="4.721823614090681">
        <ele>-12.800000190734863</ele>
      </trkpt>
      <trkpt lat="52.55301936529577" lon="4.721797546371818">
        <ele>-12.800000190734863</ele>
      </trkpt>
      <trkpt lat="52.553031938150525" lon="4.721769215539098">
        <ele>-12.600000381469727</ele>
      </trkpt>
      <trkpt lat="52.55304392427206" lon="4.721743483096361">
        <ele>-12.600000381469727</ele>
      </trkpt>
      <trkpt lat="52.55305423401296" lon="4.721718085929751">
        <ele>-12.600000381469727</ele>
      </trkpt>
      <trkpt lat="52.55306311883032" lon="4.721696376800537">
        <ele>-12.600000381469727</ele>
      </trkpt>
      <trkpt lat="52.5530712492764" lon="4.721676260232925">
        <ele>-12.600000381469727</ele>
      </trkpt>
      <trkpt lat="52.55308063700795" lon="4.7216541320085526">
        <ele>-12.399999618530273</ele>
      </trkpt>
      <trkpt lat="52.55308927036822" lon="4.721625549718738">
        <ele>-12.399999618530273</ele>
      </trkpt>
      <trkpt lat="52.55310100503266" lon="4.721603002399206">
        <ele>-12.399999618530273</ele>
      </trkpt>
      <trkpt lat="52.55311198532581" lon="4.7215822990983725">
        <ele>-12.199999809265137</ele>
      </trkpt>
      <trkpt lat="52.55312246270478" lon="4.721558829769492">
        <ele>-12.199999809265137</ele>
      </trkpt>
      <trkpt lat="52.55313294008374" lon="4.721530415117741">
        <ele>-12.199999809265137</ele>
      </trkpt>
      <trkpt lat="52.55314115434885" lon="4.721503593027592">
        <ele>-12.199999809265137</ele>
      </trkpt>
      <trkpt lat="52.55315205082297" lon="4.721476687118411">
        <ele>-12.399999618530273</ele>
      </trkpt>
      <trkpt lat="52.55316688679159" lon="4.721445674076676">
        <ele>-12.399999618530273</ele>
      </trkpt>
      <trkpt lat="52.55318029783666" lon="4.721418684348464">
        <ele>-12.399999618530273</ele>
      </trkpt>
      <trkpt lat="52.55319429561496" lon="4.721392532810569">
        <ele>-12.399999618530273</ele>
      </trkpt>
      <trkpt lat="52.55320812575519" lon="4.721367219462991">
        <ele>-12.399999618530273</ele>
      </trkpt>
      <trkpt lat="52.55322329699993" lon="4.721343498677015">
        <ele>-12.399999618530273</ele>
      </trkpt>
      <trkpt lat="52.55323628894985" lon="4.721317933872342">
        <ele>-12.600000381469727</ele>
      </trkpt>
      <trkpt lat="52.553252549842" lon="4.721297062933445">
        <ele>-12.399999618530273</ele>
      </trkpt>
      <trkpt lat="52.553268391638994" lon="4.721271833404899">
        <ele>-12.399999618530273</ele>
      </trkpt>
      <trkpt lat="52.55328473635018" lon="4.7212492022663355">
        <ele>-12.399999618530273</ele>
      </trkpt>
      <trkpt lat="52.55329898558557" lon="4.7212250623852015">
        <ele>-12.399999618530273</ele>
      </trkpt>
      <trkpt lat="52.553310384973884" lon="4.72120251506567">
        <ele>-12.399999618530273</ele>
      </trkpt>
      <trkpt lat="52.55332086235285" lon="4.7211746871471405">
        <ele>-12.600000381469727</ele>
      </trkpt>
      <trkpt lat="52.553336368873715" lon="4.721149792894721">
        <ele>-12.600000381469727</ele>
      </trkpt>
      <trkpt lat="52.55335070192814" lon="4.721125401556492">
        <ele>-12.600000381469727</ele>
      </trkpt>
      <trkpt lat="52.55336587317288" lon="4.72110285423696">
        <ele>-12.600000381469727</ele>
      </trkpt>
      <trkpt lat="52.553377943113446" lon="4.721079971641302">
        <ele>-12.800000190734863</ele>
      </trkpt>
      <trkpt lat="52.55339328199625" lon="4.721058765426278">
        <ele>-12.600000381469727</ele>
      </trkpt>
      <trkpt lat="52.55340727977455" lon="4.721034960821271">
        <ele>-12.600000381469727</ele>
      </trkpt>
      <trkpt lat="52.55342110991478" lon="4.721011659130454">
        <ele>-12.399999618530273</ele>
      </trkpt>
      <trkpt lat="52.55343636497855" lon="4.720985842868686">
        <ele>-12.199999809265137</ele>
      </trkpt>
      <trkpt lat="52.55345430225134" lon="4.720962624996901">
        <ele>-12.199999809265137</ele>
      </trkpt>
      <trkpt lat="52.55346897058189" lon="4.720939742401242">
        <ele>-12.0</ele>
      </trkpt>
      <trkpt lat="52.55348414182663" lon="4.72091862000525">
        <ele>-11.800000190734863</ele>
      </trkpt>
      <trkpt lat="52.55349746905267" lon="4.720894144847989">
        <ele>-11.800000190734863</ele>
      </trkpt>
      <trkpt lat="52.553512221202254" lon="4.7208678256720304">
        <ele>-11.800000190734863</ele>
      </trkpt>
      <trkpt lat="52.55352512933314" lon="4.720843434333801">
        <ele>-12.0</ele>
      </trkpt>
      <trkpt lat="52.55353434942663" lon="4.720818791538477">
        <ele>-12.0</ele>
      </trkpt>
      <trkpt lat="52.55354365333915" lon="4.720791717991233">
        <ele>-12.0</ele>
      </trkpt>
      <trkpt lat="52.55355731584132" lon="4.72076422534883">
        <ele>-12.0</ele>
      </trkpt>
      <trkpt lat="52.55357005633414" lon="4.72073731943965">
        <ele>-12.0</ele>
      </trkpt>
      <trkpt lat="52.553580617532134" lon="4.720709826797247">
        <ele>-12.0</ele>
      </trkpt>
      <trkpt lat="52.55359159782529" lon="4.720683172345161">
        <ele>-12.0</ele>
      </trkpt>
      <trkpt lat="52.55360383540392" lon="4.720658529549837">
        <ele>-12.199999809265137</ele>
      </trkpt>
      <trkpt lat="52.5536167435348" lon="4.720634808763862">
        <ele>-12.199999809265137</ele>
      </trkpt>
      <trkpt lat="52.55363208241761" lon="4.720613602548838">
        <ele>-12.399999618530273</ele>
      </trkpt>
      <trkpt lat="52.55364582873881" lon="4.720590636134148">
        <ele>-12.399999618530273</ele>
      </trkpt>
      <trkpt lat="52.55366016179323" lon="4.720567921176553">
        <ele>-12.399999618530273</ele>
      </trkpt>
      <trkpt lat="52.553674494847655" lon="4.7205456253141165">
        <ele>-12.399999618530273</ele>
      </trkpt>
      <trkpt lat="52.55368505604565" lon="4.7205223236233">
        <ele>-12.399999618530273</ele>
      </trkpt>
      <trkpt lat="52.5536981318146" lon="4.720498351380229">
        <ele>-12.399999618530273</ele>
      </trkpt>
      <trkpt lat="52.55371095612645" lon="4.720476306974888">
        <ele>-12.199999809265137</ele>
      </trkpt>
      <trkpt lat="52.55372352898121" lon="4.720453172922134">
        <ele>-12.199999809265137</ele>
      </trkpt>
      <trkpt lat="52.553736520931125" lon="4.720431882888079">
        <ele>-12.199999809265137</ele>
      </trkpt>
      <trkpt lat="52.55375420674682" lon="4.720408832654357">
        <ele>-12.199999809265137</ele>
      </trkpt>
      <trkpt lat="52.55377289839089" lon="4.720388213172555">
        <ele>-12.199999809265137</ele>
      </trkpt>
      <trkpt lat="52.5537895783782" lon="4.720364743843675">
        <ele>-12.399999618530273</ele>
      </trkpt>
      <trkpt lat="52.553808856755495" lon="4.720344291999936">
        <ele>-12.800000190734863</ele>
      </trkpt>
      <trkpt lat="52.553824028000236" lon="4.720323169603944">
        <ele>-12.600000381469727</ele>
      </trkpt>
      <trkpt lat="52.553837690502405" lon="4.720303639769554">
        <ele>-12.600000381469727</ele>
      </trkpt>
      <trkpt lat="52.553849928081036" lon="4.720282768830657">
        <ele>-12.600000381469727</ele>
      </trkpt>
      <trkpt lat="52.553861159831285" lon="4.720261981710792">
        <ele>-12.600000381469727</ele>
      </trkpt>
      <trkpt lat="52.553873313590884" lon="4.720236584544182">
        <ele>-12.600000381469727</ele>
      </trkpt>
      <trkpt lat="52.55388597026467" lon="4.720210852101445">
        <ele>-12.600000381469727</ele>
      </trkpt>
      <trkpt lat="52.55389745347202" lon="4.720184365287423">
        <ele>-12.600000381469727</ele>
      </trkpt>
      <trkpt lat="52.553908098489046" lon="4.7201598063111305">
        <ele>-12.600000381469727</ele>
      </trkpt>
      <trkpt lat="52.553919246420264" lon="4.720136588439345">
        <ele>-12.600000381469727</ele>
      </trkpt>
      <trkpt lat="52.553929556161165" lon="4.720107754692435">
        <ele>-12.399999618530273</ele>
      </trkpt>
      <trkpt lat="52.55394003354013" lon="4.72008160315454">
        <ele>-12.399999618530273</ele>
      </trkpt>
      <trkpt lat="52.55395419895649" lon="4.7200570441782475">
        <ele>-12.399999618530273</ele>
      </trkpt>
      <trkpt lat="52.55396484397352" lon="4.7200319822877645">
        <ele>-12.199999809265137</ele>
      </trkpt>
      <trkpt lat="52.55397867411375" lon="4.720008596777916">
        <ele>-12.199999809265137</ele>
      </trkpt>
      <trkpt lat="52.55399091169238" lon="4.719981271773577">
        <ele>-12.199999809265137</ele>
      </trkpt>
      <trkpt lat="52.554003819823265" lon="4.719956126064062">
        <ele>-12.0</ele>
      </trkpt>
      <trkpt lat="52.554015051573515" lon="4.719930477440357">
        <ele>-12.0</ele>
      </trkpt>
      <trkpt lat="52.554025361314416" lon="4.719902649521828">
        <ele>-11.800000190734863</ele>
      </trkpt>
      <trkpt lat="52.554036006331444" lon="4.719876246526837">
        <ele>-11.800000190734863</ele>
      </trkpt>
      <trkpt lat="52.554041454568505" lon="4.719843724742532">
        <ele>-11.800000190734863</ele>
      </trkpt>
      <trkpt lat="52.55404966883361" lon="4.719813298434019">
        <ele>-11.800000190734863</ele>
      </trkpt>
      <trkpt lat="52.55405746400356" lon="4.719783794134855">
        <ele>-11.800000190734863</ele>
      </trkpt>
      <trkpt lat="52.55406676791608" lon="4.7197566367685795">
        <ele>-11.800000190734863</ele>
      </trkpt>
      <trkpt lat="52.55407137796283" lon="4.719726210460067">
        <ele>-11.800000190734863</ele>
      </trkpt>
      <trkpt lat="52.554079592227936" lon="4.719697209075093">
        <ele>-11.800000190734863</ele>
      </trkpt>
      <trkpt lat="52.55408990196884" lon="4.719669381156564">
        <ele>-12.0</ele>
      </trkpt>
      <trkpt lat="52.55409157834947" lon="4.719638032838702">
        <ele>-12.0</ele>
      </trkpt>
      <trkpt lat="52.554097613319755" lon="4.719609199091792">
        <ele>-12.0</ele>
      </trkpt>
      <trkpt lat="52.554103480651975" lon="4.719580952078104">
        <ele>-12.0</ele>
      </trkpt>
      <trkpt lat="52.5541159696877" lon="4.719557566568255">
        <ele>-12.0</ele>
      </trkpt>
      <trkpt lat="52.55412292666733" lon="4.719529235735536">
        <ele>-12.0</ele>
      </trkpt>
      <trkpt lat="52.55413264967501" lon="4.719504006206989">
        <ele>-12.0</ele>
      </trkpt>
      <trkpt lat="52.554143127053976" lon="4.719475340098143">
        <ele>-12.0</ele>
      </trkpt>
      <trkpt lat="52.55415368825197" lon="4.719449104741216">
        <ele>-12.199999809265137</ele>
      </trkpt>
      <trkpt lat="52.55416290834546" lon="4.719421276822686">
        <ele>-12.199999809265137</ele>
      </trkpt>
      <trkpt lat="52.55417405627668" lon="4.719395376741886">
        <ele>-12.199999809265137</ele>
      </trkpt>
      <trkpt lat="52.554182186722755" lon="4.719364028424025">
        <ele>-12.0</ele>
      </trkpt>
      <trkpt lat="52.55419568158686" lon="4.719343995675445">
        <ele>-12.0</ele>
      </trkpt>
      <trkpt lat="52.554208086803555" lon="4.719322035089135">
        <ele>-12.0</ele>
      </trkpt>
      <trkpt lat="52.554223174229264" lon="4.719302756711841">
        <ele>-12.0</ele>
      </trkpt>
      <trkpt lat="52.554236333817244" lon="4.719278533011675">
        <ele>-12.0</ele>
      </trkpt>
      <trkpt lat="52.554252007976174" lon="4.719262942671776">
        <ele>-12.0</ele>
      </trkpt>
      <trkpt lat="52.55426583811641" lon="4.719245256856084">
        <ele>-12.0</ele>
      </trkpt>
      <trkpt lat="52.55428243428469" lon="4.719229834154248">
        <ele>-11.800000190734863</ele>
      </trkpt>
      <trkpt lat="52.554297018796206" lon="4.719214327633381">
        <ele>-11.800000190734863</ele>
      </trkpt>
      <trkpt lat="52.55431520752609" lon="4.719200329855084">
        <ele>-11.800000190734863</ele>
      </trkpt>
      <trkpt lat="52.55433104932308" lon="4.719183314591646">
        <ele>-12.0</ele>
      </trkpt>
      <trkpt lat="52.5543490704149" lon="4.719167472794652">
        <ele>-12.0</ele>
      </trkpt>
      <trkpt lat="52.5543665047735" lon="4.719153391197324">
        <ele>-12.0</ele>
      </trkpt>
      <trkpt lat="52.55438360385597" lon="4.719140399247408">
        <ele>-12.0</ele>
      </trkpt>
      <trkpt lat="52.554401038214564" lon="4.71913025714457">
        <ele>-12.0</ele>
      </trkpt>
      <trkpt lat="52.554420148953795" lon="4.719123970717192">
        <ele>-12.0</ele>
      </trkpt>
      <trkpt lat="52.55444043315947" lon="4.719120534136891">
        <ele>-12.199999809265137</ele>
      </trkpt>
      <trkpt lat="52.554461220279336" lon="4.71911801956594">
        <ele>-12.199999809265137</ele>
      </trkpt>
      <trkpt lat="52.55448033101857" lon="4.7191190253943205">
        <ele>-12.199999809265137</ele>
      </trkpt>
      <trkpt lat="52.554500782862306" lon="4.719118773937225">
        <ele>-12.199999809265137</ele>
      </trkpt>
      <trkpt lat="52.554518803954124" lon="4.7191196121275425">
        <ele>-12.399999618530273</ele>
      </trkpt>
      <trkpt lat="52.5545374955982" lon="4.719115337356925">
        <ele>-12.399999618530273</ele>
      </trkpt>
      <trkpt lat="52.55455803126097" lon="4.719114247709513">
        <ele>-12.399999618530273</ele>
      </trkpt>
      <trkpt lat="52.554578902199864" lon="4.719110811129212">
        <ele>-12.399999618530273</ele>
      </trkpt>
      <trkpt lat="52.554601449519396" lon="4.71911022439599">
        <ele>-12.399999618530273</ele>
      </trkpt>
      <trkpt lat="52.55462039262056" lon="4.719107458367944">
        <ele>-12.399999618530273</ele>
      </trkpt>
      <trkpt lat="52.55463623441756" lon="4.719103099778295">
        <ele>-12.199999809265137</ele>
      </trkpt>
      <trkpt lat="52.55465400405228" lon="4.719101255759597">
        <ele>-12.0</ele>
      </trkpt>
      <trkpt lat="52.55467001348734" lon="4.719100836664438">
        <ele>-11.800000190734863</ele>
      </trkpt>
      <trkpt lat="52.554685939103365" lon="4.719100585207343">
        <ele>-11.800000190734863</ele>
      </trkpt>
      <trkpt lat="52.55470245145261" lon="4.719101758673787">
        <ele>-11.800000190734863</ele>
      </trkpt>
      <trkpt lat="52.554719215258956" lon="4.719097902998328">
        <ele>-11.800000190734863</ele>
      </trkpt>
      <trkpt lat="52.554736314341426" lon="4.719096310436726">
        <ele>-11.800000190734863</ele>
      </trkpt>
      <trkpt lat="52.55475643090904" lon="4.719093292951584">
        <ele>-11.800000190734863</ele>
      </trkpt>
      <trkpt lat="52.55477470345795" lon="4.719092454761267">
        <ele>-11.800000190734863</ele>
      </trkpt>
      <trkpt lat="52.554793478921056" lon="4.7190904431045055">
        <ele>-11.800000190734863</ele>
      </trkpt>
      <trkpt lat="52.55481225438416" lon="4.719088599085808">
        <ele>-12.0</ele>
      </trkpt>
      <trkpt lat="52.554831029847264" lon="4.719084911048412">
        <ele>-12.199999809265137</ele>
      </trkpt>
      <trkpt lat="52.55484955385327" lon="4.719083486124873">
        <ele>-12.0</ele>
      </trkpt>
      <trkpt lat="52.554868664592505" lon="4.7190807200968266">
        <ele>-12.199999809265137</ele>
      </trkpt>
      <trkpt lat="52.554887775331736" lon="4.719077115878463">
        <ele>-12.199999809265137</ele>
      </trkpt>
      <trkpt lat="52.55490688607097" lon="4.719072673469782">
        <ele>-12.399999618530273</ele>
      </trkpt>
      <trkpt lat="52.5549259968102" lon="4.719067979604006">
        <ele>-12.0</ele>
      </trkpt>
      <trkpt lat="52.55494368262589" lon="4.7190613579005">
        <ele>-12.0</ele>
      </trkpt>
      <trkpt lat="52.55496338009834" lon="4.719058675691485">
        <ele>-12.0</ele>
      </trkpt>
      <trkpt lat="52.55498190410435" lon="4.719054400920868">
        <ele>-12.0</ele>
      </trkpt>
      <trkpt lat="52.55499984137714" lon="4.719049287959933">
        <ele>-12.0</ele>
      </trkpt>
      <trkpt lat="52.55501895211637" lon="4.719044174998999">
        <ele>-12.199999809265137</ele>
      </trkpt>
      <trkpt lat="52.55503814667463" lon="4.719038475304842">
        <ele>-12.399999618530273</ele>
      </trkpt>
      <trkpt lat="52.55505641922355" lon="4.719032188877463">
        <ele>-12.399999618530273</ele>
      </trkpt>
      <trkpt lat="52.55507418885827" lon="4.71902959048748">
        <ele>-12.399999618530273</ele>
      </trkpt>
      <trkpt lat="52.555093886330724" lon="4.719027075916529">
        <ele>-12.399999618530273</ele>
      </trkpt>
      <trkpt lat="52.55511316470802" lon="4.719025148078799">
        <ele>-12.399999618530273</ele>
      </trkpt>
      <trkpt lat="52.555132526904345" lon="4.719021711498499">
        <ele>-12.399999618530273</ele>
      </trkpt>
      <trkpt lat="52.55515138618648" lon="4.719019364565611">
        <ele>-12.399999618530273</ele>
      </trkpt>
      <trkpt lat="52.55517024546862" lon="4.719016179442406">
        <ele>-12.399999618530273</ele>
      </trkpt>
      <trkpt lat="52.555188266560435" lon="4.719010982662439">
        <ele>-12.199999809265137</ele>
      </trkpt>
      <trkpt lat="52.5552074611187" lon="4.719006540253758">
        <ele>-12.199999809265137</ele>
      </trkpt>
      <trkpt lat="52.555226907134056" lon="4.719005199149251">
        <ele>-12.199999809265137</ele>
      </trkpt>
      <trkpt lat="52.55524626933038" lon="4.7190026845782995">
        <ele>-12.199999809265137</ele>
      </trkpt>
      <trkpt lat="52.55526470951736" lon="4.719001343473792">
        <ele>-12.199999809265137</ele>
      </trkpt>
      <trkpt lat="52.555283484980464" lon="4.718997571617365">
        <ele>-12.199999809265137</ele>
      </trkpt>
      <trkpt lat="52.55530267953873" lon="4.7189941350370646">
        <ele>-12.0</ele>
      </trkpt>
      <trkpt lat="52.55532053299248" lon="4.7189894411712885">
        <ele>-12.0</ele>
      </trkpt>
      <trkpt lat="52.55533796735108" lon="4.718986758962274">
        <ele>-12.0</ele>
      </trkpt>
      <trkpt lat="52.55535556934774" lon="4.718982987105846">
        <ele>-11.800000190734863</ele>
      </trkpt>
      <trkpt lat="52.555373925715685" lon="4.718982316553593">
        <ele>-11.800000190734863</ele>
      </trkpt>
      <trkpt lat="52.55539362318814" lon="4.718980053439736">
        <ele>-11.800000190734863</ele>
      </trkpt>
      <trkpt lat="52.55541323684156" lon="4.7189785446971655">
        <ele>-11.800000190734863</ele>
      </trkpt>
      <trkpt lat="52.55543217994273" lon="4.718974772840738">
        <ele>-11.800000190734863</ele>
      </trkpt>
      <trkpt lat="52.55545179359615" lon="4.7189723420888186">
        <ele>-11.800000190734863</ele>
      </trkpt>
      <trkpt lat="52.5554717425257" lon="4.718969240784645">
        <ele>-11.800000190734863</ele>
      </trkpt>
      <trkpt lat="52.55549060180783" lon="4.718964798375964">
        <ele>-12.199999809265137</ele>
      </trkpt>
      <trkpt lat="52.55550988018513" lon="4.718959350138903">
        <ele>-12.399999618530273</ele>
      </trkpt>
      <trkpt lat="52.55552966147661" lon="4.718954237177968">
        <ele>-12.600000381469727</ele>
      </trkpt>
      <trkpt lat="52.55554927513003" lon="4.7189505491405725">
        <ele>-12.600000381469727</ele>
      </trkpt>
      <trkpt lat="52.55556964315474" lon="4.718948034569621">
        <ele>-12.600000381469727</ele>
      </trkpt>
      <trkpt lat="52.55558732897043" lon="4.718943843618035">
        <ele>-12.600000381469727</ele>
      </trkpt>
      <trkpt lat="52.555607948452234" lon="4.718942753970623">
        <ele>-12.600000381469727</ele>
      </trkpt>
      <trkpt lat="52.55562781356275" lon="4.718940490856767">
        <ele>-12.600000381469727</ele>
      </trkpt>
      <trkpt lat="52.55564692430198" lon="4.7189378924667835">
        <ele>-12.600000381469727</ele>
      </trkpt>
      <trkpt lat="52.55566586740315" lon="4.7189352940768">
        <ele>-12.600000381469727</ele>
      </trkpt>
      <trkpt lat="52.555685648694634" lon="4.718932947143912">
        <ele>-12.600000381469727</ele>
      </trkpt>
      <trkpt lat="52.55570408888161" lon="4.718929510563612">
        <ele>-12.600000381469727</ele>
      </trkpt>
      <trkpt lat="52.555725295096636" lon="4.7189287561923265">
        <ele>-12.399999618530273</ele>
      </trkpt>
      <trkpt lat="52.55574314855039" lon="4.71892355941236">
        <ele>-12.399999618530273</ele>
      </trkpt>
      <trkpt lat="52.55576259456575" lon="4.718918865546584">
        <ele>-12.399999618530273</ele>
      </trkpt>
      <trkpt lat="52.55578019656241" lon="4.7189131658524275">
        <ele>-12.199999809265137</ele>
      </trkpt>
      <trkpt lat="52.55580106750131" lon="4.718912662938237">
        <ele>-12.199999809265137</ele>
      </trkpt>
      <trkpt lat="52.555819004774094" lon="4.718908304348588">
        <ele>-12.199999809265137</ele>
      </trkpt>
      <trkpt lat="52.55583920516074" lon="4.718905705958605">
        <ele>-12.199999809265137</ele>
      </trkpt>
      <trkpt lat="52.55585856735706" lon="4.718902688473463">
        <ele>-12.199999809265137</ele>
      </trkpt>
      <trkpt lat="52.55587893538177" lon="4.718898916617036">
        <ele>-12.199999809265137</ele>
      </trkpt>
      <trkpt lat="52.55589838139713" lon="4.7188960667699575">
        <ele>-12.199999809265137</ele>
      </trkpt>
      <trkpt lat="52.55591841414571" lon="4.71889179199934">
        <ele>-12.199999809265137</ele>
      </trkpt>
      <trkpt lat="52.55593752488494" lon="4.718887601047754">
        <ele>-12.199999809265137</ele>
      </trkpt>
      <trkpt lat="52.55595705471933" lon="4.718882571905851">
        <ele>-12.199999809265137</ele>
      </trkpt>
      <trkpt lat="52.55597708746791" lon="4.7188787162303925">
        <ele>-12.199999809265137</ele>
      </trkpt>
      <trkpt lat="52.555997455492616" lon="4.71887519583106">
        <ele>-12.199999809265137</ele>
      </trkpt>
      <trkpt lat="52.556017404422164" lon="4.71887226216495">
        <ele>-12.0</ele>
      </trkpt>
      <trkpt lat="52.556038107723" lon="4.718868490308523">
        <ele>-12.0</ele>
      </trkpt>
      <trkpt lat="52.55605788901448" lon="4.718864299356937">
        <ele>-12.0</ele>
      </trkpt>
      <trkpt lat="52.55607834085822" lon="4.718860778957605">
        <ele>-12.0</ele>
      </trkpt>
      <trkpt lat="52.55609778687358" lon="4.71885709092021">
        <ele>-12.199999809265137</ele>
      </trkpt>
      <trkpt lat="52.55611748434603" lon="4.7188536543399096">
        <ele>-12.199999809265137</ele>
      </trkpt>
      <trkpt lat="52.55613709799945" lon="4.71885222941637">
        <ele>-12.199999809265137</ele>
      </trkpt>
      <trkpt lat="52.55615905858576" lon="4.718850553035736">
        <ele>-12.199999809265137</ele>
      </trkpt>
      <trkpt lat="52.55617858842015" lon="4.718847535550594">
        <ele>-12.199999809265137</ele>
      </trkpt>
      <trkpt lat="52.55619786679745" lon="4.718844350427389">
        <ele>-12.199999809265137</ele>
      </trkpt>
      <trkpt lat="52.55621815100312" lon="4.7188421711325645">
        <ele>-12.199999809265137</ele>
      </trkpt>
      <trkpt lat="52.55623851902783" lon="4.7188374772667885">
        <ele>-12.199999809265137</ele>
      </trkpt>
      <trkpt lat="52.55625871941447" lon="4.718835884705186">
        <ele>-12.399999618530273</ele>
      </trkpt>
      <trkpt lat="52.55627732723951" lon="4.718832615762949">
        <ele>-12.399999618530273</ele>
      </trkpt>
      <trkpt lat="52.55629702471197" lon="4.718830771744251">
        <ele>-12.399999618530273</ele>
      </trkpt>
      <trkpt lat="52.55631529726088" lon="4.718827921897173">
        <ele>-12.399999618530273</ele>
      </trkpt>
      <trkpt lat="52.556334994733334" lon="4.718825742602348">
        <ele>-12.600000381469727</ele>
      </trkpt>
      <trkpt lat="52.556354105472565" lon="4.71882238984108">
        <ele>-12.399999618530273</ele>
      </trkpt>
      <trkpt lat="52.5563745573163" lon="4.718817863613367">
        <ele>-12.399999618530273</ele>
      </trkpt>
      <trkpt lat="52.55639249458909" lon="4.71881358884275">
        <ele>-12.399999618530273</ele>
      </trkpt>
      <trkpt lat="52.55641235969961" lon="4.718810822814703">
        <ele>-12.399999618530273</ele>
      </trkpt>
      <trkpt lat="52.556431889534" lon="4.718807637691498">
        <ele>-12.399999618530273</ele>
      </trkpt>
      <trkpt lat="52.55645217373967" lon="4.718805877491832">
        <ele>-12.399999618530273</ele>
      </trkpt>
      <trkpt lat="52.556471535936" lon="4.718803530558944">
        <ele>-12.399999618530273</ele>
      </trkpt>
      <trkpt lat="52.55649198777974" lon="4.718799255788326">
        <ele>-12.399999618530273</ele>
      </trkpt>
      <trkpt lat="52.55651067942381" lon="4.718797830864787">
        <ele>-12.399999618530273</ele>
      </trkpt>
      <trkpt lat="52.556530041620135" lon="4.718794981017709">
        <ele>-12.399999618530273</ele>
      </trkpt>
      <trkpt lat="52.55654848180711" lon="4.71879062242806">
        <ele>-12.399999618530273</ele>
      </trkpt>
      <trkpt lat="52.55656742490828" lon="4.7187871020287275">
        <ele>-12.399999618530273</ele>
      </trkpt>
      <trkpt lat="52.556585278362036" lon="4.718782743439078">
        <ele>-12.199999809265137</ele>
      </trkpt>
      <trkpt lat="52.556604305282235" lon="4.718780312687159">
        <ele>-12.199999809265137</ele>
      </trkpt>
      <trkpt lat="52.55662299692631" lon="4.7187779657542706">
        <ele>-12.199999809265137</ele>
      </trkpt>
      <trkpt lat="52.556642862036824" lon="4.7187764570117">
        <ele>-12.199999809265137</ele>
      </trkpt>
      <trkpt lat="52.55666230805218" lon="4.718774193897843">
        <ele>-12.199999809265137</ele>
      </trkpt>
      <trkpt lat="52.556681083515286" lon="4.718771344050765">
        <ele>-12.0</ele>
      </trkpt>
      <trkpt lat="52.55669969134033" lon="4.718768326565623">
        <ele>-12.0</ele>
      </trkpt>
      <trkpt lat="52.55671947263181" lon="4.7187658958137035">
        <ele>-12.199999809265137</ele>
      </trkpt>
      <trkpt lat="52.55673632025719" lon="4.718761034309864">
        <ele>-12.399999618530273</ele>
      </trkpt>
      <trkpt lat="52.556754341349006" lon="4.718757933005691">
        <ele>-12.399999618530273</ele>
      </trkpt>
      <trkpt lat="52.55677169188857" lon="4.718753742054105">
        <ele>-12.399999618530273</ele>
      </trkpt>
      <trkpt lat="52.55678937770426" lon="4.718749886378646">
        <ele>-12.399999618530273</ele>
      </trkpt>
      <trkpt lat="52.556807147338986" lon="4.718745360150933">
        <ele>-12.199999809265137</ele>
      </trkpt>
      <trkpt lat="52.55682600662112" lon="4.718741504475474">
        <ele>-12.199999809265137</ele>
      </trkpt>
      <trkpt lat="52.556844698265195" lon="4.718737564980984">
        <ele>-12.199999809265137</ele>
      </trkpt>
      <trkpt lat="52.55686364136636" lon="4.718735050410032">
        <ele>-12.399999618530273</ele>
      </trkpt>
      <trkpt lat="52.55688107572496" lon="4.7187314461916685">
        <ele>-12.399999618530273</ele>
      </trkpt>
      <trkpt lat="52.55690010264516" lon="4.718730021268129">
        <ele>-12.399999618530273</ele>
      </trkpt>
      <trkpt lat="52.55691829137504" lon="4.718727171421051">
        <ele>-12.399999618530273</ele>
      </trkpt>
      <trkpt lat="52.55693715065718" lon="4.7187234833836555">
        <ele>-12.399999618530273</ele>
      </trkpt>
      <trkpt lat="52.55695441737771" lon="4.7187199629843235">
        <ele>-12.0</ele>
      </trkpt>
      <trkpt lat="52.55697302520275" lon="4.7187164425849915">
        <ele>-12.0</ele>
      </trkpt>
      <trkpt lat="52.55699146538973" lon="4.718712083995342">
        <ele>-11.800000190734863</ele>
      </trkpt>
      <trkpt lat="52.55701149813831" lon="4.718708982691169">
        <ele>-11.800000190734863</ele>
      </trkpt>
      <trkpt lat="52.55703027360141" lon="4.718705043196678">
        <ele>-11.800000190734863</ele>
      </trkpt>
      <trkpt lat="52.55705131217837" lon="4.7187049593776464">
        <ele>-11.800000190734863</ele>
      </trkpt>
      <trkpt lat="52.5570706743747" lon="4.718704707920551">
        <ele>-11.800000190734863</ele>
      </trkpt>
      <trkpt lat="52.55709112621844" lon="4.7187016904354095">
        <ele>-12.0</ele>
      </trkpt>
      <trkpt lat="52.55710923112929" lon="4.7186964098364115">
        <ele>-12.199999809265137</ele>
      </trkpt>
      <trkpt lat="52.55712876096368" lon="4.718692218884826">
        <ele>-12.399999618530273</ele>
      </trkpt>
      <trkpt lat="52.55714703351259" lon="4.7186878602951765">
        <ele>-12.399999618530273</ele>
      </trkpt>
      <trkpt lat="52.55716706626117" lon="4.71868509426713">
        <ele>-12.399999618530273</ele>
      </trkpt>
      <trkpt lat="52.557184752076864" lon="4.7186787240207195">
        <ele>-12.399999618530273</ele>
      </trkpt>
      <trkpt lat="52.55720553919673" lon="4.718675455078483">
        <ele>-12.600000381469727</ele>
      </trkpt>
      <trkpt lat="52.55722506903112" lon="4.718671767041087">
        <ele>-12.600000381469727</ele>
      </trkpt>
      <trkpt lat="52.55724518559873" lon="4.718667156994343">
        <ele>-12.600000381469727</ele>
      </trkpt>
      <trkpt lat="52.557264463976026" lon="4.718660870566964">
        <ele>-12.600000381469727</ele>
      </trkpt>
      <trkpt lat="52.55728525109589" lon="4.718657769262791">
        <ele>-12.600000381469727</ele>
      </trkpt>
      <trkpt lat="52.557305032387376" lon="4.718654416501522">
        <ele>-12.600000381469727</ele>
      </trkpt>
      <trkpt lat="52.55732540041208" lon="4.7186522372066975">
        <ele>-12.600000381469727</ele>
      </trkpt>
      <trkpt lat="52.557344594970345" lon="4.718649554997683">
        <ele>-12.600000381469727</ele>
      </trkpt>
      <trkpt lat="52.557364627718925" lon="4.7186472080647945">
        <ele>-12.399999618530273</ele>
      </trkpt>
      <trkpt lat="52.55738373845816" lon="4.718642765656114">
        <ele>-12.399999618530273</ele>
      </trkpt>
      <trkpt lat="52.5574039388448" lon="4.718639831990004">
        <ele>-12.399999618530273</ele>
      </trkpt>
      <trkpt lat="52.557422798126936" lon="4.718636395409703">
        <ele>-12.399999618530273</ele>
      </trkpt>
      <trkpt lat="52.55744341760874" lon="4.71863379701972">
        <ele>-12.399999618530273</ele>
      </trkpt>
      <trkpt lat="52.557462276890874" lon="4.718629019334912">
        <ele>-12.399999618530273</ele>
      </trkpt>
      <trkpt lat="52.55748205818236" lon="4.71862549893558">
        <ele>-12.399999618530273</ele>
      </trkpt>
      <trkpt lat="52.55750074982643" lon="4.718620050698519">
        <ele>-12.399999618530273</ele>
      </trkpt>
      <trkpt lat="52.557520531117916" lon="4.718614937737584">
        <ele>-12.600000381469727</ele>
      </trkpt>
      <trkpt lat="52.55753821693361" lon="4.718608316034079">
        <ele>-12.600000381469727</ele>
      </trkpt>
      <trkpt lat="52.5575574953109" lon="4.718604544177651">
        <ele>-12.600000381469727</ele>
      </trkpt>
      <trkpt lat="52.55757409147918" lon="4.718596916645765">
        <ele>-12.600000381469727</ele>
      </trkpt>
      <trkpt lat="52.55759412422776" lon="4.718593982979655">
        <ele>-12.399999618530273</ele>
      </trkpt>
      <trkpt lat="52.55761256441474" lon="4.718590462580323">
        <ele>-12.399999618530273</ele>
      </trkpt>
      <trkpt lat="52.557631926611066" lon="4.718587528914213">
        <ele>-12.399999618530273</ele>
      </trkpt>
      <trkpt lat="52.55765120498836" lon="4.718585098162293">
        <ele>-12.399999618530273</ele>
      </trkpt>
      <trkpt lat="52.55767081864178" lon="4.7185824159532785">
        <ele>-12.199999809265137</ele>
      </trkpt>
      <trkpt lat="52.55768992938101" lon="4.718579985201359">
        <ele>-12.199999809265137</ele>
      </trkpt>
      <trkpt lat="52.557709040120244" lon="4.718577805906534">
        <ele>-12.0</ele>
      </trkpt>
      <trkpt lat="52.55772706121206" lon="4.71857369877398">
        <ele>-12.199999809265137</ele>
      </trkpt>
      <trkpt lat="52.5577459204942" lon="4.718572022393346">
        <ele>-12.0</ele>
      </trkpt>
      <trkpt lat="52.5577631033957" lon="4.718568082898855">
        <ele>-12.0</ele>
      </trkpt>
      <trkpt lat="52.55778179503977" lon="4.718564981594682">
        <ele>-12.0</ele>
      </trkpt>
      <trkpt lat="52.55780006758869" lon="4.718557773157954">
        <ele>-12.199999809265137</ele>
      </trkpt>
      <trkpt lat="52.55781817249954" lon="4.718552744016051">
        <ele>-12.199999809265137</ele>
      </trkpt>
      <trkpt lat="52.557837534695864" lon="4.718550983816385">
        <ele>-12.199999809265137</ele>
      </trkpt>
      <trkpt lat="52.55785748362541" lon="4.718548217788339">
        <ele>-12.199999809265137</ele>
      </trkpt>
      <trkpt lat="52.557875169441104" lon="4.718543691560626">
        <ele>-12.199999809265137</ele>
      </trkpt>
      <trkpt lat="52.55789503455162" lon="4.718540087342262">
        <ele>-12.199999809265137</ele>
      </trkpt>
      <trkpt lat="52.55791196599603" lon="4.718535728752613">
        <ele>-12.199999809265137</ele>
      </trkpt>
      <trkpt lat="52.55793124437332" lon="4.718533214181662">
        <ele>-12.199999809265137</ele>
      </trkpt>
      <trkpt lat="52.55794716998935" lon="4.71852826885879">
        <ele>-12.199999809265137</ele>
      </trkpt>
      <trkpt lat="52.55796485580504" lon="4.718522569164634">
        <ele>-12.199999809265137</ele>
      </trkpt>
      <trkpt lat="52.55798337981105" lon="4.718516198918223">
        <ele>-11.800000190734863</ele>
      </trkpt>
      <trkpt lat="52.558001736178994" lon="4.718509744852781">
        <ele>-11.800000190734863</ele>
      </trkpt>
      <trkpt lat="52.5580205116421" lon="4.718503542244434">
        <ele>-11.600000381469727</ele>
      </trkpt>
      <trkpt lat="52.55804020911455" lon="4.7185002733021975">
        <ele>-11.399999618530273</ele>
      </trkpt>
      <trkpt lat="52.55805923603475" lon="4.718495663255453">
        <ele>-11.399999618530273</ele>
      </trkpt>
      <trkpt lat="52.5580775924027" lon="4.718491891399026">
        <ele>-11.399999618530273</ele>
      </trkpt>
      <trkpt lat="52.558096619322896" lon="4.71848820336163">
        <ele>-11.399999618530273</ele>
      </trkpt>
      <trkpt lat="52.55811589770019" lon="4.7184861078858376">
        <ele>-11.600000381469727</ele>
      </trkpt>
      <trkpt lat="52.55813500843942" lon="4.718481916934252">
        <ele>-11.800000190734863</ele>
      </trkpt>
      <trkpt lat="52.55815478973091" lon="4.7184790670871735">
        <ele>-11.800000190734863</ele>
      </trkpt>
      <trkpt lat="52.558174738660455" lon="4.718474959954619">
        <ele>-11.800000190734863</ele>
      </trkpt>
      <trkpt lat="52.55819502286613" lon="4.718471271917224">
        <ele>-11.800000190734863</ele>
      </trkpt>
      <trkpt lat="52.55821421742439" lon="4.71846766769886">
        <ele>-11.800000190734863</ele>
      </trkpt>
      <trkpt lat="52.558233914896846" lon="4.718465739861131">
        <ele>-11.800000190734863</ele>
      </trkpt>
      <trkpt lat="52.558253360912204" lon="4.718463057652116">
        <ele>-11.800000190734863</ele>
      </trkpt>
      <trkpt lat="52.55827322602272" lon="4.71846230328083">
        <ele>-12.0</ele>
      </trkpt>
      <trkpt lat="52.55829292349517" lon="4.718459788709879">
        <ele>-12.0</ele>
      </trkpt>
      <trkpt lat="52.55831220187247" lon="4.718458531424403">
        <ele>-12.0</ele>
      </trkpt>
      <trkpt lat="52.55833022296429" lon="4.718453837558627">
        <ele>-12.0</ele>
      </trkpt>
      <trkpt lat="52.558348663151264" lon="4.718450400978327">
        <ele>-12.0</ele>
      </trkpt>
      <trkpt lat="52.55836794152856" lon="4.718448054045439">
        <ele>-12.0</ele>
      </trkpt>
      <trkpt lat="52.55838721990585" lon="4.7184469643980265">
        <ele>-12.0</ele>
      </trkpt>
      <trkpt lat="52.558406414464116" lon="4.718443779274821">
        <ele>-12.0</ele>
      </trkpt>
      <trkpt lat="52.558425441384315" lon="4.718441432341933">
        <ele>-12.0</ele>
      </trkpt>
      <trkpt lat="52.55844513885677" lon="4.718438582494855">
        <ele>-12.0</ele>
      </trkpt>
      <trkpt lat="52.558462573215365" lon="4.718434475362301">
        <ele>-12.0</ele>
      </trkpt>
      <trkpt lat="52.558481097221375" lon="4.718430116772652">
        <ele>-12.0</ele>
      </trkpt>
      <trkpt lat="52.558500124141574" lon="4.718427015468478">
        <ele>-12.0</ele>
      </trkpt>
      <trkpt lat="52.558518815785646" lon="4.718422489240766">
        <ele>-12.0</ele>
      </trkpt>
      <trkpt lat="52.55853742361069" lon="4.718420226126909">
        <ele>-12.0</ele>
      </trkpt>
      <trkpt lat="52.55855661816895" lon="4.718417543917894">
        <ele>-12.0</ele>
      </trkpt>
      <trkpt lat="52.558575896546245" lon="4.718414191156626">
        <ele>-12.0</ele>
      </trkpt>
      <trkpt lat="52.55859467200935" lon="4.718409748747945">
        <ele>-12.0</ele>
      </trkpt>
      <trkpt lat="52.558614034205675" lon="4.718406228348613">
        <ele>-12.0</ele>
      </trkpt>
      <trkpt lat="52.55863373167813" lon="4.718401450663805">
        <ele>-12.0</ele>
      </trkpt>
      <trkpt lat="52.558654099702835" lon="4.718397594988346">
        <ele>-12.0</ele>
      </trkpt>
      <trkpt lat="52.55867379717529" lon="4.718393906950951">
        <ele>-12.0</ele>
      </trkpt>
      <trkpt lat="52.55869408138096" lon="4.718392649665475">
        <ele>-12.0</ele>
      </trkpt>
      <trkpt lat="52.55871310830116" lon="4.718388291075826">
        <ele>-12.0</ele>
      </trkpt>
      <trkpt lat="52.55873263813555" lon="4.718384267762303">
        <ele>-12.0</ele>
      </trkpt>
      <trkpt lat="52.55875250324607" lon="4.718381250277162">
        <ele>-12.0</ele>
      </trkpt>
      <trkpt lat="52.55877119489014" lon="4.718376724049449">
        <ele>-11.800000190734863</ele>
      </trkpt>
      <trkpt lat="52.55879005417228" lon="4.718372281640768">
        <ele>-11.800000190734863</ele>
      </trkpt>
      <trkpt lat="52.558810003101826" lon="4.718368342146277">
        <ele>-11.800000190734863</ele>
      </trkpt>
      <trkpt lat="52.55882911384106" lon="4.718363648280501">
        <ele>-11.800000190734863</ele>
      </trkpt>
      <trkpt lat="52.55884830839932" lon="4.718361301347613">
        <ele>-11.800000190734863</ele>
      </trkpt>
      <trkpt lat="52.5588667485863" lon="4.71835627220571">
        <ele>-11.800000190734863</ele>
      </trkpt>
      <trkpt lat="52.55888535641134" lon="4.718352248892188">
        <ele>-11.800000190734863</ele>
      </trkpt>
      <trkpt lat="52.558903796598315" lon="4.718347555026412">
        <ele>-11.800000190734863</ele>
      </trkpt>
      <trkpt lat="52.558922907337546" lon="4.718345459550619">
        <ele>-12.0</ele>
      </trkpt>
      <trkpt lat="52.55894218571484" lon="4.718341939151287">
        <ele>-11.800000190734863</ele>
      </trkpt>
      <trkpt lat="52.55896355956793" lon="4.718341184780002">
        <ele>-11.800000190734863</ele>
      </trkpt>
      <trkpt lat="52.558984430506825" lon="4.718337580561638">
        <ele>-11.800000190734863</ele>
      </trkpt>
      <trkpt lat="52.55900479853153" lon="4.718334814533591">
        <ele>-11.800000190734863</ele>
      </trkpt>
      <trkpt lat="52.559024915099144" lon="4.7183312103152275">
        <ele>-11.800000190734863</ele>
      </trkpt>
      <trkpt lat="52.559045534580946" lon="4.7183282766491175">
        <ele>-11.800000190734863</ele>
      </trkpt>
      <trkpt lat="52.55906531587243" lon="4.718324169516563">
        <ele>-11.800000190734863</ele>
      </trkpt>
      <trkpt lat="52.55908568389714" lon="4.718321152031422">
        <ele>-11.800000190734863</ele>
      </trkpt>
      <trkpt lat="52.55910529755056" lon="4.718316458165646">
        <ele>-11.800000190734863</ele>
      </trkpt>
      <trkpt lat="52.55912491120398" lon="4.718312686309218">
        <ele>-11.800000190734863</ele>
      </trkpt>
      <trkpt lat="52.55914502777159" lon="4.718308998271823">
        <ele>-11.800000190734863</ele>
      </trkpt>
      <trkpt lat="52.55916489288211" lon="4.718304555863142">
        <ele>-11.800000190734863</ele>
      </trkpt>
      <trkpt lat="52.55918459035456" lon="4.718301789835095">
        <ele>-11.800000190734863</ele>
      </trkpt>
      <trkpt lat="52.55920412018895" lon="4.718298939988017">
        <ele>-11.800000190734863</ele>
      </trkpt>
      <trkpt lat="52.55922348238528" lon="4.718295754864812">
        <ele>-11.800000190734863</ele>
      </trkpt>
      <trkpt lat="52.55924259312451" lon="4.718291899189353">
        <ele>-11.800000190734863</ele>
      </trkpt>
      <trkpt lat="52.55926304496825" lon="4.718287792056799">
        <ele>-12.0</ele>
      </trkpt>
      <trkpt lat="52.55928223952651" lon="4.718282260000706">
        <ele>-12.0</ele>
      </trkpt>
      <trkpt lat="52.559302942827344" lon="4.718278991058469">
        <ele>-12.0</ele>
      </trkpt>
      <trkpt lat="52.55932188592851" lon="4.718274297192693">
        <ele>-12.0</ele>
      </trkpt>
      <trkpt lat="52.559342086315155" lon="4.718270022422075">
        <ele>-12.0</ele>
      </trkpt>
      <trkpt lat="52.559360694140196" lon="4.718264993280172">
        <ele>-12.199999809265137</ele>
      </trkpt>
      <trkpt lat="52.559381313622" lon="4.7182623110711575">
        <ele>-12.199999809265137</ele>
      </trkpt>
      <trkpt lat="52.55939983762801" lon="4.718258120119572">
        <ele>-12.199999809265137</ele>
      </trkpt>
      <trkpt lat="52.55941894836724" lon="4.718254180625081">
        <ele>-12.199999809265137</ele>
      </trkpt>
      <trkpt lat="52.559436885640025" lon="4.7182481456547976">
        <ele>-12.199999809265137</ele>
      </trkpt>
      <trkpt lat="52.55945725366473" lon="4.7182434517890215">
        <ele>-12.199999809265137</ele>
      </trkpt>
      <trkpt lat="52.55947653204203" lon="4.718237919732928">
        <ele>-12.199999809265137</ele>
      </trkpt>
      <trkpt lat="52.559497486799955" lon="4.718235237523913">
        <ele>-12.199999809265137</ele>
      </trkpt>
      <trkpt lat="52.55951676517725" lon="4.718230124562979">
        <ele>-12.199999809265137</ele>
      </trkpt>
      <trkpt lat="52.559537971392274" lon="4.718228196725249">
        <ele>-12.199999809265137</ele>
      </trkpt>
      <trkpt lat="52.55955683067441" lon="4.7182234190404415">
        <ele>-12.399999618530273</ele>
      </trkpt>
      <trkpt lat="52.55957686342299" lon="4.718219814822078">
        <ele>-12.600000381469727</ele>
      </trkpt>
      <trkpt lat="52.55959547124803" lon="4.718215959146619">
        <ele>-12.600000381469727</ele>
      </trkpt>
      <trkpt lat="52.55961458198726" lon="4.71821210347116">
        <ele>-12.600000381469727</ele>
      </trkpt>
      <trkpt lat="52.559631345793605" lon="4.718206403777003">
        <ele>-12.600000381469727</ele>
      </trkpt>
      <trkpt lat="52.55964928306639" lon="4.718201123178005">
        <ele>-12.600000381469727</ele>
      </trkpt>
      <trkpt lat="52.559666549786925" lon="4.718198273330927">
        <ele>-12.600000381469727</ele>
      </trkpt>
      <trkpt lat="52.5596868339926" lon="4.718197770416737">
        <ele>-12.600000381469727</ele>
      </trkpt>
      <trkpt lat="52.5597040168941" lon="4.718194250017405">
        <ele>-12.600000381469727</ele>
      </trkpt>
      <trkpt lat="52.55972396582365" lon="4.718190813437104">
        <ele>-12.399999618530273</ele>
      </trkpt>
      <trkpt lat="52.55974265746772" lon="4.718187544494867">
        <ele>-12.399999618530273</ele>
      </trkpt>
      <trkpt lat="52.559762271121144" lon="4.718184024095535">
        <ele>-12.399999618530273</ele>
      </trkpt>
      <trkpt lat="52.55978029221296" lon="4.718179078772664">
        <ele>-12.399999618530273</ele>
      </trkpt>
      <trkpt lat="52.55980015732348" lon="4.718176731839776">
        <ele>-12.399999618530273</ele>
      </trkpt>
      <trkpt lat="52.5598181784153" lon="4.718171618878841">
        <ele>-12.199999809265137</ele>
      </trkpt>
      <trkpt lat="52.559836618602276" lon="4.718168014660478">
        <ele>-12.199999809265137</ele>
      </trkpt>
      <trkpt lat="52.55985547788441" lon="4.718163656070828">
        <ele>-12.199999809265137</ele>
      </trkpt>
      <trkpt lat="52.5598752591759" lon="4.718162482604384">
        <ele>-12.399999618530273</ele>
      </trkpt>
      <trkpt lat="52.55989411845803" lon="4.718156950548291">
        <ele>-12.199999809265137</ele>
      </trkpt>
      <trkpt lat="52.559913732111454" lon="4.718153011053801">
        <ele>-12.199999809265137</ele>
      </trkpt>
      <trkpt lat="52.55993166938424" lon="4.7181471437215805">
        <ele>-12.199999809265137</ele>
      </trkpt>
      <trkpt lat="52.559952372685075" lon="4.718144042417407">
        <ele>-12.399999618530273</ele>
      </trkpt>
      <trkpt lat="52.55997064523399" lon="4.718138258904219">
        <ele>-12.399999618530273</ele>
      </trkpt>
      <trkpt lat="52.55999159999192" lon="4.7181344870477915">
        <ele>-12.399999618530273</ele>
      </trkpt>
      <trkpt lat="52.56001188419759" lon="4.718130631372333">
        <ele>-12.399999618530273</ele>
      </trkpt>
      <trkpt lat="52.560034934431314" lon="4.718128116801381">
        <ele>-12.600000381469727</ele>
      </trkpt>
      <trkpt lat="52.56005362607539" lon="4.718122081831098">
        <ele>-12.399999618530273</ele>
      </trkpt>
      <trkpt lat="52.56007491610944" lon="4.718119064345956">
        <ele>-12.399999618530273</ele>
      </trkpt>
      <trkpt lat="52.560092685744166" lon="4.718113197013736">
        <ele>-12.399999618530273</ele>
      </trkpt>
      <trkpt lat="52.5601115450263" lon="4.718110095709562">
        <ele>-12.199999809265137</ele>
      </trkpt>
      <trkpt lat="52.56012856028974" lon="4.718105485662818">
        <ele>-12.0</ele>
      </trkpt>
      <trkpt lat="52.5601461622864" lon="4.71810020506382">
        <ele>-12.199999809265137</ele>
      </trkpt>
      <trkpt lat="52.56016409955919" lon="4.718095762655139">
        <ele>-12.199999809265137</ele>
      </trkpt>
      <trkpt lat="52.56018279120326" lon="4.718092242255807">
        <ele>-12.399999618530273</ele>
      </trkpt>
      <trkpt lat="52.560201147571206" lon="4.718091068789363">
        <ele>-12.399999618530273</ele>
      </trkpt>
      <trkpt lat="52.56022143177688" lon="4.718091655522585">
        <ele>-12.399999618530273</ele>
      </trkpt>
      <trkpt lat="52.56024154834449" lon="4.718090398237109">
        <ele>-12.399999618530273</ele>
      </trkpt>
      <trkpt lat="52.56026049144566" lon="4.71808603964746">
        <ele>-12.600000381469727</ele>
      </trkpt>
      <trkpt lat="52.56027868017554" lon="4.7180829383432865">
        <ele>-12.399999618530273</ele>
      </trkpt>
      <trkpt lat="52.56029804237187" lon="4.718078663572669">
        <ele>-12.399999618530273</ele>
      </trkpt>
      <trkpt lat="52.56031623110175" lon="4.718074137344956">
        <ele>-12.399999618530273</ele>
      </trkpt>
      <trkpt lat="52.56033718585968" lon="4.718071790412068">
        <ele>-12.399999618530273</ele>
      </trkpt>
      <trkpt lat="52.56035570986569" lon="4.718067683279514">
        <ele>-12.399999618530273</ele>
      </trkpt>
      <trkpt lat="52.560377418994904" lon="4.718065671622753">
        <ele>-12.399999618530273</ele>
      </trkpt>
      <trkpt lat="52.56039594300091" lon="4.718063995242119">
        <ele>-12.399999618530273</ele>
      </trkpt>
      <trkpt lat="52.560415640473366" lon="4.718060810118914">
        <ele>-12.600000381469727</ele>
      </trkpt>
      <trkpt lat="52.56043441593647" lon="4.718059049919248">
        <ele>-12.600000381469727</ele>
      </trkpt>
      <trkpt lat="52.560453694313765" lon="4.718056870624423">
        <ele>-12.600000381469727</ele>
      </trkpt>
      <trkpt lat="52.56047263741493" lon="4.718054020777345">
        <ele>-12.199999809265137</ele>
      </trkpt>
      <trkpt lat="52.560491329059005" lon="4.718051003292203">
        <ele>-12.199999809265137</ele>
      </trkpt>
      <trkpt lat="52.56050918251276" lon="4.718046309426427">
        <ele>-12.399999618530273</ele>
      </trkpt>
      <trkpt lat="52.56052980199456" lon="4.718046309426427">
        <ele>-12.399999618530273</ele>
      </trkpt>
      <trkpt lat="52.56054782308638" lon="4.718041280284524">
        <ele>-12.600000381469727</ele>
      </trkpt>
      <trkpt lat="52.56056726910174" lon="4.718038514256477">
        <ele>-12.600000381469727</ele>
      </trkpt>
      <trkpt lat="52.56058378145099" lon="4.718031641095877">
        <ele>-12.600000381469727</ele>
      </trkpt>
      <trkpt lat="52.56060305982828" lon="4.7180284559726715">
        <ele>-12.600000381469727</ele>
      </trkpt>
      <trkpt lat="52.56062300875783" lon="4.718027198687196">
        <ele>-12.600000381469727</ele>
      </trkpt>
      <trkpt lat="52.560642873868346" lon="4.718022253364325">
        <ele>-12.600000381469727</ele>
      </trkpt>
      <trkpt lat="52.56066148169339" lon="4.718017056584358">
        <ele>-12.199999809265137</ele>
      </trkpt>
      <trkpt lat="52.56068101152778" lon="4.718011608347297">
        <ele>-12.199999809265137</ele>
      </trkpt>
      <trkpt lat="52.56070112809539" lon="4.718008674681187">
        <ele>-12.0</ele>
      </trkpt>
      <trkpt lat="52.56072116084397" lon="4.718004651367664">
        <ele>-12.0</ele>
      </trkpt>
      <trkpt lat="52.56073993630707" lon="4.717998448759317">
        <ele>-11.800000190734863</ele>
      </trkpt>
      <trkpt lat="52.560759549960494" lon="4.717994509264827">
        <ele>-11.800000190734863</ele>
      </trkpt>
      <trkpt lat="52.56077882833779" lon="4.717989647760987">
        <ele>-11.800000190734863</ele>
      </trkpt>
      <trkpt lat="52.560797771438956" lon="4.7179883904755116">
        <ele>-11.800000190734863</ele>
      </trkpt>
      <trkpt lat="52.560816798359156" lon="4.717984115704894">
        <ele>-11.800000190734863</ele>
      </trkpt>
      <trkpt lat="52.5608354061842" lon="4.717981852591038">
        <ele>-12.0</ele>
      </trkpt>
      <trkpt lat="52.56085409782827" lon="4.717979170382023">
        <ele>-12.199999809265137</ele>
      </trkpt>
      <trkpt lat="52.56087270565331" lon="4.71797707490623">
        <ele>-12.199999809265137</ele>
      </trkpt>
      <trkpt lat="52.56089181639254" lon="4.717973805963993">
        <ele>-12.399999618530273</ele>
      </trkpt>
      <trkpt lat="52.56091050803661" lon="4.717970620840788">
        <ele>-12.399999618530273</ele>
      </trkpt>
      <trkpt lat="52.56092903204262" lon="4.717965675517917">
        <ele>-12.399999618530273</ele>
      </trkpt>
      <trkpt lat="52.560947723686695" lon="4.7179613169282675">
        <ele>-12.399999618530273</ele>
      </trkpt>
      <trkpt lat="52.56096758879721" lon="4.717958215624094">
        <ele>-12.399999618530273</ele>
      </trkpt>
      <trkpt lat="52.560987286269665" lon="4.717955281957984">
        <ele>-12.0</ele>
      </trkpt>
      <trkpt lat="52.56100748665631" lon="4.717950755730271">
        <ele>-12.199999809265137</ele>
      </trkpt>
      <trkpt lat="52.561025926843286" lon="4.717945642769337">
        <ele>-12.0</ele>
      </trkpt>
      <trkpt lat="52.56104621104896" lon="4.717942122370005">
        <ele>-12.199999809265137</ele>
      </trkpt>
      <trkpt lat="52.561064986512065" lon="4.717936757951975">
        <ele>-12.0</ele>
      </trkpt>
      <trkpt lat="52.56108493544161" lon="4.717932986095548">
        <ele>-12.0</ele>
      </trkpt>
      <trkpt lat="52.56110270507634" lon="4.717927621677518">
        <ele>-11.800000190734863</ele>
      </trkpt>
      <trkpt lat="52.561122654005885" lon="4.717925190925598">
        <ele>-11.800000190734863</ele>
      </trkpt>
      <trkpt lat="52.5611409265548" lon="4.717921502888203">
        <ele>-11.800000190734863</ele>
      </trkpt>
      <trkpt lat="52.56115861237049" lon="4.717914965003729">
        <ele>-12.0</ele>
      </trkpt>
      <trkpt lat="52.56117654964328" lon="4.717909349128604">
        <ele>-12.0</ele>
      </trkpt>
      <trkpt lat="52.56119406782091" lon="4.717904487624764">
        <ele>-12.0</ele>
      </trkpt>
      <trkpt lat="52.56121267564595" lon="4.717901134863496">
        <ele>-12.399999618530273</ele>
      </trkpt>
      <trkpt lat="52.56123228929937" lon="4.717898033559322">
        <ele>-12.399999618530273</ele>
      </trkpt>
      <trkpt lat="52.56125098094344" lon="4.717894261702895">
        <ele>-12.399999618530273</ele>
      </trkpt>
      <trkpt lat="52.5612720195204" lon="4.717893758788705">
        <ele>-12.600000381469727</ele>
      </trkpt>
      <trkpt lat="52.56129163317382" lon="4.717891495674849">
        <ele>-12.399999618530273</ele>
      </trkpt>
      <trkpt lat="52.56131250411272" lon="4.717889986932278">
        <ele>-12.399999618530273</ele>
      </trkpt>
      <trkpt lat="52.56133312359452" lon="4.717889232560992">
        <ele>-12.399999618530273</ele>
      </trkpt>
      <trkpt lat="52.56135173141956" lon="4.7178832814097404">
        <ele>-12.399999618530273</ele>
      </trkpt>
      <trkpt lat="52.56137017160654" lon="4.7178794257342815">
        <ele>-12.199999809265137</ele>
      </trkpt>
      <trkpt lat="52.56138919852674" lon="4.717876240611076">
        <ele>-12.199999809265137</ele>
      </trkpt>
      <trkpt lat="52.561408476904035" lon="4.717875150963664">
        <ele>-12.199999809265137</ele>
      </trkpt>
      <trkpt lat="52.561427503824234" lon="4.717872636392713">
        <ele>-12.199999809265137</ele>
      </trkpt>
      <trkpt lat="52.5614464469254" lon="4.717871295288205">
        <ele>-12.199999809265137</ele>
      </trkpt>
      <trkpt lat="52.56146555766463" lon="4.717869451269507">
        <ele>-12.199999809265137</ele>
      </trkpt>
      <trkpt lat="52.56148433312774" lon="4.717867020517588">
        <ele>-12.199999809265137</ele>
      </trkpt>
      <trkpt lat="52.561503779143095" lon="4.717864589765668">
        <ele>-12.199999809265137</ele>
      </trkpt>
      <trkpt lat="52.561523811891675" lon="4.717863416299224">
        <ele>-12.199999809265137</ele>
      </trkpt>
      <trkpt lat="52.56154300644994" lon="4.717861907556653">
        <ele>-12.199999809265137</ele>
      </trkpt>
      <trkpt lat="52.56156253628433" lon="4.717860566452146">
        <ele>-12.199999809265137</ele>
      </trkpt>
      <trkpt lat="52.56158206611872" lon="4.7178588062524796">
        <ele>-12.199999809265137</ele>
      </trkpt>
      <trkpt lat="52.56160134449601" lon="4.717857968062162">
        <ele>-12.199999809265137</ele>
      </trkpt>
      <trkpt lat="52.561620622873306" lon="4.717857465147972">
        <ele>-12.199999809265137</ele>
      </trkpt>
      <trkpt lat="52.561639649793506" lon="4.717857213690877">
        <ele>-12.199999809265137</ele>
      </trkpt>
      <trkpt lat="52.561658676713705" lon="4.7178564593195915">
        <ele>-12.199999809265137</ele>
      </trkpt>
      <trkpt lat="52.56167753599584" lon="4.717856794595718">
        <ele>-12.0</ele>
      </trkpt>
      <trkpt lat="52.56169689819217" lon="4.717856626957655">
        <ele>-12.0</ele>
      </trkpt>
      <trkpt lat="52.56171592511237" lon="4.717855034396052">
        <ele>-12.199999809265137</ele>
      </trkpt>
      <trkpt lat="52.561736796051264" lon="4.7178529389202595">
        <ele>-12.0</ele>
      </trkpt>
      <trkpt lat="52.5617574993521" lon="4.717853609472513">
        <ele>-12.0</ele>
      </trkpt>
      <trkpt lat="52.56177878938615" lon="4.717852519825101">
        <ele>-12.0</ele>
      </trkpt>
      <trkpt lat="52.561799408867955" lon="4.717853274196386">
        <ele>-12.0</ele>
      </trkpt>
      <trkpt lat="52.56181910634041" lon="4.7178535256534815">
        <ele>-12.0</ele>
      </trkpt>
      <trkpt lat="52.561838552355766" lon="4.71785394474864">
        <ele>-12.199999809265137</ele>
      </trkpt>
      <trkpt lat="52.561857076361775" lon="4.717853358015418">
        <ele>-12.199999809265137</ele>
      </trkpt>
      <trkpt lat="52.56187576800585" lon="4.717853190377355">
        <ele>-12.199999809265137</ele>
      </trkpt>
      <trkpt lat="52.56189538165927" lon="4.717852603644133">
        <ele>-12.0</ele>
      </trkpt>
      <trkpt lat="52.56191432476044" lon="4.717853106558323">
        <ele>-12.0</ele>
      </trkpt>
      <trkpt lat="52.56193242967129" lon="4.717853106558323">
        <ele>-12.0</ele>
      </trkpt>
      <trkpt lat="52.561950869858265" lon="4.7178546991199255">
        <ele>-12.0</ele>
      </trkpt>
      <trkpt lat="52.561969477683306" lon="4.717854866757989">
        <ele>-12.0</ele>
      </trkpt>
      <trkpt lat="52.561988504603505" lon="4.717856626957655">
        <ele>-12.0</ele>
      </trkpt>
      <trkpt lat="52.56200795061886" lon="4.717858303338289">
        <ele>-12.0</ele>
      </trkpt>
      <trkpt lat="52.562027061358094" lon="4.717859979718924">
        <ele>-12.0</ele>
      </trkpt>
      <trkpt lat="52.562047094106674" lon="4.717862494289875">
        <ele>-12.0</ele>
      </trkpt>
      <trkpt lat="52.56206687539816" lon="4.7178661823272705">
        <ele>-12.0</ele>
      </trkpt>
      <trkpt lat="52.56208632141352" lon="4.7178673557937145">
        <ele>-12.0</ele>
      </trkpt>
      <trkpt lat="52.56210593506694" lon="4.71787054091692">
        <ele>-12.0</ele>
      </trkpt>
      <trkpt lat="52.562124794349074" lon="4.71787104383111">
        <ele>-12.0</ele>
      </trkpt>
      <trkpt lat="52.56214424036443" lon="4.717873306944966">
        <ele>-12.0</ele>
      </trkpt>
      <trkpt lat="52.56216259673238" lon="4.71787397749722">
        <ele>-12.0</ele>
      </trkpt>
      <trkpt lat="52.56218070164323" lon="4.717873809859157">
        <ele>-12.0</ele>
      </trkpt>
      <trkpt lat="52.56219872273505" lon="4.717875150963664">
        <ele>-12.199999809265137</ele>
      </trkpt>
      <trkpt lat="52.562214229255915" lon="4.717874228954315">
        <ele>-12.199999809265137</ele>
      </trkpt>
      <trkpt lat="52.56223007105291" lon="4.717875234782696">
        <ele>-12.399999618530273</ele>
      </trkpt>
      <trkpt lat="52.562245577573776" lon="4.717877749353647">
        <ele>-12.399999618530273</ele>
      </trkpt>
      <trkpt lat="52.562260245904326" lon="4.71788034774363">
        <ele>-12.399999618530273</ele>
      </trkpt>
      <trkpt lat="52.56227407604456" lon="4.71788227558136">
        <ele>-12.399999618530273</ele>
      </trkpt>
      <trkpt lat="52.56228916347027" lon="4.717884873971343">
        <ele>-12.399999618530273</ele>
      </trkpt>
      <trkpt lat="52.56230240687728" lon="4.717887053266168">
        <ele>-12.399999618530273</ele>
      </trkpt>
      <trkpt lat="52.562315398827195" lon="4.717889484018087">
        <ele>-12.399999618530273</ele>
      </trkpt>
      <trkpt lat="52.562328055500984" lon="4.717891663312912">
        <ele>-12.600000381469727</ele>
      </trkpt>
      <trkpt lat="52.56234020926058" lon="4.717892920598388">
        <ele>-12.600000381469727</ele>
      </trkpt>
      <trkpt lat="52.56235227920115" lon="4.717893674969673">
        <ele>-12.600000381469727</ele>
      </trkpt>
      <trkpt lat="52.5623653549701" lon="4.717894932255149">
        <ele>-12.800000190734863</ele>
      </trkpt>
      <trkpt lat="52.562377927824855" lon="4.71789644099772">
        <ele>-12.800000190734863</ele>
      </trkpt>
      <trkpt lat="52.56238848902285" lon="4.71789937466383">
        <ele>-12.800000190734863</ele>
      </trkpt>
      <trkpt lat="52.5623978767544" lon="4.717907253652811">
        <ele>-12.600000381469727</ele>
      </trkpt>
      <trkpt lat="52.56240743212402" lon="4.717913791537285">
        <ele>-12.600000381469727</ele>
      </trkpt>
      <trkpt lat="52.56241438910365" lon="4.717913875356317">
        <ele>-12.399999618530273</ele>
      </trkpt>
      <trkpt lat="52.56242226809263" lon="4.717916138470173">
        <ele>-12.399999618530273</ele>
      </trkpt>
      <trkpt lat="52.56243148818612" lon="4.717918988317251">
        <ele>-12.399999618530273</ele>
      </trkpt>
      <trkpt lat="52.562442468479276" lon="4.717919742688537">
        <ele>-12.399999618530273</ele>
      </trkpt>
      <trkpt lat="52.562454203143716" lon="4.7179230116307735">
        <ele>-12.399999618530273</ele>
      </trkpt>
      <trkpt lat="52.56246845237911" lon="4.717923766002059">
        <ele>-12.399999618530273</ele>
      </trkpt>
      <trkpt lat="52.56248471327126" lon="4.717925107106566">
        <ele>-12.399999618530273</ele>
      </trkpt>
      <trkpt lat="52.562502482905984" lon="4.717924436554313">
        <ele>-12.399999618530273</ele>
      </trkpt>
      <trkpt lat="52.562521593645215" lon="4.717927370220423">
        <ele>-12.399999618530273</ele>
      </trkpt>
      <trkpt lat="52.56254246458411" lon="4.717928962782025">
        <ele>-12.399999618530273</ele>
      </trkpt>
      <trkpt lat="52.562562664970756" lon="4.717930722981691">
        <ele>-12.199999809265137</ele>
      </trkpt>
      <trkpt lat="52.56258429028094" lon="4.7179333213716745">
        <ele>-12.0</ele>
      </trkpt>
      <trkpt lat="52.56260591559112" lon="4.71793650649488">
        <ele>-12.0</ele>
      </trkpt>
      <trkpt lat="52.56262703798711" lon="4.717938182875514">
        <ele>-12.0</ele>
      </trkpt>
      <trkpt lat="52.56264455616474" lon="4.717941954731941">
        <ele>-11.800000190734863</ele>
      </trkpt>
      <trkpt lat="52.56266601383686" lon="4.7179458104074">
        <ele>-12.0</ele>
      </trkpt>
      <trkpt lat="52.562685795128345" lon="4.717945642769337">
        <ele>-11.800000190734863</ele>
      </trkpt>
      <trkpt lat="52.56270716898143" lon="4.717948492616415">
        <ele>-12.0</ele>
      </trkpt>
      <trkpt lat="52.562725860625505" lon="4.717949666082859">
        <ele>-12.0</ele>
      </trkpt>
      <trkpt lat="52.562744468450546" lon="4.71795461140573">
        <ele>-12.0</ele>
      </trkpt>
      <trkpt lat="52.56276190280914" lon="4.717955365777016">
        <ele>-12.0</ele>
      </trkpt>
      <trkpt lat="52.56278185173869" lon="4.717958131805062">
        <ele>-12.199999809265137</ele>
      </trkpt>
      <trkpt lat="52.56279970519245" lon="4.717960059642792">
        <ele>-12.199999809265137</ele>
      </trkpt>
      <trkpt lat="52.56281957030296" lon="4.7179630771279335">
        <ele>-12.399999618530273</ele>
      </trkpt>
      <trkpt lat="52.5628368370235" lon="4.7179624903947115">
        <ele>-12.399999618530273</ele>
      </trkpt>
      <trkpt lat="52.562855361029506" lon="4.717964753508568">
        <ele>-12.399999618530273</ele>
      </trkpt>
      <trkpt lat="52.56287371739745" lon="4.717966429889202">
        <ele>-12.199999809265137</ele>
      </trkpt>
      <trkpt lat="52.562894420698285" lon="4.717968190088868">
        <ele>-12.199999809265137</ele>
      </trkpt>
      <trkpt lat="52.56291420198977" lon="4.717970117926598">
        <ele>-12.199999809265137</ele>
      </trkpt>
      <trkpt lat="52.56293339654803" lon="4.717970537021756">
        <ele>-12.199999809265137</ele>
      </trkpt>
      <trkpt lat="52.56295334547758" lon="4.717972883954644">
        <ele>-12.0</ele>
      </trkpt>
      <trkpt lat="52.56297329440713" lon="4.717973722144961">
        <ele>-12.0</ele>
      </trkpt>
      <trkpt lat="52.56299391388893" lon="4.717974476516247">
        <ele>-12.0</ele>
      </trkpt>
      <trkpt lat="52.5630144495517" lon="4.717976488173008">
        <ele>-11.800000190734863</ele>
      </trkpt>
      <trkpt lat="52.56303523667157" lon="4.717978751286864">
        <ele>-11.800000190734863</ele>
      </trkpt>
      <trkpt lat="52.56305602379143" lon="4.717980092391372">
        <ele>-11.800000190734863</ele>
      </trkpt>
      <trkpt lat="52.56307630799711" lon="4.717980176210403">
        <ele>-11.800000190734863</ele>
      </trkpt>
      <trkpt lat="52.56309701129794" lon="4.717980427667499">
        <ele>-11.800000190734863</ele>
      </trkpt>
      <trkpt lat="52.56311788223684" lon="4.717979673296213">
        <ele>-11.800000190734863</ele>
      </trkpt>
      <trkpt lat="52.563136825338006" lon="4.717977996915579">
        <ele>-11.800000190734863</ele>
      </trkpt>
      <trkpt lat="52.563155852258205" lon="4.717976655811071">
        <ele>-12.0</ele>
      </trkpt>
      <trkpt lat="52.56317370571196" lon="4.717974979430437">
        <ele>-12.0</ele>
      </trkpt>
      <trkpt lat="52.56319222971797" lon="4.717971961945295">
        <ele>-12.0</ele>
      </trkpt>
      <trkpt lat="52.563211089000106" lon="4.717970285564661">
        <ele>-12.0</ele>
      </trkpt>
      <trkpt lat="52.56323229521513" lon="4.717968860641122">
        <ele>-12.0</ele>
      </trkpt>
      <trkpt lat="52.56325484253466" lon="4.717968106269836">
        <ele>-12.0</ele>
      </trkpt>
      <trkpt lat="52.563276048749685" lon="4.717964669689536">
        <ele>-12.0</ele>
      </trkpt>
      <trkpt lat="52.56329666823149" lon="4.717963999137282">
        <ele>-12.0</ele>
      </trkpt>
      <trkpt lat="52.56331569515169" lon="4.717960646376014">
        <ele>-12.0</ele>
      </trkpt>
      <trkpt lat="52.56333438679576" lon="4.717958215624094">
        <ele>-12.199999809265137</ele>
      </trkpt>
      <trkpt lat="52.56335282698274" lon="4.7179545275866985">
        <ele>-12.399999618530273</ele>
      </trkpt>
      <trkpt lat="52.56337168626487" lon="4.717952348291874">
        <ele>-12.399999618530273</ele>
      </trkpt>
      <trkpt lat="52.56338903680444" lon="4.717946145683527">
        <ele>-12.399999618530273</ele>
      </trkpt>
      <trkpt lat="52.56340672262013" lon="4.717944469302893">
        <ele>-12.600000381469727</ele>
      </trkpt>
      <trkpt lat="52.56342289969325" lon="4.717941367998719">
        <ele>-12.600000381469727</ele>
      </trkpt>
      <trkpt lat="52.56343983113766" lon="4.717939775437117">
        <ele>-12.600000381469727</ele>
      </trkpt>
      <trkpt lat="52.56345592439175" lon="4.717935668304563">
        <ele>-12.199999809265137</ele>
      </trkpt>
      <trkpt lat="52.56347327493131" lon="4.7179344948381186">
        <ele>-12.199999809265137</ele>
      </trkpt>
      <trkpt lat="52.56349070928991" lon="4.717931980267167">
        <ele>-12.0</ele>
      </trkpt>
      <trkpt lat="52.5635099876672" lon="4.71793164499104">
        <ele>-11.800000190734863</ele>
      </trkpt>
      <trkpt lat="52.5635290145874" lon="4.717929298058152">
        <ele>-11.800000190734863</ele>
      </trkpt>
      <trkpt lat="52.56354762241244" lon="4.717928795143962">
        <ele>-11.800000190734863</ele>
      </trkpt>
      <trkpt lat="52.56356740370393" lon="4.717926364392042">
        <ele>-11.800000190734863</ele>
      </trkpt>
      <trkpt lat="52.56358601152897" lon="4.71792284399271">
        <ele>-11.800000190734863</ele>
      </trkpt>
      <trkpt lat="52.56360461935401" lon="4.7179189044982195">
        <ele>-11.800000190734863</ele>
      </trkpt>
      <trkpt lat="52.563622891902924" lon="4.717914713546634">
        <ele>-11.800000190734863</ele>
      </trkpt>
      <trkpt lat="52.56364242173731" lon="4.717911947518587">
        <ele>-11.800000190734863</ele>
      </trkpt>
      <trkpt lat="52.56366077810526" lon="4.717907169833779">
        <ele>-12.0</ele>
      </trkpt>
      <trkpt lat="52.56367980502546" lon="4.717904068529606">
        <ele>-12.0</ele>
      </trkpt>
      <trkpt lat="52.56369807757437" lon="4.717898620292544">
        <ele>-12.0</ele>
      </trkpt>
      <trkpt lat="52.563718277961016" lon="4.717896105721593">
        <ele>-12.0</ele>
      </trkpt>
      <trkpt lat="52.56373722106218" lon="4.7178903222084045">
        <ele>-12.0</ele>
      </trkpt>
      <trkpt lat="52.56375742144883" lon="4.71788814291358">
        <ele>-12.199999809265137</ele>
      </trkpt>
      <trkpt lat="52.56377334706485" lon="4.717883113771677">
        <ele>-12.199999809265137</ele>
      </trkpt>
      <trkpt lat="52.563791032880545" lon="4.717878419905901">
        <ele>-12.199999809265137</ele>
      </trkpt>
      <trkpt lat="52.56380897015333" lon="4.717873809859157">
        <ele>-12.0</ele>
      </trkpt>
      <trkpt lat="52.56382799707353" lon="4.71787104383111">
        <ele>-12.0</ele>
      </trkpt>
      <trkpt lat="52.5638469401747" lon="4.7178661823272705">
        <ele>-12.0</ele>
      </trkpt>
      <trkpt lat="52.56386512890458" lon="4.7178626619279385">
        <ele>-12.199999809265137</ele>
      </trkpt>
      <trkpt lat="52.56388516165316" lon="4.717858303338289">
        <ele>-12.199999809265137</ele>
      </trkpt>
      <trkpt lat="52.563904356211424" lon="4.7178552858531475">
        <ele>-12.0</ele>
      </trkpt>
      <trkpt lat="52.56392405368388" lon="4.717851262539625">
        <ele>-12.0</ele>
      </trkpt>
      <trkpt lat="52.56394375115633" lon="4.717847071588039">
        <ele>-12.0</ele>
      </trkpt>
      <trkpt lat="52.56396487355232" lon="4.717842377722263">
        <ele>-12.0</ele>
      </trkpt>
      <trkpt lat="52.56398658268154" lon="4.717836678028107">
        <ele>-12.0</ele>
      </trkpt>
      <trkpt lat="52.56400820799172" lon="4.7178323194384575">
        <ele>-12.0</ele>
      </trkpt>
      <trkpt lat="52.56402874365449" lon="4.717827290296555">
        <ele>-12.0</ele>
      </trkpt>
      <trkpt lat="52.56404793821275" lon="4.717823434621096">
        <ele>-12.0</ele>
      </trkpt>
      <trkpt lat="52.56406554020941" lon="4.717817483469844">
        <ele>-12.0</ele>
      </trkpt>
      <trkpt lat="52.5640850700438" lon="4.717817399650812">
        <ele>-12.0</ele>
      </trkpt>
      <trkpt lat="52.56410367786884" lon="4.717814465984702">
        <ele>-12.0</ele>
      </trkpt>
      <trkpt lat="52.5641231238842" lon="4.717811951413751">
        <ele>-12.199999809265137</ele>
      </trkpt>
      <trkpt lat="52.56414072588086" lon="4.717806922271848">
        <ele>-12.0</ele>
      </trkpt>
      <trkpt lat="52.56415908224881" lon="4.71780558116734">
        <ele>-12.0</ele>
      </trkpt>
      <trkpt lat="52.56417727097869" lon="4.717800887301564">
        <ele>-12.0</ele>
      </trkpt>
      <trkpt lat="52.564195627346635" lon="4.717797534540296">
        <ele>-11.800000190734863</ele>
      </trkpt>
      <trkpt lat="52.56421431899071" lon="4.717792170122266">
        <ele>-11.600000381469727</ele>
      </trkpt>
      <trkpt lat="52.56423410028219" lon="4.717790996655822">
        <ele>-11.600000381469727</ele>
      </trkpt>
      <trkpt lat="52.56425195373595" lon="4.717785213142633">
        <ele>-11.399999618530273</ele>
      </trkpt>
      <trkpt lat="52.56427064538002" lon="4.717780603095889">
        <ele>-11.399999618530273</ele>
      </trkpt>
      <trkpt lat="52.5642888341099" lon="4.717775322496891">
        <ele>-11.399999618530273</ele>
      </trkpt>
      <trkpt lat="52.56430760957301" lon="4.717770963907242">
        <ele>-11.399999618530273</ele>
      </trkpt>
      <trkpt lat="52.56432621739805" lon="4.717766270041466">
        <ele>-11.399999618530273</ele>
      </trkpt>
      <trkpt lat="52.56434583105147" lon="4.71776258200407">
        <ele>-11.399999618530273</ele>
      </trkpt>
      <trkpt lat="52.564364187419415" lon="4.7177583910524845">
        <ele>-11.399999618530273</ele>
      </trkpt>
      <trkpt lat="52.56438346579671" lon="4.717754451557994">
        <ele>-11.399999618530273</ele>
      </trkpt>
      <trkpt lat="52.564400816336274" lon="4.717747578397393">
        <ele>-11.399999618530273</ele>
      </trkpt>
      <trkpt lat="52.564419927075505" lon="4.717743052169681">
        <ele>-11.399999618530273</ele>
      </trkpt>
      <trkpt lat="52.56444012746215" lon="4.717739950865507">
        <ele>-11.399999618530273</ele>
      </trkpt>
      <trkpt lat="52.5644600763917" lon="4.717737520113587">
        <ele>-11.399999618530273</ele>
      </trkpt>
      <trkpt lat="52.56447960622609" lon="4.717733999714255">
        <ele>-11.399999618530273</ele>
      </trkpt>
      <trkpt lat="52.564499052241445" lon="4.717732071876526">
        <ele>-11.399999618530273</ele>
      </trkpt>
      <trkpt lat="52.564518582075834" lon="4.717729305848479">
        <ele>-11.199999809265137</ele>
      </trkpt>
      <trkpt lat="52.5645377766341" lon="4.717726120725274">
        <ele>-11.199999809265137</ele>
      </trkpt>
      <trkpt lat="52.564558144658804" lon="4.717724192887545">
        <ele>-11.600000381469727</ele>
      </trkpt>
      <trkpt lat="52.56457784213126" lon="4.717721762135625">
        <ele>-11.399999618530273</ele>
      </trkpt>
      <trkpt lat="52.5645980425179" lon="4.71771907992661">
        <ele>-11.399999618530273</ele>
      </trkpt>
      <trkpt lat="52.56461715325713" lon="4.717717571184039">
        <ele>-11.399999618530273</ele>
      </trkpt>
      <trkpt lat="52.56463651545346" lon="4.717713547870517">
        <ele>-11.800000190734863</ele>
      </trkpt>
      <trkpt lat="52.56465679965913" lon="4.7177118714898825">
        <ele>-11.600000381469727</ele>
      </trkpt>
      <trkpt lat="52.56467725150287" lon="4.717710530385375">
        <ele>-11.800000190734863</ele>
      </trkpt>
      <trkpt lat="52.564697451889515" lon="4.717708602547646">
        <ele>-12.0</ele>
      </trkpt>
      <trkpt lat="52.56471790373325" lon="4.717707680538297">
        <ele>-12.0</ele>
      </trkpt>
      <trkpt lat="52.56473793648183" lon="4.717706674709916">
        <ele>-12.0</ele>
      </trkpt>
      <trkpt lat="52.56475830450654" lon="4.717706087976694">
        <ele>-12.199999809265137</ele>
      </trkpt>
      <trkpt lat="52.56477724760771" lon="4.7177033219486475">
        <ele>-12.199999809265137</ele>
      </trkpt>
      <trkpt lat="52.56479728035629" lon="4.717703573405743">
        <ele>-12.199999809265137</ele>
      </trkpt>
      <trkpt lat="52.56481655873358" lon="4.717701645568013">
        <ele>-12.199999809265137</ele>
      </trkpt>
      <trkpt lat="52.564835753291845" lon="4.717699633911252">
        <ele>-12.199999809265137</ele>
      </trkpt>
      <trkpt lat="52.56485469639301" lon="4.717698208987713">
        <ele>-12.199999809265137</ele>
      </trkpt>
      <trkpt lat="52.564874393865466" lon="4.717696700245142">
        <ele>-12.199999809265137</ele>
      </trkpt>
      <trkpt lat="52.56489367224276" lon="4.717695107683539">
        <ele>-12.199999809265137</ele>
      </trkpt>
      <trkpt lat="52.56491303443909" lon="4.717694101855159">
        <ele>-12.199999809265137</ele>
      </trkpt>
      <trkpt lat="52.56493239663541" lon="4.717693347483873">
        <ele>-11.800000190734863</ele>
      </trkpt>
      <trkpt lat="52.56495016627014" lon="4.717691922560334">
        <ele>-11.800000190734863</ele>
      </trkpt>
      <trkpt lat="52.564967181533575" lon="4.717691419646144">
        <ele>-11.800000190734863</ele>
      </trkpt>
      <trkpt lat="52.564985202625394" lon="4.717692090198398">
        <ele>-11.800000190734863</ele>
      </trkpt>
      <trkpt lat="52.56500154733658" lon="4.71769317984581">
        <ele>-11.800000190734863</ele>
      </trkpt>
      <trkpt lat="52.56501730531454" lon="4.717695107683539">
        <ele>-11.800000190734863</ele>
      </trkpt>
      <trkpt lat="52.56503230892122" lon="4.717698125168681">
        <ele>-11.800000190734863</ele>
      </trkpt>
      <trkpt lat="52.56504714488983" lon="4.7177021484822035">
        <ele>-11.800000190734863</ele>
      </trkpt>
      <trkpt lat="52.56506139412522" lon="4.71770441159606">
        <ele>-12.199999809265137</ele>
      </trkpt>
      <trkpt lat="52.56518284790218" lon="4.717777920886874">
        <ele>-12.199999809265137</ele>
      </trkpt>
      <trkpt lat="52.565183099359274" lon="4.717775154858828">
        <ele>-12.199999809265137</ele>
      </trkpt>
      <trkpt lat="52.565183183178306" lon="4.717772724106908">
        <ele>-12.199999809265137</ele>
      </trkpt>
      <trkpt lat="52.565186535939574" lon="4.717773646116257">
        <ele>-12.199999809265137</ele>
      </trkpt>
      <trkpt lat="52.565191900357604" lon="4.7177716344594955">
        <ele>-12.199999809265137</ele>
      </trkpt>
      <trkpt lat="52.565199695527554" lon="4.717769371345639">
        <ele>-12.199999809265137</ele>
      </trkpt>
      <trkpt lat="52.56520975381136" lon="4.717765934765339">
        <ele>-12.199999809265137</ele>
      </trkpt>
      <trkpt lat="52.56522299721837" lon="4.717765264213085">
        <ele>-12.199999809265137</ele>
      </trkpt>
      <trkpt lat="52.56523758172989" lon="4.717762414366007">
        <ele>-12.199999809265137</ele>
      </trkpt>
      <trkpt lat="52.56525325588882" lon="4.717761659994721">
        <ele>-12.399999618530273</ele>
      </trkpt>
      <trkpt lat="52.565269684419036" lon="4.717760067433119">
        <ele>-12.199999809265137</ele>
      </trkpt>
      <trkpt lat="52.56528753787279" lon="4.7177607379853725">
        <ele>-12.199999809265137</ele>
      </trkpt>
      <trkpt lat="52.56530690006912" lon="4.717762330546975">
        <ele>-12.399999618530273</ele>
      </trkpt>
      <trkpt lat="52.565326262265444" lon="4.717762833461165">
        <ele>-12.399999618530273</ele>
      </trkpt>
      <trkpt lat="52.56534621119499" lon="4.717764090746641">
        <ele>-12.600000381469727</ele>
      </trkpt>
      <trkpt lat="52.56536532193422" lon="4.717764342203736">
        <ele>-12.600000381469727</ele>
      </trkpt>
      <trkpt lat="52.565384013578296" lon="4.717764677479863">
        <ele>-12.600000381469727</ele>
      </trkpt>
      <trkpt lat="52.565402537584305" lon="4.717766605317593">
        <ele>-12.399999618530273</ele>
      </trkpt>
      <trkpt lat="52.56542282178998" lon="4.717769706621766">
        <ele>-12.600000381469727</ele>
      </trkpt>
      <trkpt lat="52.56544151343405" lon="4.717772724106908">
        <ele>-12.600000381469727</ele>
      </trkpt>
      <trkpt lat="52.565460624173284" lon="4.717774735763669">
        <ele>-12.600000381469727</ele>
      </trkpt>
      <trkpt lat="52.56547906436026" lon="4.717774735763669">
        <ele>-12.600000381469727</ele>
      </trkpt>
      <trkpt lat="52.565498845651746" lon="4.717777753248811">
        <ele>-12.600000381469727</ele>
      </trkpt>
      <trkpt lat="52.56551946513355" lon="4.717781776562333">
        <ele>-12.600000381469727</ele>
      </trkpt>
      <trkpt lat="52.56553974933922" lon="4.717785716056824">
        <ele>-12.600000381469727</ele>
      </trkpt>
      <trkpt lat="52.56556103937328" lon="4.717791164293885">
        <ele>-12.600000381469727</ele>
      </trkpt>
      <trkpt lat="52.56557973101735" lon="4.717795019969344">
        <ele>-12.600000381469727</ele>
      </trkpt>
      <trkpt lat="52.565598925575614" lon="4.717801222577691">
        <ele>-12.600000381469727</ele>
      </trkpt>
      <trkpt lat="52.565618036314845" lon="4.717804994434118">
        <ele>-12.600000381469727</ele>
      </trkpt>
      <trkpt lat="52.5656374823302" lon="4.717809688299894">
        <ele>-12.600000381469727</ele>
      </trkpt>
      <trkpt lat="52.5656567607075" lon="4.717813208699226">
        <ele>-12.600000381469727</ele>
      </trkpt>
      <trkpt lat="52.56567595526576" lon="4.717818070203066">
        <ele>-12.399999618530273</ele>
      </trkpt>
      <trkpt lat="52.56569548510015" lon="4.717823099344969">
        <ele>-12.399999618530273</ele>
      </trkpt>
      <trkpt lat="52.565714260563254" lon="4.717826871201396">
        <ele>-12.399999618530273</ele>
      </trkpt>
      <trkpt lat="52.56573462858796" lon="4.717835085466504">
        <ele>-12.399999618530273</ele>
      </trkpt>
      <trkpt lat="52.56575256586075" lon="4.717840198427439">
        <ele>-12.399999618530273</ele>
      </trkpt>
      <trkpt lat="52.56577083840966" lon="4.717849586158991">
        <ele>-12.399999618530273</ele>
      </trkpt>
      <trkpt lat="52.5657878536731" lon="4.717855369672179">
        <ele>-12.399999618530273</ele>
      </trkpt>
      <trkpt lat="52.565807132050395" lon="4.717863667756319">
        <ele>-12.399999618530273</ele>
      </trkpt>
      <trkpt lat="52.565826158970594" lon="4.717870792374015">
        <ele>-12.199999809265137</ele>
      </trkpt>
      <trkpt lat="52.56584459915757" lon="4.717876575887203">
        <ele>-12.199999809265137</ele>
      </trkpt>
      <trkpt lat="52.5658639613539" lon="4.717883784323931">
        <ele>-12.199999809265137</ele>
      </trkpt>
      <trkpt lat="52.56588365882635" lon="4.717892836779356">
        <ele>-12.399999618530273</ele>
      </trkpt>
      <trkpt lat="52.565903859212995" lon="4.717902643606067">
        <ele>-12.399999618530273</ele>
      </trkpt>
      <trkpt lat="52.565922886133194" lon="4.717910774052143">
        <ele>-12.399999618530273</ele>
      </trkpt>
      <trkpt lat="52.565943002700806" lon="4.717920161783695">
        <ele>-12.399999618530273</ele>
      </trkpt>
      <trkpt lat="52.565960101783276" lon="4.717925610020757">
        <ele>-12.399999618530273</ele>
      </trkpt>
      <trkpt lat="52.56597837433219" lon="4.717929465696216">
        <ele>-12.199999809265137</ele>
      </trkpt>
      <trkpt lat="52.56599497050047" lon="4.717930471524596">
        <ele>-12.0</ele>
      </trkpt>
      <trkpt lat="52.56601307541132" lon="4.717935333028436">
        <ele>-12.0</ele>
      </trkpt>
      <trkpt lat="52.5660315155983" lon="4.71793994307518">
        <ele>-11.800000190734863</ele>
      </trkpt>
      <trkpt lat="52.566050039604306" lon="4.717944888398051">
        <ele>-11.800000190734863</ele>
      </trkpt>
      <trkpt lat="52.56606915034354" lon="4.7179486602544785">
        <ele>-11.800000190734863</ele>
      </trkpt>
      <trkpt lat="52.56608826108277" lon="4.717953857034445">
        <ele>-11.800000190734863</ele>
      </trkpt>
      <trkpt lat="52.566107371822" lon="4.717958131805062">
        <ele>-12.0</ele>
      </trkpt>
      <trkpt lat="52.56612648256123" lon="4.7179624903947115">
        <ele>-12.199999809265137</ele>
      </trkpt>
      <trkpt lat="52.56614643149078" lon="4.717969363555312">
        <ele>-12.199999809265137</ele>
      </trkpt>
      <trkpt lat="52.56616495549679" lon="4.71797363832593">
        <ele>-12.199999809265137</ele>
      </trkpt>
      <trkpt lat="52.56618406623602" lon="4.717980846762657">
        <ele>-12.199999809265137</ele>
      </trkpt>
      <trkpt lat="52.5662022549659" lon="4.71798637881875">
        <ele>-12.199999809265137</ele>
      </trkpt>
      <trkpt lat="52.56622035987675" lon="4.717992916703224">
        <ele>-12.199999809265137</ele>
      </trkpt>
      <trkpt lat="52.566237123683095" lon="4.717998197302222">
        <ele>-12.199999809265137</ele>
      </trkpt>
      <trkpt lat="52.56625581532717" lon="4.718005238100886">
        <ele>-12.0</ele>
      </trkpt>
      <trkpt lat="52.566274255514145" lon="4.718010434880853">
        <ele>-12.0</ele>
      </trkpt>
      <trkpt lat="52.56629361771047" lon="4.718017391860485">
        <ele>-12.0</ele>
      </trkpt>
      <trkpt lat="52.56631365045905" lon="4.7180243488401175">
        <ele>-12.0</ele>
      </trkpt>
      <trkpt lat="52.56633309647441" lon="4.71803180873394">
        <ele>-12.0</ele>
      </trkpt>
      <trkpt lat="52.566353380680084" lon="4.718041280284524">
        <ele>-12.0</ele>
      </trkpt>
      <trkpt lat="52.566372407600284" lon="4.71804840490222">
        <ele>-12.399999618530273</ele>
      </trkpt>
      <trkpt lat="52.5663922727108" lon="4.718059804290533">
        <ele>-12.399999618530273</ele>
      </trkpt>
      <trkpt lat="52.566411131992936" lon="4.718064833432436">
        <ele>-12.199999809265137</ele>
      </trkpt>
      <trkpt lat="52.566430661827326" lon="4.718069946393371">
        <ele>-12.0</ele>
      </trkpt>
      <trkpt lat="52.56644943729043" lon="4.718075143173337">
        <ele>-12.0</ele>
      </trkpt>
      <trkpt lat="52.566468799486756" lon="4.718082267791033">
        <ele>-11.800000190734863</ele>
      </trkpt>
      <trkpt lat="52.5664874073118" lon="4.718086710199714">
        <ele>-11.800000190734863</ele>
      </trkpt>
      <trkpt lat="52.56650710478425" lon="4.71809190697968">
        <ele>-11.600000381469727</ele>
      </trkpt>
      <trkpt lat="52.56652629934251" lon="4.718095762655139">
        <ele>-11.600000381469727</ele>
      </trkpt>
      <trkpt lat="52.56654465571046" lon="4.718096684664488">
        <ele>-11.399999618530273</ele>
      </trkpt>
      <trkpt lat="52.566563514992595" lon="4.718098528683186">
        <ele>-11.399999618530273</ele>
      </trkpt>
      <trkpt lat="52.56658153608441" lon="4.7180967684835196">
        <ele>-11.399999618530273</ele>
      </trkpt>
      <trkpt lat="52.56660140119493" lon="4.7180994506925344">
        <ele>-11.800000190734863</ele>
      </trkpt>
      <trkpt lat="52.566620092839" lon="4.7180994506925344">
        <ele>-11.600000381469727</ele>
      </trkpt>
      <trkpt lat="52.56663945503533" lon="4.718102468177676">
        <ele>-12.0</ele>
      </trkpt>
      <trkpt lat="52.56665747612715" lon="4.718100791797042">
        <ele>-12.0</ele>
      </trkpt>
      <trkpt lat="52.56667608395219" lon="4.71810070797801">
        <ele>-11.800000190734863</ele>
      </trkpt>
      <trkpt lat="52.566694524139166" lon="4.718099869787693">
        <ele>-11.600000381469727</ele>
      </trkpt>
      <trkpt lat="52.56671480834484" lon="4.7181017976254225">
        <ele>-11.600000381469727</ele>
      </trkpt>
      <trkpt lat="52.56673349998891" lon="4.718100875616074">
        <ele>-11.399999618530273</ele>
      </trkpt>
      <trkpt lat="52.56675085052848" lon="4.718097941949964">
        <ele>-11.399999618530273</ele>
      </trkpt>
      <trkpt lat="52.56677004508674" lon="4.718096600845456">
        <ele>-11.399999618530273</ele>
      </trkpt>
      <trkpt lat="52.566790245473385" lon="4.718096936121583">
        <ele>-11.399999618530273</ele>
      </trkpt>
      <trkpt lat="52.56680910475552" lon="4.71809534355998">
        <ele>-11.600000381469727</ele>
      </trkpt>
      <trkpt lat="52.56682821549475" lon="4.718096517026424">
        <ele>-11.600000381469727</ele>
      </trkpt>
      <trkpt lat="52.56684774532914" lon="4.718097355216742">
        <ele>-11.600000381469727</ele>
      </trkpt>
      <trkpt lat="52.56686668843031" lon="4.718096684664488">
        <ele>-11.600000381469727</ele>
      </trkpt>
      <trkpt lat="52.56688521243632" lon="4.718096349388361">
        <ele>-11.600000381469727</ele>
      </trkpt>
      <trkpt lat="52.56690373644233" lon="4.718094002455473">
        <ele>-11.600000381469727</ele>
      </trkpt>
      <trkpt lat="52.566922679543495" lon="4.718092158436775">
        <ele>-11.800000190734863</ele>
      </trkpt>
      <trkpt lat="52.5669414550066" lon="4.718089895322919">
        <ele>-11.800000190734863</ele>
      </trkpt>
      <trkpt lat="52.56695989519358" lon="4.718084614723921">
        <ele>-11.800000190734863</ele>
      </trkpt>
      <trkpt lat="52.56697967648506" lon="4.718083441257477">
        <ele>-11.800000190734863</ele>
      </trkpt>
      <trkpt lat="52.56700021214783" lon="4.718079334124923">
        <ele>-12.0</ele>
      </trkpt>
      <trkpt lat="52.567020328715444" lon="4.718075226992369">
        <ele>-11.800000190734863</ele>
      </trkpt>
      <trkpt lat="52.567039942368865" lon="4.7180714551359415">
        <ele>-11.800000190734863</ele>
      </trkpt>
      <trkpt lat="52.56705813109875" lon="4.718066761270165">
        <ele>-11.800000190734863</ele>
      </trkpt>
      <trkpt lat="52.567076068371534" lon="4.718063408508897">
        <ele>-11.600000381469727</ele>
      </trkpt>
      <trkpt lat="52.56709400564432" lon="4.718059049919248">
        <ele>-11.399999618530273</ele>
      </trkpt>
      <trkpt lat="52.56711202673614" lon="4.718054691329598">
        <ele>-11.600000381469727</ele>
      </trkpt>
      <trkpt lat="52.56713205948472" lon="4.718050165101886">
        <ele>-11.800000190734863</ele>
      </trkpt>
      <trkpt lat="52.567150918766856" lon="4.718045638874173">
        <ele>-11.600000381469727</ele>
      </trkpt>
      <trkpt lat="52.5671711191535" lon="4.718039184808731">
        <ele>-11.600000381469727</ele>
      </trkpt>
      <trkpt lat="52.56718964315951" lon="4.718033652752638">
        <ele>-11.600000381469727</ele>
      </trkpt>
      <trkpt lat="52.56720791570842" lon="4.718028707429767">
        <ele>-11.600000381469727</ele>
      </trkpt>
      <trkpt lat="52.5672247633338" lon="4.718021247535944">
        <ele>-11.600000381469727</ele>
      </trkpt>
      <trkpt lat="52.567242784425616" lon="4.718016218394041">
        <ele>-11.600000381469727</ele>
      </trkpt>
      <trkpt lat="52.56726063787937" lon="4.7180101834237576">
        <ele>-11.399999618530273</ele>
      </trkpt>
      <trkpt lat="52.567279413342476" lon="4.718005741015077">
        <ele>-11.399999618530273</ele>
      </trkpt>
      <trkpt lat="52.56729735061526" lon="4.717999035492539">
        <ele>-11.399999618530273</ele>
      </trkpt>
      <trkpt lat="52.56731537170708" lon="4.7179934196174145">
        <ele>-11.600000381469727</ele>
      </trkpt>
      <trkpt lat="52.567334566265345" lon="4.717991072684526">
        <ele>-11.399999618530273</ele>
      </trkpt>
      <trkpt lat="52.56735275499523" lon="4.71798587590456">
        <ele>-11.600000381469727</ele>
      </trkpt>
      <trkpt lat="52.56737111136317" lon="4.717979757115245">
        <ele>-11.399999618530273</ele>
      </trkpt>
      <trkpt lat="52.56738988682628" lon="4.717975398525596">
        <ele>-11.600000381469727</ele>
      </trkpt>
      <trkpt lat="52.56740698590875" lon="4.717968525364995">
        <ele>-11.600000381469727</ele>
      </trkpt>
      <trkpt lat="52.567425509914756" lon="4.717962993308902">
        <ele>-11.800000190734863</ele>
      </trkpt>
      <trkpt lat="52.56744336336851" lon="4.717957461252809">
        <ele>-11.600000381469727</ele>
      </trkpt>
      <trkpt lat="52.56746222265065" lon="4.717953102663159">
        <ele>-11.600000381469727</ele>
      </trkpt>
      <trkpt lat="52.567479657009244" lon="4.717947486788034">
        <ele>-11.600000381469727</ele>
      </trkpt>
      <trkpt lat="52.567497342824936" lon="4.717941116541624">
        <ele>-11.600000381469727</ele>
      </trkpt>
      <trkpt lat="52.56751595064998" lon="4.717936338856816">
        <ele>-11.600000381469727</ele>
      </trkpt>
      <trkpt lat="52.56753455847502" lon="4.717930890619755">
        <ele>-11.399999618530273</ele>
      </trkpt>
      <trkpt lat="52.567552495747805" lon="4.717925945296884">
        <ele>-11.399999618530273</ele>
      </trkpt>
      <trkpt lat="52.56757169030607" lon="4.71792284399271">
        <ele>-11.399999618530273</ele>
      </trkpt>
      <trkpt lat="52.56759021431208" lon="4.7179183177649975">
        <ele>-11.399999618530273</ele>
      </trkpt>
      <trkpt lat="52.567609157413244" lon="4.717912618070841">
        <ele>-11.399999618530273</ele>
      </trkpt>
      <trkpt lat="52.567628687247634" lon="4.717908930033445">
        <ele>-11.399999618530273</ele>
      </trkpt>
      <trkpt lat="52.5676478818059" lon="4.717905409634113">
        <ele>-11.399999618530273</ele>
      </trkpt>
      <trkpt lat="52.56766615435481" lon="4.717901051044464">
        <ele>-11.600000381469727</ele>
      </trkpt>
      <trkpt lat="52.56768467836082" lon="4.717897363007069">
        <ele>-11.800000190734863</ele>
      </trkpt>
      <trkpt lat="52.56770320236683" lon="4.717894261702895">
        <ele>-12.0</ele>
      </trkpt>
      <trkpt lat="52.567721139639616" lon="4.717891160398722">
        <ele>-12.0</ele>
      </trkpt>
      <trkpt lat="52.56773999892175" lon="4.717886969447136">
        <ele>-12.199999809265137</ele>
      </trkpt>
      <trkpt lat="52.56775843910873" lon="4.71788227558136">
        <ele>-12.199999809265137</ele>
      </trkpt>
      <trkpt lat="52.567777717486024" lon="4.717878587543964">
        <ele>-12.199999809265137</ele>
      </trkpt>
      <trkpt lat="52.56779666058719" lon="4.71787397749722">
        <ele>-12.199999809265137</ele>
      </trkpt>
      <trkpt lat="52.56781652569771" lon="4.717871630564332">
        <ele>-12.199999809265137</ele>
      </trkpt>
      <trkpt lat="52.56783479824662" lon="4.717867858707905">
        <ele>-12.0</ele>
      </trkpt>
      <trkpt lat="52.56785407662392" lon="4.717866098508239">
        <ele>-12.0</ele>
      </trkpt>
      <trkpt lat="52.56787243299186" lon="4.7178638353943825">
        <ele>-12.0</ele>
      </trkpt>
      <trkpt lat="52.56789053790271" lon="4.717861572280526">
        <ele>-12.0</ele>
      </trkpt>
      <trkpt lat="52.56790897808969" lon="4.717860650271177">
        <ele>-12.0</ele>
      </trkpt>
      <trkpt lat="52.56792792119086" lon="4.717857968062162">
        <ele>-12.0</ele>
      </trkpt>
      <trkpt lat="52.56794753484428" lon="4.717856710776687">
        <ele>-12.0</ele>
      </trkpt>
      <trkpt lat="52.56796622648835" lon="4.717855118215084">
        <ele>-12.0</ele>
      </trkpt>
      <trkpt lat="52.567984918132424" lon="4.717853274196386">
        <ele>-11.800000190734863</ele>
      </trkpt>
      <trkpt lat="52.56800377741456" lon="4.717852519825101">
        <ele>-11.399999618530273</ele>
      </trkpt>
      <trkpt lat="52.56802288815379" lon="4.71785050816834">
        <ele>-11.399999618530273</ele>
      </trkpt>
      <trkpt lat="52.56804225035012" lon="4.717849753797054">
        <ele>-11.399999618530273</ele>
      </trkpt>
      <trkpt lat="52.56806152872741" lon="4.717848831787705">
        <ele>-11.399999618530273</ele>
      </trkpt>
      <trkpt lat="52.568080220371485" lon="4.717849083244801">
        <ele>-11.399999618530273</ele>
      </trkpt>
      <trkpt lat="52.568098744377494" lon="4.717850424349308">
        <ele>-11.399999618530273</ele>
      </trkpt>
      <trkpt lat="52.56811676546931" lon="4.717852016910911">
        <ele>-11.399999618530273</ele>
      </trkpt>
      <trkpt lat="52.56813478656113" lon="4.71785344183445">
        <ele>-11.399999618530273</ele>
      </trkpt>
      <trkpt lat="52.56815314292908" lon="4.717854531481862">
        <ele>-11.399999618530273</ele>
      </trkpt>
      <trkpt lat="52.56817183457315" lon="4.7178570460528135">
        <ele>-11.399999618530273</ele>
      </trkpt>
      <trkpt lat="52.56819052621722" lon="4.717856124043465">
        <ele>-11.399999618530273</ele>
      </trkpt>
      <trkpt lat="52.56820938549936" lon="4.71786031499505">
        <ele>-11.600000381469727</ele>
      </trkpt>
      <trkpt lat="52.56822841241956" lon="4.717861656099558">
        <ele>-11.600000381469727</ele>
      </trkpt>
      <trkpt lat="52.568248277530074" lon="4.717865427955985">
        <ele>-11.600000381469727</ele>
      </trkpt>
      <trkpt lat="52.56826822645962" lon="4.717867439612746">
        <ele>-11.600000381469727</ele>
      </trkpt>
      <trkpt lat="52.56828716956079" lon="4.717871379107237">
        <ele>-11.800000190734863</ele>
      </trkpt>
      <trkpt lat="52.56830485537648" lon="4.717872217297554">
        <ele>-11.800000190734863</ele>
      </trkpt>
      <trkpt lat="52.56832296028733" lon="4.717875067144632">
        <ele>-12.0</ele>
      </trkpt>
      <trkpt lat="52.5683403108269" lon="4.717874815687537">
        <ele>-12.0</ele>
      </trkpt>
      <trkpt lat="52.568358248099685" lon="4.717876659706235">
        <ele>-12.0</ele>
      </trkpt>
      <trkpt lat="52.56837744265795" lon="4.717880850657821">
        <ele>-12.0</ele>
      </trkpt>
      <trkpt lat="52.56839630194008" lon="4.717886382713914">
        <ele>-12.0</ele>
      </trkpt>
      <trkpt lat="52.56841465830803" lon="4.71789107657969">
        <ele>-12.0</ele>
      </trkpt>
      <trkpt lat="52.56843326613307" lon="4.71789644099772">
        <ele>-12.0</ele>
      </trkpt>
      <trkpt lat="52.56845036521554" lon="4.717898955568671">
        <ele>-11.800000190734863</ele>
      </trkpt>
      <trkpt lat="52.56846754811704" lon="4.717901386320591">
        <ele>-11.800000190734863</ele>
      </trkpt>
      <trkpt lat="52.56848607212305" lon="4.717906080186367">
        <ele>-11.600000381469727</ele>
      </trkpt>
      <trkpt lat="52.56850551813841" lon="4.717912785708904">
        <ele>-11.600000381469727</ele>
      </trkpt>
      <trkpt lat="52.56852379068732" lon="4.7179165575653315">
        <ele>-11.600000381469727</ele>
      </trkpt>
      <trkpt lat="52.56854315288365" lon="4.717920916154981">
        <ele>-11.600000381469727</ele>
      </trkpt>
      <trkpt lat="52.56856209598482" lon="4.717925107106566">
        <ele>-11.600000381469727</ele>
      </trkpt>
      <trkpt lat="52.56858120672405" lon="4.7179292142391205">
        <ele>-11.399999618530273</ele>
      </trkpt>
      <trkpt lat="52.56859897635877" lon="4.717930052429438">
        <ele>-11.399999618530273</ele>
      </trkpt>
      <trkpt lat="52.56861682981253" lon="4.717930555343628">
        <ele>-11.399999618530273</ele>
      </trkpt>
      <trkpt lat="52.56863459944725" lon="4.717931393533945">
        <ele>-11.199999809265137</ele>
      </trkpt>
      <trkpt lat="52.56865312345326" lon="4.717934411019087">
        <ele>-11.199999809265137</ele>
      </trkpt>
      <trkpt lat="52.56867122836411" lon="4.71793457865715">
        <ele>-11.199999809265137</ele>
      </trkpt>
      <trkpt lat="52.56869033910334" lon="4.717936925590038">
        <ele>-11.199999809265137</ele>
      </trkpt>
      <trkpt lat="52.56870894692838" lon="4.717936087399721">
        <ele>-11.199999809265137</ele>
      </trkpt>
      <trkpt lat="52.568727638572454" lon="4.717936674132943">
        <ele>-11.199999809265137</ele>
      </trkpt>
      <trkpt lat="52.56874691694975" lon="4.717938182875514">
        <ele>-11.199999809265137</ele>
      </trkpt>
      <trkpt lat="52.568767201155424" lon="4.7179406974464655">
        <ele>-11.199999809265137</ele>
      </trkpt>
      <trkpt lat="52.56878614425659" lon="4.717940781265497">
        <ele>-11.399999618530273</ele>
      </trkpt>
      <trkpt lat="52.56880458444357" lon="4.717941116541624">
        <ele>-11.399999618530273</ele>
      </trkpt>
      <trkpt lat="52.56882327608764" lon="4.717941451817751">
        <ele>-11.600000381469727</ele>
      </trkpt>
      <trkpt lat="52.568842051550746" lon="4.717942625284195">
        <ele>-11.600000381469727</ele>
      </trkpt>
      <trkpt lat="52.56886024028063" lon="4.717943128198385">
        <ele>-11.600000381469727</ele>
      </trkpt>
      <trkpt lat="52.568879602476954" lon="4.717943714931607">
        <ele>-11.600000381469727</ele>
      </trkpt>
      <trkpt lat="52.56889829412103" lon="4.717944553121924">
        <ele>-11.600000381469727</ele>
      </trkpt>
      <trkpt lat="52.56891765631735" lon="4.717946397140622">
        <ele>-11.600000381469727</ele>
      </trkpt>
      <trkpt lat="52.568935761228204" lon="4.717944972217083">
        <ele>-11.600000381469727</ele>
      </trkpt>
      <trkpt lat="52.5689550396055" lon="4.7179458104074">
        <ele>-11.800000190734863</ele>
      </trkpt>
      <trkpt lat="52.56897314451635" lon="4.7179412841796875">
        <ele>-12.0</ele>
      </trkpt>
      <trkpt lat="52.568990495055914" lon="4.717936087399721">
        <ele>-12.199999809265137</ele>
      </trkpt>
      <trkpt lat="52.569008683785796" lon="4.717933237552643">
        <ele>-12.199999809265137</ele>
      </trkpt>
      <trkpt lat="52.569026704877615" lon="4.7179309744387865">
        <ele>-12.199999809265137</ele>
      </trkpt>
      <trkpt lat="52.56904539652169" lon="4.717932315543294">
        <ele>-12.199999809265137</ele>
      </trkpt>
      <trkpt lat="52.569064842537045" lon="4.717935668304563">
        <ele>-12.199999809265137</ele>
      </trkpt>
      <trkpt lat="52.56908378563821" lon="4.717935584485531">
        <ele>-12.199999809265137</ele>
      </trkpt>
      <trkpt lat="52.56910163909197" lon="4.717935668304563">
        <ele>-12.199999809265137</ele>
      </trkpt>
      <trkpt lat="52.56912091746926" lon="4.717938099056482">
        <ele>-12.199999809265137</ele>
      </trkpt>
      <trkpt lat="52.56913851946592" lon="4.717937931418419">
        <ele>-12.0</ele>
      </trkpt>
      <trkpt lat="52.56915788166225" lon="4.717939607799053">
        <ele>-12.199999809265137</ele>
      </trkpt>
      <trkpt lat="52.56917690858245" lon="4.717939188703895">
        <ele>-12.0</ele>
      </trkpt>
      <trkpt lat="52.569195767864585" lon="4.717938853427768">
        <ele>-12.0</ele>
      </trkpt>
      <trkpt lat="52.56921420805156" lon="4.717939607799053">
        <ele>-12.0</ele>
      </trkpt>
      <trkpt lat="52.569231893867254" lon="4.717940362170339">
        <ele>-12.0</ele>
      </trkpt>
      <trkpt lat="52.569249579682946" lon="4.717941619455814">
        <ele>-12.0</ele>
      </trkpt>
      <trkpt lat="52.56926843896508" lon="4.717945139855146">
        <ele>-12.0</ele>
      </trkpt>
      <trkpt lat="52.569286124780774" lon="4.71794874407351">
        <ele>-11.800000190734863</ele>
      </trkpt>
      <trkpt lat="52.56930439732969" lon="4.717953521758318">
        <ele>-11.800000190734863</ele>
      </trkpt>
      <trkpt lat="52.56932191550732" lon="4.717957125976682">
        <ele>-12.0</ele>
      </trkpt>
      <trkpt lat="52.56934111006558" lon="4.71796290948987">
        <ele>-12.0</ele>
      </trkpt>
      <trkpt lat="52.569358963519335" lon="4.717967519536614">
        <ele>-12.0</ele>
      </trkpt>
      <trkpt lat="52.5693779066205" lon="4.717972381040454">
        <ele>-12.0</ele>
      </trkpt>
      <trkpt lat="52.56939542479813" lon="4.717975817620754">
        <ele>-12.0</ele>
      </trkpt>
      <trkpt lat="52.56941394880414" lon="4.7179831098765135">
        <ele>-12.0</ele>
      </trkpt>
      <trkpt lat="52.5694333948195" lon="4.717993251979351">
        <ele>-12.0</ele>
      </trkpt>
      <trkpt lat="52.56945158354938" lon="4.717999203130603">
        <ele>-11.800000190734863</ele>
      </trkpt>
      <trkpt lat="52.56947002373636" lon="4.718008171766996">
        <ele>-11.600000381469727</ele>
      </trkpt>
      <trkpt lat="52.56948779337108" lon="4.718016721308231">
        <ele>-11.600000381469727</ele>
      </trkpt>
      <trkpt lat="52.56950547918677" lon="4.71802543848753">
        <ele>-11.600000381469727</ele>
      </trkpt>
      <trkpt lat="52.569523165002465" lon="4.718033233657479">
        <ele>-11.600000381469727</ele>
      </trkpt>
      <trkpt lat="52.569540431723" lon="4.718043375760317">
        <ele>-11.600000381469727</ele>
      </trkpt>
      <trkpt lat="52.56955803371966" lon="4.718051757663488">
        <ele>-11.600000381469727</ele>
      </trkpt>
      <trkpt lat="52.56957563571632" lon="4.718060474842787">
        <ele>-11.600000381469727</ele>
      </trkpt>
      <trkpt lat="52.56959340535104" lon="4.7180679347366095">
        <ele>-11.600000381469727</ele>
      </trkpt>
      <trkpt lat="52.569612013176084" lon="4.718077071011066">
        <ele>-11.600000381469727</ele>
      </trkpt>
      <trkpt lat="52.56963104009628" lon="4.71808553673327">
        <ele>-11.600000381469727</ele>
      </trkpt>
      <trkpt lat="52.56964847445488" lon="4.7180955950170755">
        <ele>-11.399999618530273</ele>
      </trkpt>
      <trkpt lat="52.56966599263251" lon="4.718103306367993">
        <ele>-11.600000381469727</ele>
      </trkpt>
      <trkpt lat="52.56968325935304" lon="4.7181115206331015">
        <ele>-11.600000381469727</ele>
      </trkpt>
      <trkpt lat="52.569701531901956" lon="4.718120153993368">
        <ele>-11.600000381469727</ele>
      </trkpt>
      <trkpt lat="52.56971879862249" lon="4.718129457905889">
        <ele>-11.600000381469727</ele>
      </trkpt>
      <trkpt lat="52.56973631680012" lon="4.718137588351965">
        <ele>-11.800000190734863</ele>
      </trkpt>
      <trkpt lat="52.569753834977746" lon="4.7181477304548025">
        <ele>-11.800000190734863</ele>
      </trkpt>
      <trkpt lat="52.56977210752666" lon="4.718157956376672">
        <ele>-11.800000190734863</ele>
      </trkpt>
      <trkpt lat="52.569789877161384" lon="4.7181686013937">
        <ele>-11.800000190734863</ele>
      </trkpt>
      <trkpt lat="52.5698081497103" lon="4.718178240582347">
        <ele>-12.0</ele>
      </trkpt>
      <trkpt lat="52.56982474587858" lon="4.718188885599375">
        <ele>-12.0</ele>
      </trkpt>
      <trkpt lat="52.56984285078943" lon="4.718198776245117">
        <ele>-12.0</ele>
      </trkpt>
      <trkpt lat="52.56985953077674" lon="4.71820967271924">
        <ele>-12.0</ele>
      </trkpt>
      <trkpt lat="52.56987621076405" lon="4.7182198986411095">
        <ele>-11.800000190734863</ele>
      </trkpt>
      <trkpt lat="52.56989263929427" lon="4.718231046572328">
        <ele>-11.800000190734863</ele>
      </trkpt>
      <trkpt lat="52.569909654557705" lon="4.7182399313896894">
        <ele>-11.800000190734863</ele>
      </trkpt>
      <trkpt lat="52.569926334545016" lon="4.718250995501876">
        <ele>-11.800000190734863</ele>
      </trkpt>
      <trkpt lat="52.569942930713296" lon="4.718261389061809">
        <ele>-11.800000190734863</ele>
      </trkpt>
      <trkpt lat="52.56995919160545" lon="4.718273542821407">
        <ele>-11.800000190734863</ele>
      </trkpt>
      <trkpt lat="52.56997587159276" lon="4.71828343346715">
        <ele>-11.800000190734863</ele>
      </trkpt>
      <trkpt lat="52.56999297067523" lon="4.718295754864812">
        <ele>-11.800000190734863</ele>
      </trkpt>
      <trkpt lat="52.57001115940511" lon="4.7183076571673155">
        <ele>-11.800000190734863</ele>
      </trkpt>
      <trkpt lat="52.570028342306614" lon="4.718319308012724">
        <ele>-11.800000190734863</ele>
      </trkpt>
      <trkpt lat="52.57004661485553" lon="4.718331461772323">
        <ele>-11.800000190734863</ele>
      </trkpt>
      <trkpt lat="52.570064049214125" lon="4.718343699350953">
        <ele>-11.800000190734863</ele>
      </trkpt>
      <trkpt lat="52.57008139975369" lon="4.718354092910886">
        <ele>-12.0</ele>
      </trkpt>
      <trkpt lat="52.57009816356003" lon="4.718364737927914">
        <ele>-12.0</ele>
      </trkpt>
      <trkpt lat="52.57011450827122" lon="4.718374712392688">
        <ele>-12.0</ele>
      </trkpt>
      <trkpt lat="52.570131020620465" lon="4.718384938314557">
        <ele>-12.199999809265137</ele>
      </trkpt>
      <trkpt lat="52.57014744915068" lon="4.718396170064807">
        <ele>-12.199999809265137</ele>
      </trkpt>
      <trkpt lat="52.57016454823315" lon="4.7184057254344225">
        <ele>-12.199999809265137</ele>
      </trkpt>
      <trkpt lat="52.570180306211114" lon="4.718413772061467">
        <ele>-12.199999809265137</ele>
      </trkpt>
      <trkpt lat="52.57019774056971" lon="4.7184251714497805">
        <ele>-11.800000190734863</ele>
      </trkpt>
      <trkpt lat="52.57021391764283" lon="4.71843246370554">
        <ele>-11.600000381469727</ele>
      </trkpt>
      <trkpt lat="52.570231687277555" lon="4.718442773446441">
        <ele>-11.600000381469727</ele>
      </trkpt>
      <trkpt lat="52.57024794816971" lon="4.71845056861639">
        <ele>-11.600000381469727</ele>
      </trkpt>
      <trkpt lat="52.57026613689959" lon="4.718462806195021">
        <ele>-11.600000381469727</ele>
      </trkpt>
      <trkpt lat="52.570283068344" lon="4.718472361564636">
        <ele>-11.600000381469727</ele>
      </trkpt>
      <trkpt lat="52.57030142471194" lon="4.718483593314886">
        <ele>-11.600000381469727</ele>
      </trkpt>
      <trkpt lat="52.57031835615635" lon="4.718492394313216">
        <ele>-11.600000381469727</ele>
      </trkpt>
      <trkpt lat="52.5703348685056" lon="4.718500608578324">
        <ele>-11.600000381469727</ele>
      </trkpt>
      <trkpt lat="52.57035146467388" lon="4.718509577214718">
        <ele>-11.600000381469727</ele>
      </trkpt>
      <trkpt lat="52.57036814466119" lon="4.718519216403365">
        <ele>-11.600000381469727</ele>
      </trkpt>
      <trkpt lat="52.57038398645818" lon="4.718528436496854">
        <ele>-11.600000381469727</ele>
      </trkpt>
      <trkpt lat="52.57040150463581" lon="4.718539668247104">
        <ele>-11.399999618530273</ele>
      </trkpt>
      <trkpt lat="52.570418268442154" lon="4.718549810349941">
        <ele>-11.399999618530273</ele>
      </trkpt>
      <trkpt lat="52.57043528370559" lon="4.718559281900525">
        <ele>-11.600000381469727</ele>
      </trkpt>
      <trkpt lat="52.57045238278806" lon="4.718570010736585">
        <ele>-11.600000381469727</ele>
      </trkpt>
      <trkpt lat="52.57046906277537" lon="4.718577805906534">
        <ele>-11.600000381469727</ele>
      </trkpt>
      <trkpt lat="52.57048565894365" lon="4.718586187809706">
        <ele>-11.600000381469727</ele>
      </trkpt>
      <trkpt lat="52.57050225511193" lon="4.718595324084163">
        <ele>-11.800000190734863</ele>
      </trkpt>
      <trkpt lat="52.57051784545183" lon="4.718605130910873">
        <ele>-11.800000190734863</ele>
      </trkpt>
      <trkpt lat="52.57053402252495" lon="4.718614183366299">
        <ele>-11.800000190734863</ele>
      </trkpt>
      <trkpt lat="52.57054952904582" lon="4.718622900545597">
        <ele>-11.800000190734863</ele>
      </trkpt>
      <trkpt lat="52.570564867928624" lon="4.718634216114879">
        <ele>-11.800000190734863</ele>
      </trkpt>
      <trkpt lat="52.57057928480208" lon="4.71864259801805">
        <ele>-11.800000190734863</ele>
      </trkpt>
      <trkpt lat="52.57059403695166" lon="4.718652656301856">
        <ele>-11.600000381469727</ele>
      </trkpt>
      <trkpt lat="52.57060870528221" lon="4.718661373481154">
        <ele>-11.600000381469727</ele>
      </trkpt>
      <trkpt lat="52.57062328979373" lon="4.718671599403024">
        <ele>-11.600000381469727</ele>
      </trkpt>
      <trkpt lat="52.5706385448575" lon="4.718680903315544">
        <ele>-11.600000381469727</ele>
      </trkpt>
      <trkpt lat="52.57065363228321" lon="4.71869146451354">
        <ele>-11.600000381469727</ele>
      </trkpt>
      <trkpt lat="52.570669054985046" lon="4.718701019883156">
        <ele>-11.600000381469727</ele>
      </trkpt>
      <trkpt lat="52.57068405859172" lon="4.718711664900184">
        <ele>-11.800000190734863</ele>
      </trkpt>
      <trkpt lat="52.57069939747453" lon="4.718721974641085">
        <ele>-11.800000190734863</ele>
      </trkpt>
      <trkpt lat="52.57071456871927" lon="4.71873396076262">
        <ele>-11.800000190734863</ele>
      </trkpt>
      <trkpt lat="52.570730494335294" lon="4.718744773417711">
        <ele>-11.800000190734863</ele>
      </trkpt>
      <trkpt lat="52.570745162665844" lon="4.718757262453437">
        <ele>-11.800000190734863</ele>
      </trkpt>
      <trkpt lat="52.5707611721009" lon="4.71876916475594">
        <ele>-11.800000190734863</ele>
      </trkpt>
      <trkpt lat="52.570775086060166" lon="4.718783833086491">
        <ele>-11.800000190734863</ele>
      </trkpt>
      <trkpt lat="52.57079042494297" lon="4.718797076493502">
        <ele>-11.800000190734863</ele>
      </trkpt>
      <trkpt lat="52.57080459035933" lon="4.718812583014369">
        <ele>-11.800000190734863</ele>
      </trkpt>
      <trkpt lat="52.57081976160407" lon="4.718824485316873">
        <ele>-11.600000381469727</ele>
      </trkpt>
      <trkpt lat="52.57083426229656" lon="4.718840746209025">
        <ele>-11.600000381469727</ele>
      </trkpt>
      <trkpt lat="52.57085002027452" lon="4.718854576349258">
        <ele>-11.600000381469727</ele>
      </trkpt>
      <trkpt lat="52.5708650238812" lon="4.7188689932227135">
        <ele>-11.600000381469727</ele>
      </trkpt>
      <trkpt lat="52.57088120095432" lon="4.718881566077471">
        <ele>-11.600000381469727</ele>
      </trkpt>
      <trkpt lat="52.57089737802744" lon="4.718895396217704">
        <ele>-11.600000381469727</ele>
      </trkpt>
      <trkpt lat="52.57091305218637" lon="4.718908974900842">
        <ele>-11.600000381469727</ele>
      </trkpt>
      <trkpt lat="52.570928977802396" lon="4.718920793384314">
        <ele>-11.600000381469727</ele>
      </trkpt>
      <trkpt lat="52.57094515487552" lon="4.718932779505849">
        <ele>-11.600000381469727</ele>
      </trkpt>
      <trkpt lat="52.57096191868186" lon="4.718944765627384">
        <ele>-11.600000381469727</ele>
      </trkpt>
      <trkpt lat="52.57097817957401" lon="4.718956584110856">
        <ele>-11.800000190734863</ele>
      </trkpt>
      <trkpt lat="52.570994859561324" lon="4.718967983499169">
        <ele>-11.800000190734863</ele>
      </trkpt>
      <trkpt lat="52.57101078517735" lon="4.718980472534895">
        <ele>-11.800000190734863</ele>
      </trkpt>
      <trkpt lat="52.57102754898369" lon="4.718993799760938">
        <ele>-11.800000190734863</ele>
      </trkpt>
      <trkpt lat="52.571043223142624" lon="4.719006288796663">
        <ele>-11.800000190734863</ele>
      </trkpt>
      <trkpt lat="52.57105998694897" lon="4.719020873308182">
        <ele>-11.800000190734863</ele>
      </trkpt>
      <trkpt lat="52.57107582874596" lon="4.719033781439066">
        <ele>-11.800000190734863</ele>
      </trkpt>
      <trkpt lat="52.57109200581908" lon="4.719046773388982">
        <ele>-12.0</ele>
      </trkpt>
      <trkpt lat="52.57110784761608" lon="4.719059346243739">
        <ele>-12.0</ele>
      </trkpt>
      <trkpt lat="52.5711240246892" lon="4.7190725058317184">
        <ele>-12.0</ele>
      </trkpt>
      <trkpt lat="52.571139363572" lon="4.719085581600666">
        <ele>-12.0</ele>
      </trkpt>
      <trkpt lat="52.5711549539119" lon="4.719099747017026">
        <ele>-12.199999809265137</ele>
      </trkpt>
      <trkpt lat="52.57117012515664" lon="4.719115002080798">
        <ele>-12.0</ele>
      </trkpt>
      <trkpt lat="52.5711861345917" lon="4.719130005687475">
        <ele>-12.0</ele>
      </trkpt>
      <trkpt lat="52.5712014734745" lon="4.71914442256093">
        <ele>-11.800000190734863</ele>
      </trkpt>
      <trkpt lat="52.57121681235731" lon="4.7191590908914804">
        <ele>-11.800000190734863</ele>
      </trkpt>
      <trkpt lat="52.57123223505914" lon="4.719173423945904">
        <ele>-11.800000190734863</ele>
      </trkpt>
      <trkpt lat="52.57124774158001" lon="4.71919035539031">
        <ele>-11.600000381469727</ele>
      </trkpt>
      <trkpt lat="52.5712619908154" lon="4.719203598797321">
        <ele>-11.600000381469727</ele>
      </trkpt>
      <trkpt lat="52.57127724587917" lon="4.719218099489808">
        <ele>-11.600000381469727</ele>
      </trkpt>
      <trkpt lat="52.57129216566682" lon="4.7192320972681046">
        <ele>-11.600000381469727</ele>
      </trkpt>
      <trkpt lat="52.571307672187686" lon="4.71924751996994">
        <ele>-11.600000381469727</ele>
      </trkpt>
      <trkpt lat="52.5713225081563" lon="4.719261601567268">
        <ele>-11.800000190734863</ele>
      </trkpt>
      <trkpt lat="52.571337930858135" lon="4.719277359545231">
        <ele>-11.800000190734863</ele>
      </trkpt>
      <trkpt lat="52.57135318592191" lon="4.7192916087806225">
        <ele>-11.800000190734863</ele>
      </trkpt>
      <trkpt lat="52.57136835716665" lon="4.719307534396648">
        <ele>-11.800000190734863</ele>
      </trkpt>
      <trkpt lat="52.57138327695429" lon="4.719322454184294">
        <ele>-11.800000190734863</ele>
      </trkpt>
      <trkpt lat="52.57139878347516" lon="4.719337290152907">
        <ele>-12.0</ele>
      </trkpt>
      <trkpt lat="52.571413116529584" lon="4.719352209940553">
        <ele>-11.800000190734863</ele>
      </trkpt>
      <trkpt lat="52.57142845541239" lon="4.71936821937561">
        <ele>-11.800000190734863</ele>
      </trkpt>
      <trkpt lat="52.57144320756197" lon="4.719383390620351">
        <ele>-11.800000190734863</ele>
      </trkpt>
      <trkpt lat="52.57145846262574" lon="4.719399148598313">
        <ele>-11.600000381469727</ele>
      </trkpt>
      <trkpt lat="52.57147346623242" lon="4.7194138169288635">
        <ele>-11.600000381469727</ele>
      </trkpt>
      <trkpt lat="52.571488386020064" lon="4.719428485259414">
        <ele>-11.600000381469727</ele>
      </trkpt>
      <trkpt lat="52.57150271907449" lon="4.719442566856742">
        <ele>-11.399999618530273</ele>
      </trkpt>
      <trkpt lat="52.57151797413826" lon="4.719456983730197">
        <ele>-11.399999618530273</ele>
      </trkpt>
      <trkpt lat="52.571532893925905" lon="4.719470730051398">
        <ele>-11.399999618530273</ele>
      </trkpt>
      <trkpt lat="52.571548065170646" lon="4.719484392553568">
        <ele>-11.399999618530273</ele>
      </trkpt>
      <trkpt lat="52.57156290113926" lon="4.7194974683225155">
        <ele>-11.399999618530273</ele>
      </trkpt>
      <trkpt lat="52.57157857529819" lon="4.71951087936759">
        <ele>-11.0</ele>
      </trkpt>
      <trkpt lat="52.5715936627239" lon="4.719524374231696">
        <ele>-11.199999809265137</ele>
      </trkpt>
      <trkpt lat="52.57160950452089" lon="4.719538204371929">
        <ele>-11.0</ele>
      </trkpt>
      <trkpt lat="52.57162450812757" lon="4.719551280140877">
        <ele>-11.199999809265137</ele>
      </trkpt>
      <trkpt lat="52.571639847010374" lon="4.71956511028111">
        <ele>-11.199999809265137</ele>
      </trkpt>
      <trkpt lat="52.57165485061705" lon="4.719578437507153">
        <ele>-11.199999809265137</ele>
      </trkpt>
      <trkpt lat="52.57167044095695" lon="4.719592770561576">
        <ele>-11.0</ele>
      </trkpt>
      <trkpt lat="52.57168519310653" lon="4.71960567869246">
        <ele>-11.199999809265137</ele>
      </trkpt>
      <trkpt lat="52.57170011289418" lon="4.719621269032359">
        <ele>-11.0</ele>
      </trkpt>
      <trkpt lat="52.571715619415045" lon="4.7196356020867825">
        <ele>-11.199999809265137</ele>
      </trkpt>
      <trkpt lat="52.57173062302172" lon="4.71965161152184">
        <ele>-11.199999809265137</ele>
      </trkpt>
      <trkpt lat="52.57174579426646" lon="4.719664938747883">
        <ele>-11.0</ele>
      </trkpt>
      <trkpt lat="52.57176146842539" lon="4.7196791879832745">
        <ele>-11.199999809265137</ele>
      </trkpt>
      <trkpt lat="52.571775801479816" lon="4.719693437218666">
        <ele>-11.199999809265137</ele>
      </trkpt>
      <trkpt lat="52.571789883077145" lon="4.719709195196629">
        <ele>-11.0</ele>
      </trkpt>
      <trkpt lat="52.571804048493505" lon="4.71972344443202">
        <ele>-11.199999809265137</ele>
      </trkpt>
      <trkpt lat="52.571817710995674" lon="4.7197371907532215">
        <ele>-11.199999809265137</ele>
      </trkpt>
      <trkpt lat="52.57183279842138" lon="4.719752948731184">
        <ele>-11.199999809265137</ele>
      </trkpt>
      <trkpt lat="52.57184721529484" lon="4.71976887434721">
        <ele>-11.199999809265137</ele>
      </trkpt>
      <trkpt lat="52.571861799806356" lon="4.719784129410982">
        <ele>-11.199999809265137</ele>
      </trkpt>
      <trkpt lat="52.57187521085143" lon="4.719799133017659">
        <ele>-11.199999809265137</ele>
      </trkpt>
      <trkpt lat="52.57188971154392" lon="4.7198143042624">
        <ele>-11.199999809265137</ele>
      </trkpt>
      <trkpt lat="52.5719028711319" lon="4.719828804954886">
        <ele>-11.199999809265137</ele>
      </trkpt>
      <trkpt lat="52.57191804237664" lon="4.719844479113817">
        <ele>-11.199999809265137</ele>
      </trkpt>
      <trkpt lat="52.571931537240744" lon="4.719860153272748">
        <ele>-11.0</ele>
      </trkpt>
      <trkpt lat="52.57194536738098" lon="4.719872642308474">
        <ele>-11.0</ele>
      </trkpt>
      <trkpt lat="52.57195886224508" lon="4.719886891543865">
        <ele>-11.0</ele>
      </trkpt>
      <trkpt lat="52.571971602737904" lon="4.719898710027337">
        <ele>-11.0</ele>
      </trkpt>
      <trkpt lat="52.571984343230724" lon="4.7199121210724115">
        <ele>-11.0</ele>
      </trkpt>
      <trkpt lat="52.571998089551926" lon="4.719925196841359">
        <ele>-10.800000190734863</ele>
      </trkpt>
      <trkpt lat="52.57201200351119" lon="4.71993600949645">
        <ele>-10.800000190734863</ele>
      </trkpt>
      <trkpt lat="52.57202725857496" lon="4.719948414713144">
        <ele>-10.800000190734863</ele>
      </trkpt>
      <trkpt lat="52.57204125635326" lon="4.719958389177918">
        <ele>-10.800000190734863</ele>
      </trkpt>
      <trkpt lat="52.57205684669316" lon="4.719973811879754">
        <ele>-10.600000381469727</ele>
      </trkpt>
      <trkpt lat="52.57207151502371" lon="4.719986217096448">
        <ele>-10.600000381469727</ele>
      </trkpt>
      <trkpt lat="52.57208635099232" lon="4.719997951760888">
        <ele>-10.600000381469727</ele>
      </trkpt>
      <trkpt lat="52.572101606056094" lon="4.720010105520487">
        <ele>-10.600000381469727</ele>
      </trkpt>
      <trkpt lat="52.572116777300835" lon="4.720022762194276">
        <ele>-10.600000381469727</ele>
      </trkpt>
      <trkpt lat="52.572131948545575" lon="4.720031647011638">
        <ele>-11.0</ele>
      </trkpt>
      <trkpt lat="52.572148544713855" lon="4.720046231523156">
        <ele>-11.199999809265137</ele>
      </trkpt>
      <trkpt lat="52.57216438651085" lon="4.720056122168899">
        <ele>-11.399999618530273</ele>
      </trkpt>
      <trkpt lat="52.57218098267913" lon="4.720069952309132">
        <ele>-11.399999618530273</ele>
      </trkpt>
      <trkpt lat="52.57219715975225" lon="4.720079340040684">
        <ele>-11.399999618530273</ele>
      </trkpt>
      <trkpt lat="52.57221291773021" lon="4.720091829076409">
        <ele>-11.399999618530273</ele>
      </trkpt>
      <trkpt lat="52.57222909480333" lon="4.720103312283754">
        <ele>-11.399999618530273</ele>
      </trkpt>
      <trkpt lat="52.572243344038725" lon="4.720117561519146">
        <ele>-11.399999618530273</ele>
      </trkpt>
      <trkpt lat="52.572258431464434" lon="4.7201282903552055">
        <ele>-11.199999809265137</ele>
      </trkpt>
      <trkpt lat="52.572272680699825" lon="4.720140192657709">
        <ele>-11.199999809265137</ele>
      </trkpt>
      <trkpt lat="52.572287349030375" lon="4.720150837674737">
        <ele>-11.199999809265137</ele>
      </trkpt>
      <trkpt lat="52.57230134680867" lon="4.720162991434336">
        <ele>-11.199999809265137</ele>
      </trkpt>
      <trkpt lat="52.57231635041535" lon="4.720172546803951">
        <ele>-11.199999809265137</ele>
      </trkpt>
      <trkpt lat="52.57233118638396" lon="4.720183610916138">
        <ele>-11.199999809265137</ele>
      </trkpt>
      <trkpt lat="52.57234686054289" lon="4.720193250104785">
        <ele>-11.199999809265137</ele>
      </trkpt>
      <trkpt lat="52.57236102595925" lon="4.720204900950193">
        <ele>-11.199999809265137</ele>
      </trkpt>
      <trkpt lat="52.572377203032374" lon="4.72021646797657">
        <ele>-11.199999809265137</ele>
      </trkpt>
      <trkpt lat="52.57239254191518" lon="4.720225688070059">
        <ele>-11.0</ele>
      </trkpt>
      <trkpt lat="52.57240737788379" lon="4.720238512381911">
        <ele>-11.0</ele>
      </trkpt>
      <trkpt lat="52.57242196239531" lon="4.72024823538959">
        <ele>-10.800000190734863</ele>
      </trkpt>
      <trkpt lat="52.5724362116307" lon="4.720259718596935">
        <ele>-10.800000190734863</ele>
      </trkpt>
      <trkpt lat="52.57245163433254" lon="4.720269441604614">
        <ele>-10.800000190734863</ele>
      </trkpt>
      <trkpt lat="52.57246605120599" lon="4.720281343907118">
        <ele>-10.800000190734863</ele>
      </trkpt>
      <trkpt lat="52.57248147390783" lon="4.720292324200273">
        <ele>-10.800000190734863</ele>
      </trkpt>
      <trkpt lat="52.57249572314322" lon="4.720304058864713">
        <ele>-10.800000190734863</ele>
      </trkpt>
      <trkpt lat="52.57251097820699" lon="4.720315877348185">
        <ele>-11.0</ele>
      </trkpt>
      <trkpt lat="52.57252556271851" lon="4.720326857641339">
        <ele>-11.0</ele>
      </trkpt>
      <trkpt lat="52.57254081778228" lon="4.720339011400938">
        <ele>-11.0</ele>
      </trkpt>
      <trkpt lat="52.57255674339831" lon="4.720349991694093">
        <ele>-11.199999809265137</ele>
      </trkpt>
      <trkpt lat="52.5725728366524" lon="4.720363235101104">
        <ele>-11.199999809265137</ele>
      </trkpt>
      <trkpt lat="52.57258700206876" lon="4.7203703597188">
        <ele>-11.0</ele>
      </trkpt>
      <trkpt lat="52.57260309532285" lon="4.720383016392589">
        <ele>-11.199999809265137</ele>
      </trkpt>
      <trkpt lat="52.5726177636534" lon="4.720392823219299">
        <ele>-11.199999809265137</ele>
      </trkpt>
      <trkpt lat="52.57263218052685" lon="4.7204045578837395">
        <ele>-11.199999809265137</ele>
      </trkpt>
      <trkpt lat="52.572646429762244" lon="4.720414029434323">
        <ele>-11.399999618530273</ele>
      </trkpt>
      <trkpt lat="52.57266101427376" lon="4.720425847917795">
        <ele>-11.399999618530273</ele>
      </trkpt>
      <trkpt lat="52.572676269337535" lon="4.720434984192252">
        <ele>-11.199999809265137</ele>
      </trkpt>
      <trkpt lat="52.57269077003002" lon="4.720445461571217">
        <ele>-11.199999809265137</ele>
      </trkpt>
      <trkpt lat="52.57270568981767" lon="4.720453843474388">
        <ele>-11.0</ele>
      </trkpt>
      <trkpt lat="52.5727195199579" lon="4.720464404672384">
        <ele>-10.800000190734863</ele>
      </trkpt>
      <trkpt lat="52.572735361754894" lon="4.720474211499095">
        <ele>-10.800000190734863</ele>
      </trkpt>
      <trkpt lat="52.5727504491806" lon="4.720484605059028">
        <ele>-10.800000190734863</ele>
      </trkpt>
      <trkpt lat="52.572766123339534" lon="4.720495585352182">
        <ele>-10.800000190734863</ele>
      </trkpt>
      <trkpt lat="52.572781797498465" lon="4.72050623036921">
        <ele>-10.800000190734863</ele>
      </trkpt>
      <trkpt lat="52.57279705256224" lon="4.720516204833984">
        <ele>-11.0</ele>
      </trkpt>
      <trkpt lat="52.572813061997294" lon="4.720527604222298">
        <ele>-11.0</ele>
      </trkpt>
      <trkpt lat="52.572828736156225" lon="4.720539338886738">
        <ele>-11.199999809265137</ele>
      </trkpt>
      <trkpt lat="52.57284399122" lon="4.720548139885068">
        <ele>-11.199999809265137</ele>
      </trkpt>
      <trkpt lat="52.572860922664404" lon="4.720559371635318">
        <ele>-11.199999809265137</ele>
      </trkpt>
      <trkpt lat="52.572876177728176" lon="4.720566496253014">
        <ele>-10.800000190734863</ele>
      </trkpt>
      <trkpt lat="52.57288908585906" lon="4.720572531223297">
        <ele>-11.0</ele>
      </trkpt>
      <trkpt lat="52.57290191017091" lon="4.720581080764532">
        <ele>-10.600000381469727</ele>
      </trkpt>
      <trkpt lat="52.572917165234685" lon="4.720592983067036">
        <ele>-11.0</ele>
      </trkpt>
      <trkpt lat="52.57293267175555" lon="4.7206024546176195">
        <ele>-10.800000190734863</ele>
      </trkpt>
      <trkpt lat="52.57294851355255" lon="4.720615027472377">
        <ele>-11.0</ele>
      </trkpt>
      <trkpt lat="52.572962930426" lon="4.720623912289739">
        <ele>-10.800000190734863</ele>
      </trkpt>
      <trkpt lat="52.57297860458493" lon="4.720636233687401">
        <ele>-11.0</ele>
      </trkpt>
      <trkpt lat="52.57299310527742" lon="4.7206442803144455">
        <ele>-10.800000190734863</ele>
      </trkpt>
      <trkpt lat="52.57300777360797" lon="4.720654338598251">
        <ele>-11.0</ele>
      </trkpt>
      <trkpt lat="52.573022274300456" lon="4.720662888139486">
        <ele>-11.0</ele>
      </trkpt>
      <trkpt lat="52.57303660735488" lon="4.720673700794578">
        <ele>-11.0</ele>
      </trkpt>
      <trkpt lat="52.5730511918664" lon="4.720683004707098">
        <ele>-10.800000190734863</ele>
      </trkpt>
      <trkpt lat="52.57306502200663" lon="4.720694068819284">
        <ele>-10.800000190734863</ele>
      </trkpt>
      <trkpt lat="52.573079355061054" lon="4.720703959465027">
        <ele>-10.800000190734863</ele>
      </trkpt>
      <trkpt lat="52.573093520477414" lon="4.720715107396245">
        <ele>-10.800000190734863</ele>
      </trkpt>
      <trkpt lat="52.573109697550535" lon="4.72072709351778">
        <ele>-10.800000190734863</ele>
      </trkpt>
      <trkpt lat="52.57312277331948" lon="4.720732709392905">
        <ele>-10.800000190734863</ele>
      </trkpt>
      <trkpt lat="52.57313618436456" lon="4.720746371895075">
        <ele>-10.600000381469727</ele>
      </trkpt>
      <trkpt lat="52.57315009832382" lon="4.720756011083722">
        <ele>-10.800000190734863</ele>
      </trkpt>
      <trkpt lat="52.57316401228309" lon="4.72076908685267">
        <ele>-10.800000190734863</ele>
      </trkpt>
      <trkpt lat="52.57317842915654" lon="4.720779983326793">
        <ele>-10.800000190734863</ele>
      </trkpt>
      <trkpt lat="52.573193684220314" lon="4.72079205326736">
        <ele>-10.800000190734863</ele>
      </trkpt>
      <trkpt lat="52.57320927456021" lon="4.720803536474705">
        <ele>-10.800000190734863</ele>
      </trkpt>
      <trkpt lat="52.57322478108108" lon="4.720814852043986">
        <ele>-10.600000381469727</ele>
      </trkpt>
      <trkpt lat="52.57324087433517" lon="4.720826670527458">
        <ele>-10.800000190734863</ele>
      </trkpt>
      <trkpt lat="52.57325587794185" lon="4.720837231725454">
        <ele>-10.800000190734863</ele>
      </trkpt>
      <trkpt lat="52.573270881548524" lon="4.7208489663898945">
        <ele>-10.800000190734863</ele>
      </trkpt>
      <trkpt lat="52.57328680716455" lon="4.720860365778208">
        <ele>-10.800000190734863</ele>
      </trkpt>
      <trkpt lat="52.573301726952195" lon="4.7208725195378065">
        <ele>-11.0</ele>
      </trkpt>
      <trkpt lat="52.57331698201597" lon="4.7208845894783735">
        <ele>-11.0</ele>
      </trkpt>
      <trkpt lat="52.57333131507039" lon="4.720897497609258">
        <ele>-11.0</ele>
      </trkpt>
      <trkpt lat="52.573346151039004" lon="4.720909148454666">
        <ele>-11.0</ele>
      </trkpt>
      <trkpt lat="52.5733601488173" lon="4.720922978594899">
        <ele>-11.199999809265137</ele>
      </trkpt>
      <trkpt lat="52.573374481871724" lon="4.7209343779832125">
        <ele>-11.0</ele>
      </trkpt>
      <trkpt lat="52.573388647288084" lon="4.720947789028287">
        <ele>-10.800000190734863</ele>
      </trkpt>
      <trkpt lat="52.57340256124735" lon="4.7209596913307905">
        <ele>-10.800000190734863</ele>
      </trkpt>
      <trkpt lat="52.57341588847339" lon="4.720972767099738">
        <ele>-10.800000190734863</ele>
      </trkpt>
      <trkpt lat="52.57343139499426" lon="4.720984417945147">
        <ele>-10.800000190734863</ele>
      </trkpt>
      <trkpt lat="52.57344606332481" lon="4.720998164266348">
        <ele>-10.800000190734863</ele>
      </trkpt>
      <trkpt lat="52.573461988940835" lon="4.721011742949486">
        <ele>-10.600000381469727</ele>
      </trkpt>
      <trkpt lat="52.57347699254751" lon="4.721025489270687">
        <ele>-10.600000381469727</ele>
      </trkpt>
      <trkpt lat="52.57349216379225" lon="4.721039654687047">
        <ele>-10.600000381469727</ele>
      </trkpt>
      <trkpt lat="52.57350632920861" lon="4.721051473170519">
        <ele>-10.600000381469727</ele>
      </trkpt>
      <trkpt lat="52.57352032698691" lon="4.721066141501069">
        <ele>-10.800000190734863</ele>
      </trkpt>
      <trkpt lat="52.573534324765205" lon="4.721077959984541">
        <ele>-10.800000190734863</ele>
      </trkpt>
      <trkpt lat="52.573548406362534" lon="4.721092628315091">
        <ele>-10.600000381469727</ele>
      </trkpt>
      <trkpt lat="52.57356332615018" lon="4.721104614436626">
        <ele>-10.600000381469727</ele>
      </trkpt>
      <trkpt lat="52.57357799448073" lon="4.72111945040524">
        <ele>-10.600000381469727</ele>
      </trkpt>
      <trkpt lat="52.57359308190644" lon="4.721131436526775">
        <ele>-10.600000381469727</ele>
      </trkpt>
      <trkpt lat="52.5736072473228" lon="4.721145937219262">
        <ele>-10.600000381469727</ele>
      </trkpt>
      <trkpt lat="52.57362308911979" lon="4.721157923340797">
        <ele>-10.600000381469727</ele>
      </trkpt>
      <trkpt lat="52.57363800890744" lon="4.721170077100396">
        <ele>-10.600000381469727</ele>
      </trkpt>
      <trkpt lat="52.57365485653281" lon="4.721184493973851">
        <ele>-10.600000381469727</ele>
      </trkpt>
      <trkpt lat="52.57367195561528" lon="4.721197234466672">
        <ele>-10.800000190734863</ele>
      </trkpt>
      <trkpt lat="52.57368846796453" lon="4.721211651340127">
        <ele>-10.800000190734863</ele>
      </trkpt>
      <trkpt lat="52.57370590232313" lon="4.721223386004567">
        <ele>-10.800000190734863</ele>
      </trkpt>
      <trkpt lat="52.57372065447271" lon="4.721238808706403">
        <ele>-10.800000190734863</ele>
      </trkpt>
      <trkpt lat="52.573736580088735" lon="4.721250794827938">
        <ele>-10.800000190734863</ele>
      </trkpt>
      <trkpt lat="52.57375158369541" lon="4.721264876425266">
        <ele>-10.800000190734863</ele>
      </trkpt>
      <trkpt lat="52.57376826368272" lon="4.721276946365833">
        <ele>-10.800000190734863</ele>
      </trkpt>
      <trkpt lat="52.57378377020359" lon="4.721290608868003">
        <ele>-11.0</ele>
      </trkpt>
      <trkpt lat="52.57379986345768" lon="4.72130217589438">
        <ele>-10.600000381469727</ele>
      </trkpt>
      <trkpt lat="52.57381486706436" lon="4.721315419301391">
        <ele>-10.399999618530273</ele>
      </trkpt>
      <trkpt lat="52.57383028976619" lon="4.721326818689704">
        <ele>-10.399999618530273</ele>
      </trkpt>
      <trkpt lat="52.57384571246803" lon="4.721340145915747">
        <ele>-10.199999809265137</ele>
      </trkpt>
      <trkpt lat="52.57386138662696" lon="4.72135204821825">
        <ele>-10.199999809265137</ele>
      </trkpt>
      <trkpt lat="52.57387647405267" lon="4.721364537253976">
        <ele>-10.399999618530273</ele>
      </trkpt>
      <trkpt lat="52.5738918967545" lon="4.721375517547131">
        <ele>-10.399999618530273</ele>
      </trkpt>
      <trkpt lat="52.57390790618956" lon="4.721387671306729">
        <ele>-10.399999618530273</ele>
      </trkpt>
      <trkpt lat="52.573923747986555" lon="4.721397813409567">
        <ele>-10.399999618530273</ele>
      </trkpt>
      <trkpt lat="52.57393967360258" lon="4.721410805359483">
        <ele>-10.399999618530273</ele>
      </trkpt>
      <trkpt lat="52.573955012485385" lon="4.721421450376511">
        <ele>-10.399999618530273</ele>
      </trkpt>
      <trkpt lat="52.57397077046335" lon="4.721434358507395">
        <ele>-10.600000381469727</ele>
      </trkpt>
      <trkpt lat="52.573985774070024" lon="4.721446093171835">
        <ele>-10.399999618530273</ele>
      </trkpt>
      <trkpt lat="52.57400153204799" lon="4.721459252759814">
        <ele>-10.199999809265137</ele>
      </trkpt>
      <trkpt lat="52.57401720620692" lon="4.721471574157476">
        <ele>-10.199999809265137</ele>
      </trkpt>
      <trkpt lat="52.5740335509181" lon="4.721483560279012">
        <ele>-10.199999809265137</ele>
      </trkpt>
      <trkpt lat="52.57404964417219" lon="4.7214951273053885">
        <ele>-10.199999809265137</ele>
      </trkpt>
      <trkpt lat="52.57406523451209" lon="4.721508203074336">
        <ele>-10.199999809265137</ele>
      </trkpt>
      <trkpt lat="52.57408116012812" lon="4.721521530300379">
        <ele>-10.199999809265137</ele>
      </trkpt>
      <trkpt lat="52.57409700192511" lon="4.721534438431263">
        <ele>-10.199999809265137</ele>
      </trkpt>
      <trkpt lat="52.57411343045533" lon="4.721547514200211">
        <ele>-10.199999809265137</ele>
      </trkpt>
      <trkpt lat="52.57412910461426" lon="4.721560589969158">
        <ele>-10.199999809265137</ele>
      </trkpt>
      <trkpt lat="52.57414477877319" lon="4.721574503928423">
        <ele>-10.399999618530273</ele>
      </trkpt>
      <trkpt lat="52.57416062057018" lon="4.7215875796973705">
        <ele>-10.600000381469727</ele>
      </trkpt>
      <trkpt lat="52.57417612709105" lon="4.721601074561477">
        <ele>-10.600000381469727</ele>
      </trkpt>
      <trkpt lat="52.57419188506901" lon="4.721614066511393">
        <ele>-10.600000381469727</ele>
      </trkpt>
      <trkpt lat="52.574206637218595" lon="4.721627812832594">
        <ele>-10.800000190734863</ele>
      </trkpt>
      <trkpt lat="52.57422147318721" lon="4.721639547497034">
        <ele>-11.0</ele>
      </trkpt>
      <trkpt lat="52.574236476793885" lon="4.7216529585421085">
        <ele>-11.0</ele>
      </trkpt>
      <trkpt lat="52.57425181567669" lon="4.721665112301707">
        <ele>-10.800000190734863</ele>
      </trkpt>
      <trkpt lat="52.57426656782627" lon="4.721678188070655">
        <ele>-11.0</ele>
      </trkpt>
      <trkpt lat="52.57428173907101" lon="4.721690760925412">
        <ele>-10.800000190734863</ele>
      </trkpt>
      <trkpt lat="52.57429582066834" lon="4.721704674884677">
        <ele>-10.800000190734863</ele>
      </trkpt>
      <trkpt lat="52.57431065663695" lon="4.721716661006212">
        <ele>-10.800000190734863</ele>
      </trkpt>
      <trkpt lat="52.5743255764246" lon="4.7217298205941916">
        <ele>-10.800000190734863</ele>
      </trkpt>
      <trkpt lat="52.574340496212244" lon="4.7217414714396">
        <ele>-10.600000381469727</ele>
      </trkpt>
      <trkpt lat="52.574354242533445" lon="4.7217566426843405">
        <ele>-10.600000381469727</ele>
      </trkpt>
      <trkpt lat="52.57436949759722" lon="4.721770389005542">
        <ele>-10.600000381469727</ele>
      </trkpt>
      <trkpt lat="52.57438383065164" lon="4.721784889698029">
        <ele>-10.600000381469727</ele>
      </trkpt>
      <trkpt lat="52.574398750439286" lon="4.721797797828913">
        <ele>-10.399999618530273</ele>
      </trkpt>
      <trkpt lat="52.57441417314112" lon="4.721811041235924">
        <ele>-10.399999618530273</ele>
      </trkpt>
      <trkpt lat="52.57443026639521" lon="4.721823027357459">
        <ele>-10.399999618530273</ele>
      </trkpt>
      <trkpt lat="52.574446108192205" lon="4.7218352649360895">
        <ele>-10.199999809265137</ele>
      </trkpt>
      <trkpt lat="52.57446245290339" lon="4.72184699960053">
        <ele>-10.0</ele>
      </trkpt>
      <trkpt lat="52.574478797614574" lon="4.721860913559794">
        <ele>-10.0</ele>
      </trkpt>
      <trkpt lat="52.57449581287801" lon="4.721873234957457">
        <ele>-10.0</ele>
      </trkpt>
      <trkpt lat="52.57451173849404" lon="4.721888322383165">
        <ele>-10.0</ele>
      </trkpt>
      <trkpt lat="52.574527747929096" lon="4.721900979056954">
        <ele>-10.0</ele>
      </trkpt>
      <trkpt lat="52.574543338268995" lon="4.721915563568473">
        <ele>-10.0</ele>
      </trkpt>
      <trkpt lat="52.574559012427926" lon="4.721928387880325">
        <ele>-10.0</ele>
      </trkpt>
      <trkpt lat="52.57457384839654" lon="4.721943391487002">
        <ele>-10.199999809265137</ele>
      </trkpt>
      <trkpt lat="52.57458868436515" lon="4.721957221627235">
        <ele>-10.199999809265137</ele>
      </trkpt>
      <trkpt lat="52.57460427470505" lon="4.721971303224564">
        <ele>-10.399999618530273</ele>
      </trkpt>
      <trkpt lat="52.57461994886398" lon="4.721984714269638">
        <ele>-10.399999618530273</ele>
      </trkpt>
      <trkpt lat="52.57463503628969" lon="4.721999550238252">
        <ele>-10.399999618530273</ele>
      </trkpt>
      <trkpt lat="52.57465054281056" lon="4.722013715654612">
        <ele>-10.399999618530273</ele>
      </trkpt>
      <trkpt lat="52.5746657140553" lon="4.722026959061623">
        <ele>-10.399999618530273</ele>
      </trkpt>
      <trkpt lat="52.57468055002391" lon="4.722040789201856">
        <ele>-10.199999809265137</ele>
      </trkpt>
      <trkpt lat="52.57469614036381" lon="4.72205612808466">
        <ele>-10.199999809265137</ele>
      </trkpt>
      <trkpt lat="52.57471131160855" lon="4.72207079641521">
        <ele>-10.199999809265137</ele>
      </trkpt>
      <trkpt lat="52.574726063758135" lon="4.7220847103744745">
        <ele>-10.199999809265137</ele>
      </trkpt>
      <trkpt lat="52.574741235002875" lon="4.722098456695676">
        <ele>-10.199999809265137</ele>
      </trkpt>
      <trkpt lat="52.574756825342774" lon="4.722111448645592">
        <ele>-10.399999618530273</ele>
      </trkpt>
      <trkpt lat="52.57477208040655" lon="4.7221259493380785">
        <ele>-10.600000381469727</ele>
      </trkpt>
      <trkpt lat="52.57478725165129" lon="4.7221380192786455">
        <ele>-10.600000381469727</ele>
      </trkpt>
      <trkpt lat="52.57480166852474" lon="4.722152855247259">
        <ele>-10.600000381469727</ele>
      </trkpt>
      <trkpt lat="52.574816001579165" lon="4.722165511921048">
        <ele>-10.600000381469727</ele>
      </trkpt>
      <trkpt lat="52.57483025081456" lon="4.722180347889662">
        <ele>-10.600000381469727</ele>
      </trkpt>
      <trkpt lat="52.5748451706022" lon="4.722193507477641">
        <ele>-10.600000381469727</ele>
      </trkpt>
      <trkpt lat="52.57486009038985" lon="4.722208511084318">
        <ele>-10.600000381469727</ele>
      </trkpt>
      <trkpt lat="52.57487534545362" lon="4.722221586853266">
        <ele>-10.600000381469727</ele>
      </trkpt>
      <trkpt lat="52.574889762327075" lon="4.7222360875457525">
        <ele>-10.600000381469727</ele>
      </trkpt>
      <trkpt lat="52.574904849752784" lon="4.722248911857605">
        <ele>-10.600000381469727</ele>
      </trkpt>
      <trkpt lat="52.574920020997524" lon="4.722263664007187">
        <ele>-10.800000190734863</ele>
      </trkpt>
      <trkpt lat="52.574935192242265" lon="4.722276907414198">
        <ele>-10.800000190734863</ele>
      </trkpt>
      <trkpt lat="52.574949441477656" lon="4.722292413935065">
        <ele>-10.800000190734863</ele>
      </trkpt>
      <trkpt lat="52.57496444508433" lon="4.722306076437235">
        <ele>-10.600000381469727</ele>
      </trkpt>
      <trkpt lat="52.5749781075865" lon="4.722321666777134">
        <ele>-10.600000381469727</ele>
      </trkpt>
      <trkpt lat="52.57499277591705" lon="4.722336586564779">
        <ele>-10.600000381469727</ele>
      </trkpt>
      <trkpt lat="52.57500677369535" lon="4.722350165247917">
        <ele>-10.600000381469727</ele>
      </trkpt>
      <trkpt lat="52.57502110674977" lon="4.722363660112023">
        <ele>-10.600000381469727</ele>
      </trkpt>
      <trkpt lat="52.57503569126129" lon="4.722377071157098">
        <ele>-10.600000381469727</ele>
      </trkpt>
      <trkpt lat="52.57505128160119" lon="4.722390566021204">
        <ele>-10.800000190734863</ele>
      </trkpt>
      <trkpt lat="52.57506594993174" lon="4.722403809428215">
        <ele>-10.800000190734863</ele>
      </trkpt>
      <trkpt lat="52.575081288814545" lon="4.7224178072065115">
        <ele>-11.0</ele>
      </trkpt>
      <trkpt lat="52.57509612478316" lon="4.722429709509015">
        <ele>-11.0</ele>
      </trkpt>
      <trkpt lat="52.57511137984693" lon="4.722443204373121">
        <ele>-11.0</ele>
      </trkpt>
      <trkpt lat="52.5751266349107" lon="4.722454771399498">
        <ele>-11.0</ele>
      </trkpt>
      <trkpt lat="52.57514264434576" lon="4.722468936815858">
        <ele>-11.0</ele>
      </trkpt>
      <trkpt lat="52.57515882141888" lon="4.72248125821352">
        <ele>-10.800000190734863</ele>
      </trkpt>
      <trkpt lat="52.575173657387495" lon="4.722497267648578">
        <ele>-10.800000190734863</ele>
      </trkpt>
      <trkpt lat="52.57518941536546" lon="4.72250958904624">
        <ele>-10.600000381469727</ele>
      </trkpt>
      <trkpt lat="52.575204921886325" lon="4.722523000091314">
        <ele>-10.399999618530273</ele>
      </trkpt>
      <trkpt lat="52.57521950639784" lon="4.722535070031881">
        <ele>-10.199999809265137</ele>
      </trkpt>
      <trkpt lat="52.57523492909968" lon="4.722549570724368">
        <ele>-10.0</ele>
      </trkpt>
      <trkpt lat="52.5752492621541" lon="4.722562059760094">
        <ele>-10.0</ele>
      </trkpt>
      <trkpt lat="52.575264014303684" lon="4.722574464976788">
        <ele>-10.0</ele>
      </trkpt>
      <trkpt lat="52.57527935318649" lon="4.722587708383799">
        <ele>-10.0</ele>
      </trkpt>
      <trkpt lat="52.57529393769801" lon="4.722601035609841">
        <ele>-10.0</ele>
      </trkpt>
      <trkpt lat="52.57530961185694" lon="4.7226157039403915">
        <ele>-10.0</ele>
      </trkpt>
      <trkpt lat="52.575324615463614" lon="4.722628779709339">
        <ele>-10.0</ele>
      </trkpt>
      <trkpt lat="52.57533945143223" lon="4.722642106935382">
        <ele>-10.0</ele>
      </trkpt>
      <trkpt lat="52.57535428740084" lon="4.722655350342393">
        <ele>-10.0</ele>
      </trkpt>
      <trkpt lat="52.57536895573139" lon="4.722669934853911">
        <ele>-10.0</ele>
      </trkpt>
      <trkpt lat="52.57538395933807" lon="4.7226825915277">
        <ele>-10.0</ele>
      </trkpt>
      <trkpt lat="52.57539829239249" lon="4.722697846591473">
        <ele>-10.0</ele>
      </trkpt>
      <trkpt lat="52.57541346363723" lon="4.722711592912674">
        <ele>-10.199999809265137</ele>
      </trkpt>
      <trkpt lat="52.57542796432972" lon="4.722726596519351">
        <ele>-10.199999809265137</ele>
      </trkpt>
      <trkpt lat="52.57544355466962" lon="4.722740091383457">
        <ele>-10.199999809265137</ele>
      </trkpt>
      <trkpt lat="52.57545839063823" lon="4.722755094990134">
        <ele>-10.199999809265137</ele>
      </trkpt>
      <trkpt lat="52.57547431625426" lon="4.722768003121018">
        <ele>-10.199999809265137</ele>
      </trkpt>
      <trkpt lat="52.57548906840384" lon="4.722782671451569">
        <ele>-10.199999809265137</ele>
      </trkpt>
      <trkpt lat="52.575504407286644" lon="4.722795495763421">
        <ele>-10.199999809265137</ele>
      </trkpt>
      <trkpt lat="52.57551932707429" lon="4.722810834646225">
        <ele>-10.199999809265137</ele>
      </trkpt>
      <trkpt lat="52.57553516887128" lon="4.722824245691299">
        <ele>-10.0</ele>
      </trkpt>
      <trkpt lat="52.57555008865893" lon="4.7228392492979765">
        <ele>-10.0</ele>
      </trkpt>
      <trkpt lat="52.575565092265606" lon="4.7228524927049875">
        <ele>-9.800000190734863</ele>
      </trkpt>
      <trkpt lat="52.575579257681966" lon="4.722867077216506">
        <ele>-10.0</ele>
      </trkpt>
      <trkpt lat="52.575593842193484" lon="4.7228810749948025">
        <ele>-10.0</ele>
      </trkpt>
      <trkpt lat="52.57560817524791" lon="4.722893480211496">
        <ele>-10.0</ele>
      </trkpt>
      <trkpt lat="52.57562351413071" lon="4.722907310351729">
        <ele>-10.0</ele>
      </trkpt>
      <trkpt lat="52.57563843391836" lon="4.722921559587121">
        <ele>-10.0</ele>
      </trkpt>
      <trkpt lat="52.575654946267605" lon="4.722937233746052">
        <ele>-10.0</ele>
      </trkpt>
      <trkpt lat="52.575671039521694" lon="4.722950309514999">
        <ele>-10.199999809265137</ele>
      </trkpt>
      <trkpt lat="52.57568788714707" lon="4.722963636741042">
        <ele>-10.199999809265137</ele>
      </trkpt>
      <trkpt lat="52.57570590823889" lon="4.72297671250999">
        <ele>-10.399999618530273</ele>
      </trkpt>
      <trkpt lat="52.575722336769104" lon="4.722990794107318">
        <ele>-10.399999618530273</ele>
      </trkpt>
      <trkpt lat="52.575740441679955" lon="4.723003953695297">
        <ele>-10.399999618530273</ele>
      </trkpt>
      <trkpt lat="52.575757121667266" lon="4.723018705844879">
        <ele>-10.399999618530273</ele>
      </trkpt>
      <trkpt lat="52.57577489130199" lon="4.7230318654328585">
        <ele>-10.600000381469727</ele>
      </trkpt>
      <trkpt lat="52.5757899787277" lon="4.723047120496631">
        <ele>-10.800000190734863</ele>
      </trkpt>
      <trkpt lat="52.57580573670566" lon="4.723061369732022">
        <ele>-10.600000381469727</ele>
      </trkpt>
      <trkpt lat="52.575821578502655" lon="4.723075870424509">
        <ele>-10.800000190734863</ele>
      </trkpt>
      <trkpt lat="52.57583742029965" lon="4.723089449107647">
        <ele>-10.800000190734863</ele>
      </trkpt>
      <trkpt lat="52.57585317827761" lon="4.723102105781436">
        <ele>-10.800000190734863</ele>
      </trkpt>
      <trkpt lat="52.5758711155504" lon="4.7231125831604">
        <ele>-10.800000190734863</ele>
      </trkpt>
      <trkpt lat="52.575886538252234" lon="4.723125239834189">
        <ele>-10.800000190734863</ele>
      </trkpt>
      <trkpt lat="52.57590154185891" lon="4.723136303946376">
        <ele>-10.600000381469727</ele>
      </trkpt>
      <trkpt lat="52.575917802751064" lon="4.723147116601467">
        <ele>-10.800000190734863</ele>
      </trkpt>
      <trkpt lat="52.575934482738376" lon="4.723157426342368">
        <ele>-10.600000381469727</ele>
      </trkpt>
      <trkpt lat="52.57595141418278" lon="4.723168071359396">
        <ele>-10.800000190734863</ele>
      </trkpt>
      <trkpt lat="52.57596683688462" lon="4.723179470747709">
        <ele>-10.600000381469727</ele>
      </trkpt>
      <trkpt lat="52.57598351687193" lon="4.723188607022166">
        <ele>-10.800000190734863</ele>
      </trkpt>
      <trkpt lat="52.57599952630699" lon="4.72319757565856">
        <ele>-10.600000381469727</ele>
      </trkpt>
      <trkpt lat="52.576016960665584" lon="4.7232062090188265">
        <ele>-10.800000190734863</ele>
      </trkpt>
      <trkpt lat="52.57603397592902" lon="4.723215261474252">
        <ele>-10.800000190734863</ele>
      </trkpt>
      <trkpt lat="52.576052248477936" lon="4.723223391920328">
        <ele>-11.0</ele>
      </trkpt>
      <trkpt lat="52.57606943137944" lon="4.723231690004468">
        <ele>-10.800000190734863</ele>
      </trkpt>
      <trkpt lat="52.57608812302351" lon="4.723240407183766">
        <ele>-10.800000190734863</ele>
      </trkpt>
      <trkpt lat="52.57610505446792" lon="4.723248369991779">
        <ele>-10.399999618530273</ele>
      </trkpt>
      <trkpt lat="52.576123075559735" lon="4.723256919533014">
        <ele>-10.600000381469727</ele>
      </trkpt>
      <trkpt lat="52.576139671728015" lon="4.723266893997788">
        <ele>-10.399999618530273</ele>
      </trkpt>
      <trkpt lat="52.57615735754371" lon="4.723276784643531">
        <ele>-10.399999618530273</ele>
      </trkpt>
      <trkpt lat="52.57617261260748" lon="4.723283154889941">
        <ele>-10.399999618530273</ele>
      </trkpt>
      <trkpt lat="52.576190046966076" lon="4.723293129354715">
        <ele>-10.399999618530273</ele>
      </trkpt>
      <trkpt lat="52.57620605640113" lon="4.723302181810141">
        <ele>-10.600000381469727</ele>
      </trkpt>
      <trkpt lat="52.57622265256941" lon="4.723312994465232">
        <ele>-10.600000381469727</ele>
      </trkpt>
      <trkpt lat="52.57623824290931" lon="4.723320873454213">
        <ele>-10.600000381469727</ele>
      </trkpt>
      <trkpt lat="52.576255006715655" lon="4.723330428823829">
        <ele>-10.800000190734863</ele>
      </trkpt>
      <trkpt lat="52.576271770522" lon="4.723338559269905">
        <ele>-10.800000190734863</ele>
      </trkpt>
      <trkpt lat="52.576288199052215" lon="4.7233484499156475">
        <ele>-10.800000190734863</ele>
      </trkpt>
      <trkpt lat="52.576304376125336" lon="4.723357334733009">
        <ele>-10.800000190734863</ele>
      </trkpt>
      <trkpt lat="52.57632055319846" lon="4.723368734121323">
        <ele>-10.800000190734863</ele>
      </trkpt>
      <trkpt lat="52.576335640624166" lon="4.723377702757716">
        <ele>-10.800000190734863</ele>
      </trkpt>
      <trkpt lat="52.576350308954716" lon="4.72338767722249">
        <ele>-10.800000190734863</ele>
      </trkpt>
      <trkpt lat="52.57636422291398" lon="4.723393963649869">
        <ele>-10.600000381469727</ele>
      </trkpt>
      <trkpt lat="52.576377214863896" lon="4.723403099924326">
        <ele>-10.600000381469727</ele>
      </trkpt>
      <trkpt lat="52.57639045827091" lon="4.723410056903958">
        <ele>-10.399999618530273</ele>
      </trkpt>
      <trkpt lat="52.57640361785889" lon="4.72341843880713">
        <ele>-10.199999809265137</ele>
      </trkpt>
      <trkpt lat="52.576415771618485" lon="4.723425647243857">
        <ele>-10.0</ele>
      </trkpt>
      <trkpt lat="52.57642909884453" lon="4.723433442413807">
        <ele>-10.0</ele>
      </trkpt>
      <trkpt lat="52.576442677527666" lon="4.723441321402788">
        <ele>-9.800000190734863</ele>
      </trkpt>
      <trkpt lat="52.57645608857274" lon="4.723449619486928">
        <ele>-10.0</ele>
      </trkpt>
      <trkpt lat="52.576470002532005" lon="4.723457163199782">
        <ele>-10.0</ele>
      </trkpt>
      <trkpt lat="52.57648408412933" lon="4.723465880379081">
        <ele>-10.0</ele>
      </trkpt>
      <trkpt lat="52.576498333364725" lon="4.7234739270061255">
        <ele>-10.199999809265137</ele>
      </trkpt>
      <trkpt lat="52.57651275023818" lon="4.723480716347694">
        <ele>-10.399999618530273</ele>
      </trkpt>
      <trkpt lat="52.57652649655938" lon="4.7234895173460245">
        <ele>-10.600000381469727</ele>
      </trkpt>
      <trkpt lat="52.57654049433768" lon="4.723495887592435">
        <ele>-10.600000381469727</ele>
      </trkpt>
      <trkpt lat="52.57655465975404" lon="4.723502844572067">
        <ele>-10.600000381469727</ele>
      </trkpt>
      <trkpt lat="52.57657033391297" lon="4.723509298637509">
        <ele>-10.600000381469727</ele>
      </trkpt>
      <trkpt lat="52.57658458314836" lon="4.723515836521983">
        <ele>-10.600000381469727</ele>
      </trkpt>
      <trkpt lat="52.576598078012466" lon="4.723519943654537">
        <ele>-10.600000381469727</ele>
      </trkpt>
      <trkpt lat="52.57661257870495" lon="4.7235251404345036">
        <ele>-10.399999618530273</ele>
      </trkpt>
      <trkpt lat="52.57662758231163" lon="4.723531007766724">
        <ele>-10.399999618530273</ele>
      </trkpt>
      <trkpt lat="52.576642921194434" lon="4.723536791279912">
        <ele>-10.399999618530273</ele>
      </trkpt>
      <trkpt lat="52.57665784098208" lon="4.723540563136339">
        <ele>-10.399999618530273</ele>
      </trkpt>
      <trkpt lat="52.576674185693264" lon="4.723545676097274">
        <ele>-10.399999618530273</ele>
      </trkpt>
      <trkpt lat="52.576689356938004" lon="4.723547687754035">
        <ele>-10.399999618530273</ele>
      </trkpt>
      <trkpt lat="52.576704528182745" lon="4.723549531772733">
        <ele>-10.399999618530273</ele>
      </trkpt>
      <trkpt lat="52.576720118522644" lon="4.723551878705621">
        <ele>-10.199999809265137</ele>
      </trkpt>
      <trkpt lat="52.57673520594835" lon="4.723553219810128">
        <ele>-10.199999809265137</ele>
      </trkpt>
      <trkpt lat="52.57675054483116" lon="4.7235548961907625">
        <ele>-10.199999809265137</ele>
      </trkpt>
      <trkpt lat="52.57676429115236" lon="4.723555315285921">
        <ele>-10.199999809265137</ele>
      </trkpt>
      <trkpt lat="52.57677937857807" lon="4.723556991666555">
        <ele>-10.199999809265137</ele>
      </trkpt>
      <trkpt lat="52.576794968917966" lon="4.72355674020946">
        <ele>-10.399999618530273</ele>
      </trkpt>
      <trkpt lat="52.576810056343675" lon="4.723557913675904">
        <ele>-10.600000381469727</ele>
      </trkpt>
      <trkpt lat="52.57682514376938" lon="4.723558584228158">
        <ele>-10.800000190734863</ele>
      </trkpt>
      <trkpt lat="52.576839812099934" lon="4.723555650562048">
        <ele>-10.800000190734863</ele>
      </trkpt>
      <trkpt lat="52.576854983344674" lon="4.723554058000445">
        <ele>-10.800000190734863</ele>
      </trkpt>
      <trkpt lat="52.576870238408446" lon="4.7235531359910965">
        <ele>-10.800000190734863</ele>
      </trkpt>
      <trkpt lat="52.57688591256738" lon="4.723551627248526">
        <ele>-10.800000190734863</ele>
      </trkpt>
      <trkpt lat="52.576902424916625" lon="4.723547520115972">
        <ele>-11.0</ele>
      </trkpt>
      <trkpt lat="52.576918518170714" lon="4.723543077707291">
        <ele>-10.800000190734863</ele>
      </trkpt>
      <trkpt lat="52.57693503051996" lon="4.723537880927324">
        <ele>-10.800000190734863</ele>
      </trkpt>
      <trkpt lat="52.57695120759308" lon="4.7235336899757385">
        <ele>-10.800000190734863</ele>
      </trkpt>
      <trkpt lat="52.57696713320911" lon="4.723530672490597">
        <ele>-10.800000190734863</ele>
      </trkpt>
      <trkpt lat="52.57698289118707" lon="4.723528325557709">
        <ele>-10.800000190734863</ele>
      </trkpt>
      <trkpt lat="52.57699957117438" lon="4.723529163748026">
        <ele>-10.600000381469727</ele>
      </trkpt>
      <trkpt lat="52.57701566442847" lon="4.723530085757375">
        <ele>-10.600000381469727</ele>
      </trkpt>
      <trkpt lat="52.57703075185418" lon="4.723532013595104">
        <ele>-10.600000381469727</ele>
      </trkpt>
      <trkpt lat="52.57704575546086" lon="4.723533438518643">
        <ele>-10.399999618530273</ele>
      </trkpt>
      <trkpt lat="52.57706050761044" lon="4.723534360527992">
        <ele>-10.199999809265137</ele>
      </trkpt>
      <trkpt lat="52.57707609795034" lon="4.723536958917975">
        <ele>-10.199999809265137</ele>
      </trkpt>
      <trkpt lat="52.57709177210927" lon="4.723541317507625">
        <ele>-10.199999809265137</ele>
      </trkpt>
      <trkpt lat="52.577107194811106" lon="4.723545843735337">
        <ele>-10.0</ele>
      </trkpt>
      <trkpt lat="52.577122785151005" lon="4.7235519625246525">
        <ele>-10.0</ele>
      </trkpt>
      <trkpt lat="52.57714063860476" lon="4.723561517894268">
        <ele>-10.199999809265137</ele>
      </trkpt>
      <trkpt lat="52.57715715095401" lon="4.723568810150027">
        <ele>-10.399999618530273</ele>
      </trkpt>
      <trkpt lat="52.577173160389066" lon="4.723578281700611">
        <ele>-10.600000381469727</ele>
      </trkpt>
      <trkpt lat="52.577188834548" lon="4.723586663603783">
        <ele>-10.800000190734863</ele>
      </trkpt>
      <trkpt lat="52.57720400579274" lon="4.723598230630159">
        <ele>-10.800000190734863</ele>
      </trkpt>
      <trkpt lat="52.5772181712091" lon="4.72360753454268">
        <ele>-11.0</ele>
      </trkpt>
      <trkpt lat="52.57723342627287" lon="4.723619353026152">
        <ele>-11.0</ele>
      </trkpt>
      <trkpt lat="52.57724801078439" lon="4.723627315834165">
        <ele>-11.199999809265137</ele>
      </trkpt>
      <trkpt lat="52.57726276293397" lon="4.723638212308288">
        <ele>-11.0</ele>
      </trkpt>
      <trkpt lat="52.57727826945484" lon="4.723646594211459">
        <ele>-11.0</ele>
      </trkpt>
      <trkpt lat="52.57729293778539" lon="4.723656149581075">
        <ele>-10.600000381469727</ele>
      </trkpt>
      <trkpt lat="52.57730819284916" lon="4.723664950579405">
        <ele>-10.600000381469727</ele>
      </trkpt>
      <trkpt lat="52.577322190627456" lon="4.723672913387418">
        <ele>-10.600000381469727</ele>
      </trkpt>
      <trkpt lat="52.577337361872196" lon="4.72368179820478">
        <ele>-10.399999618530273</ele>
      </trkpt>
      <trkpt lat="52.57735261693597" lon="4.7236900962889194">
        <ele>-10.399999618530273</ele>
      </trkpt>
      <trkpt lat="52.5773682910949" lon="4.72369990311563">
        <ele>-10.399999618530273</ele>
      </trkpt>
      <trkpt lat="52.57738094776869" lon="4.723706189543009">
        <ele>-10.199999809265137</ele>
      </trkpt>
      <trkpt lat="52.57739553228021" lon="4.723717421293259">
        <ele>-10.199999809265137</ele>
      </trkpt>
      <trkpt lat="52.57740852423012" lon="4.723725467920303">
        <ele>-10.199999809265137</ele>
      </trkpt>
      <trkpt lat="52.57742268964648" lon="4.723736699670553">
        <ele>-10.199999809265137</ele>
      </trkpt>
      <trkpt lat="52.57743710651994" lon="4.723745919764042">
        <ele>-10.199999809265137</ele>
      </trkpt>
      <trkpt lat="52.57745143957436" lon="4.723757654428482">
        <ele>-10.199999809265137</ele>
      </trkpt>
      <trkpt lat="52.57746694609523" lon="4.723766790702939">
        <ele>-10.0</ele>
      </trkpt>
      <trkpt lat="52.57748136296868" lon="4.723776848986745">
        <ele>-10.0</ele>
      </trkpt>
      <trkpt lat="52.57749678567052" lon="4.723785482347012">
        <ele>-10.0</ele>
      </trkpt>
      <trkpt lat="52.577512292191386" lon="4.7237952053546906">
        <ele>-10.0</ele>
      </trkpt>
      <trkpt lat="52.57752712816" lon="4.723802246153355">
        <ele>-10.0</ele>
      </trkpt>
      <trkpt lat="52.57754079066217" lon="4.723809706047177">
        <ele>-10.199999809265137</ele>
      </trkpt>
      <trkpt lat="52.57755696773529" lon="4.723818171769381">
        <ele>-10.199999809265137</ele>
      </trkpt>
      <trkpt lat="52.577571384608746" lon="4.723826553672552">
        <ele>-10.199999809265137</ele>
      </trkpt>
      <trkpt lat="52.57758823223412" lon="4.723837114870548">
        <ele>-10.199999809265137</ele>
      </trkpt>
      <trkpt lat="52.57760281674564" lon="4.723844490945339">
        <ele>-10.199999809265137</ele>
      </trkpt>
      <trkpt lat="52.57761798799038" lon="4.723852034658194">
        <ele>-10.199999809265137</ele>
      </trkpt>
      <trkpt lat="52.577632907778025" lon="4.723859829828143">
        <ele>-10.199999809265137</ele>
      </trkpt>
      <trkpt lat="52.57764833047986" lon="4.7238689661026">
        <ele>-10.399999618530273</ele>
      </trkpt>
      <trkpt lat="52.57766216062009" lon="4.723874498158693">
        <ele>-10.600000381469727</ele>
      </trkpt>
      <trkpt lat="52.57767682895064" lon="4.723883047699928">
        <ele>-10.800000190734863</ele>
      </trkpt>
      <trkpt lat="52.57769065909088" lon="4.72388899885118">
        <ele>-10.800000190734863</ele>
      </trkpt>
      <trkpt lat="52.57770532742143" lon="4.723895201459527">
        <ele>-10.800000190734863</ele>
      </trkpt>
      <trkpt lat="52.577720833942294" lon="4.723901487886906">
        <ele>-10.800000190734863</ele>
      </trkpt>
      <trkpt lat="52.57773583754897" lon="4.723908361047506">
        <ele>-10.800000190734863</ele>
      </trkpt>
      <trkpt lat="52.57775285281241" lon="4.723916072398424">
        <ele>-10.800000190734863</ele>
      </trkpt>
      <trkpt lat="52.57776752114296" lon="4.723919592797756">
        <ele>-10.199999809265137</ele>
      </trkpt>
      <trkpt lat="52.57778327912092" lon="4.723924286663532">
        <ele>-10.0</ele>
      </trkpt>
      <trkpt lat="52.57779819890857" lon="4.723930824548006">
        <ele>-10.199999809265137</ele>
      </trkpt>
      <trkpt lat="52.57781412452459" lon="4.723938619717956">
        <ele>-10.399999618530273</ele>
      </trkpt>
      <trkpt lat="52.57782820612192" lon="4.7239436488598585">
        <ele>-10.399999618530273</ele>
      </trkpt>
      <trkpt lat="52.57784270681441" lon="4.72395253367722">
        <ele>-10.399999618530273</ele>
      </trkpt>
      <trkpt lat="52.57785779424012" lon="4.72395739518106">
        <ele>-10.399999618530273</ele>
      </trkpt>
      <trkpt lat="52.57787221111357" lon="4.723965944722295">
        <ele>-10.399999618530273</ele>
      </trkpt>
      <trkpt lat="52.577888472005725" lon="4.723972314968705">
        <ele>-10.399999618530273</ele>
      </trkpt>
      <trkpt lat="52.57790288887918" lon="4.72397843375802">
        <ele>-10.399999618530273</ele>
      </trkpt>
      <trkpt lat="52.577919317409396" lon="4.723985809832811">
        <ele>-10.399999618530273</ele>
      </trkpt>
      <trkpt lat="52.577932393178344" lon="4.7239895816892385">
        <ele>-10.199999809265137</ele>
      </trkpt>
      <trkpt lat="52.577947564423084" lon="4.72400039434433">
        <ele>-10.0</ele>
      </trkpt>
      <trkpt lat="52.577961729839444" lon="4.724007602781057">
        <ele>-10.199999809265137</ele>
      </trkpt>
      <trkpt lat="52.57797681726515" lon="4.7240175772458315">
        <ele>-10.199999809265137</ele>
      </trkpt>
      <trkpt lat="52.577991066500545" lon="4.724024198949337">
        <ele>-10.0</ele>
      </trkpt>
      <trkpt lat="52.57800539955497" lon="4.724031491205096">
        <ele>-10.199999809265137</ele>
      </trkpt>
      <trkpt lat="52.57802015170455" lon="4.724038615822792">
        <ele>-10.399999618530273</ele>
      </trkpt>
      <trkpt lat="52.57803289219737" lon="4.724045237526298">
        <ele>-10.600000381469727</ele>
      </trkpt>
      <trkpt lat="52.57804605178535" lon="4.724053703248501">
        <ele>-10.800000190734863</ele>
      </trkpt>
      <trkpt lat="52.578278398141265" lon="4.724068874493241">
        <ele>-10.800000190734863</ele>
      </trkpt>
      <trkpt lat="52.578279906883836" lon="4.724073484539986">
        <ele>-10.800000190734863</ele>
      </trkpt>
      <trkpt lat="52.578282840549946" lon="4.724084381014109">
        <ele>-10.800000190734863</ele>
      </trkpt>
      <trkpt lat="52.578285187482834" lon="4.724091337993741">
        <ele>-10.800000190734863</ele>
      </trkpt>
      <trkpt lat="52.57828937843442" lon="4.724099049344659">
        <ele>-10.800000190734863</ele>
      </trkpt>
      <trkpt lat="52.578293485566974" lon="4.724111873656511">
        <ele>-10.399999618530273</ele>
      </trkpt>
      <trkpt lat="52.57829809561372" lon="4.724123440682888">
        <ele>-10.399999618530273</ele>
      </trkpt>
      <trkpt lat="52.578303292393684" lon="4.724137354642153">
        <ele>-10.199999809265137</ele>
      </trkpt>
      <trkpt lat="52.578310165554285" lon="4.724150933325291">
        <ele>-10.199999809265137</ele>
      </trkpt>
      <trkpt lat="52.578317960724235" lon="4.724167110398412">
        <ele>-10.199999809265137</ele>
      </trkpt>
      <trkpt lat="52.578326258808374" lon="4.724182868376374">
        <ele>-10.199999809265137</ele>
      </trkpt>
      <trkpt lat="52.57833522744477" lon="4.724199799820781">
        <ele>-10.0</ele>
      </trkpt>
      <trkpt lat="52.578343441709876" lon="4.724219078198075">
        <ele>-10.0</ele>
      </trkpt>
      <trkpt lat="52.57835375145078" lon="4.724238691851497">
        <ele>-10.0</ele>
      </trkpt>
      <trkpt lat="52.57836406119168" lon="4.724259981885552">
        <ele>-10.0</ele>
      </trkpt>
      <trkpt lat="52.57837504148483" lon="4.724279595538974">
        <ele>-10.199999809265137</ele>
      </trkpt>
      <trkpt lat="52.578385351225734" lon="4.724299963563681">
        <ele>-10.199999809265137</ele>
      </trkpt>
      <trkpt lat="52.578396163880825" lon="4.724320415407419">
        <ele>-10.199999809265137</ele>
      </trkpt>
      <trkpt lat="52.57840605452657" lon="4.724342543631792">
        <ele>-10.199999809265137</ele>
      </trkpt>
      <trkpt lat="52.57841728627682" lon="4.724365258589387">
        <ele>-10.199999809265137</ele>
      </trkpt>
      <trkpt lat="52.57842767983675" lon="4.724388225004077">
        <ele>-10.199999809265137</ele>
      </trkpt>
      <trkpt lat="52.578439582139254" lon="4.724412364885211">
        <ele>-10.199999809265137</ele>
      </trkpt>
      <trkpt lat="52.578449472784996" lon="4.724435498937964">
        <ele>-10.199999809265137</ele>
      </trkpt>
      <trkpt lat="52.5784595310688" lon="4.7244584653526545">
        <ele>-10.199999809265137</ele>
      </trkpt>
      <trkpt lat="52.57846883498132" lon="4.7244808450341225">
        <ele>-10.199999809265137</ele>
      </trkpt>
      <trkpt lat="52.578478809446096" lon="4.724502889439464">
        <ele>-10.199999809265137</ele>
      </trkpt>
      <trkpt lat="52.57848861627281" lon="4.724525101482868">
        <ele>-10.199999809265137</ele>
      </trkpt>
      <trkpt lat="52.578498339280486" lon="4.72454865463078">
        <ele>-10.199999809265137</ele>
      </trkpt>
      <trkpt lat="52.57850831374526" lon="4.724572543054819">
        <ele>-10.199999809265137</ele>
      </trkpt>
      <trkpt lat="52.57851870730519" lon="4.724598443135619">
        <ele>-10.199999809265137</ele>
      </trkpt>
      <trkpt lat="52.578529017046094" lon="4.72462342120707">
        <ele>-10.199999809265137</ele>
      </trkpt>
      <trkpt lat="52.578540751710534" lon="4.724649153649807">
        <ele>-10.199999809265137</ele>
      </trkpt>
      <trkpt lat="52.578551564365625" lon="4.724671952426434">
        <ele>-10.399999618530273</ele>
      </trkpt>
      <trkpt lat="52.57856304757297" lon="4.724696343764663">
        <ele>-10.399999618530273</ele>
      </trkpt>
      <trkpt lat="52.578573022037745" lon="4.724719896912575">
        <ele>-10.399999618530273</ele>
      </trkpt>
      <trkpt lat="52.57858291268349" lon="4.7247417736798525">
        <ele>-10.199999809265137</ele>
      </trkpt>
      <trkpt lat="52.578592551872134" lon="4.724764404818416">
        <ele>-10.0</ele>
      </trkpt>
      <trkpt lat="52.57860202342272" lon="4.724787455052137">
        <ele>-10.0</ele>
      </trkpt>
      <trkpt lat="52.57861132733524" lon="4.724810756742954">
        <ele>-10.0</ele>
      </trkpt>
      <trkpt lat="52.57862105034292" lon="4.724833890795708">
        <ele>-10.0</ele>
      </trkpt>
      <trkpt lat="52.57863127626479" lon="4.7248581144958735">
        <ele>-9.800000190734863</ele>
      </trkpt>
      <trkpt lat="52.578640496358275" lon="4.724881248548627">
        <ele>-9.800000190734863</ele>
      </trkpt>
      <trkpt lat="52.578649716451764" lon="4.724905556067824">
        <ele>-10.0</ele>
      </trkpt>
      <trkpt lat="52.57865885272622" lon="4.724928941577673">
        <ele>-9.800000190734863</ele>
      </trkpt>
      <trkpt lat="52.57866807281971" lon="4.724954338744283">
        <ele>-9.800000190734863</ele>
      </trkpt>
      <trkpt lat="52.5786772929132" lon="4.72497814334929">
        <ele>-9.800000190734863</ele>
      </trkpt>
      <trkpt lat="52.578687435016036" lon="4.725001445040107">
        <ele>-9.800000190734863</ele>
      </trkpt>
      <trkpt lat="52.57869648747146" lon="4.725024914368987">
        <ele>-9.800000190734863</ele>
      </trkpt>
      <trkpt lat="52.57870579138398" lon="4.725047294050455">
        <ele>-9.800000190734863</ele>
      </trkpt>
      <trkpt lat="52.57871492765844" lon="4.725071936845779">
        <ele>-9.800000190734863</ele>
      </trkpt>
      <trkpt lat="52.57872414775193" lon="4.725096328184009">
        <ele>-10.0</ele>
      </trkpt>
      <trkpt lat="52.57873311638832" lon="4.725120132789016">
        <ele>-9.800000190734863</ele>
      </trkpt>
      <trkpt lat="52.57874242030084" lon="4.725144607946277">
        <ele>-10.0</ele>
      </trkpt>
      <trkpt lat="52.57875105366111" lon="4.72516824491322">
        <ele>-10.199999809265137</ele>
      </trkpt>
      <trkpt lat="52.57876044139266" lon="4.725192133337259">
        <ele>-10.199999809265137</ele>
      </trkpt>
      <trkpt lat="52.5787703320384" lon="4.7252141777426">
        <ele>-10.0</ele>
      </trkpt>
      <trkpt lat="52.57877997122705" lon="4.725237479433417">
        <ele>-10.0</ele>
      </trkpt>
      <trkpt lat="52.5787896104157" lon="4.725260362029076">
        <ele>-10.0</ele>
      </trkpt>
      <trkpt lat="52.578799333423376" lon="4.725283160805702">
        <ele>-10.0</ele>
      </trkpt>
      <trkpt lat="52.57880964316428" lon="4.725305205211043">
        <ele>-10.0</ele>
      </trkpt>
      <trkpt lat="52.57881953381002" lon="4.725328339263797">
        <ele>-9.800000190734863</ele>
      </trkpt>
      <trkpt lat="52.57882967591286" lon="4.72535097040236">
        <ele>-9.800000190734863</ele>
      </trkpt>
      <trkpt lat="52.57883965037763" lon="4.725374355912209">
        <ele>-10.0</ele>
      </trkpt>
      <trkpt lat="52.57884996011853" lon="4.725396819412708">
        <ele>-9.800000190734863</ele>
      </trkpt>
      <trkpt lat="52.57885968312621" lon="4.72541986964643">
        <ele>-9.800000190734863</ele>
      </trkpt>
      <trkpt lat="52.578869573771954" lon="4.725442081689835">
        <ele>-9.600000381469727</ele>
      </trkpt>
      <trkpt lat="52.57887912914157" lon="4.7254642099142075">
        <ele>-9.600000381469727</ele>
      </trkpt>
      <trkpt lat="52.578889187425375" lon="4.725486757233739">
        <ele>-9.800000190734863</ele>
      </trkpt>
      <trkpt lat="52.57889907807112" lon="4.725509388372302">
        <ele>-10.0</ele>
      </trkpt>
      <trkpt lat="52.57890947163105" lon="4.725531684234738">
        <ele>-10.0</ele>
      </trkpt>
      <trkpt lat="52.578920032829046" lon="4.725554650649428">
        <ele>-10.0</ele>
      </trkpt>
      <trkpt lat="52.5789310131222" lon="4.725576862692833">
        <ele>-10.0</ele>
      </trkpt>
      <trkpt lat="52.57894216105342" lon="4.725598907098174">
        <ele>-10.0</ele>
      </trkpt>
      <trkpt lat="52.57895288988948" lon="4.725620448589325">
        <ele>-10.199999809265137</ele>
      </trkpt>
      <trkpt lat="52.57896328344941" lon="4.725643079727888">
        <ele>-10.199999809265137</ele>
      </trkpt>
      <trkpt lat="52.57897443138063" lon="4.725663950666785">
        <ele>-9.800000190734863</ele>
      </trkpt>
      <trkpt lat="52.57898482494056" lon="4.725685911253095">
        <ele>-10.0</ele>
      </trkpt>
      <trkpt lat="52.578995721414685" lon="4.7257074527442455">
        <ele>-9.800000190734863</ele>
      </trkpt>
      <trkpt lat="52.57900628261268" lon="4.725729748606682">
        <ele>-10.199999809265137</ele>
      </trkpt>
      <trkpt lat="52.57901659235358" lon="4.7257516253739595">
        <ele>-9.800000190734863</ele>
      </trkpt>
      <trkpt lat="52.579026063904166" lon="4.725773921236396">
        <ele>-10.199999809265137</ele>
      </trkpt>
      <trkpt lat="52.57903595454991" lon="4.725795462727547">
        <ele>-10.0</ele>
      </trkpt>
      <trkpt lat="52.579046096652746" lon="4.725816668942571">
        <ele>-10.199999809265137</ele>
      </trkpt>
      <trkpt lat="52.579057328402996" lon="4.725836366415024">
        <ele>-9.800000190734863</ele>
      </trkpt>
      <trkpt lat="52.57906814105809" lon="4.7258570697158575">
        <ele>-10.0</ele>
      </trkpt>
      <trkpt lat="52.57907945662737" lon="4.725876599550247">
        <ele>-10.0</ele>
      </trkpt>
      <trkpt lat="52.57909261621535" lon="4.725897051393986">
        <ele>-10.0</ele>
      </trkpt>
      <trkpt lat="52.57910451851785" lon="4.725917167961597">
        <ele>-10.0</ele>
      </trkpt>
      <trkpt lat="52.5791175942868" lon="4.725936697795987">
        <ele>-10.0</ele>
      </trkpt>
      <trkpt lat="52.57913083769381" lon="4.725954718887806">
        <ele>-10.0</ele>
      </trkpt>
      <trkpt lat="52.579143829643726" lon="4.725974081084132">
        <ele>-10.0</ele>
      </trkpt>
      <trkpt lat="52.5791572406888" lon="4.725991934537888">
        <ele>-10.0</ele>
      </trkpt>
      <trkpt lat="52.57916947826743" lon="4.726011045277119">
        <ele>-10.0</ele>
      </trkpt>
      <trkpt lat="52.579183392226696" lon="4.7260290663689375">
        <ele>-9.800000190734863</ele>
      </trkpt>
      <trkpt lat="52.57919596508145" lon="4.726048763841391">
        <ele>-10.0</ele>
      </trkpt>
      <trkpt lat="52.579209795221686" lon="4.726066365838051">
        <ele>-10.0</ele>
      </trkpt>
      <trkpt lat="52.57922253571451" lon="4.726085057482123">
        <ele>-10.0</ele>
      </trkpt>
      <trkpt lat="52.579235695302486" lon="4.726102827116847">
        <ele>-10.0</ele>
      </trkpt>
      <trkpt lat="52.57924902252853" lon="4.726120764389634">
        <ele>-10.0</ele>
      </trkpt>
      <trkpt lat="52.57926419377327" lon="4.726137276738882">
        <ele>-9.800000190734863</ele>
      </trkpt>
      <trkpt lat="52.579278107732534" lon="4.726155549287796">
        <ele>-9.800000190734863</ele>
      </trkpt>
      <trkpt lat="52.57929218932986" lon="4.726172145456076">
        <ele>-9.800000190734863</ele>
      </trkpt>
      <trkpt lat="52.57930585183203" lon="4.726190334185958">
        <ele>-9.800000190734863</ele>
      </trkpt>
      <trkpt lat="52.57931943051517" lon="4.726207097992301">
        <ele>-9.800000190734863</ele>
      </trkpt>
      <trkpt lat="52.57933225482702" lon="4.726224448531866">
        <ele>-9.600000381469727</ele>
      </trkpt>
      <trkpt lat="52.57934742607176" lon="4.726240960881114">
        <ele>-9.600000381469727</ele>
      </trkpt>
      <trkpt lat="52.5793610047549" lon="4.726258059963584">
        <ele>-9.600000381469727</ele>
      </trkpt>
      <trkpt lat="52.57937575690448" lon="4.726274656131864">
        <ele>-9.600000381469727</ele>
      </trkpt>
      <trkpt lat="52.579388581216335" lon="4.726292844861746">
        <ele>-9.800000190734863</ele>
      </trkpt>
      <trkpt lat="52.57940207608044" lon="4.72631111741066">
        <ele>-9.800000190734863</ele>
      </trkpt>
      <trkpt lat="52.57941573858261" lon="4.726329892873764">
        <ele>-10.0</ele>
      </trkpt>
      <trkpt lat="52.579429987818" lon="4.726346991956234">
        <ele>-10.0</ele>
      </trkpt>
      <trkpt lat="52.579442812129855" lon="4.726364342495799">
        <ele>-10.0</ele>
      </trkpt>
      <trkpt lat="52.57945756427944" lon="4.726382698863745">
        <ele>-10.199999809265137</ele>
      </trkpt>
      <trkpt lat="52.579469634220004" lon="4.726401390507817">
        <ele>-10.199999809265137</ele>
      </trkpt>
      <trkpt lat="52.57948296144605" lon="4.72642108798027">
        <ele>-10.199999809265137</ele>
      </trkpt>
      <trkpt lat="52.57949545048177" lon="4.7264401987195015">
        <ele>-10.199999809265137</ele>
      </trkpt>
      <trkpt lat="52.57951045408845" lon="4.726459225639701">
        <ele>-10.199999809265137</ele>
      </trkpt>
      <trkpt lat="52.57952235639095" lon="4.72648068331182">
        <ele>-10.199999809265137</ele>
      </trkpt>
      <trkpt lat="52.579535096883774" lon="4.726500464603305">
        <ele>-10.199999809265137</ele>
      </trkpt>
      <trkpt lat="52.57954800501466" lon="4.726520581170917">
        <ele>-10.199999809265137</ele>
      </trkpt>
      <trkpt lat="52.579561583697796" lon="4.726537009701133">
        <ele>-10.199999809265137</ele>
      </trkpt>
      <trkpt lat="52.5795734860003" lon="4.726556958630681">
        <ele>-10.199999809265137</ele>
      </trkpt>
      <trkpt lat="52.57958664558828" lon="4.726577661931515">
        <ele>-10.399999618530273</ele>
      </trkpt>
      <trkpt lat="52.57959787733853" lon="4.726600544527173">
        <ele>-10.199999809265137</ele>
      </trkpt>
      <trkpt lat="52.579608438536525" lon="4.726621834561229">
        <ele>-10.0</ele>
      </trkpt>
      <trkpt lat="52.57961933501065" lon="4.72664337605238">
        <ele>-10.0</ele>
      </trkpt>
      <trkpt lat="52.57962930947542" lon="4.7266637440770864">
        <ele>-10.0</ele>
      </trkpt>
      <trkpt lat="52.57963987067342" lon="4.726684531196952">
        <ele>-10.0</ele>
      </trkpt>
      <trkpt lat="52.57964925840497" lon="4.726705905050039">
        <ele>-10.0</ele>
      </trkpt>
      <trkpt lat="52.57965856231749" lon="4.726728033274412">
        <ele>-10.0</ele>
      </trkpt>
      <trkpt lat="52.57966929115355" lon="4.726751921698451">
        <ele>-10.199999809265137</ele>
      </trkpt>
      <trkpt lat="52.57967851124704" lon="4.726775139570236">
        <ele>-10.199999809265137</ele>
      </trkpt>
      <trkpt lat="52.57968781515956" lon="4.726801291108131">
        <ele>-10.199999809265137</ele>
      </trkpt>
      <trkpt lat="52.57969619706273" lon="4.7268260177224874">
        <ele>-10.199999809265137</ele>
      </trkpt>
      <trkpt lat="52.57970432750881" lon="4.72685107961297">
        <ele>-10.199999809265137</ele>
      </trkpt>
      <trkpt lat="52.57971086539328" lon="4.72687647677958">
        <ele>-10.199999809265137</ele>
      </trkpt>
      <trkpt lat="52.579717403277755" lon="4.726901371032">
        <ele>-10.199999809265137</ele>
      </trkpt>
      <trkpt lat="52.57972301915288" lon="4.726927103474736">
        <ele>-10.199999809265137</ele>
      </trkpt>
      <trkpt lat="52.57972804829478" lon="4.72695367410779">
        <ele>-10.199999809265137</ele>
      </trkpt>
      <trkpt lat="52.579731652513146" lon="4.726980663836002">
        <ele>-10.199999809265137</ele>
      </trkpt>
      <trkpt lat="52.57973525673151" lon="4.727007234469056">
        <ele>-10.199999809265137</ele>
      </trkpt>
      <trkpt lat="52.57973726838827" lon="4.727035900577903">
        <ele>-10.199999809265137</ele>
      </trkpt>
      <trkpt lat="52.57973827421665" lon="4.7270651534199715">
        <ele>-10.399999618530273</ele>
      </trkpt>
      <trkpt lat="52.57973928004503" lon="4.72709490917623">
        <ele>-10.399999618530273</ele>
      </trkpt>
      <trkpt lat="52.579739363864064" lon="4.727123072370887">
        <ele>-10.399999618530273</ele>
      </trkpt>
      <trkpt lat="52.57974003441632" lon="4.7271517384797335">
        <ele>-10.399999618530273</ele>
      </trkpt>
      <trkpt lat="52.57973978295922" lon="4.727178979665041">
        <ele>-10.399999618530273</ele>
      </trkpt>
      <trkpt lat="52.57973911240697" lon="4.727205298841">
        <ele>-10.399999618530273</ele>
      </trkpt>
      <trkpt lat="52.57973810657859" lon="4.727232791483402">
        <ele>-10.399999618530273</ele>
      </trkpt>
      <trkpt lat="52.57973726838827" lon="4.727259613573551">
        <ele>-10.399999618530273</ele>
      </trkpt>
      <trkpt lat="52.57973617874086" lon="4.727287860587239">
        <ele>-10.399999618530273</ele>
      </trkpt>
      <trkpt lat="52.579733580350876" lon="4.727313341572881">
        <ele>-10.199999809265137</ele>
      </trkpt>
      <trkpt lat="52.579730143770576" lon="4.72734066657722">
        <ele>-10.0</ele>
      </trkpt>
      <trkpt lat="52.57972695864737" lon="4.7273667342960835">
        <ele>-10.199999809265137</ele>
      </trkpt>
      <trkpt lat="52.57972352206707" lon="4.727394226938486">
        <ele>-10.199999809265137</ele>
      </trkpt>
      <trkpt lat="52.57972025312483" lon="4.727420127019286">
        <ele>-10.0</ele>
      </trkpt>
      <trkpt lat="52.57971606217325" lon="4.727447368204594">
        <ele>-10.0</ele>
      </trkpt>
      <trkpt lat="52.57971237413585" lon="4.727472765371203">
        <ele>-10.0</ele>
      </trkpt>
      <trkpt lat="52.57970851846039" lon="4.727498833090067">
        <ele>-10.0</ele>
      </trkpt>
      <trkpt lat="52.57970449514687" lon="4.727524649351835">
        <ele>-10.0</ele>
      </trkpt>
      <trkpt lat="52.579701310023665" lon="4.727551722899079">
        <ele>-10.0</ele>
      </trkpt>
      <trkpt lat="52.57969711907208" lon="4.727575359866023">
        <ele>-10.0</ele>
      </trkpt>
      <trkpt lat="52.57969225756824" lon="4.727601343765855">
        <ele>-9.800000190734863</ele>
      </trkpt>
      <trkpt lat="52.57968672551215" lon="4.727626238018274">
        <ele>-9.800000190734863</ele>
      </trkpt>
      <trkpt lat="52.57968152873218" lon="4.727653227746487">
        <ele>-9.800000190734863</ele>
      </trkpt>
      <trkpt lat="52.57967666722834" lon="4.727678205817938">
        <ele>-9.600000381469727</ele>
      </trkpt>
      <trkpt lat="52.579671051353216" lon="4.727704441174865">
        <ele>-9.600000381469727</ele>
      </trkpt>
      <trkpt lat="52.57966401055455" lon="4.727730257436633">
        <ele>-9.600000381469727</ele>
      </trkpt>
      <trkpt lat="52.5796580594033" lon="4.727757163345814">
        <ele>-9.600000381469727</ele>
      </trkpt>
      <trkpt lat="52.57965185679495" lon="4.727783817797899">
        <ele>-9.600000381469727</ele>
      </trkpt>
      <trkpt lat="52.57964489981532" lon="4.727810639888048">
        <ele>-9.600000381469727</ele>
      </trkpt>
      <trkpt lat="52.579638781026006" lon="4.727837294340134">
        <ele>-9.800000190734863</ele>
      </trkpt>
      <trkpt lat="52.5796321593225" lon="4.727865122258663">
        <ele>-9.800000190734863</ele>
      </trkpt>
      <trkpt lat="52.57962545379996" lon="4.727893620729446">
        <ele>-10.0</ele>
      </trkpt>
      <trkpt lat="52.57962050847709" lon="4.7279206942766905">
        <ele>-10.0</ele>
      </trkpt>
      <trkpt lat="52.57961413823068" lon="4.7279477678239346">
        <ele>-9.800000190734863</ele>
      </trkpt>
      <trkpt lat="52.57960709743202" lon="4.7279740031808615">
        <ele>-9.800000190734863</ele>
      </trkpt>
      <trkpt lat="52.579601062461734" lon="4.728000573813915">
        <ele>-9.800000190734863</ele>
      </trkpt>
      <trkpt lat="52.57959611713886" lon="4.728026976808906">
        <ele>-9.800000190734863</ele>
      </trkpt>
      <trkpt lat="52.57959058508277" lon="4.728054720908403">
        <ele>-9.800000190734863</ele>
      </trkpt>
      <trkpt lat="52.579586477950215" lon="4.728080118075013">
        <ele>-9.800000190734863</ele>
      </trkpt>
      <trkpt lat="52.57958178408444" lon="4.728107023984194">
        <ele>-9.800000190734863</ele>
      </trkpt>
      <trkpt lat="52.57957633584738" lon="4.728132672607899">
        <ele>-9.600000381469727</ele>
      </trkpt>
      <trkpt lat="52.57957122288644" lon="4.728159578517079">
        <ele>-9.399999618530273</ele>
      </trkpt>
      <trkpt lat="52.57956921122968" lon="4.728185394778848">
        <ele>-9.199999809265137</ele>
      </trkpt>
      <trkpt lat="52.57956619374454" lon="4.728213306516409">
        <ele>-9.199999809265137</ele>
      </trkpt>
      <trkpt lat="52.57956334389746" lon="4.7282396256923676">
        <ele>-9.199999809265137</ele>
      </trkpt>
      <trkpt lat="52.57956082932651" lon="4.728268291801214">
        <ele>-9.199999809265137</ele>
      </trkpt>
      <trkpt lat="52.579558650031686" lon="4.728295868262649">
        <ele>-9.399999618530273</ele>
      </trkpt>
      <trkpt lat="52.5795560516417" lon="4.7283242829144">
        <ele>-9.399999618530273</ele>
      </trkpt>
      <trkpt lat="52.57955387234688" lon="4.7283512726426125">
        <ele>-9.399999618530273</ele>
      </trkpt>
      <trkpt lat="52.57955186069012" lon="4.728380022570491">
        <ele>-9.399999618530273</ele>
      </trkpt>
      <trkpt lat="52.57955018430948" lon="4.7284075152128935">
        <ele>-9.399999618530273</ele>
      </trkpt>
      <trkpt lat="52.579548340290785" lon="4.72843618132174">
        <ele>-9.399999618530273</ele>
      </trkpt>
      <trkpt lat="52.579546412453055" lon="4.728463590145111">
        <ele>-9.399999618530273</ele>
      </trkpt>
      <trkpt lat="52.57954532280564" lon="4.728493010625243">
        <ele>-9.399999618530273</ele>
      </trkpt>
      <trkpt lat="52.579543981701136" lon="4.728521257638931">
        <ele>-9.399999618530273</ele>
      </trkpt>
      <trkpt lat="52.57954305969179" lon="4.7285503428429365">
        <ele>-9.399999618530273</ele>
      </trkpt>
      <trkpt lat="52.57954138331115" lon="4.728580350056291">
        <ele>-10.0</ele>
      </trkpt>
      <trkpt lat="52.579539623111486" lon="4.728610524907708">
        <ele>-10.199999809265137</ele>
      </trkpt>
      <trkpt lat="52.57953769527376" lon="4.728640448302031">
        <ele>-10.199999809265137</ele>
      </trkpt>
      <trkpt lat="52.57953694090247" lon="4.728671545162797">
        <ele>-10.199999809265137</ele>
      </trkpt>
      <trkpt lat="52.57953451015055" lon="4.72870004363358">
        <ele>-10.199999809265137</ele>
      </trkpt>
      <trkpt lat="52.5795338395983" lon="4.728728458285332">
        <ele>-10.199999809265137</ele>
      </trkpt>
      <trkpt lat="52.57953283376992" lon="4.7287567891180515">
        <ele>-10.199999809265137</ele>
      </trkpt>
      <trkpt lat="52.5795319955796" lon="4.728783946484327">
        <ele>-9.800000190734863</ele>
      </trkpt>
      <trkpt lat="52.57953057065606" lon="4.728812864050269">
        <ele>-9.800000190734863</ele>
      </trkpt>
      <trkpt lat="52.57952864281833" lon="4.72884027287364">
        <ele>-9.600000381469727</ele>
      </trkpt>
      <trkpt lat="52.57952746935189" lon="4.728868687525392">
        <ele>-9.600000381469727</ele>
      </trkpt>
      <trkpt lat="52.579526379704475" lon="4.728894168511033">
        <ele>-9.600000381469727</ele>
      </trkpt>
      <trkpt lat="52.57952554151416" lon="4.728921661153436">
        <ele>-9.600000381469727</ele>
      </trkpt>
      <trkpt lat="52.579522943124175" lon="4.7289476450532675">
        <ele>-9.600000381469727</ele>
      </trkpt>
      <trkpt lat="52.57952218875289" lon="4.728974970057607">
        <ele>-9.600000381469727</ele>
      </trkpt>
      <trkpt lat="52.57952218875289" lon="4.729001289233565">
        <ele>-9.600000381469727</ele>
      </trkpt>
      <trkpt lat="52.57951875217259" lon="4.729027524590492">
        <ele>-9.600000381469727</ele>
      </trkpt>
      <trkpt lat="52.57951724343002" lon="4.729053173214197">
        <ele>-9.399999618530273</ele>
      </trkpt>
      <trkpt lat="52.57951581850648" lon="4.729080498218536">
        <ele>-9.399999618530273</ele>
      </trkpt>
      <trkpt lat="52.57951430976391" lon="4.729106817394495">
        <ele>-9.399999618530273</ele>
      </trkpt>
      <trkpt lat="52.57951305247843" lon="4.729135315865278">
        <ele>-9.399999618530273</ele>
      </trkpt>
      <trkpt lat="52.57951154373586" lon="4.7291620541363955">
        <ele>-9.399999618530273</ele>
      </trkpt>
      <trkpt lat="52.57950961589813" lon="4.729190468788147">
        <ele>-9.399999618530273</ele>
      </trkpt>
      <trkpt lat="52.579507771879435" lon="4.729217793792486">
        <ele>-9.399999618530273</ele>
      </trkpt>
      <trkpt lat="52.5795060954988" lon="4.72924486733973">
        <ele>-9.399999618530273</ele>
      </trkpt>
      <trkpt lat="52.579503916203976" lon="4.72927269525826">
        <ele>-9.600000381469727</ele>
      </trkpt>
      <trkpt lat="52.57950316183269" lon="4.72929666750133">
        <ele>-9.600000381469727</ele>
      </trkpt>
      <trkpt lat="52.5795026589185" lon="4.729319969192147">
        <ele>-9.600000381469727</ele>
      </trkpt>
      <trkpt lat="52.57950358092785" lon="4.729341343045235">
        <ele>-9.600000381469727</ele>
      </trkpt>
      <trkpt lat="52.57950400002301" lon="4.7293621301651">
        <ele>-9.800000190734863</ele>
      </trkpt>
      <trkpt lat="52.579503916203976" lon="4.729381073266268">
        <ele>-9.600000381469727</ele>
      </trkpt>
      <trkpt lat="52.57950475439429" lon="4.729397753253579">
        <ele>-9.600000381469727</ele>
      </trkpt>
      <trkpt lat="52.579504335299134" lon="4.729412337765098">
        <ele>-9.800000190734863</ele>
      </trkpt>
      <trkpt lat="52.57950349710882" lon="4.729427425190806">
        <ele>-9.800000190734863</ele>
      </trkpt>
      <trkpt lat="52.57950131781399" lon="4.729442177340388">
        <ele>-9.800000190734863</ele>
      </trkpt>
      <trkpt lat="52.57949989289045" lon="4.729455001652241">
        <ele>-9.800000190734863</ele>
      </trkpt>
      <trkpt lat="52.57950064726174" lon="4.7294695023447275">
        <ele>-9.800000190734863</ele>
      </trkpt>
      <trkpt lat="52.57950215600431" lon="4.72948182374239">
        <ele>-9.800000190734863</ele>
      </trkpt>
      <trkpt lat="52.57950366474688" lon="4.729493139311671">
        <ele>-9.800000190734863</ele>
      </trkpt>
      <trkpt lat="52.579503329470754" lon="4.729503449052572">
        <ele>-9.800000190734863</ele>
      </trkpt>
      <trkpt lat="52.57950500585139" lon="4.7295119147747755">
        <ele>-9.600000381469727</ele>
      </trkpt>
      <trkpt lat="52.57950718514621" lon="4.7295192908495665">
        <ele>-9.600000381469727</ele>
      </trkpt>
      <trkpt lat="52.57950819097459" lon="4.729526750743389">
        <ele>-9.600000381469727</ele>
      </trkpt>
      <trkpt lat="52.57950869388878" lon="4.729533875361085">
        <ele>-9.600000381469727</ele>
      </trkpt>
      <trkpt lat="52.579507855698466" lon="4.729541335254908">
        <ele>-9.600000381469727</ele>
      </trkpt>
      <trkpt lat="52.579506263136864" lon="4.729548543691635">
        <ele>-9.600000381469727</ele>
      </trkpt>
      <trkpt lat="52.579504922032356" lon="4.729555333033204">
        <ele>-9.600000381469727</ele>
      </trkpt>
      <trkpt lat="52.57950525730848" lon="4.729561870917678">
        <ele>-9.600000381469727</ele>
      </trkpt>
      <trkpt lat="52.57950617931783" lon="4.729568660259247">
        <ele>-9.800000190734863</ele>
      </trkpt>
      <trkpt lat="52.57950601167977" lon="4.7295737732201815">
        <ele>-10.0</ele>
      </trkpt>
      <trkpt lat="52.57950659841299" lon="4.729578047990799">
        <ele>-10.0</ele>
      </trkpt>
      <trkpt lat="52.57950668223202" lon="4.729582741856575">
        <ele>-10.600000381469727</ele>
      </trkpt>
      <trkpt lat="52.579507771879435" lon="4.729590956121683">
        <ele>-10.600000381469727</ele>
      </trkpt>
      <trkpt lat="52.5795095320791" lon="4.729597577825189">
        <ele>-10.600000381469727</ele>
      </trkpt>
      <trkpt lat="52.57950886152685" lon="4.729602858424187">
        <ele>-10.600000381469727</ele>
      </trkpt>
      <trkpt lat="52.57950869388878" lon="4.729608558118343">
        <ele>-10.600000381469727</ele>
      </trkpt>
      <trkpt lat="52.57950869388878" lon="4.7296220529824495">
        <ele>-10.600000381469727</ele>
      </trkpt>
      <trkpt lat="52.57950760424137" lon="4.729634374380112">
        <ele>-10.600000381469727</ele>
      </trkpt>
      <trkpt lat="52.579508274793625" lon="4.729652060195804">
        <ele>-10.600000381469727</ele>
      </trkpt>
      <trkpt lat="52.5795076880604" lon="4.7296706680208445">
        <ele>-10.600000381469727</ele>
      </trkpt>
      <trkpt lat="52.579507268965244" lon="4.7296918742358685">
        <ele>-10.600000381469727</ele>
      </trkpt>
      <trkpt lat="52.57950500585139" lon="4.729716181755066">
        <ele>-10.600000381469727</ele>
      </trkpt>
      <trkpt lat="52.57950257509947" lon="4.729741746559739">
        <ele>-10.600000381469727</ele>
      </trkpt>
      <trkpt lat="52.57949972525239" lon="4.72976915538311">
        <ele>-10.600000381469727</ele>
      </trkpt>
      <trkpt lat="52.57949955761433" lon="4.729797067120671">
        <ele>-10.600000381469727</ele>
      </trkpt>
      <trkpt lat="52.579498467966914" lon="4.729824643582106">
        <ele>-10.600000381469727</ele>
      </trkpt>
      <trkpt lat="52.579497965052724" lon="4.729854818433523">
        <ele>-10.600000381469727</ele>
      </trkpt>
      <trkpt lat="52.57949838414788" lon="4.729882478713989">
        <ele>-10.399999618530273</ele>
      </trkpt>
      <trkpt lat="52.57949721068144" lon="4.729912569746375">
        <ele>-10.199999809265137</ele>
      </trkpt>
      <trkpt lat="52.57949679158628" lon="4.729941738769412">
        <ele>-10.0</ele>
      </trkpt>
      <trkpt lat="52.579493690282106" lon="4.729973925277591">
        <ele>-9.600000381469727</ele>
      </trkpt>
      <trkpt lat="52.579490672796965" lon="4.730003932490945">
        <ele>-9.399999618530273</ele>
      </trkpt>
      <trkpt lat="52.57948664948344" lon="4.730036118999124">
        <ele>-9.399999618530273</ele>
      </trkpt>
      <trkpt lat="52.579484302550554" lon="4.730066042393446">
        <ele>-9.199999809265137</ele>
      </trkpt>
      <trkpt lat="52.57948053069413" lon="4.730097558349371">
        <ele>-9.199999809265137</ele>
      </trkpt>
      <trkpt lat="52.57947726175189" lon="4.7301271464675665">
        <ele>-9.199999809265137</ele>
      </trkpt>
      <trkpt lat="52.5794751662761" lon="4.730157153680921">
        <ele>-9.199999809265137</ele>
      </trkpt>
      <trkpt lat="52.579472567886114" lon="4.730187747627497">
        <ele>-9.199999809265137</ele>
      </trkpt>
      <trkpt lat="52.579471142962575" lon="4.730217168107629">
        <ele>-9.199999809265137</ele>
      </trkpt>
      <trkpt lat="52.57946837693453" lon="4.730247175320983">
        <ele>-9.600000381469727</ele>
      </trkpt>
      <trkpt lat="52.57946653291583" lon="4.730274667963386">
        <ele>-9.800000190734863</ele>
      </trkpt>
      <trkpt lat="52.57946368306875" lon="4.7303050104528666">
        <ele>-9.800000190734863</ele>
      </trkpt>
      <trkpt lat="52.579460833221674" lon="4.730332335457206">
        <ele>-9.800000190734863</ele>
      </trkpt>
      <trkpt lat="52.5794561393559" lon="4.730362677946687">
        <ele>-9.800000190734863</ele>
      </trkpt>
      <trkpt lat="52.579454043880105" lon="4.73039117641747">
        <ele>-9.800000190734863</ele>
      </trkpt>
      <trkpt lat="52.57945236749947" lon="4.730421267449856">
        <ele>-9.800000190734863</ele>
      </trkpt>
      <trkpt lat="52.57945027202368" lon="4.7304493468254805">
        <ele>-9.800000190734863</ele>
      </trkpt>
      <trkpt lat="52.57944859564304" lon="4.730480024591088">
        <ele>-9.800000190734863</ele>
      </trkpt>
      <trkpt lat="52.57944708690047" lon="4.730507684871554">
        <ele>-9.800000190734863</ele>
      </trkpt>
      <trkpt lat="52.57944599725306" lon="4.730537021532655">
        <ele>-9.800000190734863</ele>
      </trkpt>
      <trkpt lat="52.579444320872426" lon="4.730566525831819">
        <ele>-9.800000190734863</ele>
      </trkpt>
      <trkpt lat="52.57944297976792" lon="4.730596533045173">
        <ele>-9.800000190734863</ele>
      </trkpt>
      <trkpt lat="52.579440800473094" lon="4.730626540258527">
        <ele>-9.800000190734863</ele>
      </trkpt>
      <trkpt lat="52.57943929173052" lon="4.730655374005437">
        <ele>-9.800000190734863</ele>
      </trkpt>
      <trkpt lat="52.57943719625473" lon="4.730684626847506">
        <ele>-9.800000190734863</ele>
      </trkpt>
      <trkpt lat="52.57943560369313" lon="4.730712790042162">
        <ele>-9.800000190734863</ele>
      </trkpt>
      <trkpt lat="52.57943267002702" lon="4.7307435516268015">
        <ele>-9.800000190734863</ele>
      </trkpt>
      <trkpt lat="52.57943082600832" lon="4.730770541355014">
        <ele>-9.600000381469727</ele>
      </trkpt>
      <trkpt lat="52.579428646713495" lon="4.730800464749336">
        <ele>-9.399999618530273</ele>
      </trkpt>
      <trkpt lat="52.57942789234221" lon="4.730828208848834">
        <ele>-9.399999618530273</ele>
      </trkpt>
      <trkpt lat="52.57942588068545" lon="4.730857713147998">
        <ele>-9.399999618530273</ele>
      </trkpt>
      <trkpt lat="52.57942512631416" lon="4.7308852057904005">
        <ele>-9.399999618530273</ele>
      </trkpt>
      <trkpt lat="52.579424707219005" lon="4.730913871899247">
        <ele>-9.399999618530273</ele>
      </trkpt>
      <trkpt lat="52.57942361757159" lon="4.730943460017443">
        <ele>-9.399999618530273</ele>
      </trkpt>
      <trkpt lat="52.57942236028612" lon="4.730972461402416">
        <ele>-9.399999618530273</ele>
      </trkpt>
      <trkpt lat="52.579421270638704" lon="4.731001211330295">
        <ele>-9.399999618530273</ele>
      </trkpt>
      <trkpt lat="52.579420348629355" lon="4.731029709801078">
        <ele>-9.600000381469727</ele>
      </trkpt>
      <trkpt lat="52.57941900752485" lon="4.731058040633798">
        <ele>-9.600000381469727</ele>
      </trkpt>
      <trkpt lat="52.57941766642034" lon="4.7310869581997395">
        <ele>-9.600000381469727</ele>
      </trkpt>
      <trkpt lat="52.57941666059196" lon="4.731116043403745">
        <ele>-9.600000381469727</ele>
      </trkpt>
      <trkpt lat="52.579415990039706" lon="4.73114563152194">
        <ele>-9.600000381469727</ele>
      </trkpt>
      <trkpt lat="52.57941414602101" lon="4.731175052002072">
        <ele>-9.600000381469727</ele>
      </trkpt>
      <trkpt lat="52.57941288873553" lon="4.731203634291887">
        <ele>-9.600000381469727</ele>
      </trkpt>
      <trkpt lat="52.57941087707877" lon="4.731232635676861">
        <ele>-9.600000381469727</ele>
      </trkpt>
      <trkpt lat="52.57940869778395" lon="4.731260044500232">
        <ele>-9.600000381469727</ele>
      </trkpt>
      <trkpt lat="52.579408613964915" lon="4.731289716437459">
        <ele>-9.800000190734863</ele>
      </trkpt>
      <trkpt lat="52.579407691955566" lon="4.731317041441798">
        <ele>-9.800000190734863</ele>
      </trkpt>
      <trkpt lat="52.579405680298805" lon="4.731346042826772">
        <ele>-9.800000190734863</ele>
      </trkpt>
      <trkpt lat="52.579403165727854" lon="4.731372278183699">
        <ele>-9.800000190734863</ele>
      </trkpt>
      <trkpt lat="52.579401321709156" lon="4.731399938464165">
        <ele>-9.800000190734863</ele>
      </trkpt>
      <trkpt lat="52.57939956150949" lon="4.731426257640123">
        <ele>-9.800000190734863</ele>
      </trkpt>
      <trkpt lat="52.579397885128856" lon="4.731454253196716">
        <ele>-9.600000381469727</ele>
      </trkpt>
      <trkpt lat="52.57939696311951" lon="4.731481410562992">
        <ele>-9.600000381469727</ele>
      </trkpt>
      <trkpt lat="52.57939461618662" lon="4.731510244309902">
        <ele>-9.600000381469727</ele>
      </trkpt>
      <trkpt lat="52.57939277216792" lon="4.731538994237781">
        <ele>-9.600000381469727</ele>
      </trkpt>
      <trkpt lat="52.57939117960632" lon="4.731567660346627">
        <ele>-9.600000381469727</ele>
      </trkpt>
      <trkpt lat="52.579389503225684" lon="4.731596326455474">
        <ele>-9.600000381469727</ele>
      </trkpt>
      <trkpt lat="52.57938866503537" lon="4.731625327840447">
        <ele>-9.600000381469727</ele>
      </trkpt>
      <trkpt lat="52.57938724011183" lon="4.731654245406389">
        <ele>-9.800000190734863</ele>
      </trkpt>
      <trkpt lat="52.579385144636035" lon="4.731682073324919">
        <ele>-9.800000190734863</ele>
      </trkpt>
      <trkpt lat="52.57938279770315" lon="4.731710068881512">
        <ele>-9.800000190734863</ele>
      </trkpt>
      <trkpt lat="52.579381205141544" lon="4.731738902628422">
        <ele>-9.800000190734863</ele>
      </trkpt>
      <trkpt lat="52.579379277303815" lon="4.731767820194364">
        <ele>-9.800000190734863</ele>
      </trkpt>
      <trkpt lat="52.579377852380276" lon="4.731796234846115">
        <ele>-9.800000190734863</ele>
      </trkpt>
      <trkpt lat="52.5793747510761" lon="4.731825655326247">
        <ele>-10.0</ele>
      </trkpt>
      <trkpt lat="52.579373409971595" lon="4.73185264505446">
        <ele>-10.0</ele>
      </trkpt>
      <trkpt lat="52.57937173359096" lon="4.731881394982338">
        <ele>-10.0</ele>
      </trkpt>
      <trkpt lat="52.57937081158161" lon="4.731909641996026">
        <ele>-10.0</ele>
      </trkpt>
      <trkpt lat="52.57936938665807" lon="4.731938559561968">
        <ele>-10.0</ele>
      </trkpt>
      <trkpt lat="52.579368045553565" lon="4.731965800747275">
        <ele>-10.0</ele>
      </trkpt>
      <trkpt lat="52.5793662853539" lon="4.7319952212274075">
        <ele>-9.600000381469727</ele>
      </trkpt>
      <trkpt lat="52.5793644413352" lon="4.732024138793349">
        <ele>-9.600000381469727</ele>
      </trkpt>
      <trkpt lat="52.57936251349747" lon="4.732053726911545">
        <ele>-9.399999618530273</ele>
      </trkpt>
      <trkpt lat="52.5793610047549" lon="4.732081387192011">
        <ele>-9.399999618530273</ele>
      </trkpt>
      <trkpt lat="52.579360250383615" lon="4.732110556215048">
        <ele>-9.399999618530273</ele>
      </trkpt>
      <trkpt lat="52.5793594121933" lon="4.732138216495514">
        <ele>-9.399999618530273</ele>
      </trkpt>
      <trkpt lat="52.57935815490782" lon="4.732166044414043">
        <ele>-9.399999618530273</ele>
      </trkpt>
      <trkpt lat="52.57935790345073" lon="4.7321942914277315">
        <ele>-9.399999618530273</ele>
      </trkpt>
      <trkpt lat="52.57935614325106" lon="4.732222203165293">
        <ele>-9.399999618530273</ele>
      </trkpt>
      <trkpt lat="52.57935362868011" lon="4.732249025255442">
        <ele>-9.399999618530273</ele>
      </trkpt>
      <trkpt lat="52.579352958127856" lon="4.732278026640415">
        <ele>-9.199999809265137</ele>
      </trkpt>
      <trkpt lat="52.57935396395624" lon="4.732306357473135">
        <ele>-9.199999809265137</ele>
      </trkpt>
      <trkpt lat="52.57935153320432" lon="4.7323353588581085">
        <ele>-9.199999809265137</ele>
      </trkpt>
      <trkpt lat="52.57935027591884" lon="4.7323627676814795">
        <ele>-9.199999809265137</ele>
      </trkpt>
      <trkpt lat="52.579348431900144" lon="4.732390679419041">
        <ele>-9.199999809265137</ele>
      </trkpt>
      <trkpt lat="52.579347006976604" lon="4.732417920604348">
        <ele>-9.399999618530273</ele>
      </trkpt>
      <trkpt lat="52.57934432476759" lon="4.732445916160941">
        <ele>-9.600000381469727</ele>
      </trkpt>
      <trkpt lat="52.5793422292918" lon="4.732473408803344">
        <ele>-9.399999618530273</ele>
      </trkpt>
      <trkpt lat="52.579340636730194" lon="4.732502158731222">
        <ele>-9.399999618530273</ele>
      </trkpt>
      <trkpt lat="52.57933912798762" lon="4.732529986649752">
        <ele>-9.399999618530273</ele>
      </trkpt>
      <trkpt lat="52.57933745160699" lon="4.73255823366344">
        <ele>-9.600000381469727</ele>
      </trkpt>
      <trkpt lat="52.579335775226355" lon="4.732586061581969">
        <ele>-9.600000381469727</ele>
      </trkpt>
      <trkpt lat="52.5793332606554" lon="4.7326139733195305">
        <ele>-9.199999809265137</ele>
      </trkpt>
      <trkpt lat="52.57933108136058" lon="4.732640543952584">
        <ele>-9.399999618530273</ele>
      </trkpt>
      <trkpt lat="52.57932873442769" lon="4.732668707147241">
        <ele>-9.600000381469727</ele>
      </trkpt>
      <trkpt lat="52.57932730950415" lon="4.732696702703834">
        <ele>-9.600000381469727</ele>
      </trkpt>
      <trkpt lat="52.579325968399644" lon="4.73272486589849">
        <ele>-9.600000381469727</ele>
      </trkpt>
      <trkpt lat="52.57932445965707" lon="4.732752358540893">
        <ele>-9.399999618530273</ele>
      </trkpt>
      <trkpt lat="52.5793229509145" lon="4.732780186459422">
        <ele>-9.399999618530273</ele>
      </trkpt>
      <trkpt lat="52.57932127453387" lon="4.732806337997317">
        <ele>-9.399999618530273</ele>
      </trkpt>
      <trkpt lat="52.57931984961033" lon="4.732833495363593">
        <ele>-9.399999618530273</ele>
      </trkpt>
      <trkpt lat="52.57931884378195" lon="4.732860065996647">
        <ele>-9.399999618530273</ele>
      </trkpt>
      <trkpt lat="52.57931666448712" lon="4.732887391000986">
        <ele>-9.399999618530273</ele>
      </trkpt>
      <trkpt lat="52.57931490428746" lon="4.732914716005325">
        <ele>-9.399999618530273</ele>
      </trkpt>
      <trkpt lat="52.579312892630696" lon="4.7329432144761086">
        <ele>-9.199999809265137</ele>
      </trkpt>
      <trkpt lat="52.57931062951684" lon="4.732970958575606">
        <ele>-9.0</ele>
      </trkpt>
      <trkpt lat="52.579307444393635" lon="4.73299945704639">
        <ele>-9.0</ele>
      </trkpt>
      <trkpt lat="52.579304510727525" lon="4.733027033507824">
        <ele>-9.199999809265137</ele>
      </trkpt>
      <trkpt lat="52.57930241525173" lon="4.733055615797639">
        <ele>-9.199999809265137</ele>
      </trkpt>
      <trkpt lat="52.579301074147224" lon="4.733083276078105">
        <ele>-9.399999618530273</ele>
      </trkpt>
      <trkpt lat="52.57929990068078" lon="4.733112193644047">
        <ele>-9.399999618530273</ele>
      </trkpt>
      <trkpt lat="52.57929923012853" lon="4.733139351010323">
        <ele>-9.399999618530273</ele>
      </trkpt>
      <trkpt lat="52.57929855957627" lon="4.733166340738535">
        <ele>-9.199999809265137</ele>
      </trkpt>
      <trkpt lat="52.579298727214336" lon="4.733191654086113">
        <ele>-9.199999809265137</ele>
      </trkpt>
      <trkpt lat="52.57929839193821" lon="4.73321839235723">
        <ele>-9.0</ele>
      </trkpt>
      <trkpt lat="52.57929780520499" lon="4.733244627714157">
        <ele>-9.0</ele>
      </trkpt>
      <trkpt lat="52.57929679937661" lon="4.733272539451718">
        <ele>-9.0</ele>
      </trkpt>
      <trkpt lat="52.57929554209113" lon="4.7332998644560575">
        <ele>-9.199999809265137</ele>
      </trkpt>
      <trkpt lat="52.5792936142534" lon="4.733328279107809">
        <ele>-9.399999618530273</ele>
      </trkpt>
      <trkpt lat="52.579291854053736" lon="4.733355520293117">
        <ele>-9.600000381469727</ele>
      </trkpt>
      <trkpt lat="52.57928967475891" lon="4.733383683487773">
        <ele>-9.800000190734863</ele>
      </trkpt>
      <trkpt lat="52.57928749546409" lon="4.7334109246730804">
        <ele>-9.800000190734863</ele>
      </trkpt>
      <trkpt lat="52.579285399988294" lon="4.7334385849535465">
        <ele>-9.399999618530273</ele>
      </trkpt>
      <trkpt lat="52.579283555969596" lon="4.73346414975822">
        <ele>-9.600000381469727</ele>
      </trkpt>
      <trkpt lat="52.579282047227025" lon="4.733491558581591">
        <ele>-9.399999618530273</ele>
      </trkpt>
      <trkpt lat="52.57928078994155" lon="4.733518464490771">
        <ele>-8.800000190734863</ele>
      </trkpt>
      <trkpt lat="52.57927877828479" lon="4.733545957133174">
        <ele>-8.600000381469727</ele>
      </trkpt>
      <trkpt lat="52.57927685044706" lon="4.73357311449945">
        <ele>-8.800000190734863</ele>
      </trkpt>
      <trkpt lat="52.579274168238044" lon="4.733599852770567">
        <ele>-8.800000190734863</ele>
      </trkpt>
      <trkpt lat="52.579272827133536" lon="4.733625669032335">
        <ele>-9.0</ele>
      </trkpt>
      <trkpt lat="52.57927140221" lon="4.733653496950865">
        <ele>-8.800000190734863</ele>
      </trkpt>
      <trkpt lat="52.57927048020065" lon="4.733680570498109">
        <ele>-9.0</ele>
      </trkpt>
      <trkpt lat="52.57926964201033" lon="4.733708398416638">
        <ele>-9.0</ele>
      </trkpt>
      <trkpt lat="52.57926821708679" lon="4.733735807240009">
        <ele>-9.199999809265137</ele>
      </trkpt>
      <trkpt lat="52.57926662452519" lon="4.733763551339507">
        <ele>-9.0</ele>
      </trkpt>
      <trkpt lat="52.579265451058745" lon="4.733789870515466">
        <ele>-9.0</ele>
      </trkpt>
      <trkpt lat="52.57926419377327" lon="4.7338176146149635">
        <ele>-9.0</ele>
      </trkpt>
      <trkpt lat="52.57926285266876" lon="4.733844604343176">
        <ele>-8.800000190734863</ele>
      </trkpt>
      <trkpt lat="52.579261092469096" lon="4.7338720969855785">
        <ele>-8.800000190734863</ele>
      </trkpt>
      <trkpt lat="52.5792589969933" lon="4.733898835256696">
        <ele>-8.800000190734863</ele>
      </trkpt>
      <trkpt lat="52.57925723679364" lon="4.7339259926229715">
        <ele>-8.800000190734863</ele>
      </trkpt>
      <trkpt lat="52.579256147146225" lon="4.733952898532152">
        <ele>-8.800000190734863</ele>
      </trkpt>
      <trkpt lat="52.57925430312753" lon="4.733981313183904">
        <ele>-8.800000190734863</ele>
      </trkpt>
      <trkpt lat="52.57925329729915" lon="4.734007213264704">
        <ele>-8.800000190734863</ele>
      </trkpt>
      <trkpt lat="52.57925195619464" lon="4.734035292640328">
        <ele>-8.800000190734863</ele>
      </trkpt>
      <trkpt lat="52.5792505312711" lon="4.734062114730477">
        <ele>-8.800000190734863</ele>
      </trkpt>
      <trkpt lat="52.57924860343337" lon="4.734088601544499">
        <ele>-8.800000190734863</ele>
      </trkpt>
      <trkpt lat="52.57924667559564" lon="4.7341150883585215">
        <ele>-8.800000190734863</ele>
      </trkpt>
      <trkpt lat="52.57924458011985" lon="4.734143419191241">
        <ele>-9.0</ele>
      </trkpt>
      <trkpt lat="52.579242987558246" lon="4.734170408919454">
        <ele>-9.0</ele>
      </trkpt>
      <trkpt lat="52.57924139499664" lon="4.734197566285729">
        <ele>-9.0</ele>
      </trkpt>
      <trkpt lat="52.57924013771117" lon="4.734224220737815">
        <ele>-9.199999809265137</ele>
      </trkpt>
      <trkpt lat="52.57923913188279" lon="4.734252132475376">
        <ele>-9.199999809265137</ele>
      </trkpt>
      <trkpt lat="52.579238126054406" lon="4.734279541298747">
        <ele>-9.199999809265137</ele>
      </trkpt>
      <trkpt lat="52.5792367849499" lon="4.734307201579213">
        <ele>-9.0</ele>
      </trkpt>
      <trkpt lat="52.57923636585474" lon="4.73433343693614">
        <ele>-9.0</ele>
      </trkpt>
      <trkpt lat="52.57923485711217" lon="4.7343600913882256">
        <ele>-9.0</ele>
      </trkpt>
      <trkpt lat="52.57923401892185" lon="4.734386410564184">
        <ele>-9.0</ele>
      </trkpt>
      <trkpt lat="52.57923200726509" lon="4.734414154663682">
        <ele>-9.0</ele>
      </trkpt>
      <trkpt lat="52.57923041470349" lon="4.734442150220275">
        <ele>-9.0</ele>
      </trkpt>
      <trkpt lat="52.57922815158963" lon="4.734469139948487">
        <ele>-9.0</ele>
      </trkpt>
      <trkpt lat="52.579226391389966" lon="4.734495626762509">
        <ele>-9.0</ele>
      </trkpt>
      <trkpt lat="52.57922454737127" lon="4.73452303558588">
        <ele>-9.0</ele>
      </trkpt>
      <trkpt lat="52.57922270335257" lon="4.734549606218934">
        <ele>-9.0</ele>
      </trkpt>
      <trkpt lat="52.57922027260065" lon="4.734577937051654">
        <ele>-9.0</ele>
      </trkpt>
      <trkpt lat="52.57921976968646" lon="4.734605178236961">
        <ele>-9.0</ele>
      </trkpt>
      <trkpt lat="52.57921767421067" lon="4.7346340119838715">
        <ele>-9.0</ele>
      </trkpt>
      <trkpt lat="52.57921666838229" lon="4.734661420807242">
        <ele>-9.0</ele>
      </trkpt>
      <trkpt lat="52.579215075820684" lon="4.7346902545541525">
        <ele>-9.0</ele>
      </trkpt>
      <trkpt lat="52.57921448908746" lon="4.734717579558492">
        <ele>-9.0</ele>
      </trkpt>
      <trkpt lat="52.57921339944005" lon="4.7347453236579895">
        <ele>-9.0</ele>
      </trkpt>
      <trkpt lat="52.579212225973606" lon="4.734773570671678">
        <ele>-9.199999809265137</ele>
      </trkpt>
      <trkpt lat="52.579211220145226" lon="4.734801398590207">
        <ele>-9.199999809265137</ele>
      </trkpt>
      <trkpt lat="52.57921004667878" lon="4.734830483794212">
        <ele>-9.199999809265137</ele>
      </trkpt>
      <trkpt lat="52.57920853793621" lon="4.73485822789371">
        <ele>-9.199999809265137</ele>
      </trkpt>
      <trkpt lat="52.5792071968317" lon="4.734886139631271">
        <ele>-9.399999618530273</ele>
      </trkpt>
      <trkpt lat="52.57920510135591" lon="4.734914302825928">
        <ele>-9.399999618530273</ele>
      </trkpt>
      <trkpt lat="52.57920275442302" lon="4.734942968934774">
        <ele>-9.399999618530273</ele>
      </trkpt>
      <trkpt lat="52.57920116186142" lon="4.7349706292152405">
        <ele>-9.399999618530273</ele>
      </trkpt>
      <trkpt lat="52.57919864729047" lon="4.734998540952802">
        <ele>-9.399999618530273</ele>
      </trkpt>
      <trkpt lat="52.5791968870908" lon="4.735025865957141">
        <ele>-9.399999618530273</ele>
      </trkpt>
      <trkpt lat="52.57919521071017" lon="4.735053945332766">
        <ele>-9.199999809265137</ele>
      </trkpt>
      <trkpt lat="52.57919428870082" lon="4.735081186518073">
        <ele>-9.199999809265137</ele>
      </trkpt>
      <trkpt lat="52.579192109405994" lon="4.735109265893698">
        <ele>-9.0</ele>
      </trkpt>
      <trkpt lat="52.579191103577614" lon="4.735135585069656">
        <ele>-9.399999618530273</ele>
      </trkpt>
      <trkpt lat="52.57918942719698" lon="4.735162407159805">
        <ele>-9.199999809265137</ele>
      </trkpt>
      <trkpt lat="52.57918766699731" lon="4.735188223421574">
        <ele>-9.399999618530273</ele>
      </trkpt>
      <trkpt lat="52.579185739159584" lon="4.735214710235596">
        <ele>-9.399999618530273</ele>
      </trkpt>
      <trkpt lat="52.57918456569314" lon="4.735240442678332">
        <ele>-9.399999618530273</ele>
      </trkpt>
      <trkpt lat="52.57918179966509" lon="4.735267348587513">
        <ele>-9.399999618530273</ele>
      </trkpt>
      <trkpt lat="52.57918020710349" lon="4.735293919220567">
        <ele>-9.399999618530273</ele>
      </trkpt>
      <trkpt lat="52.57917836308479" lon="4.735321411862969">
        <ele>-9.399999618530273</ele>
      </trkpt>
      <trkpt lat="52.57917677052319" lon="4.735348569229245">
        <ele>-9.399999618530273</ele>
      </trkpt>
      <trkpt lat="52.57917593233287" lon="4.7353743854910135">
        <ele>-9.399999618530273</ele>
      </trkpt>
      <trkpt lat="52.579173501580954" lon="4.735400453209877">
        <ele>-9.399999618530273</ele>
      </trkpt>
      <trkpt lat="52.57917224429548" lon="4.735424509271979">
        <ele>-9.399999618530273</ele>
      </trkpt>
      <trkpt lat="52.579172160476446" lon="4.73544554784894">
        <ele>-9.399999618530273</ele>
      </trkpt>
      <trkpt lat="52.57917274720967" lon="4.735465915873647">
        <ele>-9.399999618530273</ele>
      </trkpt>
      <trkpt lat="52.57917534559965" lon="4.735481506213546">
        <ele>-9.399999618530273</ele>
      </trkpt>
      <trkpt lat="52.57917710579932" lon="4.735500700771809">
        <ele>-9.399999618530273</ele>
      </trkpt>
      <trkpt lat="52.579177441075444" lon="4.73552081733942">
        <ele>-9.399999618530273</ele>
      </trkpt>
      <trkpt lat="52.57917609997094" lon="4.735542023554444">
        <ele>-9.399999618530273</ele>
      </trkpt>
      <trkpt lat="52.57917559705675" lon="4.735564989969134">
        <ele>-9.399999618530273</ele>
      </trkpt>
      <trkpt lat="52.5791744235903" lon="4.7355892136693">
        <ele>-9.199999809265137</ele>
      </trkpt>
      <trkpt lat="52.579173082485795" lon="4.735614946112037">
        <ele>-9.199999809265137</ele>
      </trkpt>
      <trkpt lat="52.57917316630483" lon="4.735638918355107">
        <ele>-9.199999809265137</ele>
      </trkpt>
      <trkpt lat="52.579171154648066" lon="4.735664566978812">
        <ele>-9.0</ele>
      </trkpt>
      <trkpt lat="52.57917090319097" lon="4.735689125955105">
        <ele>-9.0</ele>
      </trkpt>
      <trkpt lat="52.57916956208646" lon="4.735715612769127">
        <ele>-9.0</ele>
      </trkpt>
      <trkpt lat="52.57916897535324" lon="4.73574067465961">
        <ele>-9.0</ele>
      </trkpt>
      <trkpt lat="52.5791678018868" lon="4.735767915844917">
        <ele>-9.0</ele>
      </trkpt>
      <trkpt lat="52.57916713133454" lon="4.7357952408492565">
        <ele>-9.199999809265137</ele>
      </trkpt>
      <trkpt lat="52.57916646078229" lon="4.735823152586818">
        <ele>-9.0</ele>
      </trkpt>
      <trkpt lat="52.57916553877294" lon="4.735851734876633">
        <ele>-8.800000190734863</ele>
      </trkpt>
      <trkpt lat="52.579164281487465" lon="4.735880820080638">
        <ele>-8.800000190734863</ele>
      </trkpt>
      <trkpt lat="52.57916294038296" lon="4.735911497846246">
        <ele>-9.199999809265137</ele>
      </trkpt>
      <trkpt lat="52.57916193455458" lon="4.7359357215464115">
        <ele>-9.0</ele>
      </trkpt>
      <trkpt lat="52.57915967144072" lon="4.7359581012278795">
        <ele>-9.399999618530273</ele>
      </trkpt>
      <trkpt lat="52.57915807887912" lon="4.735980983823538">
        <ele>-9.399999618530273</ele>
      </trkpt>
      <trkpt lat="52.579156486317515" lon="4.7360022738575935">
        <ele>-9.600000381469727</ele>
      </trkpt>
      <trkpt lat="52.57915581576526" lon="4.736022977158427">
        <ele>-9.800000190734863</ele>
      </trkpt>
      <trkpt lat="52.579153971746564" lon="4.736040830612183">
        <ele>-9.800000190734863</ele>
      </trkpt>
      <trkpt lat="52.57915170863271" lon="4.73605583421886">
        <ele>-9.600000381469727</ele>
      </trkpt>
      <trkpt lat="52.57915095426142" lon="4.736070586368442">
        <ele>-9.600000381469727</ele>
      </trkpt>
      <trkpt lat="52.57914994843304" lon="4.736085757613182">
        <ele>-9.600000381469727</ele>
      </trkpt>
      <trkpt lat="52.579148607328534" lon="4.736100593581796">
        <ele>-9.600000381469727</ele>
      </trkpt>
      <trkpt lat="52.57914735004306" lon="4.73611299879849">
        <ele>-9.399999618530273</ele>
      </trkpt>
      <trkpt lat="52.57914600893855" lon="4.736122554168105">
        <ele>-9.399999618530273</ele>
      </trkpt>
      <trkpt lat="52.579144248738885" lon="4.736131690442562">
        <ele>-9.0</ele>
      </trkpt>
      <trkpt lat="52.57914139889181" lon="4.736140156164765">
        <ele>-9.0</ele>
      </trkpt>
      <trkpt lat="52.57914056070149" lon="4.736149124801159">
        <ele>-8.800000190734863</ele>
      </trkpt>
      <trkpt lat="52.579140309244394" lon="4.736156417056918">
        <ele>-8.800000190734863</ele>
      </trkpt>
      <trkpt lat="52.57913804613054" lon="4.736160691827536">
        <ele>-8.800000190734863</ele>
      </trkpt>
      <trkpt lat="52.57913720794022" lon="4.736164044588804">
        <ele>-9.0</ele>
      </trkpt>
      <trkpt lat="52.57913729175925" lon="4.736168654635549">
        <ele>-9.399999618530273</ele>
      </trkpt>
      <trkpt lat="52.579137878492475" lon="4.736174019053578">
        <ele>-9.600000381469727</ele>
      </trkpt>
      <trkpt lat="52.57913871668279" lon="4.736179718747735">
        <ele>-9.800000190734863</ele>
      </trkpt>
      <trkpt lat="52.579137878492475" lon="4.736182149499655">
        <ele>-9.800000190734863</ele>
      </trkpt>
      <trkpt lat="52.579136621207" lon="4.73618290387094">
        <ele>-9.800000190734863</ele>
      </trkpt>
      <trkpt lat="52.579135950654745" lon="4.73618290387094">
        <ele>-10.0</ele>
      </trkpt>
      <trkpt lat="52.579136872664094" lon="4.736183574423194">
        <ele>-10.0</ele>
      </trkpt>
      <trkpt lat="52.579137375578284" lon="4.736183825880289">
        <ele>-9.800000190734863</ele>
      </trkpt>
      <trkpt lat="52.5791384652257" lon="4.736183155328035">
        <ele>-9.800000190734863</ele>
      </trkpt>
      <trkpt lat="52.57913863286376" lon="4.736181311309338">
        <ele>-9.800000190734863</ele>
      </trkpt>
      <trkpt lat="52.57913863286376" lon="4.736180221661925">
        <ele>-9.800000190734863</ele>
      </trkpt>
      <trkpt lat="52.57913880050182" lon="4.736178796738386">
        <ele>-9.600000381469727</ele>
      </trkpt>
      <trkpt lat="52.57913913577795" lon="4.736179634928703">
        <ele>-9.399999618530273</ele>
      </trkpt>
      <trkpt lat="52.57914022542536" lon="4.736180305480957">
        <ele>-9.399999618530273</ele>
      </trkpt>
      <trkpt lat="52.57914106361568" lon="4.736183658242226">
        <ele>-9.199999809265137</ele>
      </trkpt>
      <trkpt lat="52.579140309244394" lon="4.736193213611841">
        <ele>-9.0</ele>
      </trkpt>
      <trkpt lat="52.5791384652257" lon="4.736206121742725">
        <ele>-9.0</ele>
      </trkpt>
      <trkpt lat="52.579137878492475" lon="4.736220203340054">
        <ele>-8.800000190734863</ele>
      </trkpt>
      <trkpt lat="52.579136621207" lon="4.7362396493554115">
        <ele>-8.800000190734863</ele>
      </trkpt>
      <trkpt lat="52.579136369749904" lon="4.736260520294309">
        <ele>-8.800000190734863</ele>
      </trkpt>
      <trkpt lat="52.57913678884506" lon="4.736286336556077">
        <ele>-8.800000190734863</ele>
      </trkpt>
      <trkpt lat="52.579136453568935" lon="4.736312655732036">
        <ele>-8.600000381469727</ele>
      </trkpt>
      <trkpt lat="52.579136453568935" lon="4.736339561641216">
        <ele>-8.399999618530273</ele>
      </trkpt>
      <trkpt lat="52.57913653738797" lon="4.736366048455238">
        <ele>-8.399999618530273</ele>
      </trkpt>
      <trkpt lat="52.57913561537862" lon="4.73639496602118">
        <ele>-8.399999618530273</ele>
      </trkpt>
      <trkpt lat="52.57913553155959" lon="4.736423548310995">
        <ele>-8.199999809265137</ele>
      </trkpt>
      <trkpt lat="52.57913486100733" lon="4.736451208591461">
        <ele>-8.199999809265137</ele>
      </trkpt>
      <trkpt lat="52.579133436083794" lon="4.736480545252562">
        <ele>-8.600000381469727</ele>
      </trkpt>
      <trkpt lat="52.5791329331696" lon="4.736509211361408">
        <ele>-8.800000190734863</ele>
      </trkpt>
      <trkpt lat="52.57913175970316" lon="4.736538967117667">
        <ele>-9.199999809265137</ele>
      </trkpt>
      <trkpt lat="52.57912890985608" lon="4.736566711217165">
        <ele>-9.399999618530273</ele>
      </trkpt>
      <trkpt lat="52.579124718904495" lon="4.736596969887614">
        <ele>-9.600000381469727</ele>
      </trkpt>
      <trkpt lat="52.5791226234287" lon="4.736623875796795">
        <ele>-9.600000381469727</ele>
      </trkpt>
      <trkpt lat="52.579119270667434" lon="4.7366529610008">
        <ele>-9.199999809265137</ele>
      </trkpt>
      <trkpt lat="52.579117929562926" lon="4.7366793639957905">
        <ele>-8.800000190734863</ele>
      </trkpt>
      <trkpt lat="52.57911482825875" lon="4.736706353724003">
        <ele>-8.800000190734863</ele>
      </trkpt>
      <trkpt lat="52.579113403335214" lon="4.736732840538025">
        <ele>-8.800000190734863</ele>
      </trkpt>
      <trkpt lat="52.57911030203104" lon="4.736758824437857">
        <ele>-8.600000381469727</ele>
      </trkpt>
      <trkpt lat="52.57910837419331" lon="4.736784975975752">
        <ele>-8.600000381469727</ele>
      </trkpt>
      <trkpt lat="52.57910636253655" lon="4.736812971532345">
        <ele>-8.600000381469727</ele>
      </trkpt>
      <trkpt lat="52.57910443469882" lon="4.736840967088938">
        <ele>-8.800000190734863</ele>
      </trkpt>
      <trkpt lat="52.579102674499154" lon="4.736869046464562">
        <ele>-8.399999618530273</ele>
      </trkpt>
      <trkpt lat="52.57910108193755" lon="4.736898215487599">
        <ele>-8.600000381469727</ele>
      </trkpt>
      <trkpt lat="52.57909948937595" lon="4.7369264625012875">
        <ele>-8.199999809265137</ele>
      </trkpt>
      <trkpt lat="52.57909848354757" lon="4.7369541227817535">
        <ele>-8.600000381469727</ele>
      </trkpt>
      <trkpt lat="52.579097393900156" lon="4.736981615424156">
        <ele>-8.600000381469727</ele>
      </trkpt>
      <trkpt lat="52.57909613661468" lon="4.737009275704622">
        <ele>-8.600000381469727</ele>
      </trkpt>
      <trkpt lat="52.579094879329205" lon="4.737036181613803">
        <ele>-8.600000381469727</ele>
      </trkpt>
      <trkpt lat="52.57909404113889" lon="4.737063003703952">
        <ele>-8.800000190734863</ele>
      </trkpt>
      <trkpt lat="52.57909261621535" lon="4.737090663984418">
        <ele>-8.800000190734863</ele>
      </trkpt>
      <trkpt lat="52.57909135892987" lon="4.737119078636169">
        <ele>-8.800000190734863</ele>
      </trkpt>
      <trkpt lat="52.57908968254924" lon="4.737145649269223">
        <ele>-8.800000190734863</ele>
      </trkpt>
      <trkpt lat="52.57908884435892" lon="4.737172974273562">
        <ele>-9.0</ele>
      </trkpt>
      <trkpt lat="52.57908741943538" lon="4.737199796363711">
        <ele>-8.800000190734863</ele>
      </trkpt>
      <trkpt lat="52.57908632978797" lon="4.737226534634829">
        <ele>-8.800000190734863</ele>
      </trkpt>
      <trkpt lat="52.57908524014056" lon="4.737252602353692">
        <ele>-8.800000190734863</ele>
      </trkpt>
      <trkpt lat="52.57908356375992" lon="4.737279843539">
        <ele>-8.800000190734863</ele>
      </trkpt>
      <trkpt lat="52.579082222655416" lon="4.73730624653399">
        <ele>-8.800000190734863</ele>
      </trkpt>
      <trkpt lat="52.57908096536994" lon="4.737334242090583">
        <ele>-8.800000190734863</ele>
      </trkpt>
      <trkpt lat="52.579079708084464" lon="4.7373611479997635">
        <ele>-8.800000190734863</ele>
      </trkpt>
      <trkpt lat="52.5790779478848" lon="4.73738931119442">
        <ele>-8.800000190734863</ele>
      </trkpt>
      <trkpt lat="52.57907660678029" lon="4.737415295094252">
        <ele>-8.800000190734863</ele>
      </trkpt>
      <trkpt lat="52.579074343666434" lon="4.737444380298257">
        <ele>-9.0</ele>
      </trkpt>
      <trkpt lat="52.57907258346677" lon="4.737471537664533">
        <ele>-9.0</ele>
      </trkpt>
      <trkpt lat="52.57907073944807" lon="4.737499533221126">
        <ele>-9.0</ele>
      </trkpt>
      <trkpt lat="52.579068560153246" lon="4.737527193501592">
        <ele>-9.0</ele>
      </trkpt>
      <trkpt lat="52.57906663231552" lon="4.737555021420121">
        <ele>-8.800000190734863</ele>
      </trkpt>
      <trkpt lat="52.57906487211585" lon="4.737583436071873">
        <ele>-8.800000190734863</ele>
      </trkpt>
      <trkpt lat="52.57906277664006" lon="4.737612018361688">
        <ele>-8.600000381469727</ele>
      </trkpt>
      <trkpt lat="52.57906042970717" lon="4.737638924270868">
        <ele>-8.800000190734863</ele>
      </trkpt>
      <trkpt lat="52.5790586695075" lon="4.737667087465525">
        <ele>-8.800000190734863</ele>
      </trkpt>
      <trkpt lat="52.579057328402996" lon="4.737694580107927">
        <ele>-8.800000190734863</ele>
      </trkpt>
      <trkpt lat="52.57905540056527" lon="4.73772257566452">
        <ele>-8.600000381469727</ele>
      </trkpt>
      <trkpt lat="52.57905447855592" lon="4.737749481573701">
        <ele>-8.600000381469727</ele>
      </trkpt>
      <trkpt lat="52.579053808003664" lon="4.737776638939977">
        <ele>-8.600000381469727</ele>
      </trkpt>
      <trkpt lat="52.57905347272754" lon="4.737803544849157">
        <ele>-8.600000381469727</ele>
      </trkpt>
      <trkpt lat="52.57905221544206" lon="4.73783154040575">
        <ele>-8.600000381469727</ele>
      </trkpt>
      <trkpt lat="52.579051461070776" lon="4.737859116867185">
        <ele>-8.399999618530273</ele>
      </trkpt>
      <trkpt lat="52.57905003614724" lon="4.737887615337968">
        <ele>-8.199999809265137</ele>
      </trkpt>
      <trkpt lat="52.57904819212854" lon="4.737914353609085">
        <ele>-8.0</ele>
      </trkpt>
      <trkpt lat="52.579045090824366" lon="4.737941678613424">
        <ele>-8.0</ele>
      </trkpt>
      <trkpt lat="52.5790433306247" lon="4.737966991961002">
        <ele>-8.199999809265137</ele>
      </trkpt>
      <trkpt lat="52.57904106751084" lon="4.737992975860834">
        <ele>-8.199999809265137</ele>
      </trkpt>
      <trkpt lat="52.57903930731118" lon="4.738019043579698">
        <ele>-8.399999618530273</ele>
      </trkpt>
      <trkpt lat="52.579037211835384" lon="4.73804603330791">
        <ele>-8.399999618530273</ele>
      </trkpt>
      <trkpt lat="52.57903603836894" lon="4.738072520121932">
        <ele>-8.399999618530273</ele>
      </trkpt>
      <trkpt lat="52.579034278169274" lon="4.738100096583366">
        <ele>-8.399999618530273</ele>
      </trkpt>
      <trkpt lat="52.57903293706477" lon="4.738126499578357">
        <ele>-8.600000381469727</ele>
      </trkpt>
      <trkpt lat="52.5790311768651" lon="4.738153405487537">
        <ele>-8.600000381469727</ele>
      </trkpt>
      <trkpt lat="52.57902924902737" lon="4.738179976120591">
        <ele>-8.600000381469727</ele>
      </trkpt>
      <trkpt lat="52.57902807556093" lon="4.738206546753645">
        <ele>-8.399999618530273</ele>
      </trkpt>
      <trkpt lat="52.57902639918029" lon="4.738233871757984">
        <ele>-8.600000381469727</ele>
      </trkpt>
      <trkpt lat="52.57902522571385" lon="4.738261783495545">
        <ele>-8.600000381469727</ele>
      </trkpt>
      <trkpt lat="52.57902329787612" lon="4.738289527595043">
        <ele>-8.600000381469727</ele>
      </trkpt>
      <trkpt lat="52.579022124409676" lon="4.738317355513573">
        <ele>-8.199999809265137</ele>
      </trkpt>
      <trkpt lat="52.57901994511485" lon="4.73834459669888">
        <ele>-8.399999618530273</ele>
      </trkpt>
      <trkpt lat="52.579019693657756" lon="4.738372340798378">
        <ele>-8.600000381469727</ele>
      </trkpt>
      <trkpt lat="52.57901826873422" lon="4.7383989952504635">
        <ele>-8.600000381469727</ele>
      </trkpt>
      <trkpt lat="52.57901659235358" lon="4.738426320254803">
        <ele>-8.800000190734863</ele>
      </trkpt>
      <trkpt lat="52.579014832153916" lon="4.738451298326254">
        <ele>-9.0</ele>
      </trkpt>
      <trkpt lat="52.57901407778263" lon="4.738478036597371">
        <ele>-9.0</ele>
      </trkpt>
      <trkpt lat="52.57901223376393" lon="4.738505445420742">
        <ele>-9.0</ele>
      </trkpt>
      <trkpt lat="52.57901122793555" lon="4.738533357158303">
        <ele>-9.0</ele>
      </trkpt>
      <trkpt lat="52.57900955155492" lon="4.738559760153294">
        <ele>-9.0</ele>
      </trkpt>
      <trkpt lat="52.57900720462203" lon="4.738587504252791">
        <ele>-9.0</ele>
      </trkpt>
      <trkpt lat="52.57900536060333" lon="4.738615583628416">
        <ele>-9.0</ele>
      </trkpt>
      <trkpt lat="52.579004019498825" lon="4.738642740994692">
        <ele>-8.800000190734863</ele>
      </trkpt>
      <trkpt lat="52.57900292985141" lon="4.738670065999031">
        <ele>-8.800000190734863</ele>
      </trkpt>
      <trkpt lat="52.57900234311819" lon="4.738696804270148">
        <ele>-8.800000190734863</ele>
      </trkpt>
      <trkpt lat="52.57900116965175" lon="4.738724632188678">
        <ele>-8.600000381469727</ele>
      </trkpt>
      <trkpt lat="52.579000582918525" lon="4.738751873373985">
        <ele>-9.0</ele>
      </trkpt>
      <trkpt lat="52.57899882271886" lon="4.738779533654451">
        <ele>-8.800000190734863</ele>
      </trkpt>
      <trkpt lat="52.57899731397629" lon="4.738807696849108">
        <ele>-9.399999618530273</ele>
      </trkpt>
      <trkpt lat="52.57899463176727" lon="4.738834602758288">
        <ele>-9.0</ele>
      </trkpt>
      <trkpt lat="52.57899387739599" lon="4.738862011581659">
        <ele>-9.199999809265137</ele>
      </trkpt>
      <trkpt lat="52.5789915304631" lon="4.738889755681157">
        <ele>-8.800000190734863</ele>
      </trkpt>
      <trkpt lat="52.57899044081569" lon="4.738917080685496">
        <ele>-8.600000381469727</ele>
      </trkpt>
      <trkpt lat="52.57898859679699" lon="4.738944321870804">
        <ele>-8.600000381469727</ele>
      </trkpt>
      <trkpt lat="52.5789880938828" lon="4.7389706410467625">
        <ele>-8.399999618530273</ele>
      </trkpt>
      <trkpt lat="52.578986920416355" lon="4.738997295498848">
        <ele>-8.399999618530273</ele>
      </trkpt>
      <trkpt lat="52.57898574694991" lon="4.739024620503187">
        <ele>-8.399999618530273</ele>
      </trkpt>
      <trkpt lat="52.578983986750245" lon="4.739051945507526">
        <ele>-8.199999809265137</ele>
      </trkpt>
      <trkpt lat="52.578983986750245" lon="4.7390775103122">
        <ele>-8.199999809265137</ele>
      </trkpt>
      <trkpt lat="52.57898239418864" lon="4.739104164764285">
        <ele>-8.199999809265137</ele>
      </trkpt>
      <trkpt lat="52.578981472179294" lon="4.739129729568958">
        <ele>-8.399999618530273</ele>
      </trkpt>
      <trkpt lat="52.57897946052253" lon="4.739156384021044">
        <ele>-8.399999618530273</ele>
      </trkpt>
      <trkpt lat="52.57897828705609" lon="4.739181445911527">
        <ele>-8.399999618530273</ele>
      </trkpt>
      <trkpt lat="52.57897677831352" lon="4.7392068430781364">
        <ele>-8.399999618530273</ele>
      </trkpt>
      <trkpt lat="52.578975688666105" lon="4.739231234416366">
        <ele>-8.600000381469727</ele>
      </trkpt>
      <trkpt lat="52.57897350937128" lon="4.739256966859102">
        <ele>-8.800000190734863</ele>
      </trkpt>
      <trkpt lat="52.578971246257424" lon="4.739282196387649">
        <ele>-8.399999618530273</ele>
      </trkpt>
      <trkpt lat="52.57896864786744" lon="4.739307761192322">
        <ele>-8.399999618530273</ele>
      </trkpt>
      <trkpt lat="52.57896672002971" lon="4.7393330745399">
        <ele>-8.199999809265137</ele>
      </trkpt>
      <trkpt lat="52.57896479219198" lon="4.739359226077795">
        <ele>-8.0</ele>
      </trkpt>
      <trkpt lat="52.57896361872554" lon="4.7393847070634365">
        <ele>-8.199999809265137</ele>
      </trkpt>
      <trkpt lat="52.578961523249745" lon="4.739409852772951">
        <ele>-8.0</ele>
      </trkpt>
      <trkpt lat="52.578959092497826" lon="4.739435585215688">
        <ele>-8.0</ele>
      </trkpt>
      <trkpt lat="52.57895699702203" lon="4.739461652934551">
        <ele>-8.0</ele>
      </trkpt>
      <trkpt lat="52.5789550691843" lon="4.739486966282129">
        <ele>-8.199999809265137</ele>
      </trkpt>
      <trkpt lat="52.578954650089145" lon="4.73951336927712">
        <ele>-8.399999618530273</ele>
      </trkpt>
      <trkpt lat="52.578953225165606" lon="4.739540442824364">
        <ele>-8.399999618530273</ele>
      </trkpt>
      <trkpt lat="52.57895238697529" lon="4.739566342905164">
        <ele>-8.600000381469727</ele>
      </trkpt>
      <trkpt lat="52.578950710594654" lon="4.739592662081122">
        <ele>-8.600000381469727</ele>
      </trkpt>
      <trkpt lat="52.578949285671115" lon="4.739617723971605">
        <ele>-8.600000381469727</ele>
      </trkpt>
      <trkpt lat="52.57894744165242" lon="4.739642282947898">
        <ele>-8.600000381469727</ele>
      </trkpt>
      <trkpt lat="52.578947357833385" lon="4.739665584638715">
        <ele>-8.800000190734863</ele>
      </trkpt>
      <trkpt lat="52.57894551381469" lon="4.7396903950721025">
        <ele>-8.800000190734863</ele>
      </trkpt>
      <trkpt lat="52.57894425652921" lon="4.739713780581951">
        <ele>-8.800000190734863</ele>
      </trkpt>
      <trkpt lat="52.57894216105342" lon="4.739738339558244">
        <ele>-8.800000190734863</ele>
      </trkpt>
      <trkpt lat="52.57894073612988" lon="4.739760551601648">
        <ele>-9.0</ele>
      </trkpt>
      <trkpt lat="52.57893797010183" lon="4.739784859120846">
        <ele>-9.0</ele>
      </trkpt>
      <trkpt lat="52.57893587462604" lon="4.739809334278107">
        <ele>-9.199999809265137</ele>
      </trkpt>
      <trkpt lat="52.57893227040768" lon="4.739834647625685">
        <ele>-8.800000190734863</ele>
      </trkpt>
      <trkpt lat="52.5789291691035" lon="4.7398594580590725">
        <ele>-9.399999618530273</ele>
      </trkpt>
      <trkpt lat="52.5789257325232" lon="4.73988426849246">
        <ele>-9.0</ele>
      </trkpt>
      <trkpt lat="52.5789225474" lon="4.739909330382943">
        <ele>-8.800000190734863</ele>
      </trkpt>
      <trkpt lat="52.578918524086475" lon="4.739934811368585">
        <ele>-8.600000381469727</ele>
      </trkpt>
      <trkpt lat="52.578914081677794" lon="4.739960543811321">
        <ele>-8.600000381469727</ele>
      </trkpt>
      <trkpt lat="52.578910226002336" lon="4.739985689520836">
        <ele>-8.600000381469727</ele>
      </trkpt>
      <trkpt lat="52.57890461012721" lon="4.740010919049382">
        <ele>-8.600000381469727</ele>
      </trkpt>
      <trkpt lat="52.57889907807112" lon="4.740033969283104">
        <ele>-8.600000381469727</ele>
      </trkpt>
      <trkpt lat="52.578891701996326" lon="4.740056851878762">
        <ele>-8.600000381469727</ele>
      </trkpt>
      <trkpt lat="52.57888365536928" lon="4.74007629789412">
        <ele>-8.399999618530273</ele>
      </trkpt>
      <trkpt lat="52.57887468673289" lon="4.74009532481432">
        <ele>-8.399999618530273</ele>
      </trkpt>
      <trkpt lat="52.57886370643973" lon="4.740114184096456">
        <ele>-8.399999618530273</ele>
      </trkpt>
      <trkpt lat="52.57885264232755" lon="4.740132205188274">
        <ele>-8.399999618530273</ele>
      </trkpt>
      <trkpt lat="52.578841326758265" lon="4.740149052813649">
        <ele>-8.399999618530273</ele>
      </trkpt>
      <trkpt lat="52.57882783189416" lon="4.740162044763565">
        <ele>-8.399999618530273</ele>
      </trkpt>
      <trkpt lat="52.57881576195359" lon="4.740175707265735">
        <ele>-8.399999618530273</ele>
      </trkpt>
      <trkpt lat="52.57880134508014" lon="4.740182664245367">
        <ele>-8.399999618530273</ele>
      </trkpt>
      <trkpt lat="52.57878625765443" lon="4.740190710872412">
        <ele>-8.600000381469727</ele>
      </trkpt>
      <trkpt lat="52.57877125404775" lon="4.7401930578053">
        <ele>-8.399999618530273</ele>
      </trkpt>
      <trkpt lat="52.57875549606979" lon="4.740195656195283">
        <ele>-8.600000381469727</ele>
      </trkpt>
      <trkpt lat="52.5787409953773" lon="4.740195069462061">
        <ele>-8.399999618530273</ele>
      </trkpt>
      <trkpt lat="52.57872389629483" lon="4.740196913480759">
        <ele>-8.199999809265137</ele>
      </trkpt>
      <trkpt lat="52.57870771922171" lon="4.7401984222233295">
        <ele>-8.199999809265137</ele>
      </trkpt>
      <trkpt lat="52.57869170978665" lon="4.740200266242027">
        <ele>-8.0</ele>
      </trkpt>
      <trkpt lat="52.57867586798966" lon="4.740202948451042">
        <ele>-8.0</ele>
      </trkpt>
      <trkpt lat="52.57865876890719" lon="4.74020236171782">
        <ele>-8.0</ele>
      </trkpt>
      <trkpt lat="52.57864208891988" lon="4.7402046248316765">
        <ele>-8.0</ele>
      </trkpt>
      <trkpt lat="52.5786254927516" lon="4.740205546841025">
        <ele>-8.0</ele>
      </trkpt>
      <trkpt lat="52.57860898040235" lon="4.740208480507135">
        <ele>-8.0</ele>
      </trkpt>
      <trkpt lat="52.578592132776976" lon="4.740209570154548">
        <ele>-8.199999809265137</ele>
      </trkpt>
      <trkpt lat="52.578576039522886" lon="4.740211497992277">
        <ele>-8.399999618530273</ele>
      </trkpt>
      <trkpt lat="52.57855860516429" lon="4.740212503820658">
        <ele>-8.399999618530273</ele>
      </trkpt>
      <trkpt lat="52.57854158990085" lon="4.7402149345725775">
        <ele>-8.600000381469727</ele>
      </trkpt>
      <trkpt lat="52.57852390408516" lon="4.74021652713418">
        <ele>-8.600000381469727</ele>
      </trkpt>
      <trkpt lat="52.57850680500269" lon="4.740218371152878">
        <ele>-8.600000381469727</ele>
      </trkpt>
      <trkpt lat="52.57848870009184" lon="4.740219293162227">
        <ele>-8.600000381469727</ele>
      </trkpt>
      <trkpt lat="52.57847101427615" lon="4.740221807733178">
        <ele>-8.399999618530273</ele>
      </trkpt>
      <trkpt lat="52.57845366373658" lon="4.740224992856383">
        <ele>-8.199999809265137</ele>
      </trkpt>
      <trkpt lat="52.578435726463795" lon="4.74022775888443">
        <ele>-8.0</ele>
      </trkpt>
      <trkpt lat="52.57841854356229" lon="4.740232117474079">
        <ele>-8.0</ele>
      </trkpt>
      <trkpt lat="52.57840119302273" lon="4.7402349673211575">
        <ele>-7.800000190734863</ele>
      </trkpt>
      <trkpt lat="52.5783836748451" lon="4.740239745005965">
        <ele>-7.800000190734863</ele>
      </trkpt>
      <trkpt lat="52.57836615666747" lon="4.740237817168236">
        <ele>-8.0</ele>
      </trkpt>
      <trkpt lat="52.57834956049919" lon="4.740241253748536">
        <ele>-8.0</ele>
      </trkpt>
      <trkpt lat="52.57833229377866" lon="4.740243600681424">
        <ele>-8.0</ele>
      </trkpt>
      <trkpt lat="52.578316032886505" lon="4.740247372537851">
        <ele>-8.199999809265137</ele>
      </trkpt>
      <trkpt lat="52.578299855813384" lon="4.740248546004295">
        <ele>-8.0</ele>
      </trkpt>
      <trkpt lat="52.578283343464136" lon="4.74025022238493">
        <ele>-8.199999809265137</ele>
      </trkpt>
      <trkpt lat="52.57826683111489" lon="4.740252569317818">
        <ele>-8.199999809265137</ele>
      </trkpt>
      <trkpt lat="52.57825082167983" lon="4.740254916250706">
        <ele>-8.399999618530273</ele>
      </trkpt>
      <trkpt lat="52.578233974054456" lon="4.740255922079086">
        <ele>-8.399999618530273</ele>
      </trkpt>
      <trkpt lat="52.57821670733392" lon="4.7402567602694035">
        <ele>-8.399999618530273</ele>
      </trkpt>
      <trkpt lat="52.5781989376992" lon="4.740255335345864">
        <ele>-8.399999618530273</ele>
      </trkpt>
      <trkpt lat="52.57818100042641" lon="4.740255754441023">
        <ele>-8.399999618530273</ele>
      </trkpt>
      <trkpt lat="52.578164068982005" lon="4.740254245698452">
        <ele>-8.399999618530273</ele>
      </trkpt>
      <trkpt lat="52.57814755663276" lon="4.740252234041691">
        <ele>-8.399999618530273</ele>
      </trkpt>
      <trkpt lat="52.5781315471977" lon="4.74025022238493">
        <ele>-8.399999618530273</ele>
      </trkpt>
      <trkpt lat="52.57811360992491" lon="4.740249803289771">
        <ele>-8.399999618530273</ele>
      </trkpt>
      <trkpt lat="52.57809726521373" lon="4.740249132737517">
        <ele>-8.399999618530273</ele>
      </trkpt>
      <trkpt lat="52.578079076483846" lon="4.74024536088109">
        <ele>-8.199999809265137</ele>
      </trkpt>
      <trkpt lat="52.57806323468685" lon="4.740243433043361">
        <ele>-8.0</ele>
      </trkpt>
      <trkpt lat="52.578047309070826" lon="4.7402414213865995">
        <ele>-8.0</ele>
      </trkpt>
      <trkpt lat="52.57803054526448" lon="4.740239577367902">
        <ele>-8.0</ele>
      </trkpt>
      <trkpt lat="52.578013530001044" lon="4.740236392244697">
        <ele>-8.0</ele>
      </trkpt>
      <trkpt lat="52.57799777202308" lon="4.7402361407876015">
        <ele>-8.0</ele>
      </trkpt>
      <trkpt lat="52.5779814273119" lon="4.740232285112143">
        <ele>-8.0</ele>
      </trkpt>
      <trkpt lat="52.57796349003911" lon="4.740229435265064">
        <ele>-8.0</ele>
      </trkpt>
      <trkpt lat="52.57794287055731" lon="4.740226333960891">
        <ele>-8.199999809265137</ele>
      </trkpt>
      <trkpt lat="52.577925100922585" lon="4.740221304818988">
        <ele>-8.399999618530273</ele>
      </trkpt>
      <trkpt lat="52.57790640927851" lon="4.740215186029673">
        <ele>-8.399999618530273</ele>
      </trkpt>
      <trkpt lat="52.577890483662486" lon="4.740207474678755">
        <ele>-8.600000381469727</ele>
      </trkpt>
      <trkpt lat="52.5778741389513" lon="4.740197751671076">
        <ele>-8.600000381469727</ele>
      </trkpt>
      <trkpt lat="52.57785947062075" lon="4.740187274292111">
        <ele>-8.399999618530273</ele>
      </trkpt>
      <trkpt lat="52.577845053747296" lon="4.740174366161227">
        <ele>-8.399999618530273</ele>
      </trkpt>
      <trkpt lat="52.577831307426095" lon="4.740161458030343">
        <ele>-8.399999618530273</ele>
      </trkpt>
      <trkpt lat="52.57781697437167" lon="4.7401477955281734">
        <ele>-8.199999809265137</ele>
      </trkpt>
      <trkpt lat="52.577802054584026" lon="4.740135055035353">
        <ele>-8.199999809265137</ele>
      </trkpt>
      <trkpt lat="52.577786380425096" lon="4.740121476352215">
        <ele>-8.199999809265137</ele>
      </trkpt>
      <trkpt lat="52.57777045480907" lon="4.740108400583267">
        <ele>-8.199999809265137</ele>
      </trkpt>
      <trkpt lat="52.57775662466884" lon="4.74009339697659">
        <ele>-8.199999809265137</ele>
      </trkpt>
      <trkpt lat="52.57774229161441" lon="4.740079063922167">
        <ele>-8.199999809265137</ele>
      </trkpt>
      <trkpt lat="52.577726198360324" lon="4.740064982324839">
        <ele>-8.199999809265137</ele>
      </trkpt>
      <trkpt lat="52.577709602192044" lon="4.740052577108145">
        <ele>-8.199999809265137</ele>
      </trkpt>
      <trkpt lat="52.57769459858537" lon="4.740039668977261">
        <ele>-8.0</ele>
      </trkpt>
      <trkpt lat="52.577677834779024" lon="4.740028269588947">
        <ele>-7.800000190734863</ele>
      </trkpt>
      <trkpt lat="52.57766149006784" lon="4.740015361458063">
        <ele>-7.800000190734863</ele>
      </trkpt>
      <trkpt lat="52.577643720433116" lon="4.7400034591555595">
        <ele>-7.800000190734863</ele>
      </trkpt>
      <trkpt lat="52.57762921974063" lon="4.739989712834358">
        <ele>-8.0</ele>
      </trkpt>
      <trkpt lat="52.57761455141008" lon="4.739977056160569">
        <ele>-8.0</ele>
      </trkpt>
      <trkpt lat="52.577598290517926" lon="4.73996389657259">
        <ele>-8.0</ele>
      </trkpt>
      <trkpt lat="52.577581191435456" lon="4.739951323717833">
        <ele>-8.0</ele>
      </trkpt>
      <trkpt lat="52.5775649305433" lon="4.73993900232017">
        <ele>-8.199999809265137</ele>
      </trkpt>
      <trkpt lat="52.5775479990989" lon="4.739926848560572">
        <ele>-8.199999809265137</ele>
      </trkpt>
      <trkpt lat="52.577533666044474" lon="4.739915449172258">
        <ele>-8.399999618530273</ele>
      </trkpt>
      <trkpt lat="52.577520003542304" lon="4.739902121946216">
        <ele>-8.399999618530273</ele>
      </trkpt>
      <trkpt lat="52.5775062572211" lon="4.739889884367585">
        <ele>-8.600000381469727</ele>
      </trkpt>
      <trkpt lat="52.5774925108999" lon="4.739876473322511">
        <ele>-8.600000381469727</ele>
      </trkpt>
      <trkpt lat="52.57747859694064" lon="4.73986616358161">
        <ele>-8.800000190734863</ele>
      </trkpt>
      <trkpt lat="52.577464347705245" lon="4.739853926002979">
        <ele>-8.600000381469727</ele>
      </trkpt>
      <trkpt lat="52.577450182288885" lon="4.739842023700476">
        <ele>-8.600000381469727</ele>
      </trkpt>
      <trkpt lat="52.57743635214865" lon="4.739829953759909">
        <ele>-8.600000381469727</ele>
      </trkpt>
      <trkpt lat="52.577422270551324" lon="4.739817883819342">
        <ele>-8.600000381469727</ele>
      </trkpt>
      <trkpt lat="52.5774079374969" lon="4.739805310964584">
        <ele>-8.600000381469727</ele>
      </trkpt>
      <trkpt lat="52.57739276625216" lon="4.739793241024017">
        <ele>-8.600000381469727</ele>
      </trkpt>
      <trkpt lat="52.57737826555967" lon="4.739781087264419">
        <ele>-8.600000381469727</ele>
      </trkpt>
      <trkpt lat="52.57736376486719" lon="4.739770190790296">
        <ele>-8.600000381469727</ele>
      </trkpt>
      <trkpt lat="52.57734876126051" lon="4.739757953211665">
        <ele>-8.600000381469727</ele>
      </trkpt>
      <trkpt lat="52.57733375765383" lon="4.739746050909162">
        <ele>-8.600000381469727</ele>
      </trkpt>
      <trkpt lat="52.57731850259006" lon="4.739733897149563">
        <ele>-8.600000381469727</ele>
      </trkpt>
      <trkpt lat="52.57730341516435" lon="4.739720402285457">
        <ele>-8.600000381469727</ele>
      </trkpt>
      <trkpt lat="52.577288495376706" lon="4.7397069074213505">
        <ele>-8.600000381469727</ele>
      </trkpt>
      <trkpt lat="52.577273324131966" lon="4.739691819995642">
        <ele>-8.199999809265137</ele>
      </trkpt>
      <trkpt lat="52.577257649973035" lon="4.739677319303155">
        <ele>-8.0</ele>
      </trkpt>
      <trkpt lat="52.577241975814104" lon="4.739661812782288">
        <ele>-8.0</ele>
      </trkpt>
      <trkpt lat="52.57722722366452" lon="4.739647228270769">
        <ele>-7.800000190734863</ele>
      </trkpt>
      <trkpt lat="52.57721247151494" lon="4.739632308483124">
        <ele>-7.800000190734863</ele>
      </trkpt>
      <trkpt lat="52.57719746790826" lon="4.7396185621619225">
        <ele>-8.0</ele>
      </trkpt>
      <trkpt lat="52.57718321867287" lon="4.739604312926531">
        <ele>-8.0</ele>
      </trkpt>
      <trkpt lat="52.57716896943748" lon="4.7395893931388855">
        <ele>-8.199999809265137</ele>
      </trkpt>
      <trkpt lat="52.57715497165918" lon="4.739575982093811">
        <ele>-8.399999618530273</ele>
      </trkpt>
      <trkpt lat="52.577140806242824" lon="4.739562487229705">
        <ele>-8.399999618530273</ele>
      </trkpt>
      <trkpt lat="52.577126724645495" lon="4.739549160003662">
        <ele>-8.399999618530273</ele>
      </trkpt>
      <trkpt lat="52.57711264304817" lon="4.7395354975014925">
        <ele>-8.399999618530273</ele>
      </trkpt>
      <trkpt lat="52.577098309993744" lon="4.739521751180291">
        <ele>-8.399999618530273</ele>
      </trkpt>
      <trkpt lat="52.57708389312029" lon="4.739508675411344">
        <ele>-8.399999618530273</ele>
      </trkpt>
      <trkpt lat="52.577069476246834" lon="4.739496354013681">
        <ele>-8.399999618530273</ele>
      </trkpt>
      <trkpt lat="52.577054807916284" lon="4.739484703168273">
        <ele>-8.399999618530273</ele>
      </trkpt>
      <trkpt lat="52.577038714662194" lon="4.739471543580294">
        <ele>-8.399999618530273</ele>
      </trkpt>
      <trkpt lat="52.577024130150676" lon="4.7394598089158535">
        <ele>-8.399999618530273</ele>
      </trkpt>
      <trkpt lat="52.57700837217271" lon="4.739448493346572">
        <ele>-8.600000381469727</ele>
      </trkpt>
      <trkpt lat="52.57699253037572" lon="4.739438937976956">
        <ele>-8.600000381469727</ele>
      </trkpt>
      <trkpt lat="52.576975766569376" lon="4.739429550245404">
        <ele>-8.600000381469727</ele>
      </trkpt>
      <trkpt lat="52.57696034386754" lon="4.739422174170613">
        <ele>-8.600000381469727</ele>
      </trkpt>
      <trkpt lat="52.576944921165705" lon="4.739414714276791">
        <ele>-8.600000381469727</ele>
      </trkpt>
      <trkpt lat="52.576926900073886" lon="4.739409517496824">
        <ele>-8.600000381469727</ele>
      </trkpt>
      <trkpt lat="52.576912650838494" lon="4.739410020411015">
        <ele>-8.600000381469727</ele>
      </trkpt>
      <trkpt lat="52.57689764723182" lon="4.739409266039729">
        <ele>-8.600000381469727</ele>
      </trkpt>
      <trkpt lat="52.57688364945352" lon="4.739409936591983">
        <ele>-8.600000381469727</ele>
      </trkpt>
      <trkpt lat="52.5768727529794" lon="4.739413540810347">
        <ele>-8.600000381469727</ele>
      </trkpt>
      <trkpt lat="52.57686177268624" lon="4.739422425627708">
        <ele>-8.399999618530273</ele>
      </trkpt>
      <trkpt lat="52.57684953510761" lon="4.739433825016022">
        <ele>-8.399999618530273</ele>
      </trkpt>
      <trkpt lat="52.57683536969125" lon="4.739448158070445">
        <ele>-8.399999618530273</ele>
      </trkpt>
      <trkpt lat="52.576823215931654" lon="4.7394660115242">
        <ele>-8.399999618530273</ele>
      </trkpt>
      <trkpt lat="52.576810559257865" lon="4.739485708996654">
        <ele>-8.399999618530273</ele>
      </trkpt>
      <trkpt lat="52.576800836250186" lon="4.739507166668773">
        <ele>-8.399999618530273</ele>
      </trkpt>
      <trkpt lat="52.57678943686187" lon="4.739529127255082">
        <ele>-8.399999618530273</ele>
      </trkpt>
      <trkpt lat="52.576778372749686" lon="4.739552345126867">
        <ele>-8.600000381469727</ele>
      </trkpt>
      <trkpt lat="52.57676688954234" lon="4.739576317369938">
        <ele>-8.600000381469727</ele>
      </trkpt>
      <trkpt lat="52.57675758562982" lon="4.739602971822023">
        <ele>-8.600000381469727</ele>
      </trkpt>
      <trkpt lat="52.57674962282181" lon="4.739627866074443">
        <ele>-8.399999618530273</ele>
      </trkpt>
      <trkpt lat="52.57674149237573" lon="4.739652927964926">
        <ele>-8.399999618530273</ele>
      </trkpt>
      <trkpt lat="52.57673277519643" lon="4.739676984027028">
        <ele>-8.399999618530273</ele>
      </trkpt>
      <trkpt lat="52.57672288455069" lon="4.739702129736543">
        <ele>-8.199999809265137</ele>
      </trkpt>
      <trkpt lat="52.57671358063817" lon="4.73972836509347">
        <ele>-8.199999809265137</ele>
      </trkpt>
      <trkpt lat="52.57670469582081" lon="4.739753091707826">
        <ele>-8.0</ele>
      </trkpt>
      <trkpt lat="52.576696733012795" lon="4.739776141941547">
        <ele>-8.0</ele>
      </trkpt>
      <trkpt lat="52.576688937842846" lon="4.7397964261472225">
        <ele>-8.0</ele>
      </trkpt>
      <trkpt lat="52.57668080739677" lon="4.739817380905151">
        <ele>-8.0</ele>
      </trkpt>
      <trkpt lat="52.5766724254936" lon="4.739840514957905">
        <ele>-8.199999809265137</ele>
      </trkpt>
      <trkpt lat="52.57666463032365" lon="4.739862475544214">
        <ele>-8.199999809265137</ele>
      </trkpt>
      <trkpt lat="52.576655242592096" lon="4.73988426849246">
        <ele>-8.199999809265137</ele>
      </trkpt>
      <trkpt lat="52.57664795033634" lon="4.739904971793294">
        <ele>-8.199999809265137</ele>
      </trkpt>
      <trkpt lat="52.5766394007951" lon="4.7399283573031425">
        <ele>-8.399999618530273</ele>
      </trkpt>
      <trkpt lat="52.576631773263216" lon="4.739948473870754">
        <ele>-8.800000190734863</ele>
      </trkpt>
      <trkpt lat="52.57662305608392" lon="4.739971021190286">
        <ele>-9.0</ele>
      </trkpt>
      <trkpt lat="52.576615093275905" lon="4.739992981776595">
        <ele>-8.800000190734863</ele>
      </trkpt>
      <trkpt lat="52.5766066275537" lon="4.74001619964838">
        <ele>-8.600000381469727</ele>
      </trkpt>
      <trkpt lat="52.57659782655537" lon="4.740037824958563">
        <ele>-8.600000381469727</ele>
      </trkpt>
      <trkpt lat="52.57658910937607" lon="4.740060456097126">
        <ele>-8.600000381469727</ele>
      </trkpt>
      <trkpt lat="52.57657972164452" lon="4.740083673968911">
        <ele>-8.399999618530273</ele>
      </trkpt>
      <trkpt lat="52.576570417732" lon="4.740106472745538">
        <ele>-8.399999618530273</ele>
      </trkpt>
      <trkpt lat="52.57656128145754" lon="4.7401289362460375">
        <ele>-8.399999618530273</ele>
      </trkpt>
      <trkpt lat="52.57655273191631" lon="4.740152908489108">
        <ele>-8.199999809265137</ele>
      </trkpt>
      <trkpt lat="52.57654317654669" lon="4.740176210179925">
        <ele>-8.199999809265137</ele>
      </trkpt>
      <trkpt lat="52.57653504610062" lon="4.740198506042361">
        <ele>-8.199999809265137</ele>
      </trkpt>
      <trkpt lat="52.57652507163584" lon="4.7402208019047976">
        <ele>-8.600000381469727</ele>
      </trkpt>
      <trkpt lat="52.576515851542354" lon="4.740241169929504">
        <ele>-8.800000190734863</ele>
      </trkpt>
      <trkpt lat="52.57650537416339" lon="4.740263549610972">
        <ele>-8.800000190734863</ele>
      </trkpt>
      <trkpt lat="52.5764961540699" lon="4.740287521854043">
        <ele>-8.800000190734863</ele>
      </trkpt>
      <trkpt lat="52.576485844329" lon="4.740308728069067">
        <ele>-9.0</ele>
      </trkpt>
      <trkpt lat="52.57647654041648" lon="4.740330437198281">
        <ele>-9.0</ele>
      </trkpt>
      <trkpt lat="52.576467990875244" lon="4.740353403612971">
        <ele>-9.0</ele>
      </trkpt>
      <trkpt lat="52.57645960897207" lon="4.7403754480183125">
        <ele>-8.600000381469727</ele>
      </trkpt>
      <trkpt lat="52.576450388878584" lon="4.740397995337844">
        <ele>-8.399999618530273</ele>
      </trkpt>
      <trkpt lat="52.57644183933735" lon="4.740419536828995">
        <ele>-8.399999618530273</ele>
      </trkpt>
      <trkpt lat="52.57643362507224" lon="4.74044325761497">
        <ele>-8.399999618530273</ele>
      </trkpt>
      <trkpt lat="52.576424488797784" lon="4.740465302020311">
        <ele>-8.399999618530273</ele>
      </trkpt>
      <trkpt lat="52.576415771618485" lon="4.740486927330494">
        <ele>-8.399999618530273</ele>
      </trkpt>
      <trkpt lat="52.5764063000679" lon="4.7405108995735645">
        <ele>-8.399999618530273</ele>
      </trkpt>
      <trkpt lat="52.57639791816473" lon="4.740534285083413">
        <ele>-8.399999618530273</ele>
      </trkpt>
      <trkpt lat="52.57638903334737" lon="4.74055758677423">
        <ele>-8.399999618530273</ele>
      </trkpt>
      <trkpt lat="52.576380148530006" lon="4.740580972284079">
        <ele>-8.399999618530273</ele>
      </trkpt>
      <trkpt lat="52.576369838789105" lon="4.740601759403944">
        <ele>-8.199999809265137</ele>
      </trkpt>
      <trkpt lat="52.57636212743819" lon="4.740622546523809">
        <ele>-8.199999809265137</ele>
      </trkpt>
      <trkpt lat="52.576352655887604" lon="4.740643333643675">
        <ele>-8.399999618530273</ele>
      </trkpt>
      <trkpt lat="52.576344357803464" lon="4.740664204582572">
        <ele>-8.600000381469727</ele>
      </trkpt>
      <trkpt lat="52.57633379660547" lon="4.740684824064374">
        <ele>-8.800000190734863</ele>
      </trkpt>
      <trkpt lat="52.57632574997842" lon="4.740704353898764">
        <ele>-8.800000190734863</ele>
      </trkpt>
      <trkpt lat="52.57631745189428" lon="4.740727236494422">
        <ele>-8.600000381469727</ele>
      </trkpt>
      <trkpt lat="52.576309656724334" lon="4.740748358890414">
        <ele>-8.600000381469727</ele>
      </trkpt>
      <trkpt lat="52.57630177773535" lon="4.740771660581231">
        <ele>-8.399999618530273</ele>
      </trkpt>
      <trkpt lat="52.57629347965121" lon="4.740791693329811">
        <ele>-8.399999618530273</ele>
      </trkpt>
      <trkpt lat="52.576285349205136" lon="4.740813989192247">
        <ele>-8.199999809265137</ele>
      </trkpt>
      <trkpt lat="52.576275961473584" lon="4.740835363045335">
        <ele>-8.199999809265137</ele>
      </trkpt>
      <trkpt lat="52.576266657561064" lon="4.740857155993581">
        <ele>-8.0</ele>
      </trkpt>
      <trkpt lat="52.57625827565789" lon="4.740879787132144">
        <ele>-8.0</ele>
      </trkpt>
      <trkpt lat="52.57624888792634" lon="4.740901244804263">
        <ele>-8.0</ele>
      </trkpt>
      <trkpt lat="52.57624008692801" lon="4.74092404358089">
        <ele>-8.0</ele>
      </trkpt>
      <trkpt lat="52.576231034472585" lon="4.740945501253009">
        <ele>-7.800000190734863</ele>
      </trkpt>
      <trkpt lat="52.57622055709362" lon="4.740968970581889">
        <ele>-8.0</ele>
      </trkpt>
      <trkpt lat="52.57621175609529" lon="4.740992523729801">
        <ele>-7.800000190734863</ele>
      </trkpt>
      <trkpt lat="52.576201194897294" lon="4.741015573963523">
        <ele>-8.0</ele>
      </trkpt>
      <trkpt lat="52.576190968975425" lon="4.74103887565434">
        <ele>-8.0</ele>
      </trkpt>
      <trkpt lat="52.576179737225175" lon="4.741060584783554">
        <ele>-8.199999809265137</ele>
      </trkpt>
      <trkpt lat="52.576170517131686" lon="4.741084557026625">
        <ele>-8.199999809265137</ele>
      </trkpt>
      <trkpt lat="52.57616037502885" lon="4.741107104346156">
        <ele>-8.199999809265137</ele>
      </trkpt>
      <trkpt lat="52.57615132257342" lon="4.74112831056118">
        <ele>-8.199999809265137</ele>
      </trkpt>
      <trkpt lat="52.57614176720381" lon="4.741149768233299">
        <ele>-8.199999809265137</ele>
      </trkpt>
      <trkpt lat="52.57613439112902" lon="4.741170387715101">
        <ele>-8.199999809265137</ele>
      </trkpt>
      <trkpt lat="52.57612559013069" lon="4.7411932703107595">
        <ele>-8.399999618530273</ele>
      </trkpt>
      <trkpt lat="52.57611745968461" lon="4.741214895620942">
        <ele>-8.399999618530273</ele>
      </trkpt>
      <trkpt lat="52.57610966451466" lon="4.741237862035632">
        <ele>-8.199999809265137</ele>
      </trkpt>
      <trkpt lat="52.57610086351633" lon="4.74126074463129">
        <ele>-8.199999809265137</ele>
      </trkpt>
      <trkpt lat="52.576092230156064" lon="4.741281447932124">
        <ele>-8.199999809265137</ele>
      </trkpt>
      <trkpt lat="52.57608259096742" lon="4.741303408518434">
        <ele>-8.199999809265137</ele>
      </trkpt>
      <trkpt lat="52.57607437670231" lon="4.741327548399568">
        <ele>-8.199999809265137</ele>
      </trkpt>
      <trkpt lat="52.576064402237535" lon="4.741349508985877">
        <ele>-8.199999809265137</ele>
      </trkpt>
      <trkpt lat="52.57605543360114" lon="4.741369290277362">
        <ele>-8.199999809265137</ele>
      </trkpt>
      <trkpt lat="52.57604428566992" lon="4.741390496492386">
        <ele>-8.199999809265137</ele>
      </trkpt>
      <trkpt lat="52.576034143567085" lon="4.741408601403236">
        <ele>-8.199999809265137</ele>
      </trkpt>
      <trkpt lat="52.57602207362652" lon="4.741424359381199">
        <ele>-8.199999809265137</ele>
      </trkpt>
      <trkpt lat="52.57601134479046" lon="4.741437854245305">
        <ele>-8.199999809265137</ele>
      </trkpt>
      <trkpt lat="52.576000364497304" lon="4.7414459846913815">
        <ele>-8.199999809265137</ele>
      </trkpt>
      <trkpt lat="52.57598795928061" lon="4.741452857851982">
        <ele>-8.199999809265137</ele>
      </trkpt>
      <trkpt lat="52.5759747158736" lon="4.741459731012583">
        <ele>-8.199999809265137</ele>
      </trkpt>
      <trkpt lat="52.5759641546756" lon="4.741462832316756">
        <ele>-8.199999809265137</ele>
      </trkpt>
      <trkpt lat="52.575951498001814" lon="4.741463083773851">
        <ele>-8.199999809265137</ele>
      </trkpt>
      <trkpt lat="52.5759400986135" lon="4.741466352716088">
        <ele>-8.199999809265137</ele>
      </trkpt>
      <trkpt lat="52.57592836394906" lon="4.741466352716088">
        <ele>-8.199999809265137</ele>
      </trkpt>
      <trkpt lat="52.575912522152066" lon="4.7414633352309465">
        <ele>-8.199999809265137</ele>
      </trkpt>
      <trkpt lat="52.5758986081928" lon="4.741464843973517">
        <ele>-8.199999809265137</ele>
      </trkpt>
      <trkpt lat="52.575884191319346" lon="4.741459647193551">
        <ele>-8.0</ele>
      </trkpt>
      <trkpt lat="52.57587019354105" lon="4.741459395736456">
        <ele>-8.0</ele>
      </trkpt>
      <trkpt lat="52.57585493847728" lon="4.741457384079695">
        <ele>-8.0</ele>
      </trkpt>
      <trkpt lat="52.5758399348706" lon="4.741453779861331">
        <ele>-7.800000190734863</ele>
      </trkpt>
      <trkpt lat="52.57582426071167" lon="4.741452690213919">
        <ele>-7.800000190734863</ele>
      </trkpt>
      <trkpt lat="52.575806407257915" lon="4.741449588909745">
        <ele>-7.800000190734863</ele>
      </trkpt>
      <trkpt lat="52.57579308003187" lon="4.741448080167174">
        <ele>-7.800000190734863</ele>
      </trkpt>
      <trkpt lat="52.575781513005495" lon="4.7414477448910475">
        <ele>-7.800000190734863</ele>
      </trkpt>
      <trkpt lat="52.57577162235975" lon="4.741448583081365">
        <ele>-7.800000190734863</ele>
      </trkpt>
      <trkpt lat="52.575761480256915" lon="4.741449756547809">
        <ele>-8.0</ele>
      </trkpt>
      <trkpt lat="52.575751170516014" lon="4.74145277403295">
        <ele>-8.0</ele>
      </trkpt>
      <trkpt lat="52.575735999271274" lon="4.741451600566506">
        <ele>-8.0</ele>
      </trkpt>
      <trkpt lat="52.57572216913104" lon="4.741452354937792">
        <ele>-8.0</ele>
      </trkpt>
      <trkpt lat="52.57570800371468" lon="4.741450259461999">
        <ele>-8.0</ele>
      </trkpt>
      <trkpt lat="52.57569626905024" lon="4.7414506785571575">
        <ele>-8.0</ele>
      </trkpt>
      <trkpt lat="52.575680846348405" lon="4.741448163986206">
        <ele>-8.0</ele>
      </trkpt>
      <trkpt lat="52.57566265761852" lon="4.74144296720624">
        <ele>-8.0</ele>
      </trkpt>
      <trkpt lat="52.575647151097655" lon="4.741436680778861">
        <ele>-8.0</ele>
      </trkpt>
      <trkpt lat="52.5756308902055" lon="4.741426119580865">
        <ele>-7.800000190734863</ele>
      </trkpt>
      <trkpt lat="52.57561697624624" lon="4.741417737677693">
        <ele>-7.800000190734863</ele>
      </trkpt>
      <trkpt lat="52.57560574449599" lon="4.741402734071016">
        <ele>-7.800000190734863</ele>
      </trkpt>
      <trkpt lat="52.57559157907963" lon="4.741391083225608">
        <ele>-7.800000190734863</ele>
      </trkpt>
      <trkpt lat="52.57557800039649" lon="4.741380102932453">
        <ele>-7.800000190734863</ele>
      </trkpt>
      <trkpt lat="52.57556433789432" lon="4.74136576987803">
        <ele>-7.800000190734863</ele>
      </trkpt>
      <trkpt lat="52.57555075921118" lon="4.741352694109082">
        <ele>-7.800000190734863</ele>
      </trkpt>
      <trkpt lat="52.575539108365774" lon="4.741337355226278">
        <ele>-7.800000190734863</ele>
      </trkpt>
      <trkpt lat="52.57552636787295" lon="4.7413210943341255">
        <ele>-8.0</ele>
      </trkpt>
      <trkpt lat="52.57551186718047" lon="4.741305084899068">
        <ele>-8.0</ele>
      </trkpt>
      <trkpt lat="52.57549988105893" lon="4.741291673853993">
        <ele>-8.0</ele>
      </trkpt>
      <trkpt lat="52.575487308204174" lon="4.7412769217044115">
        <ele>-8.0</ele>
      </trkpt>
      <trkpt lat="52.57547632791102" lon="4.74126267246902">
        <ele>-8.0</ele>
      </trkpt>
      <trkpt lat="52.575464425608516" lon="4.741248674690723">
        <ele>-8.0</ele>
      </trkpt>
      <trkpt lat="52.57545243948698" lon="4.741235515102744">
        <ele>-8.0</ele>
      </trkpt>
      <trkpt lat="52.57543986663222" lon="4.741221517324448">
        <ele>-8.0</ele>
      </trkpt>
      <trkpt lat="52.57542704232037" lon="4.741206932812929">
        <ele>-8.0</ele>
      </trkpt>
      <trkpt lat="52.5754133798182" lon="4.741191426292062">
        <ele>-7.800000190734863</ele>
      </trkpt>
      <trkpt lat="52.57539921440184" lon="4.741174662485719">
        <ele>-7.800000190734863</ele>
      </trkpt>
      <trkpt lat="52.57538630627096" lon="4.741159826517105">
        <ele>-7.599999904632568</ele>
      </trkpt>
      <trkpt lat="52.57537281140685" lon="4.741143397986889">
        <ele>-7.599999904632568</ele>
      </trkpt>
      <trkpt lat="52.575358813628554" lon="4.741130070760846">
        <ele>-7.599999904632568</ele>
      </trkpt>
      <trkpt lat="52.57534649223089" lon="4.741114396601915">
        <ele>-7.599999904632568</ele>
      </trkpt>
      <trkpt lat="52.57533366791904" lon="4.741102075204253">
        <ele>-7.599999904632568</ele>
      </trkpt>
      <trkpt lat="52.575321262702346" lon="4.741087825968862">
        <ele>-7.599999904632568</ele>
      </trkpt>
      <trkpt lat="52.575309528037906" lon="4.741075504571199">
        <ele>-7.599999904632568</ele>
      </trkpt>
      <trkpt lat="52.57529938593507" lon="4.741058321669698">
        <ele>-7.599999904632568</ele>
      </trkpt>
      <trkpt lat="52.57528689689934" lon="4.741042563691735">
        <ele>-7.599999904632568</ele>
      </trkpt>
      <trkpt lat="52.575275329872966" lon="4.741027224808931">
        <ele>-7.599999904632568</ele>
      </trkpt>
      <trkpt lat="52.57526149973273" lon="4.741013897582889">
        <ele>-7.599999904632568</ele>
      </trkpt>
      <trkpt lat="52.575248423963785" lon="4.741000318899751">
        <ele>-7.599999904632568</ele>
      </trkpt>
      <trkpt lat="52.575234258547425" lon="4.740985482931137">
        <ele>-7.599999904632568</ele>
      </trkpt>
      <trkpt lat="52.575219925493" lon="4.7409729938954115">
        <ele>-7.599999904632568</ele>
      </trkpt>
      <trkpt lat="52.5752061791718" lon="4.740959918126464">
        <ele>-7.599999904632568</ele>
      </trkpt>
      <trkpt lat="52.57519092410803" lon="4.740949859842658">
        <ele>-7.599999904632568</ele>
      </trkpt>
      <trkpt lat="52.575174663215876" lon="4.74093871191144">
        <ele>-7.599999904632568</ele>
      </trkpt>
      <trkpt lat="52.57516083307564" lon="4.740929072722793">
        <ele>-7.599999904632568</ele>
      </trkpt>
      <trkpt lat="52.5751475058496" lon="4.740917254239321">
        <ele>-7.599999904632568</ele>
      </trkpt>
      <trkpt lat="52.57513443008065" lon="4.740908704698086">
        <ele>-7.599999904632568</ele>
      </trkpt>
      <trkpt lat="52.57512127049267" lon="4.740897724404931">
        <ele>-7.599999904632568</ele>
      </trkpt>
      <trkpt lat="52.57510777562857" lon="4.740889091044664">
        <ele>-7.800000190734863</ele>
      </trkpt>
      <trkpt lat="52.575094532221556" lon="4.740880876779556">
        <ele>-7.800000190734863</ele>
      </trkpt>
      <trkpt lat="52.5750782713294" lon="4.740871991962194">
        <ele>-7.800000190734863</ele>
      </trkpt>
      <trkpt lat="52.57506427355111" lon="4.740865370258689">
        <ele>-7.599999904632568</ele>
      </trkpt>
      <trkpt lat="52.57505044341087" lon="4.7408566530793905">
        <ele>-7.599999904632568</ele>
      </trkpt>
      <trkpt lat="52.575036864727736" lon="4.740851707756519">
        <ele>-7.599999904632568</ele>
      </trkpt>
      <trkpt lat="52.57502244785428" lon="4.740844331681728">
        <ele>-7.599999904632568</ele>
      </trkpt>
      <trkpt lat="52.5750092882663" lon="4.740837793797255">
        <ele>-7.800000190734863</ele>
      </trkpt>
      <trkpt lat="52.57499545812607" lon="4.740831088274717">
        <ele>-7.800000190734863</ele>
      </trkpt>
      <trkpt lat="52.574982633814216" lon="4.740824718028307">
        <ele>-7.800000190734863</ele>
      </trkpt>
      <trkpt lat="52.57496863603592" lon="4.740817341953516">
        <ele>-7.800000190734863</ele>
      </trkpt>
      <trkpt lat="52.57495346479118" lon="4.74080971442163">
        <ele>-7.800000190734863</ele>
      </trkpt>
      <trkpt lat="52.574939634650946" lon="4.740802673622966">
        <ele>-7.800000190734863</ele>
      </trkpt>
      <trkpt lat="52.574925888329744" lon="4.740793453529477">
        <ele>-7.800000190734863</ele>
      </trkpt>
      <trkpt lat="52.57491348311305" lon="4.740785490721464">
        <ele>-7.599999904632568</ele>
      </trkpt>
      <trkpt lat="52.574898563325405" lon="4.7407797910273075">
        <ele>-7.599999904632568</ele>
      </trkpt>
      <trkpt lat="52.57488464936614" lon="4.740776186808944">
        <ele>-7.599999904632568</ele>
      </trkpt>
      <trkpt lat="52.57486914284527" lon="4.740772247314453">
        <ele>-7.400000095367432</ele>
      </trkpt>
      <trkpt lat="52.57485321722925" lon="4.740766379982233">
        <ele>-7.199999809265137</ele>
      </trkpt>
      <trkpt lat="52.57483771070838" lon="4.740759339183569">
        <ele>-7.199999809265137</ele>
      </trkpt>
      <trkpt lat="52.574822288006544" lon="4.740751963108778">
        <ele>-7.199999809265137</ele>
      </trkpt>
      <trkpt lat="52.57480979897082" lon="4.740743329748511">
        <ele>-7.199999809265137</ele>
      </trkpt>
      <trkpt lat="52.57479605264962" lon="4.740734361112118">
        <ele>-7.199999809265137</ele>
      </trkpt>
      <trkpt lat="52.57478356361389" lon="4.7407270688563585">
        <ele>-7.199999809265137</ele>
      </trkpt>
      <trkpt lat="52.57476964965463" lon="4.740718519315124">
        <ele>-7.199999809265137</ele>
      </trkpt>
      <trkpt lat="52.57475724443793" lon="4.740711059421301">
        <ele>-7.199999809265137</ele>
      </trkpt>
      <trkpt lat="52.57474358193576" lon="4.740701336413622">
        <ele>-7.400000095367432</ele>
      </trkpt>
      <trkpt lat="52.57472916506231" lon="4.740687757730484">
        <ele>-7.599999904632568</ele>
      </trkpt>
      <trkpt lat="52.57471516728401" lon="4.740675436332822">
        <ele>-7.599999904632568</ele>
      </trkpt>
      <trkpt lat="52.57470133714378" lon="4.740661019459367">
        <ele>-7.599999904632568</ele>
      </trkpt>
      <trkpt lat="52.574688429012895" lon="4.740648614242673">
        <ele>-7.599999904632568</ele>
      </trkpt>
      <trkpt lat="52.57467585615814" lon="4.740634700283408">
        <ele>-7.599999904632568</ele>
      </trkpt>
      <trkpt lat="52.57466294802725" lon="4.740621540695429">
        <ele>-7.599999904632568</ele>
      </trkpt>
      <trkpt lat="52.57464995607734" lon="4.740607626736164">
        <ele>-7.599999904632568</ele>
      </trkpt>
      <trkpt lat="52.574636125937104" lon="4.7405939642339945">
        <ele>-7.599999904632568</ele>
      </trkpt>
      <trkpt lat="52.574621960520744" lon="4.7405830677598715">
        <ele>-7.599999904632568</ele>
      </trkpt>
      <trkpt lat="52.57460695691407" lon="4.740569069981575">
        <ele>-7.599999904632568</ele>
      </trkpt>
      <trkpt lat="52.57459337823093" lon="4.740558676421642">
        <ele>-7.599999904632568</ele>
      </trkpt>
      <trkpt lat="52.57457979954779" lon="4.740545265376568">
        <ele>-7.599999904632568</ele>
      </trkpt>
      <trkpt lat="52.57456697523594" lon="4.740536799654365">
        <ele>-7.599999904632568</ele>
      </trkpt>
      <trkpt lat="52.5745533965528" lon="4.740525064989924">
        <ele>-7.400000095367432</ele>
      </trkpt>
      <trkpt lat="52.57454065605998" lon="4.740513162687421">
        <ele>-7.400000095367432</ele>
      </trkpt>
      <trkpt lat="52.57452808320522" lon="4.740499835461378">
        <ele>-7.400000095367432</ele>
      </trkpt>
      <trkpt lat="52.57451433688402" lon="4.740484245121479">
        <ele>-7.599999904632568</ele>
      </trkpt>
      <trkpt lat="52.5745015963912" lon="4.740471672266722">
        <ele>-7.599999904632568</ele>
      </trkpt>
      <trkpt lat="52.57448743097484" lon="4.74045692011714">
        <ele>-7.599999904632568</ele>
      </trkpt>
      <trkpt lat="52.57447435520589" lon="4.740442335605621">
        <ele>-7.599999904632568</ele>
      </trkpt>
      <trkpt lat="52.57446111179888" lon="4.740426493808627">
        <ele>-7.800000190734863</ele>
      </trkpt>
      <trkpt lat="52.57444828748703" lon="4.740412496030331">
        <ele>-7.800000190734863</ele>
      </trkpt>
      <trkpt lat="52.57443546317518" lon="4.740397743880749">
        <ele>-7.800000190734863</ele>
      </trkpt>
      <trkpt lat="52.57442322559655" lon="4.740382907912135">
        <ele>-7.800000190734863</ele>
      </trkpt>
      <trkpt lat="52.574409898370504" lon="4.740366730839014">
        <ele>-7.800000190734863</ele>
      </trkpt>
      <trkpt lat="52.574397744610906" lon="4.740352900698781">
        <ele>-7.599999904632568</ele>
      </trkpt>
      <trkpt lat="52.57438341155648" lon="4.7403389029204845">
        <ele>-7.400000095367432</ele>
      </trkpt>
      <trkpt lat="52.57437016814947" lon="4.740325910970569">
        <ele>-7.400000095367432</ele>
      </trkpt>
      <trkpt lat="52.57435658946633" lon="4.740315601229668">
        <ele>-7.400000095367432</ele>
      </trkpt>
      <trkpt lat="52.574342507869005" lon="4.740301854908466">
        <ele>-7.400000095367432</ele>
      </trkpt>
      <trkpt lat="52.57432859390974" lon="4.740286767482758">
        <ele>-7.400000095367432</ele>
      </trkpt>
      <trkpt lat="52.57431484758854" lon="4.7402735240757465">
        <ele>-7.400000095367432</ele>
      </trkpt>
      <trkpt lat="52.574301017448306" lon="4.740260196849704">
        <ele>-7.400000095367432</ele>
      </trkpt>
      <trkpt lat="52.57428836077452" lon="4.740246953442693">
        <ele>-7.199999809265137</ele>
      </trkpt>
      <trkpt lat="52.57427712902427" lon="4.740235051140189">
        <ele>-7.199999809265137</ele>
      </trkpt>
      <trkpt lat="52.57426765747368" lon="4.740218790248036">
        <ele>-7.199999809265137</ele>
      </trkpt>
      <trkpt lat="52.57425441406667" lon="4.7402022778987885">
        <ele>-7.0</ele>
      </trkpt>
      <trkpt lat="52.57424267940223" lon="4.740189621224999">
        <ele>-7.0</ele>
      </trkpt>
      <trkpt lat="52.57423128001392" lon="4.740174449980259">
        <ele>-7.0</ele>
      </trkpt>
      <trkpt lat="52.574220299720764" lon="4.740161877125502">
        <ele>-7.0</ele>
      </trkpt>
      <trkpt lat="52.57420848123729" lon="4.740147376433015">
        <ele>-7.199999809265137</ele>
      </trkpt>
      <trkpt lat="52.57419708184898" lon="4.740133797749877">
        <ele>-7.199999809265137</ele>
      </trkpt>
      <trkpt lat="52.5741889514029" lon="4.740118123590946">
        <ele>-7.199999809265137</ele>
      </trkpt>
      <trkpt lat="52.574177384376526" lon="4.740105550736189">
        <ele>-7.199999809265137</ele>
      </trkpt>
      <trkpt lat="52.57416732609272" lon="4.740092977881432">
        <ele>-7.199999809265137</ele>
      </trkpt>
      <trkpt lat="52.574157770723104" lon="4.740083422511816">
        <ele>-7.199999809265137</ele>
      </trkpt>
      <trkpt lat="52.57414922118187" lon="4.740077219903469">
        <ele>-7.199999809265137</ele>
      </trkpt>
      <trkpt lat="52.57414377294481" lon="4.740068670362234">
        <ele>-7.199999809265137</ele>
      </trkpt>
      <trkpt lat="52.574132457375526" lon="4.7400641441345215">
        <ele>-7.199999809265137</ele>
      </trkpt>
      <trkpt lat="52.57412290200591" lon="4.740049559623003">
        <ele>-7.199999809265137</ele>
      </trkpt>
      <trkpt lat="52.57411208935082" lon="4.740037070587277">
        <ele>-7.199999809265137</ele>
      </trkpt>
      <trkpt lat="52.57410320453346" lon="4.74003036506474">
        <ele>-7.400000095367432</ele>
      </trkpt>
      <trkpt lat="52.57409297861159" lon="4.740019552409649">
        <ele>-7.400000095367432</ele>
      </trkpt>
      <trkpt lat="52.57408241741359" lon="4.740010080859065">
        <ele>-7.400000095367432</ele>
      </trkpt>
      <trkpt lat="52.57407168857753" lon="4.739998430013657">
        <ele>-7.400000095367432</ele>
      </trkpt>
      <trkpt lat="52.574059534817934" lon="4.739985354244709">
        <ele>-7.199999809265137</ele>
      </trkpt>
      <trkpt lat="52.574047800153494" lon="4.739974206313491">
        <ele>-7.400000095367432</ele>
      </trkpt>
      <trkpt lat="52.57403254508972" lon="4.739962136372924">
        <ele>-7.199999809265137</ele>
      </trkpt>
      <trkpt lat="52.574017541483045" lon="4.739952832460403">
        <ele>-7.199999809265137</ele>
      </trkpt>
      <trkpt lat="52.574001951143146" lon="4.739941349253058">
        <ele>-7.199999809265137</ele>
      </trkpt>
      <trkpt lat="52.57398661226034" lon="4.739931793883443">
        <ele>-7.199999809265137</ele>
      </trkpt>
      <trkpt lat="52.57397219538689" lon="4.739919807761908">
        <ele>-7.400000095367432</ele>
      </trkpt>
      <trkpt lat="52.57396071217954" lon="4.739909246563911">
        <ele>-7.400000095367432</ele>
      </trkpt>
      <trkpt lat="52.57394629530609" lon="4.739898601546884">
        <ele>-7.400000095367432</ele>
      </trkpt>
      <trkpt lat="52.57393271662295" lon="4.73988426849246">
        <ele>-7.400000095367432</ele>
      </trkpt>
      <trkpt lat="52.573919808492064" lon="4.739871863275766">
        <ele>-7.400000095367432</ele>
      </trkpt>
      <trkpt lat="52.57390396669507" lon="4.739857781678438">
        <ele>-7.400000095367432</ele>
      </trkpt>
      <trkpt lat="52.57388913072646" lon="4.739845292642713">
        <ele>-7.400000095367432</ele>
      </trkpt>
      <trkpt lat="52.57387362420559" lon="4.739829953759909">
        <ele>-7.400000095367432</ele>
      </trkpt>
      <trkpt lat="52.57385895587504" lon="4.739816961809993">
        <ele>-7.400000095367432</ele>
      </trkpt>
      <trkpt lat="52.5738453771919" lon="4.739801371470094">
        <ele>-7.199999809265137</ele>
      </trkpt>
      <trkpt lat="52.57383213378489" lon="4.739788547158241">
        <ele>-7.400000095367432</ele>
      </trkpt>
      <trkpt lat="52.57381930947304" lon="4.73977530375123">
        <ele>-7.400000095367432</ele>
      </trkpt>
      <trkpt lat="52.57380665279925" lon="4.73976407200098">
        <ele>-7.199999809265137</ele>
      </trkpt>
      <trkpt lat="52.57379307411611" lon="4.739749990403652">
        <ele>-7.199999809265137</ele>
      </trkpt>
      <trkpt lat="52.57377773523331" lon="4.739737333729863">
        <ele>-7.199999809265137</ele>
      </trkpt>
      <trkpt lat="52.573763905093074" lon="4.739727945998311">
        <ele>-7.0</ele>
      </trkpt>
      <trkpt lat="52.573750829324126" lon="4.739714367315173">
        <ele>-7.0</ele>
      </trkpt>
      <trkpt lat="52.57373984903097" lon="4.73970003426075">
        <ele>-7.0</ele>
      </trkpt>
      <trkpt lat="52.57310374639928" lon="4.739122102037072">
        <ele>-7.0</ele>
      </trkpt>
      <trkpt lat="52.57309192791581" lon="4.739110618829727">
        <ele>-7.0</ele>
      </trkpt>
      <trkpt lat="52.573079857975245" lon="4.739100309088826">
        <ele>-7.0</ele>
      </trkpt>
      <trkpt lat="52.57306971587241" lon="4.739093352109194">
        <ele>-7.0</ele>
      </trkpt>
      <trkpt lat="52.573057897388935" lon="4.739082790911198">
        <ele>-7.0</ele>
      </trkpt>
      <trkpt lat="52.57304641418159" lon="4.739070050418377">
        <ele>-7.199999809265137</ele>
      </trkpt>
      <trkpt lat="52.57303669117391" lon="4.739054879173636">
        <ele>-7.400000095367432</ele>
      </trkpt>
      <trkpt lat="52.57302554324269" lon="4.739041635766625">
        <ele>-7.400000095367432</ele>
      </trkpt>
      <trkpt lat="52.57301364094019" lon="4.7390280570834875">
        <ele>-7.400000095367432</ele>
      </trkpt>
      <trkpt lat="52.573002157732844" lon="4.739015903323889">
        <ele>-7.400000095367432</ele>
      </trkpt>
      <trkpt lat="52.572990003973246" lon="4.739003079012036">
        <ele>-7.400000095367432</ele>
      </trkpt>
      <trkpt lat="52.57297717966139" lon="4.73898908123374">
        <ele>-7.400000095367432</ele>
      </trkpt>
      <trkpt lat="52.57296544499695" lon="4.73897541873157">
        <ele>-7.400000095367432</ele>
      </trkpt>
      <trkpt lat="52.5729544647038" lon="4.7389585711061954">
        <ele>-7.199999809265137</ele>
      </trkpt>
      <trkpt lat="52.57294273003936" lon="4.738945830613375">
        <ele>-7.199999809265137</ele>
      </trkpt>
      <trkpt lat="52.572929905727506" lon="4.738930659368634">
        <ele>-7.199999809265137</ele>
      </trkpt>
      <trkpt lat="52.57291599176824" lon="4.738916242495179">
        <ele>-7.199999809265137</ele>
      </trkpt>
      <trkpt lat="52.57290308363736" lon="4.738900735974312">
        <ele>-7.400000095367432</ele>
      </trkpt>
      <trkpt lat="52.572890343144536" lon="4.738886738196015">
        <ele>-7.400000095367432</ele>
      </trkpt>
      <trkpt lat="52.57287735119462" lon="4.73887131549418">
        <ele>-7.400000095367432</ele>
      </trkpt>
      <trkpt lat="52.572863940149546" lon="4.738855306059122">
        <ele>-7.400000095367432</ele>
      </trkpt>
      <trkpt lat="52.5728508643806" lon="4.738839045166969">
        <ele>-7.400000095367432</ele>
      </trkpt>
      <trkpt lat="52.57283762097359" lon="4.7388210240751505">
        <ele>-7.400000095367432</ele>
      </trkpt>
      <trkpt lat="52.572825802490115" lon="4.738805769011378">
        <ele>-7.400000095367432</ele>
      </trkpt>
      <trkpt lat="52.5728144031018" lon="4.738790513947606">
        <ele>-7.400000095367432</ele>
      </trkpt>
      <trkpt lat="52.57280266843736" lon="4.7387770190835">
        <ele>-7.400000095367432</ele>
      </trkpt>
      <trkpt lat="52.57279277779162" lon="4.738762099295855">
        <ele>-7.400000095367432</ele>
      </trkpt>
      <trkpt lat="52.57278070785105" lon="4.7387482691556215">
        <ele>-7.400000095367432</ele>
      </trkpt>
      <trkpt lat="52.57277039811015" lon="4.738732427358627">
        <ele>-7.199999809265137</ele>
      </trkpt>
      <trkpt lat="52.572758411988616" lon="4.738719016313553">
        <ele>-7.0</ele>
      </trkpt>
      <trkpt lat="52.57274625822902" lon="4.738704767078161">
        <ele>-7.0</ele>
      </trkpt>
      <trkpt lat="52.5727335177362" lon="4.7386908531188965">
        <ele>-7.0</ele>
      </trkpt>
      <trkpt lat="52.572721280157566" lon="4.738677777349949">
        <ele>-6.800000190734863</ele>
      </trkpt>
      <trkpt lat="52.572708455845714" lon="4.738661935552955">
        <ele>-6.800000190734863</ele>
      </trkpt>
      <trkpt lat="52.57269646972418" lon="4.738651206716895">
        <ele>-7.0</ele>
      </trkpt>
      <trkpt lat="52.57268423214555" lon="4.7386387176811695">
        <ele>-7.199999809265137</ele>
      </trkpt>
      <trkpt lat="52.57267165929079" lon="4.738628156483173">
        <ele>-7.199999809265137</ele>
      </trkpt>
      <trkpt lat="52.572660678997636" lon="4.738615248352289">
        <ele>-7.199999809265137</ele>
      </trkpt>
      <trkpt lat="52.57264777086675" lon="4.738604938611388">
        <ele>-7.199999809265137</ele>
      </trkpt>
      <trkpt lat="52.57263553328812" lon="4.7385951317846775">
        <ele>-7.199999809265137</ele>
      </trkpt>
      <trkpt lat="52.572622038424015" lon="4.738584067672491">
        <ele>-7.199999809265137</ele>
      </trkpt>
      <trkpt lat="52.57260971702635" lon="4.738576523959637">
        <ele>-7.199999809265137</ele>
      </trkpt>
      <trkpt lat="52.572597060352564" lon="4.738566298037767">
        <ele>-7.199999809265137</ele>
      </trkpt>
      <trkpt lat="52.572584906592965" lon="4.738559927791357">
        <ele>-7.199999809265137</ele>
      </trkpt>
      <trkpt lat="52.57257191464305" lon="4.738551964983344">
        <ele>-7.400000095367432</ele>
      </trkpt>
      <trkpt lat="52.57255875505507" lon="4.738545175641775">
        <ele>-7.400000095367432</ele>
      </trkpt>
      <trkpt lat="52.572545344009995" lon="4.738537464290857">
        <ele>-7.400000095367432</ele>
      </trkpt>
      <trkpt lat="52.572530172765255" lon="4.738529082387686">
        <ele>-7.400000095367432</ele>
      </trkpt>
      <trkpt lat="52.57251634262502" lon="4.738522125408053">
        <ele>-7.400000095367432</ele>
      </trkpt>
      <trkpt lat="52.572500333189964" lon="4.738512905314565">
        <ele>-7.400000095367432</ele>
      </trkpt>
      <trkpt lat="52.572487676516175" lon="4.738507205620408">
        <ele>-7.400000095367432</ele>
      </trkpt>
      <trkpt lat="52.57247485220432" lon="4.738497901707888">
        <ele>-7.400000095367432</ele>
      </trkpt>
      <trkpt lat="52.57246253080666" lon="4.7384902741760015">
        <ele>-7.199999809265137</ele>
      </trkpt>
      <trkpt lat="52.57244979031384" lon="4.738481054082513">
        <ele>-7.199999809265137</ele>
      </trkpt>
      <trkpt lat="52.57243696600199" lon="4.738470409065485">
        <ele>-7.199999809265137</ele>
      </trkpt>
      <trkpt lat="52.57242497988045" lon="4.738459680229425">
        <ele>-7.400000095367432</ele>
      </trkpt>
      <trkpt lat="52.57241316139698" lon="4.738445179536939">
        <ele>-7.199999809265137</ele>
      </trkpt>
      <trkpt lat="52.57240151055157" lon="4.738435624167323">
        <ele>-7.199999809265137</ele>
      </trkpt>
      <trkpt lat="52.57238952443004" lon="4.738422632217407">
        <ele>-7.199999809265137</ele>
      </trkpt>
      <trkpt lat="52.572377789765596" lon="4.7384087182581425">
        <ele>-7.400000095367432</ele>
      </trkpt>
      <trkpt lat="52.57236714474857" lon="4.7383916191756725">
        <ele>-7.400000095367432</ele>
      </trkpt>
      <trkpt lat="52.57235649973154" lon="4.738376867026091">
        <ele>-7.199999809265137</ele>
      </trkpt>
      <trkpt lat="52.5723463576287" lon="4.738360270857811">
        <ele>-7.199999809265137</ele>
      </trkpt>
      <trkpt lat="52.572336634621024" lon="4.738344680517912">
        <ele>-7.199999809265137</ele>
      </trkpt>
      <trkpt lat="52.57232582196593" lon="4.738329676911235">
        <ele>-7.199999809265137</ele>
      </trkpt>
      <trkpt lat="52.57231433875859" lon="4.73830989561975">
        <ele>-7.199999809265137</ele>
      </trkpt>
      <trkpt lat="52.5723035261035" lon="4.738296065479517">
        <ele>-7.400000095367432</ele>
      </trkpt>
      <trkpt lat="52.572293719276786" lon="4.7382797207683325">
        <ele>-7.400000095367432</ele>
      </trkpt>
      <trkpt lat="52.57228315807879" lon="4.738268069922924">
        <ele>-7.400000095367432</ele>
      </trkpt>
      <trkpt lat="52.57227242924273" lon="4.738253150135279">
        <ele>-7.400000095367432</ele>
      </trkpt>
      <trkpt lat="52.57226304151118" lon="4.73823806270957">
        <ele>-7.400000095367432</ele>
      </trkpt>
      <trkpt lat="52.572251223027706" lon="4.7382246516644955">
        <ele>-7.400000095367432</ele>
      </trkpt>
      <trkpt lat="52.57223789580166" lon="4.738208474591374">
        <ele>-7.599999904632568</ele>
      </trkpt>
      <trkpt lat="52.57222389802337" lon="4.738195231184363">
        <ele>-7.400000095367432</ele>
      </trkpt>
      <trkpt lat="52.5722118280828" lon="4.738181149587035">
        <ele>-7.199999809265137</ele>
      </trkpt>
      <trkpt lat="52.57220026105642" lon="4.738168073818088">
        <ele>-7.199999809265137</ele>
      </trkpt>
      <trkpt lat="52.572189532220364" lon="4.738151980563998">
        <ele>-7.0</ele>
      </trkpt>
      <trkpt lat="52.57218006066978" lon="4.738139156252146">
        <ele>-7.0</ele>
      </trkpt>
      <trkpt lat="52.572166649624705" lon="4.738127086311579">
        <ele>-7.0</ele>
      </trkpt>
      <trkpt lat="52.57215323857963" lon="4.738116357475519">
        <ele>-7.0</ele>
      </trkpt>
      <trkpt lat="52.57214066572487" lon="4.738106969743967">
        <ele>-7.0</ele>
      </trkpt>
      <trkpt lat="52.572126500308514" lon="4.738093810155988">
        <ele>-7.0</ele>
      </trkpt>
      <trkpt lat="52.572113340720534" lon="4.738083248957992">
        <ele>-6.800000190734863</ele>
      </trkpt>
      <trkpt lat="52.57210143841803" lon="4.73807486705482">
        <ele>-7.0</ele>
      </trkpt>
      <trkpt lat="52.572090374305844" lon="4.738069083541632">
        <ele>-7.199999809265137</ele>
      </trkpt>
      <trkpt lat="52.57207947783172" lon="4.738066652789712">
        <ele>-7.199999809265137</ele>
      </trkpt>
      <trkpt lat="52.57207025773823" lon="4.7380647249519825">
        <ele>-7.199999809265137</ele>
      </trkpt>
      <trkpt lat="52.572062043473125" lon="4.738059276714921">
        <ele>-7.199999809265137</ele>
      </trkpt>
      <trkpt lat="52.572051817551255" lon="4.738053912296891">
        <ele>-7.199999809265137</ele>
      </trkpt>
      <trkpt lat="52.572042094543576" lon="4.73804896697402">
        <ele>-7.199999809265137</ele>
      </trkpt>
      <trkpt lat="52.57203262299299" lon="4.738042009994388">
        <ele>-7.199999809265137</ele>
      </trkpt>
      <trkpt lat="52.57202289998531" lon="4.73802943713963">
        <ele>-7.0</ele>
      </trkpt>
      <trkpt lat="52.572011668235064" lon="4.738019211217761">
        <ele>-7.199999809265137</ele>
      </trkpt>
      <trkpt lat="52.57200077176094" lon="4.73801183514297">
        <ele>-7.0</ele>
      </trkpt>
      <trkpt lat="52.571991635486484" lon="4.738003620877862">
        <ele>-6.800000190734863</ele>
      </trkpt>
      <trkpt lat="52.57198157720268" lon="4.737990712746978">
        <ele>-6.800000190734863</ele>
      </trkpt>
      <trkpt lat="52.571970261633396" lon="4.737978558987379">
        <ele>-6.800000190734863</ele>
      </trkpt>
      <trkpt lat="52.57195961661637" lon="4.737969255074859">
        <ele>-6.800000190734863</ele>
      </trkpt>
      <trkpt lat="52.57194955833256" lon="4.737959951162338">
        <ele>-6.800000190734863</ele>
      </trkpt>
      <trkpt lat="52.57194025442004" lon="4.737949976697564">
        <ele>-6.800000190734863</ele>
      </trkpt>
      <trkpt lat="52.57193136960268" lon="4.737940421327949">
        <ele>-7.0</ele>
      </trkpt>
      <trkpt lat="52.57192147895694" lon="4.737933548167348">
        <ele>-7.199999809265137</ele>
      </trkpt>
      <trkpt lat="52.571911085397005" lon="4.737929524853826">
        <ele>-7.199999809265137</ele>
      </trkpt>
      <trkpt lat="52.57190303876996" lon="4.737925669178367">
        <ele>-7.199999809265137</ele>
      </trkpt>
      <trkpt lat="52.57189314812422" lon="4.737916951999068">
        <ele>-7.0</ele>
      </trkpt>
      <trkpt lat="52.57188258692622" lon="4.737907061353326">
        <ele>-7.199999809265137</ele>
      </trkpt>
      <trkpt lat="52.57187177427113" lon="4.737893398851156">
        <ele>-7.199999809265137</ele>
      </trkpt>
      <trkpt lat="52.57186045870185" lon="4.737884094938636">
        <ele>-7.199999809265137</ele>
      </trkpt>
      <trkpt lat="52.57184796966612" lon="4.7378738690167665">
        <ele>-7.0</ele>
      </trkpt>
      <trkpt lat="52.571835899725556" lon="4.73785450682044">
        <ele>-7.0</ele>
      </trkpt>
      <trkpt lat="52.571826009079814" lon="4.7378417663276196">
        <ele>-7.0</ele>
      </trkpt>
      <trkpt lat="52.57181561551988" lon="4.737825840711594">
        <ele>-7.0</ele>
      </trkpt>
      <trkpt lat="52.5718058925122" lon="4.737810166552663">
        <ele>-6.800000190734863</ele>
      </trkpt>
      <trkpt lat="52.57179415784776" lon="4.737795582041144">
        <ele>-6.800000190734863</ele>
      </trkpt>
      <trkpt lat="52.57178326137364" lon="4.737777728587389">
        <ele>-6.800000190734863</ele>
      </trkpt>
      <trkpt lat="52.57177404128015" lon="4.7377631440758705">
        <ele>-6.800000190734863</ele>
      </trkpt>
      <trkpt lat="52.571763563901186" lon="4.73774453625083">
        <ele>-6.800000190734863</ele>
      </trkpt>
      <trkpt lat="52.57175350561738" lon="4.737728526815772">
        <ele>-6.800000190734863</ele>
      </trkpt>
      <trkpt lat="52.57174311205745" lon="4.737712014466524">
        <ele>-7.0</ele>
      </trkpt>
      <trkpt lat="52.57173213176429" lon="4.737694915384054">
        <ele>-7.0</ele>
      </trkpt>
      <trkpt lat="52.571722408756614" lon="4.737681001424789">
        <ele>-7.0</ele>
      </trkpt>
      <trkpt lat="52.57171302102506" lon="4.737664656713605">
        <ele>-7.0</ele>
      </trkpt>
      <trkpt lat="52.57170220836997" lon="4.737646300345659">
        <ele>-7.0</ele>
      </trkpt>
      <trkpt lat="52.57169131189585" lon="4.737632721662521">
        <ele>-7.199999809265137</ele>
      </trkpt>
      <trkpt lat="52.57168066687882" lon="4.73761947825551">
        <ele>-7.0</ele>
      </trkpt>
      <trkpt lat="52.571669267490506" lon="4.737605983391404">
        <ele>-7.0</ele>
      </trkpt>
      <trkpt lat="52.57165610790253" lon="4.737591566517949">
        <ele>-7.0</ele>
      </trkpt>
      <trkpt lat="52.57164303213358" lon="4.737575221806765">
        <ele>-7.0</ele>
      </trkpt>
      <trkpt lat="52.571629621088505" lon="4.737558960914612">
        <ele>-6.800000190734863</ele>
      </trkpt>
      <trkpt lat="52.571616964414716" lon="4.737540939822793">
        <ele>-6.800000190734863</ele>
      </trkpt>
      <trkpt lat="52.57160447537899" lon="4.737528199329972">
        <ele>-6.800000190734863</ele>
      </trkpt>
      <trkpt lat="52.5715918187052" lon="4.737513363361359">
        <ele>-6.599999904632568</ele>
      </trkpt>
      <trkpt lat="52.571580335497856" lon="4.737499784678221">
        <ele>-6.800000190734863</ele>
      </trkpt>
      <trkpt lat="52.57156650535762" lon="4.737487463280559">
        <ele>-6.800000190734863</ele>
      </trkpt>
      <trkpt lat="52.57155426777899" lon="4.737473884597421">
        <ele>-6.800000190734863</ele>
      </trkpt>
      <trkpt lat="52.571541192010045" lon="4.737459467723966">
        <ele>-7.0</ele>
      </trkpt>
      <trkpt lat="52.57152694277465" lon="4.737444296479225">
        <ele>-6.800000190734863</ele>
      </trkpt>
      <trkpt lat="52.57151344791055" lon="4.737430550158024">
        <ele>-6.800000190734863</ele>
      </trkpt>
      <trkpt lat="52.57149844430387" lon="4.737415295094252">
        <ele>-6.800000190734863</ele>
      </trkpt>
      <trkpt lat="52.57148520089686" lon="4.7374041471630335">
        <ele>-6.800000190734863</ele>
      </trkpt>
      <trkpt lat="52.571472292765975" lon="4.737389478832483">
        <ele>-6.800000190734863</ele>
      </trkpt>
      <trkpt lat="52.57145988754928" lon="4.737376403063536">
        <ele>-6.599999904632568</ele>
      </trkpt>
      <trkpt lat="52.57144471630454" lon="4.737361986190081">
        <ele>-6.599999904632568</ele>
      </trkpt>
      <trkpt lat="52.57142895832658" lon="4.737348239868879">
        <ele>-6.599999904632568</ele>
      </trkpt>
      <trkpt lat="52.5714139547199" lon="4.737334242090583">
        <ele>-6.599999904632568</ele>
      </trkpt>
      <trkpt lat="52.57139819674194" lon="4.73732091486454">
        <ele>-6.599999904632568</ele>
      </trkpt>
      <trkpt lat="52.57138319313526" lon="4.73730968311429">
        <ele>-6.599999904632568</ele>
      </trkpt>
      <trkpt lat="52.5713690277189" lon="4.737296523526311">
        <ele>-6.599999904632568</ele>
      </trkpt>
      <trkpt lat="52.57135620340705" lon="4.7372872196137905">
        <ele>-6.599999904632568</ele>
      </trkpt>
      <trkpt lat="52.57134396582842" lon="4.737274143844843">
        <ele>-6.599999904632568</ele>
      </trkpt>
      <trkpt lat="52.57133214734495" lon="4.737263163551688">
        <ele>-6.599999904632568</ele>
      </trkpt>
      <trkpt lat="52.57132024504244" lon="4.7372521832585335">
        <ele>-6.800000190734863</ele>
      </trkpt>
      <trkpt lat="52.571307588368654" lon="4.7372412867844105">
        <ele>-7.0</ele>
      </trkpt>
      <trkpt lat="52.571293925866485" lon="4.737231228500605">
        <ele>-7.0</ele>
      </trkpt>
      <trkpt lat="52.571279425174" lon="4.737217901274562">
        <ele>-7.199999809265137</ele>
      </trkpt>
      <trkpt lat="52.57126861251891" lon="4.737209351733327">
        <ele>-7.199999809265137</ele>
      </trkpt>
      <trkpt lat="52.57125805132091" lon="4.737197533249855">
        <ele>-7.199999809265137</ele>
      </trkpt>
      <trkpt lat="52.57124623283744" lon="4.737188229337335">
        <ele>-7.199999809265137</ele>
      </trkpt>
      <trkpt lat="52.57123500108719" lon="4.737179093062878">
        <ele>-7.0</ele>
      </trkpt>
      <trkpt lat="52.571222176775336" lon="4.737166101112962">
        <ele>-7.0</ele>
      </trkpt>
      <trkpt lat="52.571210861206055" lon="4.737159144133329">
        <ele>-6.800000190734863</ele>
      </trkpt>
      <trkpt lat="52.571198707446456" lon="4.737147744745016">
        <ele>-6.800000190734863</ele>
      </trkpt>
      <trkpt lat="52.571184290573" lon="4.737136261537671">
        <ele>-6.599999904632568</ele>
      </trkpt>
      <trkpt lat="52.57117163389921" lon="4.737127376720309">
        <ele>-6.599999904632568</ele>
      </trkpt>
      <trkpt lat="52.571158641949296" lon="4.737113378942013">
        <ele>-6.599999904632568</ele>
      </trkpt>
      <trkpt lat="52.57114673964679" lon="4.737103907391429">
        <ele>-6.599999904632568</ele>
      </trkpt>
      <trkpt lat="52.57113391533494" lon="4.7370916698127985">
        <ele>-6.400000095367432</ele>
      </trkpt>
      <trkpt lat="52.57112209685147" lon="4.737080102786422">
        <ele>-6.599999904632568</ele>
      </trkpt>
      <trkpt lat="52.57111052982509" lon="4.73706778138876">
        <ele>-6.599999904632568</ele>
      </trkpt>
      <trkpt lat="52.571098459884524" lon="4.737054873257875">
        <ele>-6.599999904632568</ele>
      </trkpt>
      <trkpt lat="52.57108664140105" lon="4.737040372565389">
        <ele>-6.599999904632568</ele>
      </trkpt>
      <trkpt lat="52.571073565632105" lon="4.737022519111633">
        <ele>-6.400000095367432</ele>
      </trkpt>
      <trkpt lat="52.5710616633296" lon="4.737009359523654">
        <ele>-6.599999904632568</ele>
      </trkpt>
      <trkpt lat="52.57105118595064" lon="4.73699058406055">
        <ele>-6.599999904632568</ele>
      </trkpt>
      <trkpt lat="52.57104020565748" lon="4.736977508291602">
        <ele>-6.599999904632568</ele>
      </trkpt>
      <trkpt lat="52.57102939300239" lon="4.736962923780084">
        <ele>-6.599999904632568</ele>
      </trkpt>
      <trkpt lat="52.57101799361408" lon="4.73694515414536">
        <ele>-6.599999904632568</ele>
      </trkpt>
      <trkpt lat="52.571006678044796" lon="4.736933168023825">
        <ele>-6.599999904632568</ele>
      </trkpt>
      <trkpt lat="52.57099511101842" lon="4.7369179129600525">
        <ele>-6.599999904632568</ele>
      </trkpt>
      <trkpt lat="52.57098136469722" lon="4.736903496086597">
        <ele>-6.599999904632568</ele>
      </trkpt>
      <trkpt lat="52.57097155787051" lon="4.7368931863456964">
        <ele>-6.599999904632568</ele>
      </trkpt>
      <trkpt lat="52.57096082903445" lon="4.736881200224161">
        <ele>-6.599999904632568</ele>
      </trkpt>
      <trkpt lat="52.57094792090356" lon="4.736871644854546">
        <ele>-6.400000095367432</ele>
      </trkpt>
      <trkpt lat="52.57093652151525" lon="4.736865274608135">
        <ele>-6.400000095367432</ele>
      </trkpt>
      <trkpt lat="52.57092277519405" lon="4.736854042857885">
        <ele>-6.599999904632568</ele>
      </trkpt>
      <trkpt lat="52.57091171108186" lon="4.736845074221492">
        <ele>-6.599999904632568</ele>
      </trkpt>
      <trkpt lat="52.57090131752193" lon="4.736838033422828">
        <ele>-6.599999904632568</ele>
      </trkpt>
      <trkpt lat="52.570889415219426" lon="4.736825712025166">
        <ele>-6.599999904632568</ele>
      </trkpt>
      <trkpt lat="52.570878183469176" lon="4.7368130553513765">
        <ele>-6.599999904632568</ele>
      </trkpt>
      <trkpt lat="52.57086711935699" lon="4.736803583800793">
        <ele>-6.599999904632568</ele>
      </trkpt>
      <trkpt lat="52.570856558158994" lon="4.736795872449875">
        <ele>-6.599999904632568</ele>
      </trkpt>
      <trkpt lat="52.57084549404681" lon="4.736789250746369">
        <ele>-6.599999904632568</ele>
      </trkpt>
      <trkpt lat="52.57083635777235" lon="4.73678195849061">
        <ele>-6.599999904632568</ele>
      </trkpt>
      <trkpt lat="52.570827808231115" lon="4.736775001510978">
        <ele>-6.800000190734863</ele>
      </trkpt>
      <trkpt lat="52.57081875577569" lon="4.736768044531345">
        <ele>-6.800000190734863</ele>
      </trkpt>
      <trkpt lat="52.570809703320265" lon="4.736760500818491">
        <ele>-6.800000190734863</ele>
      </trkpt>
      <trkpt lat="52.57080031558871" lon="4.736753543838859">
        <ele>-6.800000190734863</ele>
      </trkpt>
      <trkpt lat="52.57079092785716" lon="4.736747508868575">
        <ele>-6.800000190734863</ele>
      </trkpt>
      <trkpt lat="52.57078296504915" lon="4.736745413392782">
        <ele>-6.800000190734863</ele>
      </trkpt>
      <trkpt lat="52.5707749184221" lon="4.736741222441196">
        <ele>-6.800000190734863</ele>
      </trkpt>
      <trkpt lat="52.570765782147646" lon="4.736727392300963">
        <ele>-6.599999904632568</ele>
      </trkpt>
      <trkpt lat="52.57075463421643" lon="4.73671305924654">
        <ele>-6.599999904632568</ele>
      </trkpt>
      <trkpt lat="52.57074197754264" lon="4.736705766990781">
        <ele>-6.599999904632568</ele>
      </trkpt>
      <trkpt lat="52.570729572325945" lon="4.736697636544704">
        <ele>-6.599999904632568</ele>
      </trkpt>
      <trkpt lat="52.57071792148054" lon="4.736685734242201">
        <ele>-6.599999904632568</ele>
      </trkpt>
      <trkpt lat="52.57070601917803" lon="4.7366781905293465">
        <ele>-6.599999904632568</ele>
      </trkpt>
      <trkpt lat="52.57069311104715" lon="4.736670646816492">
        <ele>-6.599999904632568</ele>
      </trkpt>
      <trkpt lat="52.57067835889757" lon="4.73665782250464">
        <ele>-6.599999904632568</ele>
      </trkpt>
      <trkpt lat="52.570664612576365" lon="4.7366484347730875">
        <ele>-6.599999904632568</ele>
      </trkpt>
      <trkpt lat="52.570649860426784" lon="4.736640974879265">
        <ele>-6.599999904632568</ele>
      </trkpt>
      <trkpt lat="52.570633767172694" lon="4.736627647653222">
        <ele>-6.599999904632568</ele>
      </trkpt>
      <trkpt lat="52.570620104670525" lon="4.7366192657500505">
        <ele>-6.599999904632568</ele>
      </trkpt>
      <trkpt lat="52.570604011416435" lon="4.736606106162071">
        <ele>-6.599999904632568</ele>
      </trkpt>
      <trkpt lat="52.57058917544782" lon="4.736596550792456">
        <ele>-6.400000095367432</ele>
      </trkpt>
      <trkpt lat="52.57057526148856" lon="4.736586157232523">
        <ele>-6.400000095367432</ele>
      </trkpt>
      <trkpt lat="52.57055941969156" lon="4.736575176939368">
        <ele>-6.599999904632568</ele>
      </trkpt>
      <trkpt lat="52.57054475136101" lon="4.7365659568458796">
        <ele>-6.599999904632568</ele>
      </trkpt>
      <trkpt lat="52.570531172677875" lon="4.736553383991122">
        <ele>-6.599999904632568</ele>
      </trkpt>
      <trkpt lat="52.570516001433134" lon="4.736545253545046">
        <ele>-6.599999904632568</ele>
      </trkpt>
      <trkpt lat="52.57049932144582" lon="4.736536201089621">
        <ele>-6.599999904632568</ele>
      </trkpt>
      <trkpt lat="52.570484234020114" lon="4.736528154462576">
        <ele>-6.599999904632568</ele>
      </trkpt>
      <trkpt lat="52.570471158251166" lon="4.7365194372832775">
        <ele>-6.800000190734863</ele>
      </trkpt>
      <trkpt lat="52.57046059705317" lon="4.736509965732694">
        <ele>-6.800000190734863</ele>
      </trkpt>
      <trkpt lat="52.57044835947454" lon="4.736502002924681">
        <ele>-7.0</ele>
      </trkpt>
      <trkpt lat="52.57043419405818" lon="4.736493704840541">
        <ele>-7.0</ele>
      </trkpt>
      <trkpt lat="52.5704194419086" lon="4.7364890947937965">
        <ele>-7.0</ele>
      </trkpt>
      <trkpt lat="52.57040443830192" lon="4.736484317108989">
        <ele>-7.0</ele>
      </trkpt>
      <trkpt lat="52.570390440523624" lon="4.736478868871927">
        <ele>-7.0</ele>
      </trkpt>
      <trkpt lat="52.570374766364694" lon="4.736472247168422">
        <ele>-6.800000190734863</ele>
      </trkpt>
      <trkpt lat="52.57036093622446" lon="4.736469397321343">
        <ele>-6.800000190734863</ele>
      </trkpt>
      <trkpt lat="52.570344088599086" lon="4.736469481140375">
        <ele>-6.800000190734863</ele>
      </trkpt>
      <trkpt lat="52.57032724097371" lon="4.736465206369758">
        <ele>-6.599999904632568</ele>
      </trkpt>
      <trkpt lat="52.57031441666186" lon="4.736462188884616">
        <ele>-6.599999904632568</ele>
      </trkpt>
      <trkpt lat="52.57030117325485" lon="4.736454477533698">
        <ele>-6.599999904632568</ele>
      </trkpt>
      <trkpt lat="52.57028767839074" lon="4.736444251611829">
        <ele>-6.599999904632568</ele>
      </trkpt>
      <trkpt lat="52.570275189355016" lon="4.736435702070594">
        <ele>-6.599999904632568</ele>
      </trkpt>
      <trkpt lat="52.570263957604766" lon="4.736430672928691">
        <ele>-6.599999904632568</ele>
      </trkpt>
      <trkpt lat="52.57025473751128" lon="4.736426062881947">
        <ele>-6.599999904632568</ele>
      </trkpt>
      <trkpt lat="52.57024266757071" lon="4.73641550168395">
        <ele>-6.599999904632568</ele>
      </trkpt>
      <trkpt lat="52.57022908888757" lon="4.736408209428191">
        <ele>-6.599999904632568</ele>
      </trkpt>
      <trkpt lat="52.57021718658507" lon="4.736403347924352">
        <ele>-6.599999904632568</ele>
      </trkpt>
      <trkpt lat="52.570203356444836" lon="4.736395804211497">
        <ele>-6.599999904632568</ele>
      </trkpt>
      <trkpt lat="52.570191621780396" lon="4.736388344317675">
        <ele>-6.400000095367432</ele>
      </trkpt>
      <trkpt lat="52.570179384201765" lon="4.736383063718677">
        <ele>-6.400000095367432</ele>
      </trkpt>
      <trkpt lat="52.57016446441412" lon="4.736375184729695">
        <ele>-6.400000095367432</ele>
      </trkpt>
      <trkpt lat="52.57015029899776" lon="4.736367221921682">
        <ele>-6.199999809265137</ele>
      </trkpt>
      <trkpt lat="52.57013705559075" lon="4.736363617703319">
        <ele>-6.199999809265137</ele>
      </trkpt>
      <trkpt lat="52.57012448273599" lon="4.736358756199479">
        <ele>-6.199999809265137</ele>
      </trkpt>
      <trkpt lat="52.57011400535703" lon="4.736356493085623">
        <ele>-6.199999809265137</ele>
      </trkpt>
      <trkpt lat="52.57010134868324" lon="4.736350290477276">
        <ele>-6.199999809265137</ele>
      </trkpt>
      <trkpt lat="52.57008835673332" lon="4.736340902745724">
        <ele>-6.400000095367432</ele>
      </trkpt>
      <trkpt lat="52.57007570005953" lon="4.736331682652235">
        <ele>-6.400000095367432</ele>
      </trkpt>
      <trkpt lat="52.570062624290586" lon="4.736320450901985">
        <ele>-6.400000095367432</ele>
      </trkpt>
      <trkpt lat="52.57004904560745" lon="4.736309554427862">
        <ele>-6.400000095367432</ele>
      </trkpt>
      <trkpt lat="52.57003840059042" lon="4.736303938552737">
        <ele>-6.400000095367432</ele>
      </trkpt>
      <trkpt lat="52.57002708502114" lon="4.736298238858581">
        <ele>-6.400000095367432</ele>
      </trkpt>
      <trkpt lat="52.570014176890254" lon="4.736288599669933">
        <ele>-6.400000095367432</ele>
      </trkpt>
      <trkpt lat="52.57000219076872" lon="4.736278625205159">
        <ele>-6.400000095367432</ele>
      </trkpt>
      <trkpt lat="52.569991210475564" lon="4.736273093149066">
        <ele>-6.400000095367432</ele>
      </trkpt>
      <trkpt lat="52.56997989490628" lon="4.736264292150736">
        <ele>-6.400000095367432</ele>
      </trkpt>
      <trkpt lat="52.569967322051525" lon="4.736250294372439">
        <ele>-6.199999809265137</ele>
      </trkpt>
      <trkpt lat="52.56995583884418" lon="4.736241325736046">
        <ele>-6.199999809265137</ele>
      </trkpt>
      <trkpt lat="52.56994226016104" lon="4.736228920519352">
        <ele>-6.199999809265137</ele>
      </trkpt>
      <trkpt lat="52.56992859765887" lon="4.736217018216848">
        <ele>-6.199999809265137</ele>
      </trkpt>
      <trkpt lat="52.56991342641413" lon="4.736207211390138">
        <ele>-6.199999809265137</ele>
      </trkpt>
      <trkpt lat="52.56989557296038" lon="4.7361954767256975">
        <ele>-6.0</ele>
      </trkpt>
      <trkpt lat="52.56988090462983" lon="4.736184412613511">
        <ele>-6.0</ele>
      </trkpt>
      <trkpt lat="52.56986732594669" lon="4.736171504482627">
        <ele>-6.0</ele>
      </trkpt>
      <trkpt lat="52.56985475309193" lon="4.73615700379014">
        <ele>-6.0</ele>
      </trkpt>
      <trkpt lat="52.569842264056206" lon="4.73614283837378">
        <ele>-6.0</ele>
      </trkpt>
      <trkpt lat="52.56982985883951" lon="4.73613160662353">
        <ele>-5.800000190734863</ele>
      </trkpt>
      <trkpt lat="52.56981426849961" lon="4.736122637987137">
        <ele>-6.0</ele>
      </trkpt>
      <trkpt lat="52.56979800760746" lon="4.736111657693982">
        <ele>-6.199999809265137</ele>
      </trkpt>
      <trkpt lat="52.569783590734005" lon="4.7361009288579226">
        <ele>-6.199999809265137</ele>
      </trkpt>
      <trkpt lat="52.569768503308296" lon="4.736088691279292">
        <ele>-6.199999809265137</ele>
      </trkpt>
      <trkpt lat="52.56975484080613" lon="4.73607687279582">
        <ele>-6.199999809265137</ele>
      </trkpt>
      <trkpt lat="52.5697407592088" lon="4.736064970493317">
        <ele>-6.400000095367432</ele>
      </trkpt>
      <trkpt lat="52.56972718052566" lon="4.736051559448242">
        <ele>-6.400000095367432</ele>
      </trkpt>
      <trkpt lat="52.569713182747364" lon="4.73603580147028">
        <ele>-6.400000095367432</ele>
      </trkpt>
      <trkpt lat="52.569700945168734" lon="4.736021049320698">
        <ele>-6.400000095367432</ele>
      </trkpt>
      <trkpt lat="52.56968753412366" lon="4.736003112047911">
        <ele>-6.400000095367432</ele>
      </trkpt>
      <trkpt lat="52.56967730820179" lon="4.735984085127711">
        <ele>-6.400000095367432</ele>
      </trkpt>
      <trkpt lat="52.569664819166064" lon="4.735965896397829">
        <ele>-6.400000095367432</ele>
      </trkpt>
      <trkpt lat="52.56965400651097" lon="4.735944606363773">
        <ele>-6.400000095367432</ele>
      </trkpt>
      <trkpt lat="52.569642858579755" lon="4.735923735424876">
        <ele>-6.599999904632568</ele>
      </trkpt>
      <trkpt lat="52.56963288411498" lon="4.73590093664825">
        <ele>-6.400000095367432</ele>
      </trkpt>
      <trkpt lat="52.56962274201214" lon="4.7358806524425745">
        <ele>-6.400000095367432</ele>
      </trkpt>
      <trkpt lat="52.56961536593735" lon="4.735862715169787">
        <ele>-6.599999904632568</ele>
      </trkpt>
      <trkpt lat="52.56960790604353" lon="4.735842011868954">
        <ele>-6.599999904632568</ele>
      </trkpt>
      <trkpt lat="52.5696006976068" lon="4.735827259719372">
        <ele>-6.599999904632568</ele>
      </trkpt>
      <trkpt lat="52.56959340535104" lon="4.73580764606595">
        <ele>-6.599999904632568</ele>
      </trkpt>
      <trkpt lat="52.569583766162395" lon="4.735790463164449">
        <ele>-6.599999904632568</ele>
      </trkpt>
      <trkpt lat="52.56957580335438" lon="4.735777135938406">
        <ele>-6.599999904632568</ele>
      </trkpt>
      <trkpt lat="52.56956733763218" lon="4.7357637248933315">
        <ele>-6.800000190734863</ele>
      </trkpt>
      <trkpt lat="52.5695594586432" lon="4.73575240932405">
        <ele>-6.599999904632568</ele>
      </trkpt>
      <trkpt lat="52.56955107674003" lon="4.7357395850121975">
        <ele>-6.599999904632568</ele>
      </trkpt>
      <trkpt lat="52.56954328157008" lon="4.735730281099677">
        <ele>-6.599999904632568</ele>
      </trkpt>
      <trkpt lat="52.569536408409476" lon="4.735721480101347">
        <ele>-6.599999904632568</ele>
      </trkpt>
      <trkpt lat="52.569529032334685" lon="4.735712427645922">
        <ele>-6.599999904632568</ele>
      </trkpt>
      <trkpt lat="52.569522159174085" lon="4.735704297199845">
        <ele>-6.400000095367432</ele>
      </trkpt>
      <trkpt lat="52.569516291841865" lon="4.73569767549634">
        <ele>-6.400000095367432</ele>
      </trkpt>
      <trkpt lat="52.56950983777642" lon="4.735691305249929">
        <ele>-6.400000095367432</ele>
      </trkpt>
      <trkpt lat="52.56950497627258" lon="4.735687701031566">
        <ele>-6.400000095367432</ele>
      </trkpt>
      <trkpt lat="52.56949760019779" lon="4.735685521736741">
        <ele>-6.199999809265137</ele>
      </trkpt>
      <trkpt lat="52.56948611699045" lon="4.73568107932806">
        <ele>-6.199999809265137</ele>
      </trkpt>
      <trkpt lat="52.56947698071599" lon="4.7356742061674595">
        <ele>-6.0</ele>
      </trkpt>
      <trkpt lat="52.56947061046958" lon="4.73566297441721">
        <ele>-6.0</ele>
      </trkpt>
      <trkpt lat="52.56946491077542" lon="4.735646545886993">
        <ele>-6.0</ele>
      </trkpt>
      <trkpt lat="52.56945610977709" lon="4.735632631927729">
        <ele>-6.0</ele>
      </trkpt>
      <trkpt lat="52.569445297122" lon="4.735621148720384">
        <ele>-6.199999809265137</ele>
      </trkpt>
      <trkpt lat="52.56943590939045" lon="4.735611425712705">
        <ele>-6.199999809265137</ele>
      </trkpt>
      <trkpt lat="52.56942526437342" lon="4.735597092658281">
        <ele>-6.400000095367432</ele>
      </trkpt>
      <trkpt lat="52.56941428408027" lon="4.735583933070302">
        <ele>-6.400000095367432</ele>
      </trkpt>
      <trkpt lat="52.569401543587446" lon="4.735571192577481">
        <ele>-6.199999809265137</ele>
      </trkpt>
      <trkpt lat="52.56938813254237" lon="4.735554093495011">
        <ele>-6.199999809265137</ele>
      </trkpt>
      <trkpt lat="52.56937572732568" lon="4.735538503155112">
        <ele>-6.199999809265137</ele>
      </trkpt>
      <trkpt lat="52.56936206482351" lon="4.735519979149103">
        <ele>-6.199999809265137</ele>
      </trkpt>
      <trkpt lat="52.56934991106391" lon="4.735503299161792">
        <ele>-6.199999809265137</ele>
      </trkpt>
      <trkpt lat="52.56933608092368" lon="4.735485361889005">
        <ele>-6.199999809265137</ele>
      </trkpt>
      <trkpt lat="52.569322753697634" lon="4.735467005521059">
        <ele>-6.199999809265137</ele>
      </trkpt>
      <trkpt lat="52.56931194104254" lon="4.735448062419891">
        <ele>-6.199999809265137</ele>
      </trkpt>
      <trkpt lat="52.56929903291166" lon="4.735429203137755">
        <ele>-6.199999809265137</ele>
      </trkpt>
      <trkpt lat="52.56928511895239" lon="4.735412942245603">
        <ele>-6.199999809265137</ele>
      </trkpt>
      <trkpt lat="52.56927623413503" lon="4.735393915325403">
        <ele>-6.400000095367432</ele>
      </trkpt>
      <trkpt lat="52.569266092032194" lon="4.735380336642265">
        <ele>-6.400000095367432</ele>
      </trkpt>
      <trkpt lat="52.56925611756742" lon="4.735366087406874">
        <ele>-6.400000095367432</ele>
      </trkpt>
      <trkpt lat="52.569245137274265" lon="4.735351921990514">
        <ele>-6.400000095367432</ele>
      </trkpt>
      <trkpt lat="52.56923449225724" lon="4.735338678583503">
        <ele>-6.400000095367432</ele>
      </trkpt>
      <trkpt lat="52.569224098697305" lon="4.735323423519731">
        <ele>-6.599999904632568</ele>
      </trkpt>
      <trkpt lat="52.569216303527355" lon="4.735309090465307">
        <ele>-6.400000095367432</ele>
      </trkpt>
      <trkpt lat="52.56921026855707" lon="4.735294422134757">
        <ele>-6.199999809265137</ele>
      </trkpt>
      <trkpt lat="52.56920171901584" lon="4.735281346365809">
        <ele>-6.199999809265137</ele>
      </trkpt>
      <trkpt lat="52.569192331284285" lon="4.7352677676826715">
        <ele>-6.0</ele>
      </trkpt>
      <trkpt lat="52.569184536114335" lon="4.735254188999534">
        <ele>-6.0</ele>
      </trkpt>
      <trkpt lat="52.56917154416442" lon="4.735241197049618">
        <ele>-6.0</ele>
      </trkpt>
      <trkpt lat="52.569152265787125" lon="4.735232060775161">
        <ele>-6.0</ele>
      </trkpt>
      <trkpt lat="52.569140112027526" lon="4.735216302797198">
        <ele>-6.199999809265137</ele>
      </trkpt>
      <trkpt lat="52.56912561133504" lon="4.735200880095363">
        <ele>-6.199999809265137</ele>
      </trkpt>
      <trkpt lat="52.56911111064255" lon="4.735187469050288">
        <ele>-6.199999809265137</ele>
      </trkpt>
      <trkpt lat="52.56909694522619" lon="4.73516995087266">
        <ele>-6.199999809265137</ele>
      </trkpt>
      <trkpt lat="52.56908353418112" lon="4.735152516514063">
        <ele>-6.199999809265137</ele>
      </trkpt>
      <trkpt lat="52.5690705422312" lon="4.735131394118071">
        <ele>-6.199999809265137</ele>
      </trkpt>
      <trkpt lat="52.56905545480549" lon="4.735111780464649">
        <ele>-6.199999809265137</ele>
      </trkpt>
      <trkpt lat="52.56904078647494" lon="4.7350945975631475">
        <ele>-6.0</ele>
      </trkpt>
      <trkpt lat="52.569027710705996" lon="4.7350766602903605">
        <ele>-6.0</ele>
      </trkpt>
      <trkpt lat="52.56901413202286" lon="4.735061237588525">
        <ele>-6.0</ele>
      </trkpt>
      <trkpt lat="52.569004241377115" lon="4.735043803229928">
        <ele>-6.0</ele>
      </trkpt>
      <trkpt lat="52.568993428722024" lon="4.735027626156807">
        <ele>-6.0</ele>
      </trkpt>
      <trkpt lat="52.56898261606693" lon="4.735010946169496">
        <ele>-6.0</ele>
      </trkpt>
      <trkpt lat="52.56897029466927" lon="4.734994601458311">
        <ele>-6.199999809265137</ele>
      </trkpt>
      <trkpt lat="52.56895914673805" lon="4.734979849308729">
        <ele>-6.199999809265137</ele>
      </trkpt>
      <trkpt lat="52.568947998806834" lon="4.7349614929407835">
        <ele>-6.199999809265137</ele>
      </trkpt>
      <trkpt lat="52.56893668323755" lon="4.734948081895709">
        <ele>-6.199999809265137</ele>
      </trkpt>
      <trkpt lat="52.568925032392144" lon="4.7349323239177465">
        <ele>-6.400000095367432</ele>
      </trkpt>
      <trkpt lat="52.56891296245158" lon="4.734917236492038">
        <ele>-6.400000095367432</ele>
      </trkpt>
      <trkpt lat="52.568901143968105" lon="4.734904747456312">
        <ele>-6.400000095367432</ele>
      </trkpt>
      <trkpt lat="52.56888915784657" lon="4.7348869778215885">
        <ele>-6.400000095367432</ele>
      </trkpt>
      <trkpt lat="52.568877674639225" lon="4.734875075519085">
        <ele>-6.400000095367432</ele>
      </trkpt>
      <trkpt lat="52.56886627525091" lon="4.734858646988869">
        <ele>-6.400000095367432</ele>
      </trkpt>
      <trkpt lat="52.568856133148074" lon="4.73484699614346">
        <ele>-6.400000095367432</ele>
      </trkpt>
      <trkpt lat="52.56884708069265" lon="4.7348328307271">
        <ele>-6.400000095367432</ele>
      </trkpt>
      <trkpt lat="52.568835597485304" lon="4.734820844605565">
        <ele>-6.199999809265137</ele>
      </trkpt>
      <trkpt lat="52.56882352754474" lon="4.734808607026935">
        <ele>-6.0</ele>
      </trkpt>
      <trkpt lat="52.56880911067128" lon="4.734795531257987">
        <ele>-6.0</ele>
      </trkpt>
      <trkpt lat="52.56879695691168" lon="4.734785472974181">
        <ele>-6.0</ele>
      </trkpt>
      <trkpt lat="52.56878413259983" lon="4.734771475195885">
        <ele>-5.800000190734863</ele>
      </trkpt>
      <trkpt lat="52.56877231411636" lon="4.734761081635952">
        <ele>-5.800000190734863</ele>
      </trkpt>
      <trkpt lat="52.56876016035676" lon="4.734747838228941">
        <ele>-5.800000190734863</ele>
      </trkpt>
      <trkpt lat="52.568746665492654" lon="4.734735768288374">
        <ele>-6.0</ele>
      </trkpt>
      <trkpt lat="52.5687340926379" lon="4.734722776338458">
        <ele>-6.0</ele>
      </trkpt>
      <trkpt lat="52.5687200948596" lon="4.734707605093718">
        <ele>-6.199999809265137</ele>
      </trkpt>
      <trkpt lat="52.56870626471937" lon="4.734695116057992">
        <ele>-6.199999809265137</ele>
      </trkpt>
      <trkpt lat="52.568692015483975" lon="4.734678938984871">
        <ele>-6.199999809265137</ele>
      </trkpt>
      <trkpt lat="52.56867994554341" lon="4.73466519266367">
        <ele>-6.199999809265137</ele>
      </trkpt>
      <trkpt lat="52.56866879761219" lon="4.7346466686576605">
        <ele>-6.199999809265137</ele>
      </trkpt>
      <trkpt lat="52.56865689530969" lon="4.734631748870015">
        <ele>-6.199999809265137</ele>
      </trkpt>
      <trkpt lat="52.56864641793072" lon="4.734615571796894">
        <ele>-6.400000095367432</ele>
      </trkpt>
      <trkpt lat="52.568636275827885" lon="4.734602412208915">
        <ele>-6.400000095367432</ele>
      </trkpt>
      <trkpt lat="52.5686252117157" lon="4.734585480764508">
        <ele>-6.400000095367432</ele>
      </trkpt>
      <trkpt lat="52.56861356087029" lon="4.734566621482372">
        <ele>-6.400000095367432</ele>
      </trkpt>
      <trkpt lat="52.56860316731036" lon="4.73455086350441">
        <ele>-6.400000095367432</ele>
      </trkpt>
      <trkpt lat="52.5685921870172" lon="4.734534351155162">
        <ele>-6.400000095367432</ele>
      </trkpt>
      <trkpt lat="52.56858221255243" lon="4.7345220297575">
        <ele>-6.400000095367432</ele>
      </trkpt>
      <trkpt lat="52.56857064552605" lon="4.734507193788886">
        <ele>-6.199999809265137</ele>
      </trkpt>
      <trkpt lat="52.56856025196612" lon="4.734493615105748">
        <ele>-6.199999809265137</ele>
      </trkpt>
      <trkpt lat="52.56855010986328" lon="4.734477857127786">
        <ele>-6.199999809265137</ele>
      </trkpt>
      <trkpt lat="52.56853795610368" lon="4.734460422769189">
        <ele>-6.400000095367432</ele>
      </trkpt>
      <trkpt lat="52.568524377420545" lon="4.73444533534348">
        <ele>-6.400000095367432</ele>
      </trkpt>
      <trkpt lat="52.56851180456579" lon="4.734430415555835">
        <ele>-6.400000095367432</ele>
      </trkpt>
      <trkpt lat="52.568500908091664" lon="4.7344190161675215">
        <ele>-6.400000095367432</ele>
      </trkpt>
      <trkpt lat="52.568489676341414" lon="4.734405856579542">
        <ele>-6.400000095367432</ele>
      </trkpt>
      <trkpt lat="52.56847836077213" lon="4.734395043924451">
        <ele>-6.400000095367432</ele>
      </trkpt>
      <trkpt lat="52.568465285003185" lon="4.734383895993233">
        <ele>-6.400000095367432</ele>
      </trkpt>
      <trkpt lat="52.568449610844254" lon="4.734372496604919">
        <ele>-6.400000095367432</ele>
      </trkpt>
      <trkpt lat="52.56843527778983" lon="4.734365288168192">
        <ele>-6.400000095367432</ele>
      </trkpt>
      <trkpt lat="52.5684230402112" lon="4.734352547675371">
        <ele>-6.400000095367432</ele>
      </trkpt>
      <trkpt lat="52.56841130554676" lon="4.734339220449328">
        <ele>-6.400000095367432</ele>
      </trkpt>
      <trkpt lat="52.56840183399618" lon="4.734330419450998">
        <ele>-6.400000095367432</ele>
      </trkpt>
      <trkpt lat="52.56839320063591" lon="4.734319439157844">
        <ele>-6.599999904632568</ele>
      </trkpt>
      <trkpt lat="52.56838347762823" lon="4.734310302883387">
        <ele>-6.599999904632568</ele>
      </trkpt>
      <trkpt lat="52.568372916430235" lon="4.734298149123788">
        <ele>-6.599999904632568</ele>
      </trkpt>
      <trkpt lat="52.568359673023224" lon="4.734284989535809">
        <ele>-6.400000095367432</ele>
      </trkpt>
      <trkpt lat="52.56834735162556" lon="4.73427384160459">
        <ele>-6.599999904632568</ele>
      </trkpt>
      <trkpt lat="52.5683334376663" lon="4.734258837997913">
        <ele>-6.599999904632568</ele>
      </trkpt>
      <trkpt lat="52.56832195445895" lon="4.734246768057346">
        <ele>-6.599999904632568</ele>
      </trkpt>
      <trkpt lat="52.56830963306129" lon="4.734231261536479">
        <ele>-6.599999904632568</ele>
      </trkpt>
      <trkpt lat="52.56829781457782" lon="4.734215587377548">
        <ele>-6.599999904632568</ele>
      </trkpt>
      <trkpt lat="52.56828876212239" lon="4.734199242666364">
        <ele>-6.599999904632568</ele>
      </trkpt>
      <trkpt lat="52.568277614191175" lon="4.734180718660355">
        <ele>-6.400000095367432</ele>
      </trkpt>
      <trkpt lat="52.56826814264059" lon="4.734165463596582">
        <ele>-6.199999809265137</ele>
      </trkpt>
      <trkpt lat="52.56826177239418" lon="4.734147442504764">
        <ele>-6.199999809265137</ele>
      </trkpt>
      <trkpt lat="52.56825531832874" lon="4.734131349250674">
        <ele>-6.199999809265137</ele>
      </trkpt>
      <trkpt lat="52.56824852898717" lon="4.734113328158855">
        <ele>-6.199999809265137</ele>
      </trkpt>
      <trkpt lat="52.56824140436947" lon="4.734097821637988">
        <ele>-6.199999809265137</ele>
      </trkpt>
      <trkpt lat="52.56823587231338" lon="4.734081560745835">
        <ele>-6.199999809265137</ele>
      </trkpt>
      <trkpt lat="52.568229250609875" lon="4.734062450006604">
        <ele>-6.199999809265137</ele>
      </trkpt>
      <trkpt lat="52.56822204217315" lon="4.734045602381229">
        <ele>-6.199999809265137</ele>
      </trkpt>
      <trkpt lat="52.56821382790804" lon="4.734025150537491">
        <ele>-6.199999809265137</ele>
      </trkpt>
      <trkpt lat="52.568201841786504" lon="4.734007380902767">
        <ele>-6.199999809265137</ele>
      </trkpt>
      <trkpt lat="52.5681915320456" lon="4.7339884378015995">
        <ele>-6.199999809265137</ele>
      </trkpt>
      <trkpt lat="52.568174600601196" lon="4.733967315405607">
        <ele>-6.199999809265137</ele>
      </trkpt>
      <trkpt lat="52.56816596724093" lon="4.733954826369882">
        <ele>-6.199999809265137</ele>
      </trkpt>
      <trkpt lat="52.56815783679485" lon="4.733939319849014">
        <ele>-6.400000095367432</ele>
      </trkpt>
      <trkpt lat="52.56814970634878" lon="4.733921550214291">
        <ele>-6.400000095367432</ele>
      </trkpt>
      <trkpt lat="52.56814199499786" lon="4.733906630426645">
        <ele>-6.400000095367432</ele>
      </trkpt>
      <trkpt lat="52.56813227199018" lon="4.733890872448683">
        <ele>-6.400000095367432</ele>
      </trkpt>
      <trkpt lat="52.56812397390604" lon="4.733874443918467">
        <ele>-6.400000095367432</ele>
      </trkpt>
      <trkpt lat="52.56811374798417" lon="4.733854830265045">
        <ele>-6.199999809265137</ele>
      </trkpt>
      <trkpt lat="52.568102683871984" lon="4.733836138620973">
        <ele>-6.199999809265137</ele>
      </trkpt>
      <trkpt lat="52.56809262558818" lon="4.733816608786583">
        <ele>-6.199999809265137</ele>
      </trkpt>
      <trkpt lat="52.56808198057115" lon="4.733803113922477">
        <ele>-6.199999809265137</ele>
      </trkpt>
      <trkpt lat="52.568073431029916" lon="4.733791211619973">
        <ele>-6.199999809265137</ele>
      </trkpt>
      <trkpt lat="52.56806395947933" lon="4.733778722584248">
        <ele>-6.199999809265137</ele>
      </trkpt>
      <trkpt lat="52.568055242300034" lon="4.733764976263046">
        <ele>-6.199999809265137</ele>
      </trkpt>
      <trkpt lat="52.56804585456848" lon="4.733747709542513">
        <ele>-6.199999809265137</ele>
      </trkpt>
      <trkpt lat="52.56803755648434" lon="4.733736226335168">
        <ele>-6.199999809265137</ele>
      </trkpt>
      <trkpt lat="52.568026995286345" lon="4.733718624338508">
        <ele>-6.0</ele>
      </trkpt>
      <trkpt lat="52.568017188459635" lon="4.733707308769226">
        <ele>-6.0</ele>
      </trkpt>
      <trkpt lat="52.568006459623575" lon="4.733694400638342">
        <ele>-6.0</ele>
      </trkpt>
      <trkpt lat="52.5679946411401" lon="4.733680402860045">
        <ele>-6.0</ele>
      </trkpt>
      <trkpt lat="52.567983912304044" lon="4.73366791382432">
        <ele>-6.199999809265137</ele>
      </trkpt>
      <trkpt lat="52.567973183467984" lon="4.733654335141182">
        <ele>-6.199999809265137</ele>
      </trkpt>
      <trkpt lat="52.567962035536766" lon="4.73364201374352">
        <ele>-6.199999809265137</ele>
      </trkpt>
      <trkpt lat="52.567953234538436" lon="4.733632123097777">
        <ele>-6.199999809265137</ele>
      </trkpt>
      <trkpt lat="52.56794409826398" lon="4.73362005315721">
        <ele>-6.400000095367432</ele>
      </trkpt>
      <trkpt lat="52.56793227978051" lon="4.733611838892102">
        <ele>-6.400000095367432</ele>
      </trkpt>
      <trkpt lat="52.56792280822992" lon="4.733608067035675">
        <ele>-6.599999904632568</ele>
      </trkpt>
      <trkpt lat="52.56791149266064" lon="4.733604462817311">
        <ele>-6.400000095367432</ele>
      </trkpt>
      <trkpt lat="52.56790109910071" lon="4.733598763123155">
        <ele>-6.199999809265137</ele>
      </trkpt>
      <trkpt lat="52.56789246574044" lon="4.73358828574419">
        <ele>-6.199999809265137</ele>
      </trkpt>
      <trkpt lat="52.56788408383727" lon="4.733578898012638">
        <ele>-6.199999809265137</ele>
      </trkpt>
      <trkpt lat="52.567878887057304" lon="4.733572360128164">
        <ele>-6.199999809265137</ele>
      </trkpt>
      <trkpt lat="52.5678738579154" lon="4.733568001538515">
        <ele>-6.0</ele>
      </trkpt>
      <trkpt lat="52.5678685773164" lon="4.733560290187597">
        <ele>-6.0</ele>
      </trkpt>
      <trkpt lat="52.56786203943193" lon="4.733554003760219">
        <ele>-6.199999809265137</ele>
      </trkpt>
      <trkpt lat="52.56785466335714" lon="4.733551489189267">
        <ele>-6.199999809265137</ele>
      </trkpt>
      <trkpt lat="52.567846616730094" lon="4.733550399541855">
        <ele>-6.199999809265137</ele>
      </trkpt>
      <trkpt lat="52.56783806718886" lon="4.733545873314142">
        <ele>-6.199999809265137</ele>
      </trkpt>
      <trkpt lat="52.5678220577538" lon="4.7335487231612206">
        <ele>-6.199999809265137</ele>
      </trkpt>
      <trkpt lat="52.56781744770706" lon="4.733546711504459">
        <ele>-6.199999809265137</ele>
      </trkpt>
      <trkpt lat="52.56781132891774" lon="4.7335434425622225">
        <ele>-6.199999809265137</ele>
      </trkpt>
      <trkpt lat="52.567815855145454" lon="4.733535731211305">
        <ele>-6.199999809265137</ele>
      </trkpt>
      <trkpt lat="52.56781426258385" lon="4.733530031517148">
        <ele>-6.199999809265137</ele>
      </trkpt>
      <trkpt lat="52.567811999469995" lon="4.733521146699786">
        <ele>-6.0</ele>
      </trkpt>
      <trkpt lat="52.56780873052776" lon="4.733518045395613">
        <ele>-6.0</ele>
      </trkpt>
      <trkpt lat="52.567809568718076" lon="4.7335136868059635">
        <ele>-5.800000190734863</ele>
      </trkpt>
      <trkpt lat="52.567807640880346" lon="4.733509831130505">
        <ele>-5.800000190734863</ele>
      </trkpt>
      <trkpt lat="52.56780579686165" lon="4.733507484197617">
        <ele>-5.800000190734863</ele>
      </trkpt>
      <trkpt lat="52.56780495867133" lon="4.733504801988602">
        <ele>-5.800000190734863</ele>
      </trkpt>
      <trkpt lat="52.56780453957617" lon="4.73350178450346">
        <ele>-5.800000190734863</ele>
      </trkpt>
      <trkpt lat="52.56780277937651" lon="4.733503293246031">
        <ele>-5.800000190734863</ele>
      </trkpt>
      <trkpt lat="52.567802192643285" lon="4.733504382893443">
        <ele>-5.800000190734863</ele>
      </trkpt>
      <trkpt lat="52.567802192643285" lon="4.7335022035986185">
        <ele>-6.0</ele>
      </trkpt>
      <trkpt lat="52.56780135445297" lon="4.733500946313143">
        <ele>-6.0</ele>
      </trkpt>
      <trkpt lat="52.567798253148794" lon="4.73350228741765">
        <ele>-6.0</ele>
      </trkpt>
      <trkpt lat="52.567795319482684" lon="4.7335045505315065">
        <ele>-6.0</ele>
      </trkpt>
      <trkpt lat="52.5677927210927" lon="4.733503544703126">
        <ele>-6.0</ele>
      </trkpt>
      <trkpt lat="52.56778936833143" lon="4.733500024303794">
        <ele>-6.0</ele>
      </trkpt>
      <trkpt lat="52.56778534501791" lon="4.733496084809303">
        <ele>-6.0</ele>
      </trkpt>
      <trkpt lat="52.567779729142785" lon="4.73349541425705">
        <ele>-6.0</ele>
      </trkpt>
      <trkpt lat="52.56777612492442" lon="4.733492145314813">
        <ele>-6.199999809265137</ele>
      </trkpt>
      <trkpt lat="52.567771933972836" lon="4.7334895469248295">
        <ele>-6.199999809265137</ele>
      </trkpt>
      <trkpt lat="52.56776832975447" lon="4.733488205820322">
        <ele>-6.199999809265137</ele>
      </trkpt>
      <trkpt lat="52.56776573136449" lon="4.733487283810973">
        <ele>-6.400000095367432</ele>
      </trkpt>
      <trkpt lat="52.56776380352676" lon="4.733488541096449">
        <ele>-6.400000095367432</ele>
      </trkpt>
      <trkpt lat="52.56776137277484" lon="4.733488457277417">
        <ele>-6.400000095367432</ele>
      </trkpt>
      <trkpt lat="52.56775567308068" lon="4.733488457277417">
        <ele>-6.400000095367432</ele>
      </trkpt>
      <trkpt lat="52.56775114685297" lon="4.733485020697117">
        <ele>-6.400000095367432</ele>
      </trkpt>
      <trkpt lat="52.567746452987194" lon="4.733483679592609">
        <ele>-6.400000095367432</ele>
      </trkpt>
      <trkpt lat="52.567738238722086" lon="4.733474878594279">
        <ele>-6.400000095367432</ele>
      </trkpt>
      <trkpt lat="52.56773019209504" lon="4.73347001709044">
        <ele>-6.400000095367432</ele>
      </trkpt>
      <trkpt lat="52.56772432476282" lon="4.733467670157552">
        <ele>-6.199999809265137</ele>
      </trkpt>
      <trkpt lat="52.56771409884095" lon="4.733468675985932">
        <ele>-6.0</ele>
      </trkpt>
      <trkpt lat="52.567704962566495" lon="4.733460545539856">
        <ele>-5.800000190734863</ele>
      </trkpt>
      <trkpt lat="52.56769875995815" lon="4.733453001827002">
        <ele>-5.800000190734863</ele>
      </trkpt>
      <trkpt lat="52.56769406609237" lon="4.7334477212280035">
        <ele>-5.800000190734863</ele>
      </trkpt>
      <trkpt lat="52.56768811494112" lon="4.733442356809974">
        <ele>-5.800000190734863</ele>
      </trkpt>
      <trkpt lat="52.56767990067601" lon="4.733433639630675">
        <ele>-5.800000190734863</ele>
      </trkpt>
      <trkpt lat="52.56767554208636" lon="4.7334173787385225">
        <ele>-5.800000190734863</ele>
      </trkpt>
      <trkpt lat="52.56767001003027" lon="4.733404470607638">
        <ele>-5.800000190734863</ele>
      </trkpt>
      <trkpt lat="52.56766422651708" lon="4.733397094532847">
        <ele>-5.800000190734863</ele>
      </trkpt>
      <trkpt lat="52.56765827536583" lon="4.733390472829342">
        <ele>-5.800000190734863</ele>
      </trkpt>
      <trkpt lat="52.567652743309736" lon="4.7333864495158195">
        <ele>-6.0</ele>
      </trkpt>
      <trkpt lat="52.5676460377872" lon="4.733381504192948">
        <ele>-6.199999809265137</ele>
      </trkpt>
      <trkpt lat="52.56763782352209" lon="4.733371278271079">
        <ele>-6.0</ele>
      </trkpt>
      <trkpt lat="52.56762952543795" lon="4.733358956873417">
        <ele>-6.0</ele>
      </trkpt>
      <trkpt lat="52.56762122735381" lon="4.733348395675421">
        <ele>-6.0</ele>
      </trkpt>
      <trkpt lat="52.56761225871742" lon="4.733340432867408">
        <ele>-5.800000190734863</ele>
      </trkpt>
      <trkpt lat="52.56760471500456" lon="4.733334900811315">
        <ele>-5.800000190734863</ele>
      </trkpt>
      <trkpt lat="52.56759884767234" lon="4.733331128954887">
        <ele>-5.800000190734863</ele>
      </trkpt>
      <trkpt lat="52.56759197451174" lon="4.733326770365238">
        <ele>-5.800000190734863</ele>
      </trkpt>
      <trkpt lat="52.56758350878954" lon="4.733316628262401">
        <ele>-5.599999904632568</ele>
      </trkpt>
      <trkpt lat="52.56757386960089" lon="4.733306234702468">
        <ele>-5.599999904632568</ele>
      </trkpt>
      <trkpt lat="52.56756708025932" lon="4.733297433704138">
        <ele>-5.599999904632568</ele>
      </trkpt>
      <trkpt lat="52.567560793831944" lon="4.733288800343871">
        <ele>-5.599999904632568</ele>
      </trkpt>
      <trkpt lat="52.56755366921425" lon="4.733281256631017">
        <ele>-5.599999904632568</ele>
      </trkpt>
      <trkpt lat="52.56754704751074" lon="4.7332733776420355">
        <ele>-5.599999904632568</ele>
      </trkpt>
      <trkpt lat="52.567540761083364" lon="4.733267007395625">
        <ele>-5.599999904632568</ele>
      </trkpt>
      <trkpt lat="52.567534977570176" lon="4.733263570815325">
        <ele>-5.599999904632568</ele>
      </trkpt>
      <trkpt lat="52.56752978079021" lon="4.733260553330183">
        <ele>-5.599999904632568</ele>
      </trkpt>
      <trkpt lat="52.56752349436283" lon="4.733255775645375">
        <ele>-5.599999904632568</ele>
      </trkpt>
      <trkpt lat="52.56751695647836" lon="4.733247896656394">
        <ele>-5.800000190734863</ele>
      </trkpt>
      <trkpt lat="52.567508071660995" lon="4.733241526409984">
        <ele>-5.800000190734863</ele>
      </trkpt>
      <trkpt lat="52.56750111468136" lon="4.733235659077764">
        <ele>-5.800000190734863</ele>
      </trkpt>
      <trkpt lat="52.56749323569238" lon="4.733227780088782">
        <ele>-6.0</ele>
      </trkpt>
      <trkpt lat="52.56748393177986" lon="4.733217637985945">
        <ele>-6.0</ele>
      </trkpt>
      <trkpt lat="52.56747605279088" lon="4.733210848644376">
        <ele>-6.0</ele>
      </trkpt>
      <trkpt lat="52.56746691651642" lon="4.73320422694087">
        <ele>-6.0</ele>
      </trkpt>
      <trkpt lat="52.56745643913746" lon="4.733192743733525">
        <ele>-5.800000190734863</ele>
      </trkpt>
      <trkpt lat="52.567447302863" lon="4.7331838589161634">
        <ele>-5.800000190734863</ele>
      </trkpt>
      <trkpt lat="52.567439172416925" lon="4.733173465356231">
        <ele>-5.599999904632568</ele>
      </trkpt>
      <trkpt lat="52.56742928177118" lon="4.733156869187951">
        <ele>-5.599999904632568</ele>
      </trkpt>
      <trkpt lat="52.56741939112544" lon="4.733143374323845">
        <ele>-5.599999904632568</ele>
      </trkpt>
      <trkpt lat="52.567410338670015" lon="4.73313239403069">
        <ele>-5.599999904632568</ele>
      </trkpt>
      <trkpt lat="52.56740137003362" lon="4.733122084289789">
        <ele>-5.599999904632568</ele>
      </trkpt>
      <trkpt lat="52.56739198230207" lon="4.733113870024681">
        <ele>-5.400000095367432</ele>
      </trkpt>
      <trkpt lat="52.56738460622728" lon="4.733109846711159">
        <ele>-5.400000095367432</ele>
      </trkpt>
      <trkpt lat="52.5673783197999" lon="4.73310356028378">
        <ele>-5.400000095367432</ele>
      </trkpt>
      <trkpt lat="52.56737085990608" lon="4.733092663809657">
        <ele>-5.400000095367432</ele>
      </trkpt>
      <trkpt lat="52.567362897098064" lon="4.733079839497805">
        <ele>-5.599999904632568</ele>
      </trkpt>
      <trkpt lat="52.5673542637378" lon="4.7330669313669205">
        <ele>-5.599999904632568</ele>
      </trkpt>
      <trkpt lat="52.56734504364431" lon="4.733054777607322">
        <ele>-5.599999904632568</ele>
      </trkpt>
      <trkpt lat="52.5673368293792" lon="4.733044970780611">
        <ele>-5.800000190734863</ele>
      </trkpt>
      <trkpt lat="52.56732953712344" lon="4.733036421239376">
        <ele>-5.599999904632568</ele>
      </trkpt>
      <trkpt lat="52.56732316687703" lon="4.733028877526522">
        <ele>-5.800000190734863</ele>
      </trkpt>
      <trkpt lat="52.5673162098974" lon="4.733020160347223">
        <ele>-5.800000190734863</ele>
      </trkpt>
      <trkpt lat="52.56730799563229" lon="4.733014041557908">
        <ele>-5.800000190734863</ele>
      </trkpt>
      <trkpt lat="52.56730028428137" lon="4.733007587492466">
        <ele>-6.0</ele>
      </trkpt>
      <trkpt lat="52.56729248911142" lon="4.732998283579946">
        <ele>-6.0</ele>
      </trkpt>
      <trkpt lat="52.56728461012244" lon="4.732986884191632">
        <ele>-6.0</ele>
      </trkpt>
      <trkpt lat="52.5672765634954" lon="4.7329785861074924">
        <ele>-6.199999809265137</ele>
      </trkpt>
      <trkpt lat="52.56726851686835" lon="4.7329700365662575">
        <ele>-6.199999809265137</ele>
      </trkpt>
      <trkpt lat="52.56726005114615" lon="4.732962576672435">
        <ele>-6.199999809265137</ele>
      </trkpt>
      <trkpt lat="52.56725317798555" lon="4.732951512560248">
        <ele>-6.199999809265137</ele>
      </trkpt>
      <trkpt lat="52.5672453828156" lon="4.73294279538095">
        <ele>-6.400000095367432</ele>
      </trkpt>
      <trkpt lat="52.56723918020725" lon="4.732935251668096">
        <ele>-6.400000095367432</ele>
      </trkpt>
      <trkpt lat="52.567232474684715" lon="4.732927456498146">
        <ele>-6.400000095367432</ele>
      </trkpt>
      <trkpt lat="52.56722283549607" lon="4.732919493690133">
        <ele>-6.400000095367432</ele>
      </trkpt>
      <trkpt lat="52.56721411831677" lon="4.732908010482788">
        <ele>-6.199999809265137</ele>
      </trkpt>
      <trkpt lat="52.56720582023263" lon="4.732895437628031">
        <ele>-6.199999809265137</ele>
      </trkpt>
      <trkpt lat="52.56719903089106" lon="4.732886468991637">
        <ele>-6.199999809265137</ele>
      </trkpt>
      <trkpt lat="52.56719408556819" lon="4.732871549203992">
        <ele>-6.199999809265137</ele>
      </trkpt>
      <trkpt lat="52.56718779914081" lon="4.73285629414022">
        <ele>-6.0</ele>
      </trkpt>
      <trkpt lat="52.5671832729131" lon="4.732840619981289">
        <ele>-6.0</ele>
      </trkpt>
      <trkpt lat="52.567179668694735" lon="4.732821173965931">
        <ele>-6.0</ele>
      </trkpt>
      <trkpt lat="52.56717396900058" lon="4.732803739607334">
        <ele>-6.0</ele>
      </trkpt>
      <trkpt lat="52.567167012020946" lon="4.732788233086467">
        <ele>-6.0</ele>
      </trkpt>
      <trkpt lat="52.56716147996485" lon="4.732770379632711">
        <ele>-6.199999809265137</ele>
      </trkpt>
      <trkpt lat="52.56715603172779" lon="4.732753029093146">
        <ele>-6.199999809265137</ele>
      </trkpt>
      <trkpt lat="52.56714882329106" lon="4.732736013829708">
        <ele>-6.199999809265137</ele>
      </trkpt>
      <trkpt lat="52.56714236922562" lon="4.73272193223238">
        <ele>-6.199999809265137</ele>
      </trkpt>
      <trkpt lat="52.567135747522116" lon="4.732708856463432">
        <ele>-6.199999809265137</ele>
      </trkpt>
      <trkpt lat="52.56712845526636" lon="4.732696283608675">
        <ele>-6.199999809265137</ele>
      </trkpt>
      <trkpt lat="52.56712267175317" lon="4.732685387134552">
        <ele>-6.199999809265137</ele>
      </trkpt>
      <trkpt lat="52.567115211859345" lon="4.73267013207078">
        <ele>-6.0</ele>
      </trkpt>
      <trkpt lat="52.56710624322295" lon="4.732653284445405">
        <ele>-6.199999809265137</ele>
      </trkpt>
      <trkpt lat="52.567099118605256" lon="4.732640627771616">
        <ele>-6.199999809265137</ele>
      </trkpt>
      <trkpt lat="52.56709056906402" lon="4.732627300545573">
        <ele>-6.199999809265137</ele>
      </trkpt>
      <trkpt lat="52.5670828577131" lon="4.732614392414689">
        <ele>-6.199999809265137</ele>
      </trkpt>
      <trkpt lat="52.567075649276376" lon="4.732604082673788">
        <ele>-5.800000190734863</ele>
      </trkpt>
      <trkpt lat="52.56706852465868" lon="4.732595449313521">
        <ele>-5.599999904632568</ele>
      </trkpt>
      <trkpt lat="52.567060478031635" lon="4.732586899772286">
        <ele>-6.199999809265137</ele>
      </trkpt>
      <trkpt lat="52.56698646582663" lon="4.732489753514528">
        <ele>-6.199999809265137</ele>
      </trkpt>
      <trkpt lat="52.56698219105601" lon="4.7324855625629425">
        <ele>-6.199999809265137</ele>
      </trkpt>
      <trkpt lat="52.56697800010443" lon="4.732480365782976">
        <ele>-6.199999809265137</ele>
      </trkpt>
      <trkpt lat="52.566973976790905" lon="4.732479024678469">
        <ele>-6.199999809265137</ele>
      </trkpt>
      <trkpt lat="52.56696844473481" lon="4.732472402974963">
        <ele>-6.199999809265137</ele>
      </trkpt>
      <trkpt lat="52.56696148775518" lon="4.732464523985982">
        <ele>-6.199999809265137</ele>
      </trkpt>
      <trkpt lat="52.56695318967104" lon="4.73245907574892">
        <ele>-6.199999809265137</ele>
      </trkpt>
      <trkpt lat="52.5669432990253" lon="4.732447424903512">
        <ele>-6.199999809265137</ele>
      </trkpt>
      <trkpt lat="52.566932989284396" lon="4.732437701895833">
        <ele>-6.199999809265137</ele>
      </trkpt>
      <trkpt lat="52.566924020648" lon="4.7324287332594395">
        <ele>-6.199999809265137</ele>
      </trkpt>
      <trkpt lat="52.566915303468704" lon="4.732418926432729">
        <ele>-6.199999809265137</ele>
      </trkpt>
      <trkpt lat="52.56690625101328" lon="4.732410963624716">
        <ele>-6.199999809265137</ele>
      </trkpt>
      <trkpt lat="52.56689602509141" lon="4.73240434192121">
        <ele>-6.199999809265137</ele>
      </trkpt>
      <trkpt lat="52.56688588298857" lon="4.732391266152263">
        <ele>-6.199999809265137</ele>
      </trkpt>
      <trkpt lat="52.56687548942864" lon="4.732381710782647">
        <ele>-6.0</ele>
      </trkpt>
      <trkpt lat="52.56686224602163" lon="4.732369054108858">
        <ele>-6.0</ele>
      </trkpt>
      <trkpt lat="52.56684958934784" lon="4.732355810701847">
        <ele>-6.0</ele>
      </trkpt>
      <trkpt lat="52.56683995015919" lon="4.732343992218375">
        <ele>-6.199999809265137</ele>
      </trkpt>
      <trkpt lat="52.56683064624667" lon="4.732328401878476">
        <ele>-6.199999809265137</ele>
      </trkpt>
      <trkpt lat="52.56682192906737" lon="4.732313733547926">
        <ele>-6.400000095367432</ele>
      </trkpt>
      <trkpt lat="52.56681488826871" lon="4.732299903407693">
        <ele>-6.400000095367432</ele>
      </trkpt>
      <trkpt lat="52.56680843420327" lon="4.732287414371967">
        <ele>-6.400000095367432</ele>
      </trkpt>
      <trkpt lat="52.56680130958557" lon="4.732277523726225">
        <ele>-6.400000095367432</ele>
      </trkpt>
      <trkpt lat="52.56679619662464" lon="4.732266794890165">
        <ele>-6.400000095367432</ele>
      </trkpt>
      <trkpt lat="52.566792676225305" lon="4.732255982235074">
        <ele>-6.199999809265137</ele>
      </trkpt>
      <trkpt lat="52.566789826378226" lon="4.732239553704858">
        <ele>-6.0</ele>
      </trkpt>
      <trkpt lat="52.5667894911021" lon="4.73222111351788">
        <ele>-6.0</ele>
      </trkpt>
      <trkpt lat="52.566788820549846" lon="4.732206612825394">
        <ele>-5.800000190734863</ele>
      </trkpt>
      <trkpt lat="52.56678991019726" lon="4.732190519571304">
        <ele>-5.800000190734863</ele>
      </trkpt>
      <trkpt lat="52.566792676225305" lon="4.732172749936581">
        <ele>-5.800000190734863</ele>
      </trkpt>
      <trkpt lat="52.566795190796256" lon="4.732156405225396">
        <ele>-5.800000190734863</ele>
      </trkpt>
      <trkpt lat="52.56679921410978" lon="4.732142658904195">
        <ele>-5.800000190734863</ele>
      </trkpt>
      <trkpt lat="52.56680382415652" lon="4.732131930068135">
        <ele>-5.800000190734863</ele>
      </trkpt>
      <trkpt lat="52.566810278221965" lon="4.7321203630417585">
        <ele>-5.800000190734863</ele>
      </trkpt>
      <trkpt lat="52.566814636811614" lon="4.732105862349272">
        <ele>-5.800000190734863</ele>
      </trkpt>
      <trkpt lat="52.566815223544836" lon="4.732095384970307">
        <ele>-5.800000190734863</ele>
      </trkpt>
      <trkpt lat="52.566815223544836" lon="4.732081051915884">
        <ele>-6.0</ele>
      </trkpt>
      <trkpt lat="52.566820001229644" lon="4.732065126299858">
        <ele>-6.0</ele>
      </trkpt>
      <trkpt lat="52.56682016886771" lon="4.732051715254784">
        <ele>-6.199999809265137</ele>
      </trkpt>
      <trkpt lat="52.566826958209276" lon="4.73203444853425">
        <ele>-6.199999809265137</ele>
      </trkpt>
      <trkpt lat="52.56683508865535" lon="4.732019528746605">
        <ele>-6.199999809265137</ele>
      </trkpt>
      <trkpt lat="52.566837184131145" lon="4.732002764940262">
        <ele>-6.400000095367432</ele>
      </trkpt>
      <trkpt lat="52.5668463204056" lon="4.7319837380200624">
        <ele>-6.400000095367432</ele>
      </trkpt>
      <trkpt lat="52.566853780299425" lon="4.7319619450718164">
        <ele>-6.199999809265137</ele>
      </trkpt>
      <trkpt lat="52.56686140783131" lon="4.731929590925574">
        <ele>-6.199999809265137</ele>
      </trkpt>
      <trkpt lat="52.56687146611512" lon="4.731903187930584">
        <ele>-6.0</ele>
      </trkpt>
      <trkpt lat="52.56688026711345" lon="4.731880808249116">
        <ele>-5.800000190734863</ele>
      </trkpt>
      <trkpt lat="52.566892923787236" lon="4.731853902339935">
        <ele>-5.599999904632568</ele>
      </trkpt>
      <trkpt lat="52.56690348498523" lon="4.731829762458801">
        <ele>-5.599999904632568</ele>
      </trkpt>
      <trkpt lat="52.56691220216453" lon="4.731809394434094">
        <ele>-5.599999904632568</ele>
      </trkpt>
      <trkpt lat="52.566924104467034" lon="4.731783494353294">
        <ele>-5.599999904632568</ele>
      </trkpt>
      <trkpt lat="52.56693357601762" lon="4.7317607793956995">
        <ele>-5.599999904632568</ele>
      </trkpt>
      <trkpt lat="52.56694438867271" lon="4.731734963133931">
        <ele>-5.400000095367432</ele>
      </trkpt>
      <trkpt lat="52.56695377640426" lon="4.731713086366653">
        <ele>-5.400000095367432</ele>
      </trkpt>
      <trkpt lat="52.56696240976453" lon="4.731690287590027">
        <ele>-5.199999809265137</ele>
      </trkpt>
      <trkpt lat="52.566972468048334" lon="4.731667740270495">
        <ele>-5.199999809265137</ele>
      </trkpt>
      <trkpt lat="52.56698235869408" lon="4.731647958979011">
        <ele>-5.199999809265137</ele>
      </trkpt>
      <trkpt lat="52.5669948477298" lon="4.731625914573669">
        <ele>-5.199999809265137</ele>
      </trkpt>
      <trkpt lat="52.56700364872813" lon="4.73160345107317">
        <ele>-5.199999809265137</ele>
      </trkpt>
      <trkpt lat="52.56701420992613" lon="4.731580568477511">
        <ele>-5.199999809265137</ele>
      </trkpt>
      <trkpt lat="52.56702393293381" lon="4.731560368090868">
        <ele>-5.199999809265137</ele>
      </trkpt>
      <trkpt lat="52.56703348830342" lon="4.7315366473048925">
        <ele>-5.199999809265137</ele>
      </trkpt>
      <trkpt lat="52.56704312749207" lon="4.731513513252139">
        <ele>-5.400000095367432</ele>
      </trkpt>
      <trkpt lat="52.56705251522362" lon="4.731492390856147">
        <ele>-5.400000095367432</ele>
      </trkpt>
      <trkpt lat="52.567063411697745" lon="4.731470933184028">
        <ele>-5.400000095367432</ele>
      </trkpt>
      <trkpt lat="52.5670725479722" lon="4.73144855350256">
        <ele>-5.400000095367432</ele>
      </trkpt>
      <trkpt lat="52.56708218716085" lon="4.731429694220424">
        <ele>-5.400000095367432</ele>
      </trkpt>
      <trkpt lat="52.56709249690175" lon="4.731411086395383">
        <ele>-5.599999904632568</ele>
      </trkpt>
      <trkpt lat="52.56709945388138" lon="4.731392143294215">
        <ele>-5.599999904632568</ele>
      </trkpt>
      <trkpt lat="52.56710699759424" lon="4.731371942907572">
        <ele>-5.599999904632568</ele>
      </trkpt>
      <trkpt lat="52.56711496040225" lon="4.731351574882865">
        <ele>-5.599999904632568</ele>
      </trkpt>
      <trkpt lat="52.567122587934136" lon="4.731327435001731">
        <ele>-5.400000095367432</ele>
      </trkpt>
      <trkpt lat="52.56713239476085" lon="4.731305977329612">
        <ele>-5.400000095367432</ele>
      </trkpt>
      <trkpt lat="52.56714027374983" lon="4.731283849105239">
        <ele>-5.400000095367432</ele>
      </trkpt>
      <trkpt lat="52.56715117022395" lon="4.731259038671851">
        <ele>-5.400000095367432</ele>
      </trkpt>
      <trkpt lat="52.56715787574649" lon="4.7312315460294485">
        <ele>-5.400000095367432</ele>
      </trkpt>
      <trkpt lat="52.567167514935136" lon="4.731207573786378">
        <ele>-5.400000095367432</ele>
      </trkpt>
      <trkpt lat="52.567176315933466" lon="4.7311879601329565">
        <ele>-5.400000095367432</ele>
      </trkpt>
      <trkpt lat="52.56718528456986" lon="4.731168681755662">
        <ele>-5.400000095367432</ele>
      </trkpt>
      <trkpt lat="52.56719492375851" lon="4.7311473079025745">
        <ele>-5.400000095367432</ele>
      </trkpt>
      <trkpt lat="52.56720255129039" lon="4.731123419478536">
        <ele>-5.400000095367432</ele>
      </trkpt>
      <trkpt lat="52.56721470504999" lon="4.731101794168353">
        <ele>-5.400000095367432</ele>
      </trkpt>
      <trkpt lat="52.5672229193151" lon="4.7310784086585045">
        <ele>-5.400000095367432</ele>
      </trkpt>
      <trkpt lat="52.56723373197019" lon="4.731057705357671">
        <ele>-5.599999904632568</ele>
      </trkpt>
      <trkpt lat="52.56724328733981" lon="4.731037924066186">
        <ele>-5.599999904632568</ele>
      </trkpt>
      <trkpt lat="52.56725242361426" lon="4.731017891317606">
        <ele>-5.599999904632568</ele>
      </trkpt>
      <trkpt lat="52.56726114079356" lon="4.730999115854502">
        <ele>-5.599999904632568</ele>
      </trkpt>
      <trkpt lat="52.567268684506416" lon="4.730979669839144">
        <ele>-5.599999904632568</ele>
      </trkpt>
      <trkpt lat="52.56727807223797" lon="4.730959804728627">
        <ele>-5.599999904632568</ele>
      </trkpt>
      <trkpt lat="52.56728452630341" lon="4.7309367544949055">
        <ele>-5.599999904632568</ele>
      </trkpt>
      <trkpt lat="52.567294584587216" lon="4.730914793908596">
        <ele>-5.400000095367432</ele>
      </trkpt>
      <trkpt lat="52.56730070337653" lon="4.730893252417445">
        <ele>-5.400000095367432</ele>
      </trkpt>
      <trkpt lat="52.56730883382261" lon="4.73087053745985">
        <ele>-5.400000095367432</ele>
      </trkpt>
      <trkpt lat="52.56731528788805" lon="4.730849750339985">
        <ele>-5.599999904632568</ele>
      </trkpt>
      <trkpt lat="52.56732216104865" lon="4.730826281011105">
        <ele>-5.400000095367432</ele>
      </trkpt>
      <trkpt lat="52.56733045913279" lon="4.730803398415446">
        <ele>-5.400000095367432</ele>
      </trkpt>
      <trkpt lat="52.56733615882695" lon="4.73077766597271">
        <ele>-5.400000095367432</ele>
      </trkpt>
      <trkpt lat="52.567345881834626" lon="4.730753023177385">
        <ele>-5.599999904632568</ele>
      </trkpt>
      <trkpt lat="52.567350743338466" lon="4.730728883296251">
        <ele>-5.599999904632568</ele>
      </trkpt>
      <trkpt lat="52.56735979579389" lon="4.7307046595960855">
        <ele>-5.599999904632568</ele>
      </trkpt>
      <trkpt lat="52.5673661660403" lon="4.7306799329817295">
        <ele>-5.599999904632568</ele>
      </trkpt>
      <trkpt lat="52.56737354211509" lon="4.730655709281564">
        <ele>-5.599999904632568</ele>
      </trkpt>
      <trkpt lat="52.567380079999566" lon="4.730633581057191">
        <ele>-5.599999904632568</ele>
      </trkpt>
      <trkpt lat="52.56738645024598" lon="4.730610111728311">
        <ele>-5.599999904632568</ele>
      </trkpt>
      <trkpt lat="52.56739407777786" lon="4.730586558580399">
        <ele>-5.599999904632568</ele>
      </trkpt>
      <trkpt lat="52.567399609833956" lon="4.730562753975391">
        <ele>-5.599999904632568</ele>
      </trkpt>
      <trkpt lat="52.56740874610841" lon="4.730539955198765">
        <ele>-5.599999904632568</ele>
      </trkpt>
      <trkpt lat="52.567414278164506" lon="4.730517910793424">
        <ele>-5.599999904632568</ele>
      </trkpt>
      <trkpt lat="52.567423079162836" lon="4.730495112016797">
        <ele>-5.599999904632568</ele>
      </trkpt>
      <trkpt lat="52.56743003614247" lon="4.730472732335329">
        <ele>-6.0</ele>
      </trkpt>
      <trkpt lat="52.567436741665006" lon="4.730447921901941">
        <ele>-6.199999809265137</ele>
      </trkpt>
      <trkpt lat="52.56744378246367" lon="4.730423949658871">
        <ele>-6.199999809265137</ele>
      </trkpt>
      <trkpt lat="52.56744981743395" lon="4.730397379025817">
        <ele>-6.199999809265137</ele>
      </trkpt>
      <trkpt lat="52.567459121346474" lon="4.73037357442081">
        <ele>-6.199999809265137</ele>
      </trkpt>
      <trkpt lat="52.5674647372216" lon="4.730349015444517">
        <ele>-6.199999809265137</ele>
      </trkpt>
      <trkpt lat="52.56747404113412" lon="4.730328060686588">
        <ele>-6.199999809265137</ele>
      </trkpt>
      <trkpt lat="52.56748124957085" lon="4.730306100100279">
        <ele>-6.0</ele>
      </trkpt>
      <trkpt lat="52.56748686544597" lon="4.730284810066223">
        <ele>-6.0</ele>
      </trkpt>
      <trkpt lat="52.567491391673684" lon="4.730259999632835">
        <ele>-6.0</ele>
      </trkpt>
      <trkpt lat="52.56749960593879" lon="4.730238290503621">
        <ele>-5.800000190734863</ele>
      </trkpt>
      <trkpt lat="52.567505054175854" lon="4.73021624609828">
        <ele>-6.0</ele>
      </trkpt>
      <trkpt lat="52.56751108914614" lon="4.730193866416812">
        <ele>-5.800000190734863</ele>
      </trkpt>
      <trkpt lat="52.56751662120223" lon="4.730171235278249">
        <ele>-5.599999904632568</ele>
      </trkpt>
      <trkpt lat="52.5675218179822" lon="4.730146257206798">
        <ele>-5.599999904632568</ele>
      </trkpt>
      <trkpt lat="52.567528020590544" lon="4.730122871696949">
        <ele>-5.599999904632568</ele>
      </trkpt>
      <trkpt lat="52.56753338500857" lon="4.730097893625498">
        <ele>-5.599999904632568</ele>
      </trkpt>
      <trkpt lat="52.56754252128303" lon="4.730074927210808">
        <ele>-5.599999904632568</ele>
      </trkpt>
      <trkpt lat="52.56754780188203" lon="4.730053301900625">
        <ele>-5.599999904632568</ele>
      </trkpt>
      <trkpt lat="52.5675545912236" lon="4.7300308384001255">
        <ele>-5.599999904632568</ele>
      </trkpt>
      <trkpt lat="52.56756054237485" lon="4.730008877813816">
        <ele>-5.599999904632568</ele>
      </trkpt>
      <trkpt lat="52.56756590679288" lon="4.7299860790371895">
        <ele>-5.599999904632568</ele>
      </trkpt>
      <trkpt lat="52.56757462397218" lon="4.729961017146707">
        <ele>-5.800000190734863</ele>
      </trkpt>
      <trkpt lat="52.567579401656985" lon="4.729940900579095">
        <ele>-5.800000190734863</ele>
      </trkpt>
      <trkpt lat="52.56758493371308" lon="4.729923130944371">
        <ele>-5.800000190734863</ele>
      </trkpt>
      <trkpt lat="52.56759122014046" lon="4.72990402020514">
        <ele>-5.800000190734863</ele>
      </trkpt>
      <trkpt lat="52.567597003653646" lon="4.729885999113321">
        <ele>-5.800000190734863</ele>
      </trkpt>
      <trkpt lat="52.56760245189071" lon="4.72986931912601">
        <ele>-5.800000190734863</ele>
      </trkpt>
      <trkpt lat="52.567607732489705" lon="4.729854315519333">
        <ele>-5.599999904632568</ele>
      </trkpt>
      <trkpt lat="52.5676130130887" lon="4.729839731007814">
        <ele>-5.599999904632568</ele>
      </trkpt>
      <trkpt lat="52.56761762313545" lon="4.729825230315328">
        <ele>-5.599999904632568</ele>
      </trkpt>
      <trkpt lat="52.567620892077684" lon="4.729810813441873">
        <ele>-5.599999904632568</ele>
      </trkpt>
      <trkpt lat="52.5676235742867" lon="4.729796564206481">
        <ele>-5.599999904632568</ele>
      </trkpt>
      <trkpt lat="52.567626759409904" lon="4.729780470952392">
        <ele>-5.599999904632568</ele>
      </trkpt>
      <trkpt lat="52.5676288548857" lon="4.729770077392459">
        <ele>-5.800000190734863</ele>
      </trkpt>
      <trkpt lat="52.56762851960957" lon="4.729759683832526">
        <ele>-6.0</ele>
      </trkpt>
      <trkpt lat="52.56762902252376" lon="4.729747110977769">
        <ele>-6.199999809265137</ele>
      </trkpt>
      <trkpt lat="52.5676288548857" lon="4.729735376313329">
        <ele>-6.199999809265137</ele>
      </trkpt>
      <trkpt lat="52.567625753581524" lon="4.729722887277603">
        <ele>-6.199999809265137</ele>
      </trkpt>
      <trkpt lat="52.56762156262994" lon="4.729708470404148">
        <ele>-6.199999809265137</ele>
      </trkpt>
      <trkpt lat="52.56761527620256" lon="4.729696903377771">
        <ele>-6.400000095367432</ele>
      </trkpt>
      <trkpt lat="52.567608151584864" lon="4.729685252532363">
        <ele>-6.199999809265137</ele>
      </trkpt>
      <trkpt lat="52.567601865157485" lon="4.729676116257906">
        <ele>-6.199999809265137</ele>
      </trkpt>
      <trkpt lat="52.56759859621525" lon="4.729670584201813">
        <ele>-6.0</ele>
      </trkpt>
      <trkpt lat="52.56759222596884" lon="4.7296656388789415">
        <ele>-6.0</ele>
      </trkpt>
      <trkpt lat="52.56758342497051" lon="4.729661280289292">
        <ele>-5.800000190734863</ele>
      </trkpt>
      <trkpt lat="52.56757345050573" lon="4.729649294167757">
        <ele>-5.800000190734863</ele>
      </trkpt>
      <trkpt lat="52.5675596203655" lon="4.7296385653316975">
        <ele>-5.800000190734863</ele>
      </trkpt>
      <trkpt lat="52.567542772740126" lon="4.729628758504987">
        <ele>-5.800000190734863</ele>
      </trkpt>
      <trkpt lat="52.56752701476216" lon="4.729616101831198">
        <ele>-5.800000190734863</ele>
      </trkpt>
      <trkpt lat="52.56751025095582" lon="4.729607719928026">
        <ele>-5.800000190734863</ele>
      </trkpt>
      <trkpt lat="52.567493822425604" lon="4.729596571996808">
        <ele>-6.0</ele>
      </trkpt>
      <trkpt lat="52.56747739389539" lon="4.729586681351066">
        <ele>-6.0</ele>
      </trkpt>
      <trkpt lat="52.567460210993886" lon="4.729574611410499">
        <ele>-6.0</ele>
      </trkpt>
      <trkpt lat="52.56744218990207" lon="4.729567151516676">
        <ele>-6.0</ele>
      </trkpt>
      <trkpt lat="52.56742433644831" lon="4.729557428508997">
        <ele>-6.0</ele>
      </trkpt>
      <trkpt lat="52.56740556098521" lon="4.72954829223454">
        <ele>-6.0</ele>
      </trkpt>
      <trkpt lat="52.56738712079823" lon="4.729539239779115">
        <ele>-6.0</ele>
      </trkpt>
      <trkpt lat="52.567367758601904" lon="4.7295319475233555">
        <ele>-5.800000190734863</ele>
      </trkpt>
      <trkpt lat="52.567351162433624" lon="4.729524319991469">
        <ele>-5.599999904632568</ele>
      </trkpt>
      <trkpt lat="52.56733322516084" lon="4.729518452659249">
        <ele>-5.599999904632568</ele>
      </trkpt>
      <trkpt lat="52.56731470115483" lon="4.729514010250568">
        <ele>-5.400000095367432</ele>
      </trkpt>
      <trkpt lat="52.56729668006301" lon="4.729509903118014">
        <ele>-5.400000095367432</ele>
      </trkpt>
      <trkpt lat="52.56727949716151" lon="4.729506969451904">
        <ele>-5.400000095367432</ele>
      </trkpt>
      <trkpt lat="52.567264242097735" lon="4.7295021917670965">
        <ele>-5.599999904632568</ele>
      </trkpt>
      <trkpt lat="52.5672488193959" lon="4.7295004315674305">
        <ele>-5.800000190734863</ele>
      </trkpt>
      <trkpt lat="52.56723381578922" lon="4.729495653882623">
        <ele>-6.0</ele>
      </trkpt>
      <trkpt lat="52.567215794697404" lon="4.729489786550403">
        <ele>-6.0</ele>
      </trkpt>
      <trkpt lat="52.56719836033881" lon="4.729485595598817">
        <ele>-6.0</ele>
      </trkpt>
      <trkpt lat="52.56718193180859" lon="4.729476794600487">
        <ele>-6.199999809265137</ele>
      </trkpt>
      <trkpt lat="52.5671676825732" lon="4.729471346363425">
        <ele>-6.199999809265137</ele>
      </trkpt>
      <trkpt lat="52.5671520922333" lon="4.7294615395367146">
        <ele>-6.0</ele>
      </trkpt>
      <trkpt lat="52.56713507696986" lon="4.729452822357416">
        <ele>-5.800000190734863</ele>
      </trkpt>
      <trkpt lat="52.56712040863931" lon="4.729445613920689">
        <ele>-5.800000190734863</ele>
      </trkpt>
      <trkpt lat="52.567103896290064" lon="4.729432873427868">
        <ele>-5.800000190734863</ele>
      </trkpt>
      <trkpt lat="52.56708914414048" lon="4.72942516207695">
        <ele>-5.800000190734863</ele>
      </trkpt>
      <trkpt lat="52.56707204505801" lon="4.7294150199741125">
        <ele>-5.800000190734863</ele>
      </trkpt>
      <trkpt lat="52.567053688690066" lon="4.729401022195816">
        <ele>-5.800000190734863</ele>
      </trkpt>
      <trkpt lat="52.567040361464024" lon="4.729391383007169">
        <ele>-5.800000190734863</ele>
      </trkpt>
      <trkpt lat="52.56702535785735" lon="4.729377720504999">
        <ele>-6.0</ele>
      </trkpt>
      <trkpt lat="52.56700951606035" lon="4.729363806545734">
        <ele>-6.0</ele>
      </trkpt>
      <trkpt lat="52.56699752993882" lon="4.729353664442897">
        <ele>-6.0</ele>
      </trkpt>
      <trkpt lat="52.56698336452246" lon="4.729337068274617">
        <ele>-6.0</ele>
      </trkpt>
      <trkpt lat="52.56696819327772" lon="4.72932256758213">
        <ele>-5.800000190734863</ele>
      </trkpt>
      <trkpt lat="52.5669536087662" lon="4.729309324175119">
        <ele>-6.0</ele>
      </trkpt>
      <trkpt lat="52.56693659350276" lon="4.729289291426539">
        <ele>-6.0</ele>
      </trkpt>
      <trkpt lat="52.56692293100059" lon="4.7292745392769575">
        <ele>-6.0</ele>
      </trkpt>
      <trkpt lat="52.5669102743268" lon="4.72925609908998">
        <ele>-6.0</ele>
      </trkpt>
      <trkpt lat="52.566895270720124" lon="4.729237323626876">
        <ele>-6.0</ele>
      </trkpt>
      <trkpt lat="52.56688269786537" lon="4.729223744943738">
        <ele>-6.0</ele>
      </trkpt>
      <trkpt lat="52.56687079556286" lon="4.729203460738063">
        <ele>-6.0</ele>
      </trkpt>
      <trkpt lat="52.566857216879725" lon="4.729188373312354">
        <ele>-6.0</ele>
      </trkpt>
      <trkpt lat="52.56684280000627" lon="4.7291723638772964">
        <ele>-5.800000190734863</ele>
      </trkpt>
      <trkpt lat="52.566826874390244" lon="4.72915199585259">
        <ele>-5.800000190734863</ele>
      </trkpt>
      <trkpt lat="52.56681530736387" lon="4.729137578979135">
        <ele>-5.800000190734863</ele>
      </trkpt>
      <trkpt lat="52.56680273450911" lon="4.729119557887316">
        <ele>-6.0</ele>
      </trkpt>
      <trkpt lat="52.56678773090243" lon="4.729102961719036">
        <ele>-6.0</ele>
      </trkpt>
      <trkpt lat="52.566774152219296" lon="4.729090388864279">
        <ele>-6.199999809265137</ele>
      </trkpt>
      <trkpt lat="52.56675872951746" lon="4.72907530143857">
        <ele>-6.199999809265137</ele>
      </trkpt>
      <trkpt lat="52.56674515083432" lon="4.729064824059606">
        <ele>-6.199999809265137</ele>
      </trkpt>
      <trkpt lat="52.56673132069409" lon="4.72905183210969">
        <ele>-6.199999809265137</ele>
      </trkpt>
      <trkpt lat="52.56671321578324" lon="4.729040348902345">
        <ele>-6.199999809265137</ele>
      </trkpt>
      <trkpt lat="52.566697960719466" lon="4.729033140465617">
        <ele>-6.199999809265137</ele>
      </trkpt>
      <trkpt lat="52.566681783646345" lon="4.729022076353431">
        <ele>-6.199999809265137</ele>
      </trkpt>
      <trkpt lat="52.566666193306446" lon="4.729014113545418">
        <ele>-6.0</ele>
      </trkpt>
      <trkpt lat="52.56665169261396" lon="4.729007324203849">
        <ele>-6.0</ele>
      </trkpt>
      <trkpt lat="52.56663476116955" lon="4.728997517377138">
        <ele>-6.0</ele>
      </trkpt>
      <trkpt lat="52.56662101484835" lon="4.728992655873299">
        <ele>-6.0</ele>
      </trkpt>
      <trkpt lat="52.566606597974896" lon="4.728985531255603">
        <ele>-5.800000190734863</ele>
      </trkpt>
      <trkpt lat="52.566589415073395" lon="4.728978825733066">
        <ele>-5.800000190734863</ele>
      </trkpt>
      <trkpt lat="52.56657449528575" lon="4.7289779875427485">
        <ele>-6.0</ele>
      </trkpt>
      <trkpt lat="52.56655999459326" lon="4.728976227343082">
        <ele>-6.199999809265137</ele>
      </trkpt>
      <trkpt lat="52.566544488072395" lon="4.72897270694375">
        <ele>-6.0</ele>
      </trkpt>
      <trkpt lat="52.56652906537056" lon="4.728974970057607">
        <ele>-6.0</ele>
      </trkpt>
      <trkpt lat="52.56651498377323" lon="4.728977903723717">
        <ele>-6.0</ele>
      </trkpt>
      <trkpt lat="52.56649738177657" lon="4.728978155180812">
        <ele>-6.0</ele>
      </trkpt>
      <trkpt lat="52.56648346781731" lon="4.7289809212088585">
        <ele>-6.0</ele>
      </trkpt>
      <trkpt lat="52.56646519526839" lon="4.728985195979476">
        <ele>-6.0</ele>
      </trkpt>
      <trkpt lat="52.56644851528108" lon="4.7289912309497595">
        <ele>-6.0</ele>
      </trkpt>
      <trkpt lat="52.566431667655706" lon="4.72899709828198">
        <ele>-6.0</ele>
      </trkpt>
      <trkpt lat="52.56641456857324" lon="4.729001792147756">
        <ele>-6.0</ele>
      </trkpt>
      <trkpt lat="52.5663975533098" lon="4.729005731642246">
        <ele>-6.0</ele>
      </trkpt>
      <trkpt lat="52.566379280760884" lon="4.729010844603181">
        <ele>-6.0</ele>
      </trkpt>
      <trkpt lat="52.56636343896389" lon="4.729017801582813">
        <ele>-6.0</ele>
      </trkpt>
      <trkpt lat="52.56634692661464" lon="4.72902400419116">
        <ele>-6.0</ele>
      </trkpt>
      <trkpt lat="52.56633318029344" lon="4.7290286142379045">
        <ele>-6.0</ele>
      </trkpt>
      <trkpt lat="52.56631792522967" lon="4.729030625894666">
        <ele>-6.0</ele>
      </trkpt>
      <trkpt lat="52.566302670165896" lon="4.7290342301130295">
        <ele>-6.0</ele>
      </trkpt>
      <trkpt lat="52.56628674454987" lon="4.729039343073964">
        <ele>-6.0</ele>
      </trkpt>
      <trkpt lat="52.56627190858126" lon="4.729045210406184">
        <ele>-6.199999809265137</ele>
      </trkpt>
      <trkpt lat="52.56625732406974" lon="4.729047641158104">
        <ele>-6.199999809265137</ele>
      </trkpt>
      <trkpt lat="52.566243996843696" lon="4.729050910100341">
        <ele>-6.199999809265137</ele>
      </trkpt>
      <trkpt lat="52.56623050197959" lon="4.729050239548087">
        <ele>-6.400000095367432</ele>
      </trkpt>
      <trkpt lat="52.56621591746807" lon="4.729051245376468">
        <ele>-6.400000095367432</ele>
      </trkpt>
      <trkpt lat="52.56620057858527" lon="4.729050239548087">
        <ele>-6.400000095367432</ele>
      </trkpt>
      <trkpt lat="52.566184820607305" lon="4.7290474735200405">
        <ele>-6.199999809265137</ele>
      </trkpt>
      <trkpt lat="52.56616990081966" lon="4.729045545682311">
        <ele>-6.199999809265137</ele>
      </trkpt>
      <trkpt lat="52.56615271791816" lon="4.729039426892996">
        <ele>-6.199999809265137</ele>
      </trkpt>
      <trkpt lat="52.56613754667342" lon="4.729033727198839">
        <ele>-6.199999809265137</ele>
      </trkpt>
      <trkpt lat="52.566121788695455" lon="4.729024842381477">
        <ele>-6.199999809265137</ele>
      </trkpt>
      <trkpt lat="52.566106114536524" lon="4.729015287011862">
        <ele>-6.199999809265137</ele>
      </trkpt>
      <trkpt lat="52.566091027110815" lon="4.7290029656142">
        <ele>-6.199999809265137</ele>
      </trkpt>
      <trkpt lat="52.56607401184738" lon="4.728991063311696">
        <ele>-6.400000095367432</ele>
      </trkpt>
      <trkpt lat="52.566060181707144" lon="4.728973377496004">
        <ele>-6.400000095367432</ele>
      </trkpt>
      <trkpt lat="52.56604325026274" lon="4.728957870975137">
        <ele>-6.400000095367432</ele>
      </trkpt>
      <trkpt lat="52.5660278275609" lon="4.728942196816206">
        <ele>-6.199999809265137</ele>
      </trkpt>
      <trkpt lat="52.566007459536195" lon="4.728927863761783">
        <ele>-6.199999809265137</ele>
      </trkpt>
      <trkpt lat="52.56599119864404" lon="4.728912692517042">
        <ele>-6.199999809265137</ele>
      </trkpt>
      <trkpt lat="52.565972590819" lon="4.728896766901016">
        <ele>-6.199999809265137</ele>
      </trkpt>
      <trkpt lat="52.56595649756491" lon="4.728881763294339">
        <ele>-6.199999809265137</ele>
      </trkpt>
      <trkpt lat="52.56593931466341" lon="4.728864915668964">
        <ele>-6.0</ele>
      </trkpt>
      <trkpt lat="52.56592464633286" lon="4.7288501635193825">
        <ele>-6.0</ele>
      </trkpt>
      <trkpt lat="52.56590846925974" lon="4.7288324777036905">
        <ele>-5.800000190734863</ele>
      </trkpt>
      <trkpt lat="52.565894555300474" lon="4.728816132992506">
        <ele>-6.0</ele>
      </trkpt>
      <trkpt lat="52.56588106043637" lon="4.728798279538751">
        <ele>-6.0</ele>
      </trkpt>
      <trkpt lat="52.56586848758161" lon="4.728781767189503">
        <ele>-6.0</ele>
      </trkpt>
      <trkpt lat="52.56585482507944" lon="4.728764081373811">
        <ele>-6.0</ele>
      </trkpt>
      <trkpt lat="52.565843090415" lon="4.728748071938753">
        <ele>-6.199999809265137</ele>
      </trkpt>
      <trkpt lat="52.56583001464605" lon="4.728730972856283">
        <ele>-6.0</ele>
      </trkpt>
      <trkpt lat="52.5658171903342" lon="4.728714125230908">
        <ele>-6.0</ele>
      </trkpt>
      <trkpt lat="52.56580394692719" lon="4.728696858510375">
        <ele>-5.800000190734863</ele>
      </trkpt>
      <trkpt lat="52.56578919477761" lon="4.728678083047271">
        <ele>-6.0</ele>
      </trkpt>
      <trkpt lat="52.56577352061868" lon="4.728661654517055">
        <ele>-5.800000190734863</ele>
      </trkpt>
      <trkpt lat="52.565756253898144" lon="4.728643549606204">
        <ele>-5.800000190734863</ele>
      </trkpt>
      <trkpt lat="52.56574301049113" lon="4.72862770780921">
        <ele>-5.599999904632568</ele>
      </trkpt>
      <trkpt lat="52.565725995227695" lon="4.72860868088901">
        <ele>-5.599999904632568</ele>
      </trkpt>
      <trkpt lat="52.56571300327778" lon="4.72859107889235">
        <ele>-5.599999904632568</ele>
      </trkpt>
      <trkpt lat="52.5656998436898" lon="4.728569621220231">
        <ele>-5.800000190734863</ele>
      </trkpt>
      <trkpt lat="52.565687438473105" lon="4.728551264852285">
        <ele>-6.0</ele>
      </trkpt>
      <trkpt lat="52.56567486561835" lon="4.728531315922737">
        <ele>-6.0</ele>
      </trkpt>
      <trkpt lat="52.56566237658262" lon="4.728512791916728">
        <ele>-6.0</ele>
      </trkpt>
      <trkpt lat="52.56565013900399" lon="4.728490831330419">
        <ele>-6.199999809265137</ele>
      </trkpt>
      <trkpt lat="52.56563639268279" lon="4.7284717205911875">
        <ele>-6.199999809265137</ele>
      </trkpt>
      <trkpt lat="52.56562348455191" lon="4.728452106937766">
        <ele>-6.199999809265137</ele>
      </trkpt>
      <trkpt lat="52.565608816221356" lon="4.728433080017567">
        <ele>-6.0</ele>
      </trkpt>
      <trkpt lat="52.565594650805" lon="4.72841564565897">
        <ele>-6.0</ele>
      </trkpt>
      <trkpt lat="52.56557922810316" lon="4.7283954452723265">
        <ele>-5.800000190734863</ele>
      </trkpt>
      <trkpt lat="52.56556564942002" lon="4.728377675637603">
        <ele>-5.800000190734863</ele>
      </trkpt>
      <trkpt lat="52.56555240601301" lon="4.728358229622245">
        <ele>-5.800000190734863</ele>
      </trkpt>
      <trkpt lat="52.56554251536727" lon="4.728341130539775">
        <ele>-5.800000190734863</ele>
      </trkpt>
      <trkpt lat="52.565531535074115" lon="4.728322857990861">
        <ele>-5.800000190734863</ele>
      </trkpt>
      <trkpt lat="52.56552156060934" lon="4.728306848555803">
        <ele>-5.800000190734863</ele>
      </trkpt>
      <trkpt lat="52.56551158614457" lon="4.728288492187858">
        <ele>-5.800000190734863</ele>
      </trkpt>
      <trkpt lat="52.56550094112754" lon="4.728272063657641">
        <ele>-5.800000190734863</ele>
      </trkpt>
      <trkpt lat="52.565490547567606" lon="4.728252533823252">
        <ele>-5.800000190734863</ele>
      </trkpt>
      <trkpt lat="52.565477807074785" lon="4.728233087807894">
        <ele>-5.800000190734863</ele>
      </trkpt>
      <trkpt lat="52.56546372547746" lon="4.728213641792536">
        <ele>-5.800000190734863</ele>
      </trkpt>
      <trkpt lat="52.56544972769916" lon="4.7281931061297655">
        <ele>-5.800000190734863</ele>
      </trkpt>
      <trkpt lat="52.565439250320196" lon="4.728174163028598">
        <ele>-5.800000190734863</ele>
      </trkpt>
      <trkpt lat="52.5654286891222" lon="4.728150526061654">
        <ele>-5.800000190734863</ele>
      </trkpt>
      <trkpt lat="52.56542122922838" lon="4.7281300742179155">
        <ele>-5.800000190734863</ele>
      </trkpt>
      <trkpt lat="52.56541267968714" lon="4.728107443079352">
        <ele>-5.800000190734863</ele>
      </trkpt>
      <trkpt lat="52.565404465422034" lon="4.728085063397884">
        <ele>-5.800000190734863</ele>
      </trkpt>
      <trkpt lat="52.565398598089814" lon="4.728061426430941">
        <ele>-6.0</ele>
      </trkpt>
      <trkpt lat="52.56539097055793" lon="4.728038879111409">
        <ele>-6.0</ele>
      </trkpt>
      <trkpt lat="52.56538434885442" lon="4.728016331791878">
        <ele>-6.0</ele>
      </trkpt>
      <trkpt lat="52.565377559512854" lon="4.727991353720427">
        <ele>-6.0</ele>
      </trkpt>
      <trkpt lat="52.565370351076126" lon="4.727969476953149">
        <ele>-5.800000190734863</ele>
      </trkpt>
      <trkpt lat="52.56536624394357" lon="4.727945756167173">
        <ele>-5.800000190734863</ele>
      </trkpt>
      <trkpt lat="52.565362052991986" lon="4.727923795580864">
        <ele>-5.800000190734863</ele>
      </trkpt>
      <trkpt lat="52.565354593098164" lon="4.727903930470347">
        <ele>-5.800000190734863</ele>
      </trkpt>
      <trkpt lat="52.56534897722304" lon="4.727884735912085">
        <ele>-5.800000190734863</ele>
      </trkpt>
      <trkpt lat="52.565344367176294" lon="4.727862775325775">
        <ele>-5.800000190734863</ele>
      </trkpt>
      <trkpt lat="52.56533690728247" lon="4.72784299403429">
        <ele>-5.800000190734863</ele>
      </trkpt>
      <trkpt lat="52.56532936356962" lon="4.727824050933123">
        <ele>-5.800000190734863</ele>
      </trkpt>
      <trkpt lat="52.56532031111419" lon="4.727801252156496">
        <ele>-5.800000190734863</ele>
      </trkpt>
      <trkpt lat="52.56531285122037" lon="4.727783314883709">
        <ele>-5.800000190734863</ele>
      </trkpt>
      <trkpt lat="52.5653060618788" lon="4.727763785049319">
        <ele>-5.800000190734863</ele>
      </trkpt>
      <trkpt lat="52.56529809907079" lon="4.727746266871691">
        <ele>-5.800000190734863</ele>
      </trkpt>
      <trkpt lat="52.56528854370117" lon="4.727731766179204">
        <ele>-5.800000190734863</ele>
      </trkpt>
      <trkpt lat="52.565277982503176" lon="4.7277129907161">
        <ele>-5.800000190734863</ele>
      </trkpt>
      <trkpt lat="52.565268175676465" lon="4.727702010422945">
        <ele>-5.800000190734863</ele>
      </trkpt>
      <trkpt lat="52.56525727920234" lon="4.727689018473029">
        <ele>-5.800000190734863</ele>
      </trkpt>
      <trkpt lat="52.56524302996695" lon="4.727677619084716">
        <ele>-5.800000190734863</ele>
      </trkpt>
      <trkpt lat="52.565232552587986" lon="4.727668650448322">
        <ele>-5.800000190734863</ele>
      </trkpt>
      <trkpt lat="52.56521796807647" lon="4.72765683196485">
        <ele>-5.800000190734863</ele>
      </trkpt>
      <trkpt lat="52.565203718841076" lon="4.727644007652998">
        <ele>-5.800000190734863</ele>
      </trkpt>
      <trkpt lat="52.565188547596335" lon="4.727628920227289">
        <ele>-5.800000190734863</ele>
      </trkpt>
      <trkpt lat="52.56517664529383" lon="4.72761525772512">
        <ele>-5.800000190734863</ele>
      </trkpt>
      <trkpt lat="52.56516566500068" lon="4.727597991004586">
        <ele>-5.800000190734863</ele>
      </trkpt>
      <trkpt lat="52.56515493616462" lon="4.727581813931465">
        <ele>-6.0</ele>
      </trkpt>
      <trkpt lat="52.565146973356605" lon="4.727558679878712">
        <ele>-5.800000190734863</ele>
      </trkpt>
      <trkpt lat="52.565137753263116" lon="4.727536886930466">
        <ele>-5.800000190734863</ele>
      </trkpt>
      <trkpt lat="52.565129958093166" lon="4.72751316614449">
        <ele>-5.800000190734863</ele>
      </trkpt>
      <trkpt lat="52.56511981599033" lon="4.727487517520785">
        <ele>-5.800000190734863</ele>
      </trkpt>
      <trkpt lat="52.565111853182316" lon="4.727464383468032">
        <ele>-5.599999904632568</ele>
      </trkpt>
      <trkpt lat="52.56510724313557" lon="4.727438651025295">
        <ele>-5.599999904632568</ele>
      </trkpt>
      <trkpt lat="52.5651007052511" lon="4.727414008229971">
        <ele>-5.599999904632568</ele>
      </trkpt>
      <trkpt lat="52.56509240716696" lon="4.727388275787234">
        <ele>-5.599999904632568</ele>
      </trkpt>
      <trkpt lat="52.565085953101516" lon="4.727363213896751">
        <ele>-5.599999904632568</ele>
      </trkpt>
      <trkpt lat="52.56507748737931" lon="4.727336643263698">
        <ele>-5.599999904632568</ele>
      </trkpt>
      <trkpt lat="52.56507053039968" lon="4.72730940207839">
        <ele>-5.599999904632568</ele>
      </trkpt>
      <trkpt lat="52.565062986686826" lon="4.727282915264368">
        <ele>-5.800000190734863</ele>
      </trkpt>
      <trkpt lat="52.565055526793" lon="4.72725517116487">
        <ele>-5.599999904632568</ele>
      </trkpt>
      <trkpt lat="52.56504907272756" lon="4.7272268403321505">
        <ele>-5.599999904632568</ele>
      </trkpt>
      <trkpt lat="52.56504069082439" lon="4.727198760956526">
        <ele>-5.599999904632568</ele>
      </trkpt>
      <trkpt lat="52.56503373384476" lon="4.727169508114457">
        <ele>-5.599999904632568</ele>
      </trkpt>
      <trkpt lat="52.565025268122554" lon="4.727141009643674">
        <ele>-5.599999904632568</ele>
      </trkpt>
      <trkpt lat="52.56501814350486" lon="4.727111756801605">
        <ele>-5.400000095367432</ele>
      </trkpt>
      <trkpt lat="52.56501034833491" lon="4.727082084864378">
        <ele>-5.599999904632568</ele>
      </trkpt>
      <trkpt lat="52.5650037266314" lon="4.727052999660373">
        <ele>-5.400000095367432</ele>
      </trkpt>
      <trkpt lat="52.564996015280485" lon="4.727023746818304">
        <ele>-5.400000095367432</ele>
      </trkpt>
      <trkpt lat="52.564989142119884" lon="4.726995080709457">
        <ele>-5.400000095367432</ele>
      </trkpt>
      <trkpt lat="52.564980844035745" lon="4.72696490585804">
        <ele>-5.400000095367432</ele>
      </trkpt>
      <trkpt lat="52.56497271358967" lon="4.7269343957304955">
        <ele>-5.400000095367432</ele>
      </trkpt>
      <trkpt lat="52.564963828772306" lon="4.726904723793268">
        <ele>-5.400000095367432</ele>
      </trkpt>
      <trkpt lat="52.56495620124042" lon="4.726876895874739">
        <ele>-5.599999904632568</ele>
      </trkpt>
      <trkpt lat="52.56494798697531" lon="4.726847391575575">
        <ele>-5.599999904632568</ele>
      </trkpt>
      <trkpt lat="52.5649416167289" lon="4.7268209885805845">
        <ele>-5.800000190734863</ele>
      </trkpt>
      <trkpt lat="52.564933486282825" lon="4.726793160662055">
        <ele>-5.800000190734863</ele>
      </trkpt>
      <trkpt lat="52.564927618950605" lon="4.726766841486096">
        <ele>-6.0</ele>
      </trkpt>
      <trkpt lat="52.56492116488516" lon="4.726737588644028">
        <ele>-6.0</ele>
      </trkpt>
      <trkpt lat="52.564914878457785" lon="4.7267102636396885">
        <ele>-6.0</ele>
      </trkpt>
      <trkpt lat="52.564908089116216" lon="4.726682351902127">
        <ele>-6.0</ele>
      </trkpt>
      <trkpt lat="52.56490138359368" lon="4.726655362173915">
        <ele>-6.0</ele>
      </trkpt>
      <trkpt lat="52.56489467807114" lon="4.726628791540861">
        <ele>-5.800000190734863</ele>
      </trkpt>
      <trkpt lat="52.56488763727248" lon="4.726602640002966">
        <ele>-5.800000190734863</ele>
      </trkpt>
      <trkpt lat="52.564881602302194" lon="4.726575063541532">
        <ele>-5.800000190734863</ele>
      </trkpt>
      <trkpt lat="52.56487355567515" lon="4.726548912003636">
        <ele>-5.800000190734863</ele>
      </trkpt>
      <trkpt lat="52.56486592814326" lon="4.726522509008646">
        <ele>-5.599999904632568</ele>
      </trkpt>
      <trkpt lat="52.56485603749752" lon="4.726495686918497">
        <ele>-5.599999904632568</ele>
      </trkpt>
      <trkpt lat="52.56484723649919" lon="4.726469535380602">
        <ele>-5.599999904632568</ele>
      </trkpt>
      <trkpt lat="52.564839106053114" lon="4.726443635299802">
        <ele>-5.599999904632568</ele>
      </trkpt>
      <trkpt lat="52.56483097560704" lon="4.726416729390621">
        <ele>-5.599999904632568</ele>
      </trkpt>
      <trkpt lat="52.56482276134193" lon="4.726388398557901">
        <ele>-5.599999904632568</ele>
      </trkpt>
      <trkpt lat="52.564816139638424" lon="4.726360403001308">
        <ele>-5.599999904632568</ele>
      </trkpt>
      <trkpt lat="52.56480817683041" lon="4.726330982521176">
        <ele>-5.599999904632568</ele>
      </trkpt>
      <trkpt lat="52.564798621460795" lon="4.726302148774266">
        <ele>-5.599999904632568</ele>
      </trkpt>
      <trkpt lat="52.56479107774794" lon="4.726274153217673">
        <ele>-5.400000095367432</ele>
      </trkpt>
      <trkpt lat="52.5647827796638" lon="4.72624565474689">
        <ele>-5.400000095367432</ele>
      </trkpt>
      <trkpt lat="52.564778085798025" lon="4.726218665018678">
        <ele>-5.400000095367432</ele>
      </trkpt>
      <trkpt lat="52.56477213464677" lon="4.7261889930814505">
        <ele>-5.199999809265137</ele>
      </trkpt>
      <trkpt lat="52.564765932038426" lon="4.72616015933454">
        <ele>-5.400000095367432</ele>
      </trkpt>
      <trkpt lat="52.56475922651589" lon="4.7261300683021545">
        <ele>-5.400000095367432</ele>
      </trkpt>
      <trkpt lat="52.564752604812384" lon="4.7261024080216885">
        <ele>-5.599999904632568</ele>
      </trkpt>
      <trkpt lat="52.56474623456597" lon="4.726073071360588">
        <ele>-5.599999904632568</ele>
      </trkpt>
      <trkpt lat="52.56473860703409" lon="4.726046752184629">
        <ele>-5.800000190734863</ele>
      </trkpt>
      <trkpt lat="52.56473341025412" lon="4.7260169964283705">
        <ele>-6.0</ele>
      </trkpt>
      <trkpt lat="52.5647275429219" lon="4.725989419966936">
        <ele>-6.0</ele>
      </trkpt>
      <trkpt lat="52.56472125649452" lon="4.725959999486804">
        <ele>-6.0</ele>
      </trkpt>
      <trkpt lat="52.564714550971985" lon="4.725931333377957">
        <ele>-6.0</ele>
      </trkpt>
      <trkpt lat="52.56470859982073" lon="4.725902918726206">
        <ele>-6.199999809265137</ele>
      </trkpt>
      <trkpt lat="52.56470063701272" lon="4.725874252617359">
        <ele>-6.199999809265137</ele>
      </trkpt>
      <trkpt lat="52.564695440232754" lon="4.725845335051417">
        <ele>-6.199999809265137</ele>
      </trkpt>
      <trkpt lat="52.564689656719565" lon="4.725816920399666">
        <ele>-6.0</ele>
      </trkpt>
      <trkpt lat="52.56468169391155" lon="4.725788086652756">
        <ele>-5.800000190734863</ele>
      </trkpt>
      <trkpt lat="52.56467373110354" lon="4.725759336724877">
        <ele>-6.0</ele>
      </trkpt>
      <trkpt lat="52.564667696133256" lon="4.725731257349253">
        <ele>-6.0</ele>
      </trkpt>
      <trkpt lat="52.56466057151556" lon="4.725700495764613">
        <ele>-6.0</ele>
      </trkpt>
      <trkpt lat="52.5646551232785" lon="4.725671578198671">
        <ele>-6.0</ele>
      </trkpt>
      <trkpt lat="52.56464900448918" lon="4.725641570985317">
        <ele>-6.199999809265137</ele>
      </trkpt>
      <trkpt lat="52.564643220975995" lon="4.725611647590995">
        <ele>-6.199999809265137</ele>
      </trkpt>
      <trkpt lat="52.5646376889199" lon="4.725582981482148">
        <ele>-6.199999809265137</ele>
      </trkpt>
      <trkpt lat="52.56463358178735" lon="4.7255554888397455">
        <ele>-6.199999809265137</ele>
      </trkpt>
      <trkpt lat="52.564629474654794" lon="4.725526822730899">
        <ele>-6.199999809265137</ele>
      </trkpt>
      <trkpt lat="52.56462587043643" lon="4.725500587373972">
        <ele>-6.199999809265137</ele>
      </trkpt>
      <trkpt lat="52.56462243385613" lon="4.725473010912538">
        <ele>-6.0</ele>
      </trkpt>
      <trkpt lat="52.56461799144745" lon="4.725446943193674">
        <ele>-6.0</ele>
      </trkpt>
      <trkpt lat="52.564612459391356" lon="4.725419115275145">
        <ele>-6.0</ele>
      </trkpt>
      <trkpt lat="52.56460784934461" lon="4.725392879918218">
        <ele>-6.0</ele>
      </trkpt>
      <trkpt lat="52.56460282020271" lon="4.725364465266466">
        <ele>-5.800000190734863</ele>
      </trkpt>
      <trkpt lat="52.56459703668952" lon="4.725336469709873">
        <ele>-6.0</ele>
      </trkpt>
      <trkpt lat="52.564593432471156" lon="4.725308055058122">
        <ele>-6.199999809265137</ele>
      </trkpt>
      <trkpt lat="52.564588990062475" lon="4.725279975682497">
        <ele>-6.199999809265137</ele>
      </trkpt>
      <trkpt lat="52.56458421237767" lon="4.725250722840428">
        <ele>-6.199999809265137</ele>
      </trkpt>
      <trkpt lat="52.564579183235765" lon="4.725221637636423">
        <ele>-6.199999809265137</ele>
      </trkpt>
      <trkpt lat="52.56457507610321" lon="4.725192384794354">
        <ele>-6.199999809265137</ele>
      </trkpt>
      <trkpt lat="52.56457013078034" lon="4.725163886323571">
        <ele>-6.0</ele>
      </trkpt>
      <trkpt lat="52.564566526561975" lon="4.7251352202147245">
        <ele>-6.0</ele>
      </trkpt>
      <trkpt lat="52.56456200033426" lon="4.725107224658132">
        <ele>-5.800000190734863</ele>
      </trkpt>
      <trkpt lat="52.5645583961159" lon="4.725078642368317">
        <ele>-5.800000190734863</ele>
      </trkpt>
      <trkpt lat="52.564553786069155" lon="4.72504997625947">
        <ele>-5.800000190734863</ele>
      </trkpt>
      <trkpt lat="52.56454976275563" lon="4.725022232159972">
        <ele>-5.800000190734863</ele>
      </trkpt>
      <trkpt lat="52.564544985070825" lon="4.724993398413062">
        <ele>-5.800000190734863</ele>
      </trkpt>
      <trkpt lat="52.56453987210989" lon="4.724966241046786">
        <ele>-5.800000190734863</ele>
      </trkpt>
      <trkpt lat="52.56453601643443" lon="4.724936066195369">
        <ele>-6.0</ele>
      </trkpt>
      <trkpt lat="52.564533334225416" lon="4.724907064810395">
        <ele>-6.0</ele>
      </trkpt>
      <trkpt lat="52.56453006528318" lon="4.724878063425422">
        <ele>-6.199999809265137</ele>
      </trkpt>
      <trkpt lat="52.5645272154361" lon="4.724850067868829">
        <ele>-6.199999809265137</ele>
      </trkpt>
      <trkpt lat="52.56452478468418" lon="4.724821485579014">
        <ele>-6.400000095367432</ele>
      </trkpt>
      <trkpt lat="52.56452285684645" lon="4.724793825298548">
        <ele>-6.400000095367432</ele>
      </trkpt>
      <trkpt lat="52.564521096646786" lon="4.724764823913574">
        <ele>-6.400000095367432</ele>
      </trkpt>
      <trkpt lat="52.564519168809056" lon="4.724736493080854">
        <ele>-6.400000095367432</ele>
      </trkpt>
      <trkpt lat="52.56451824679971" lon="4.7247073240578175">
        <ele>-6.400000095367432</ele>
      </trkpt>
      <trkpt lat="52.56451707333326" lon="4.724678238853812">
        <ele>-6.400000095367432</ele>
      </trkpt>
      <trkpt lat="52.564516151323915" lon="4.724649656563997">
        <ele>-6.400000095367432</ele>
      </trkpt>
      <trkpt lat="52.56451430730522" lon="4.7246213257312775">
        <ele>-6.400000095367432</ele>
      </trkpt>
      <trkpt lat="52.56451103836298" lon="4.72459165379405">
        <ele>-6.199999809265137</ele>
      </trkpt>
      <trkpt lat="52.564508439973" lon="4.724561395123601">
        <ele>-6.199999809265137</ele>
      </trkpt>
      <trkpt lat="52.56450600922108" lon="4.724532561376691">
        <ele>-6.199999809265137</ele>
      </trkpt>
      <trkpt lat="52.56450181826949" lon="4.724501799792051">
        <ele>-6.199999809265137</ele>
      </trkpt>
      <trkpt lat="52.56449930369854" lon="4.724471624940634">
        <ele>-6.199999809265137</ele>
      </trkpt>
      <trkpt lat="52.564499052241445" lon="4.724440947175026">
        <ele>-6.199999809265137</ele>
      </trkpt>
      <trkpt lat="52.56449871696532" lon="4.724412197247148">
        <ele>-6.199999809265137</ele>
      </trkpt>
      <trkpt lat="52.56449963897467" lon="4.724383279681206">
        <ele>-6.199999809265137</ele>
      </trkpt>
      <trkpt lat="52.56449963897467" lon="4.7243541944772005">
        <ele>-6.400000095367432</ele>
      </trkpt>
      <trkpt lat="52.564499052241445" lon="4.724324522539973">
        <ele>-6.400000095367432</ele>
      </trkpt>
      <trkpt lat="52.56449829787016" lon="4.724296359345317">
        <ele>-6.400000095367432</ele>
      </trkpt>
      <trkpt lat="52.56449720822275" lon="4.724267274141312">
        <ele>-6.400000095367432</ele>
      </trkpt>
      <trkpt lat="52.56449586711824" lon="4.72423936240375">
        <ele>-6.199999809265137</ele>
      </trkpt>
      <trkpt lat="52.56449553184211" lon="4.7242101933807135">
        <ele>-6.199999809265137</ele>
      </trkpt>
      <trkpt lat="52.56449427455664" lon="4.724181946367025">
        <ele>-6.199999809265137</ele>
      </trkpt>
      <trkpt lat="52.564494190737605" lon="4.724151771515608">
        <ele>-6.0</ele>
      </trkpt>
      <trkpt lat="52.564492765814066" lon="4.724121931940317">
        <ele>-6.199999809265137</ele>
      </trkpt>
      <trkpt lat="52.564491676166654" lon="4.724091421812773">
        <ele>-6.0</ele>
      </trkpt>
      <trkpt lat="52.56449117325246" lon="4.724059738218784">
        <ele>-6.0</ele>
      </trkpt>
      <trkpt lat="52.56449008360505" lon="4.724029982462525">
        <ele>-6.0</ele>
      </trkpt>
      <trkpt lat="52.56448949687183" lon="4.723999137058854">
        <ele>-6.199999809265137</ele>
      </trkpt>
      <trkpt lat="52.564490335062146" lon="4.723969716578722">
        <ele>-6.0</ele>
      </trkpt>
      <trkpt lat="52.56449117325246" lon="4.7239401284605265">
        <ele>-6.199999809265137</ele>
      </trkpt>
      <trkpt lat="52.56449083797634" lon="4.723912551999092">
        <ele>-6.199999809265137</ele>
      </trkpt>
      <trkpt lat="52.56449159234762" lon="4.72388262860477">
        <ele>-6.0</ele>
      </trkpt>
      <trkpt lat="52.56449192762375" lon="4.7238535434007645">
        <ele>-6.0</ele>
      </trkpt>
      <trkpt lat="52.5644944421947" lon="4.7238232009112835">
        <ele>-6.0</ele>
      </trkpt>
      <trkpt lat="52.56449670530856" lon="4.723794283345342">
        <ele>-6.0</ele>
      </trkpt>
      <trkpt lat="52.56449989043176" lon="4.723765030503273">
        <ele>-6.0</ele>
      </trkpt>
      <trkpt lat="52.56450374610722" lon="4.723732341080904">
        <ele>-6.0</ele>
      </trkpt>
      <trkpt lat="52.564507434144616" lon="4.7237033396959305">
        <ele>-6.0</ele>
      </trkpt>
      <trkpt lat="52.564513217657804" lon="4.723678277805448">
        <ele>-6.0</ele>
      </trkpt>
      <trkpt lat="52.564517576247454" lon="4.7236476838588715">
        <ele>-6.199999809265137</ele>
      </trkpt>
      <trkpt lat="52.56452143192291" lon="4.723617676645517">
        <ele>-6.400000095367432</ele>
      </trkpt>
      <trkpt lat="52.564522521570325" lon="4.7235840652137995">
        <ele>-6.400000095367432</ele>
      </trkpt>
      <trkpt lat="52.56452579051256" lon="4.723554980009794">
        <ele>-6.400000095367432</ele>
      </trkpt>
      <trkpt lat="52.5645272154361" lon="4.723523799329996">
        <ele>-6.599999904632568</ele>
      </trkpt>
      <trkpt lat="52.56453006528318" lon="4.723495803773403">
        <ele>-6.400000095367432</ele>
      </trkpt>
      <trkpt lat="52.564532831311226" lon="4.7234659641981125">
        <ele>-6.400000095367432</ele>
      </trkpt>
      <trkpt lat="52.564536267891526" lon="4.7234367951750755">
        <ele>-6.400000095367432</ele>
      </trkpt>
      <trkpt lat="52.56453794427216" lon="4.72340670414269">
        <ele>-6.400000095367432</ele>
      </trkpt>
      <trkpt lat="52.56454045884311" lon="4.723376948386431">
        <ele>-6.0</ele>
      </trkpt>
      <trkpt lat="52.564541632309556" lon="4.723347360268235">
        <ele>-6.199999809265137</ele>
      </trkpt>
      <trkpt lat="52.56454364396632" lon="4.723316598683596">
        <ele>-6.0</ele>
      </trkpt>
      <trkpt lat="52.56454423069954" lon="4.723287345841527">
        <ele>-6.199999809265137</ele>
      </trkpt>
      <trkpt lat="52.56454632617533" lon="4.723256919533014">
        <ele>-6.0</ele>
      </trkpt>
      <trkpt lat="52.564548002555966" lon="4.723228504881263">
        <ele>-6.0</ele>
      </trkpt>
      <trkpt lat="52.56455110386014" lon="4.72319807857275">
        <ele>-6.0</ele>
      </trkpt>
      <trkpt lat="52.564553366973996" lon="4.723170753568411">
        <ele>-6.0</ele>
      </trkpt>
      <trkpt lat="52.564556216821074" lon="4.723139824345708">
        <ele>-6.199999809265137</ele>
      </trkpt>
      <trkpt lat="52.564557725563645" lon="4.723110068589449">
        <ele>-6.199999809265137</ele>
      </trkpt>
      <trkpt lat="52.564560156315565" lon="4.723078887909651">
        <ele>-6.199999809265137</ele>
      </trkpt>
      <trkpt lat="52.56456250324845" lon="4.723046785220504">
        <ele>-6.199999809265137</ele>
      </trkpt>
      <trkpt lat="52.564564598724246" lon="4.723015604540706">
        <ele>-6.199999809265137</ele>
      </trkpt>
      <trkpt lat="52.564567532390356" lon="4.722985848784447">
        <ele>-6.199999809265137</ele>
      </trkpt>
      <trkpt lat="52.56456971168518" lon="4.722955087199807">
        <ele>-6.199999809265137</ele>
      </trkpt>
      <trkpt lat="52.56457272917032" lon="4.722924996167421">
        <ele>-6.199999809265137</ele>
      </trkpt>
      <trkpt lat="52.56457683630288" lon="4.722894486039877">
        <ele>-6.199999809265137</ele>
      </trkpt>
      <trkpt lat="52.56458136253059" lon="4.722865400835872">
        <ele>-6.199999809265137</ele>
      </trkpt>
      <trkpt lat="52.564583541825414" lon="4.72283405251801">
        <ele>-6.199999809265137</ele>
      </trkpt>
      <trkpt lat="52.564587565138936" lon="4.72280471585691">
        <ele>-6.199999809265137</ele>
      </trkpt>
      <trkpt lat="52.564591420814395" lon="4.722773535177112">
        <ele>-6.199999809265137</ele>
      </trkpt>
      <trkpt lat="52.56459695287049" lon="4.722744785249233">
        <ele>-6.199999809265137</ele>
      </trkpt>
      <trkpt lat="52.564599215984344" lon="4.722713101655245">
        <ele>-6.199999809265137</ele>
      </trkpt>
      <trkpt lat="52.5646030716598" lon="4.722684184089303">
        <ele>-6.199999809265137</ele>
      </trkpt>
      <trkpt lat="52.56460617296398" lon="4.7226528357714415">
        <ele>-6.199999809265137</ele>
      </trkpt>
      <trkpt lat="52.56461061537266" lon="4.7226236667484045">
        <ele>-6.199999809265137</ele>
      </trkpt>
      <trkpt lat="52.564612375572324" lon="4.7225927375257015">
        <ele>-6.199999809265137</ele>
      </trkpt>
      <trkpt lat="52.56461715325713" lon="4.722564239054918">
        <ele>-6.199999809265137</ele>
      </trkpt>
      <trkpt lat="52.56462151184678" lon="4.722535070031881">
        <ele>-6.199999809265137</ele>
      </trkpt>
      <trkpt lat="52.56462545134127" lon="4.722506068646908">
        <ele>-6.199999809265137</ele>
      </trkpt>
      <trkpt lat="52.56462821736932" lon="4.722476061433554">
        <ele>-6.400000095367432</ele>
      </trkpt>
      <trkpt lat="52.564632911235094" lon="4.722446808591485">
        <ele>-6.400000095367432</ele>
      </trkpt>
      <trkpt lat="52.56463525816798" lon="4.722416969016194">
        <ele>-6.400000095367432</ele>
      </trkpt>
      <trkpt lat="52.564637940377" lon="4.722387799993157">
        <ele>-6.199999809265137</ele>
      </trkpt>
      <trkpt lat="52.56463944911957" lon="4.722356954589486">
        <ele>-6.199999809265137</ele>
      </trkpt>
      <trkpt lat="52.56464330479503" lon="4.722326528280973">
        <ele>-6.400000095367432</ele>
      </trkpt>
      <trkpt lat="52.56464648991823" lon="4.722296604886651">
        <ele>-6.199999809265137</ele>
      </trkpt>
      <trkpt lat="52.56464942358434" lon="4.722266346216202">
        <ele>-6.199999809265137</ele>
      </trkpt>
      <trkpt lat="52.56465218961239" lon="4.72223742865026">
        <ele>-6.199999809265137</ele>
      </trkpt>
      <trkpt lat="52.56465612910688" lon="4.72220616415143">
        <ele>-6.199999809265137</ele>
      </trkpt>
      <trkpt lat="52.564659314230084" lon="4.7221769113093615">
        <ele>-6.199999809265137</ele>
      </trkpt>
      <trkpt lat="52.5646619964391" lon="4.722146401181817">
        <ele>-6.199999809265137</ele>
      </trkpt>
      <trkpt lat="52.56466409191489" lon="4.722117902711034">
        <ele>-6.199999809265137</ele>
      </trkpt>
      <trkpt lat="52.56466627120972" lon="4.722089488059282">
        <ele>-6.199999809265137</ele>
      </trkpt>
      <trkpt lat="52.56466777995229" lon="4.722061073407531">
        <ele>-6.199999809265137</ele>
      </trkpt>
      <trkpt lat="52.564670545980334" lon="4.722032994031906">
        <ele>-6.199999809265137</ele>
      </trkpt>
      <trkpt lat="52.564672473818064" lon="4.722005585208535">
        <ele>-6.0</ele>
      </trkpt>
      <trkpt lat="52.56467322818935" lon="4.7219757456332445">
        <ele>-6.0</ele>
      </trkpt>
      <trkpt lat="52.56467482075095" lon="4.721946492791176">
        <ele>-6.0</ele>
      </trkpt>
      <trkpt lat="52.56467767059803" lon="4.721915815025568">
        <ele>-5.800000190734863</ele>
      </trkpt>
      <trkpt lat="52.56467926315963" lon="4.72188807092607">
        <ele>-5.800000190734863</ele>
      </trkpt>
      <trkpt lat="52.564681861549616" lon="4.721858315169811">
        <ele>-5.800000190734863</ele>
      </trkpt>
      <trkpt lat="52.56468395702541" lon="4.721828140318394">
        <ele>-5.800000190734863</ele>
      </trkpt>
      <trkpt lat="52.56468655541539" lon="4.721798719838262">
        <ele>-5.800000190734863</ele>
      </trkpt>
      <trkpt lat="52.56468906998634" lon="4.721768461167812">
        <ele>-5.800000190734863</ele>
      </trkpt>
      <trkpt lat="52.56469334475696" lon="4.721737280488014">
        <ele>-5.800000190734863</ele>
      </trkpt>
      <trkpt lat="52.56469879299402" lon="4.721708111464977">
        <ele>-5.800000190734863</ele>
      </trkpt>
      <trkpt lat="52.56470097228885" lon="4.721675757318735">
        <ele>-5.800000190734863</ele>
      </trkpt>
      <trkpt lat="52.5647050794214" lon="4.721646588295698">
        <ele>-5.800000190734863</ele>
      </trkpt>
      <trkpt lat="52.56470885127783" lon="4.7216173354536295">
        <ele>-5.800000190734863</ele>
      </trkpt>
      <trkpt lat="52.56471346132457" lon="4.721587747335434">
        <ele>-5.800000190734863</ele>
      </trkpt>
      <trkpt lat="52.564715975895524" lon="4.72155530937016">
        <ele>-6.0</ele>
      </trkpt>
      <trkpt lat="52.56472117267549" lon="4.721524631604552">
        <ele>-6.0</ele>
      </trkpt>
      <trkpt lat="52.564723351970315" lon="4.721493031829596">
        <ele>-6.0</ele>
      </trkpt>
      <trkpt lat="52.56472838111222" lon="4.721464281901717">
        <ele>-6.0</ele>
      </trkpt>
      <trkpt lat="52.56473106332123" lon="4.721435448154807">
        <ele>-6.199999809265137</ele>
      </trkpt>
      <trkpt lat="52.564735505729914" lon="4.721407955512404">
        <ele>-6.199999809265137</ele>
      </trkpt>
      <trkpt lat="52.564738523215055" lon="4.721379540860653">
        <ele>-6.199999809265137</ele>
      </trkpt>
      <trkpt lat="52.564742881804705" lon="4.721351880580187">
        <ele>-6.0</ele>
      </trkpt>
      <trkpt lat="52.564746318385005" lon="4.721324136480689">
        <ele>-6.0</ele>
      </trkpt>
      <trkpt lat="52.564751263707876" lon="4.72129438072443">
        <ele>-5.800000190734863</ele>
      </trkpt>
      <trkpt lat="52.564755119383335" lon="4.721265295520425">
        <ele>-5.800000190734863</ele>
      </trkpt>
      <trkpt lat="52.564760483801365" lon="4.72123428247869">
        <ele>-5.800000190734863</ele>
      </trkpt>
      <trkpt lat="52.56476475857198" lon="4.72120595164597">
        <ele>-5.800000190734863</ele>
      </trkpt>
      <trkpt lat="52.56476945243776" lon="4.7211776208132505">
        <ele>-5.800000190734863</ele>
      </trkpt>
      <trkpt lat="52.56477389484644" lon="4.721150379627943">
        <ele>-5.800000190734863</ele>
      </trkpt>
      <trkpt lat="52.56477942690253" lon="4.721120959147811">
        <ele>-6.0</ele>
      </trkpt>
      <trkpt lat="52.56478336639702" lon="4.721092963591218">
        <ele>-6.199999809265137</ele>
      </trkpt>
      <trkpt lat="52.564786886796355" lon="4.721062369644642">
        <ele>-6.199999809265137</ele>
      </trkpt>
      <trkpt lat="52.56479057483375" lon="4.721033535897732">
        <ele>-6.199999809265137</ele>
      </trkpt>
      <trkpt lat="52.56479535251856" lon="4.721003193408251">
        <ele>-6.199999809265137</ele>
      </trkpt>
      <trkpt lat="52.564799543470144" lon="4.720976036041975">
        <ele>-6.199999809265137</ele>
      </trkpt>
      <trkpt lat="52.56480532698333" lon="4.72094745375216">
        <ele>-6.199999809265137</ele>
      </trkpt>
      <trkpt lat="52.56481069140136" lon="4.72091912291944">
        <ele>-6.199999809265137</ele>
      </trkpt>
      <trkpt lat="52.56481412798166" lon="4.720889199525118">
        <ele>-6.0</ele>
      </trkpt>
      <trkpt lat="52.56481999531388" lon="4.720862545073032">
        <ele>-6.199999809265137</ele>
      </trkpt>
      <trkpt lat="52.56482510827482" lon="4.720834549516439">
        <ele>-6.199999809265137</ele>
      </trkpt>
      <trkpt lat="52.56483206525445" lon="4.720806889235973">
        <ele>-6.199999809265137</ele>
      </trkpt>
      <trkpt lat="52.564836172387004" lon="4.72077889367938">
        <ele>-6.199999809265137</ele>
      </trkpt>
      <trkpt lat="52.56484363228083" lon="4.720751820132136">
        <ele>-6.199999809265137</ele>
      </trkpt>
      <trkpt lat="52.56484807468951" lon="4.7207229025661945">
        <ele>-6.199999809265137</ele>
      </trkpt>
      <trkpt lat="52.56485461257398" lon="4.7206964157521725">
        <ele>-6.199999809265137</ele>
      </trkpt>
      <trkpt lat="52.564859138801694" lon="4.720669258385897">
        <ele>-6.199999809265137</ele>
      </trkpt>
      <trkpt lat="52.56486659869552" lon="4.72064302302897">
        <ele>-6.400000095367432</ele>
      </trkpt>
      <trkpt lat="52.564870957285166" lon="4.720616200938821">
        <ele>-6.400000095367432</ele>
      </trkpt>
      <trkpt lat="52.564878668636084" lon="4.720589043572545">
        <ele>-6.400000095367432</ele>
      </trkpt>
      <trkpt lat="52.564883194863796" lon="4.7205600421875715">
        <ele>-6.400000095367432</ele>
      </trkpt>
      <trkpt lat="52.56488990038633" lon="4.720531376078725">
        <ele>-6.400000095367432</ele>
      </trkpt>
      <trkpt lat="52.5648950971663" lon="4.720504302531481">
        <ele>-6.400000095367432</ele>
      </trkpt>
      <trkpt lat="52.56490138359368" lon="4.720477983355522">
        <ele>-6.199999809265137</ele>
      </trkpt>
      <trkpt lat="52.56490875966847" lon="4.720451580360532">
        <ele>-6.199999809265137</ele>
      </trkpt>
      <trkpt lat="52.56491378881037" lon="4.7204263508319855">
        <ele>-6.0</ele>
      </trkpt>
      <trkpt lat="52.56491747684777" lon="4.720402546226978">
        <ele>-6.0</ele>
      </trkpt>
      <trkpt lat="52.564924182370305" lon="4.720377400517464">
        <ele>-6.199999809265137</ele>
      </trkpt>
      <trkpt lat="52.564930468797684" lon="4.720353679731488">
        <ele>-6.400000095367432</ele>
      </trkpt>
      <trkpt lat="52.56493608467281" lon="4.720328198745847">
        <ele>-6.199999809265137</ele>
      </trkpt>
      <trkpt lat="52.56494295783341" lon="4.720303136855364">
        <ele>-6.0</ele>
      </trkpt>
      <trkpt lat="52.56494882516563" lon="4.7202773205935955">
        <ele>-6.199999809265137</ele>
      </trkpt>
      <trkpt lat="52.56495611742139" lon="4.720252845436335">
        <ele>-6.199999809265137</ele>
      </trkpt>
      <trkpt lat="52.56496164947748" lon="4.720227280631661">
        <ele>-6.199999809265137</ele>
      </trkpt>
      <trkpt lat="52.564969193190336" lon="4.720202973112464">
        <ele>-6.199999809265137</ele>
      </trkpt>
      <trkpt lat="52.56497338414192" lon="4.720175564289093">
        <ele>-6.199999809265137</ele>
      </trkpt>
      <trkpt lat="52.564981346949935" lon="4.720150250941515">
        <ele>-6.199999809265137</ele>
      </trkpt>
      <trkpt lat="52.564986711367965" lon="4.720124350860715">
        <ele>-6.199999809265137</ele>
      </trkpt>
      <trkpt lat="52.56499383598566" lon="4.720098450779915">
        <ele>-6.400000095367432</ele>
      </trkpt>
      <trkpt lat="52.56499836221337" lon="4.720071293413639">
        <ele>-6.400000095367432</ele>
      </trkpt>
      <trkpt lat="52.56500590592623" lon="4.720045309513807">
        <ele>-6.199999809265137</ele>
      </trkpt>
      <trkpt lat="52.56501177325845" lon="4.720020331442356">
        <ele>-6.199999809265137</ele>
      </trkpt>
      <trkpt lat="52.56501873023808" lon="4.719992503523827">
        <ele>-6.0</ele>
      </trkpt>
      <trkpt lat="52.56502409465611" lon="4.719965346157551">
        <ele>-6.0</ele>
      </trkpt>
      <trkpt lat="52.56503054872155" lon="4.719938691705465">
        <ele>-6.0</ele>
      </trkpt>
      <trkpt lat="52.565036583691835" lon="4.719912875443697">
        <ele>-6.0</ele>
      </trkpt>
      <trkpt lat="52.56504228338599" lon="4.719884293153882">
        <ele>-6.0</ele>
      </trkpt>
      <trkpt lat="52.56504907272756" lon="4.719857973977923">
        <ele>-6.0</ele>
      </trkpt>
      <trkpt lat="52.56505586206913" lon="4.7198311518877745">
        <ele>-6.199999809265137</ele>
      </trkpt>
      <trkpt lat="52.56506365723908" lon="4.719802904874086">
        <ele>-6.199999809265137</ele>
      </trkpt>
      <trkpt lat="52.56506944075227" lon="4.719774322584271">
        <ele>-6.199999809265137</ele>
      </trkpt>
      <trkpt lat="52.56507899612188" lon="4.719749176874757">
        <ele>-6.0</ele>
      </trkpt>
      <trkpt lat="52.56508519873023" lon="4.719720929861069">
        <ele>-6.0</ele>
      </trkpt>
      <trkpt lat="52.56509332917631" lon="4.719690335914493">
        <ele>-6.199999809265137</ele>
      </trkpt>
      <trkpt lat="52.565098609775305" lon="4.719665190204978">
        <ele>-6.199999809265137</ele>
      </trkpt>
      <trkpt lat="52.565105482935905" lon="4.7196397092193365">
        <ele>-6.199999809265137</ele>
      </trkpt>
      <trkpt lat="52.565112356096506" lon="4.719615988433361">
        <ele>-6.199999809265137</ele>
      </trkpt>
      <trkpt lat="52.56511897780001" lon="4.719593860208988">
        <ele>-6.400000095367432</ele>
      </trkpt>
      <trkpt lat="52.56512568332255" lon="4.719572737812996">
        <ele>-6.400000095367432</ele>
      </trkpt>
      <trkpt lat="52.56513222120702" lon="4.719553207978606">
        <ele>-6.400000095367432</ele>
      </trkpt>
      <trkpt lat="52.56513909436762" lon="4.7195336781442165">
        <ele>-6.400000095367432</ele>
      </trkpt>
      <trkpt lat="52.56514613516629" lon="4.719515824690461">
        <ele>-6.400000095367432</ele>
      </trkpt>
      <trkpt lat="52.56515325978398" lon="4.71949914470315">
        <ele>-6.199999809265137</ele>
      </trkpt>
      <trkpt lat="52.56516030058265" lon="4.719483973458409">
        <ele>-6.400000095367432</ele>
      </trkpt>
      <trkpt lat="52.56516859866679" lon="4.71946737729013">
        <ele>-6.400000095367432</ele>
      </trkpt>
      <trkpt lat="52.56517672911286" lon="4.719448182731867">
        <ele>-6.400000095367432</ele>
      </trkpt>
      <trkpt lat="52.56518284790218" lon="4.719429491087794">
        <ele>-6.400000095367432</ele>
      </trkpt>
      <trkpt lat="52.565190307796" lon="4.719413314014673">
        <ele>-6.400000095367432</ele>
      </trkpt>
      <trkpt lat="52.565198354423046" lon="4.719398058950901">
        <ele>-6.400000095367432</ele>
      </trkpt>
      <trkpt lat="52.565206149592996" lon="4.719383977353573">
        <ele>-6.400000095367432</ele>
      </trkpt>
      <trkpt lat="52.56521386094391" lon="4.719369476661086">
        <ele>-6.400000095367432</ele>
      </trkpt>
      <trkpt lat="52.56522090174258" lon="4.7193558141589165">
        <ele>-6.599999904632568</ele>
      </trkpt>
      <trkpt lat="52.56522777490318" lon="4.719340307638049">
        <ele>-6.599999904632568</ele>
      </trkpt>
      <trkpt lat="52.56523422896862" lon="4.719323543831706">
        <ele>-6.599999904632568</ele>
      </trkpt>
      <trkpt lat="52.565240515396" lon="4.719307366758585">
        <ele>-6.599999904632568</ele>
      </trkpt>
      <trkpt lat="52.56524587981403" lon="4.719294123351574">
        <ele>-6.599999904632568</ele>
      </trkpt>
      <trkpt lat="52.56525174714625" lon="4.719275012612343">
        <ele>-6.599999904632568</ele>
      </trkpt>
      <trkpt lat="52.565259374678135" lon="4.719257075339556">
        <ele>-6.599999904632568</ele>
      </trkpt>
      <trkpt lat="52.56526415236294" lon="4.7192357853055">
        <ele>-6.599999904632568</ele>
      </trkpt>
      <trkpt lat="52.56527471356094" lon="4.719214662909508">
        <ele>-6.199999809265137</ele>
      </trkpt>
      <trkpt lat="52.56528125144541" lon="4.719191025942564">
        <ele>-6.199999809265137</ele>
      </trkpt>
      <trkpt lat="52.56529105827212" lon="4.719169568270445">
        <ele>-6.199999809265137</ele>
      </trkpt>
      <trkpt lat="52.56529985927045" lon="4.719146182760596">
        <ele>-6.199999809265137</ele>
      </trkpt>
      <trkpt lat="52.56531083956361" lon="4.719124305993319">
        <ele>-6.199999809265137</ele>
      </trkpt>
      <trkpt lat="52.56532123312354" lon="4.719101171940565">
        <ele>-6.199999809265137</ele>
      </trkpt>
      <trkpt lat="52.565333638340235" lon="4.719080636277795">
        <ele>-6.199999809265137</ele>
      </trkpt>
      <trkpt lat="52.56534520536661" lon="4.719061693176627">
        <ele>-6.400000095367432</ele>
      </trkpt>
      <trkpt lat="52.56535652093589" lon="4.719044426456094">
        <ele>-6.599999904632568</ele>
      </trkpt>
      <trkpt lat="52.5653681717813" lon="4.71902715973556">
        <ele>-6.599999904632568</ele>
      </trkpt>
      <trkpt lat="52.5653787329793" lon="4.719011150300503">
        <ele>-6.599999904632568</ele>
      </trkpt>
      <trkpt lat="52.56539055146277" lon="4.718995140865445">
        <ele>-6.599999904632568</ele>
      </trkpt>
      <trkpt lat="52.565401531755924" lon="4.718982484191656">
        <ele>-6.599999904632568</ele>
      </trkpt>
      <trkpt lat="52.56541343405843" lon="4.718968654051423">
        <ele>-6.599999904632568</ele>
      </trkpt>
      <trkpt lat="52.5654252525419" lon="4.7189544048160315">
        <ele>-6.599999904632568</ele>
      </trkpt>
      <trkpt lat="52.56543857976794" lon="4.718937557190657">
        <ele>-6.400000095367432</ele>
      </trkpt>
      <trkpt lat="52.56545148789883" lon="4.718921883031726">
        <ele>-6.599999904632568</ele>
      </trkpt>
      <trkpt lat="52.56546422839165" lon="4.718903778120875">
        <ele>-6.599999904632568</ele>
      </trkpt>
      <trkpt lat="52.56547613069415" lon="4.718886762857437">
        <ele>-6.599999904632568</ele>
      </trkpt>
      <trkpt lat="52.56548794917762" lon="4.718865556642413">
        <ele>-6.400000095367432</ele>
      </trkpt>
      <trkpt lat="52.56549993529916" lon="4.718848038464785">
        <ele>-6.400000095367432</ele>
      </trkpt>
      <trkpt lat="52.56551133468747" lon="4.718828676268458">
        <ele>-6.599999904632568</ele>
      </trkpt>
      <trkpt lat="52.565524745732546" lon="4.718808978796005">
        <ele>-6.599999904632568</ele>
      </trkpt>
      <trkpt lat="52.565535390749574" lon="4.718788778409362">
        <ele>-6.599999904632568</ele>
      </trkpt>
      <trkpt lat="52.56554645486176" lon="4.718771260231733">
        <ele>-6.599999904632568</ele>
      </trkpt>
      <trkpt lat="52.56555718369782" lon="4.718756088986993">
        <ele>-6.599999904632568</ele>
      </trkpt>
      <trkpt lat="52.56556606851518" lon="4.718740833923221">
        <ele>-6.599999904632568</ele>
      </trkpt>
      <trkpt lat="52.5655753724277" lon="4.718727422878146">
        <ele>-6.599999904632568</ele>
      </trkpt>
      <trkpt lat="52.5655856821686" lon="4.718714850023389">
        <ele>-6.599999904632568</ele>
      </trkpt>
      <trkpt lat="52.56559825502336" lon="4.718697834759951">
        <ele>-6.599999904632568</ele>
      </trkpt>
      <trkpt lat="52.5656099896878" lon="4.718680735677481">
        <ele>-6.400000095367432</ele>
      </trkpt>
      <trkpt lat="52.56562457419932" lon="4.718662044033408">
        <ele>-6.400000095367432</ele>
      </trkpt>
      <trkpt lat="52.56563764996827" lon="4.718643855303526">
        <ele>-6.400000095367432</ele>
      </trkpt>
      <trkpt lat="52.56565340794623" lon="4.718624074012041">
        <ele>-6.400000095367432</ele>
      </trkpt>
      <trkpt lat="52.56566765718162" lon="4.718605633825064">
        <ele>-6.400000095367432</ele>
      </trkpt>
      <trkpt lat="52.56568098440766" lon="4.718585936352611">
        <ele>-6.400000095367432</ele>
      </trkpt>
      <trkpt lat="52.565695233643055" lon="4.718569507822394">
        <ele>-6.400000095367432</ele>
      </trkpt>
      <trkpt lat="52.56570973433554" lon="4.718552911654115">
        <ele>-6.400000095367432</ele>
      </trkpt>
      <trkpt lat="52.565721552819014" lon="4.718537153676152">
        <ele>-6.400000095367432</ele>
      </trkpt>
      <trkpt lat="52.56573546677828" lon="4.718520389869809">
        <ele>-6.199999809265137</ele>
      </trkpt>
      <trkpt lat="52.565749464556575" lon="4.71850479952991">
        <ele>-6.400000095367432</ele>
      </trkpt>
      <trkpt lat="52.56576237268746" lon="4.718485353514552">
        <ele>-6.199999809265137</ele>
      </trkpt>
      <trkpt lat="52.565777376294136" lon="4.718466913327575">
        <ele>-6.199999809265137</ele>
      </trkpt>
      <trkpt lat="52.56578919477761" lon="4.718444114550948">
        <ele>-6.199999809265137</ele>
      </trkpt>
      <trkpt lat="52.565803444013" lon="4.71842709928751">
        <ele>-6.199999809265137</ele>
      </trkpt>
      <trkpt lat="52.56581660360098" lon="4.718408491462469">
        <ele>-6.199999809265137</ele>
      </trkpt>
      <trkpt lat="52.565830517560244" lon="4.718393906950951">
        <ele>-6.199999809265137</ele>
      </trkpt>
      <trkpt lat="52.56584317423403" lon="4.7183758020401">
        <ele>-6.199999809265137</ele>
      </trkpt>
      <trkpt lat="52.565857926383615" lon="4.718359708786011">
        <ele>-6.199999809265137</ele>
      </trkpt>
      <trkpt lat="52.56587008014321" lon="4.718341687694192">
        <ele>-6.0</ele>
      </trkpt>
      <trkpt lat="52.565883910283446" lon="4.718322241678834">
        <ele>-6.0</ele>
      </trkpt>
      <trkpt lat="52.56589422002435" lon="4.718300784006715">
        <ele>-6.199999809265137</ele>
      </trkpt>
      <trkpt lat="52.565904865041375" lon="4.718277985230088">
        <ele>-6.199999809265137</ele>
      </trkpt>
      <trkpt lat="52.565912660211325" lon="4.718253845348954">
        <ele>-6.199999809265137</ele>
      </trkpt>
      <trkpt lat="52.5659207906574" lon="4.718231130391359">
        <ele>-6.400000095367432</ele>
      </trkpt>
      <trkpt lat="52.56592506542802" lon="4.718204811215401">
        <ele>-6.400000095367432</ele>
      </trkpt>
      <trkpt lat="52.56593009456992" lon="4.718179916962981">
        <ele>-6.400000095367432</ele>
      </trkpt>
      <trkpt lat="52.56593160331249" lon="4.718152172863483">
        <ele>-6.599999904632568</ele>
      </trkpt>
      <trkpt lat="52.56593403406441" lon="4.718125099316239">
        <ele>-6.599999904632568</ele>
      </trkpt>
      <trkpt lat="52.56593202240765" lon="4.718096097931266">
        <ele>-6.599999904632568</ele>
      </trkpt>
      <trkpt lat="52.56592900492251" lon="4.718069778755307">
        <ele>-6.599999904632568</ele>
      </trkpt>
      <trkpt lat="52.565924394875765" lon="4.718043711036444">
        <ele>-6.599999904632568</ele>
      </trkpt>
      <trkpt lat="52.56592070683837" lon="4.7180166374892">
        <ele>-6.599999904632568</ele>
      </trkpt>
      <trkpt lat="52.56591668352485" lon="4.717991910874844">
        <ele>-6.599999904632568</ele>
      </trkpt>
      <trkpt lat="52.56591190584004" lon="4.71796877682209">
        <ele>-6.599999904632568</ele>
      </trkpt>
      <trkpt lat="52.56590461358428" lon="4.717945726588368">
        <ele>-6.599999904632568</ele>
      </trkpt>
      <trkpt lat="52.565892627462745" lon="4.717923766002059">
        <ele>-6.599999904632568</ele>
      </trkpt>
      <trkpt lat="52.56587913259864" lon="4.717903481796384">
        <ele>-6.599999904632568</ele>
      </trkpt>
      <trkpt lat="52.565865721553564" lon="4.717886969447136">
        <ele>-6.400000095367432</ele>
      </trkpt>
      <trkpt lat="52.565851053223014" lon="4.717872887849808">
        <ele>-6.400000095367432</ele>
      </trkpt>
      <trkpt lat="52.56583772599697" lon="4.717858973890543">
        <ele>-6.400000095367432</ele>
      </trkpt>
      <trkpt lat="52.56582289002836" lon="4.717847742140293">
        <ele>-6.199999809265137</ele>
      </trkpt>
      <trkpt lat="52.565808137878776" lon="4.717837935313582">
        <ele>-6.199999809265137</ele>
      </trkpt>
      <trkpt lat="52.565790452063084" lon="4.717829218134284">
        <ele>-6.199999809265137</ele>
      </trkpt>
      <trkpt lat="52.565773939713836" lon="4.717820668593049">
        <ele>-6.400000095367432</ele>
      </trkpt>
      <trkpt lat="52.56575617007911" lon="4.717812202870846">
        <ele>-6.599999904632568</ele>
      </trkpt>
      <trkpt lat="52.56574041210115" lon="4.717806251719594">
        <ele>-6.800000190734863</ele>
      </trkpt>
      <trkpt lat="52.56572297774255" lon="4.7177996300160885">
        <ele>-6.800000190734863</ele>
      </trkpt>
      <trkpt lat="52.56570621393621" lon="4.717793678864837">
        <ele>-6.800000190734863</ele>
      </trkpt>
      <trkpt lat="52.56568567827344" lon="4.717788398265839">
        <ele>-6.800000190734863</ele>
      </trkpt>
      <trkpt lat="52.565668914467096" lon="4.717782698571682">
        <ele>-6.800000190734863</ele>
      </trkpt>
      <trkpt lat="52.565650222823024" lon="4.717778256163001">
        <ele>-6.800000190734863</ele>
      </trkpt>
      <trkpt lat="52.56563278846443" lon="4.717773981392384">
        <ele>-6.800000190734863</ele>
      </trkpt>
      <trkpt lat="52.56561468355358" lon="4.717770041897893">
        <ele>-6.599999904632568</ele>
      </trkpt>
      <trkpt lat="52.565596494823694" lon="4.717766605317593">
        <ele>-6.599999904632568</ele>
      </trkpt>
      <trkpt lat="52.56557964719832" lon="4.717765348032117">
        <ele>-6.599999904632568</ele>
      </trkpt>
      <trkpt lat="52.56556305103004" lon="4.717763839289546">
        <ele>-6.800000190734863</ele>
      </trkpt>
      <trkpt lat="52.565545700490475" lon="4.717758810147643">
        <ele>-6.599999904632568</ele>
      </trkpt>
      <trkpt lat="52.56552591919899" lon="4.717754954472184">
        <ele>-6.599999904632568</ele>
      </trkpt>
      <trkpt lat="52.56550873629749" lon="4.717752691358328">
        <ele>-6.400000095367432</ele>
      </trkpt>
      <trkpt lat="52.56548962555826" lon="4.717749506235123">
        <ele>-6.199999809265137</ele>
      </trkpt>
      <trkpt lat="52.56547261029482" lon="4.717745566740632">
        <ele>-6.199999809265137</ele>
      </trkpt>
      <trkpt lat="52.56545542739332" lon="4.717742716893554">
        <ele>-6.199999809265137</ele>
      </trkpt>
      <trkpt lat="52.565437238663435" lon="4.717740202322602">
        <ele>-6.199999809265137</ele>
      </trkpt>
      <trkpt lat="52.56541896611452" lon="4.717735508456826">
        <ele>-6.199999809265137</ele>
      </trkpt>
      <trkpt lat="52.56540195085108" lon="4.717733329162002">
        <ele>-6.199999809265137</ele>
      </trkpt>
      <trkpt lat="52.56538468413055" lon="4.717730982229114">
        <ele>-6.400000095367432</ele>
      </trkpt>
      <trkpt lat="52.565366914495826" lon="4.717729054391384">
        <ele>-6.400000095367432</ele>
      </trkpt>
      <trkpt lat="52.5653493963182" lon="4.717726707458496">
        <ele>-6.400000095367432</ele>
      </trkpt>
      <trkpt lat="52.56533154286444" lon="4.717725366353989">
        <ele>-6.400000095367432</ele>
      </trkpt>
      <trkpt lat="52.56531419232488" lon="4.717722684144974">
        <ele>-6.400000095367432</ele>
      </trkpt>
      <trkpt lat="52.565297009423375" lon="4.717722265049815">
        <ele>-6.400000095367432</ele>
      </trkpt>
      <trkpt lat="52.56527957506478" lon="4.717719331383705">
        <ele>-6.199999809265137</ele>
      </trkpt>
      <trkpt lat="52.56526071578264" lon="4.717717235907912">
        <ele>-6.199999809265137</ele>
      </trkpt>
      <trkpt lat="52.565243197605014" lon="4.717714721336961">
        <ele>-6.400000095367432</ele>
      </trkpt>
      <trkpt lat="52.56522475741804" lon="4.717714302241802">
        <ele>-6.400000095367432</ele>
      </trkpt>
      <trkpt lat="52.56520765833557" lon="4.717713296413422">
        <ele>-6.400000095367432</ele>
      </trkpt>
      <trkpt lat="52.565190056338906" lon="4.717713128775358">
        <ele>-6.599999904632568</ele>
      </trkpt>
      <trkpt lat="52.565174382179976" lon="4.717714721336961">
        <ele>-6.599999904632568</ele>
      </trkpt>
      <trkpt lat="52.56515711545944" lon="4.717715559527278">
        <ele>-6.599999904632568</ele>
      </trkpt>
      <trkpt lat="52.56513976491988" lon="4.717717571184039">
        <ele>-6.599999904632568</ele>
      </trkpt>
      <trkpt lat="52.56512367166579" lon="4.7177171520888805">
        <ele>-6.800000190734863</ele>
      </trkpt>
      <trkpt lat="52.56510682404041" lon="4.717717990279198">
        <ele>-6.800000190734863</ele>
      </trkpt>
      <trkpt lat="52.56508905440569" lon="4.717718660831451">
        <ele>-6.599999904632568</ele>
      </trkpt>
      <trkpt lat="52.565070698037744" lon="4.717720169574022">
        <ele>-6.800000190734863</ele>
      </trkpt>
      <trkpt lat="52.565054688602686" lon="4.717720001935959">
        <ele>-6.599999904632568</ele>
      </trkpt>
      <trkpt lat="52.565036080777645" lon="4.717720421031117">
        <ele>-6.400000095367432</ele>
      </trkpt>
      <trkpt lat="52.56501973606646" lon="4.717720504850149">
        <ele>-6.199999809265137</ele>
      </trkpt>
      <trkpt lat="52.565001882612705" lon="4.717719918116927">
        <ele>-6.199999809265137</ele>
      </trkpt>
      <trkpt lat="52.56498444825411" lon="4.717721678316593">
        <ele>-6.0</ele>
      </trkpt>
      <trkpt lat="52.564966678619385" lon="4.717721426859498">
        <ele>-6.199999809265137</ele>
      </trkpt>
      <trkpt lat="52.56494999863207" lon="4.717723187059164">
        <ele>-6.199999809265137</ele>
      </trkpt>
      <trkpt lat="52.56493281573057" lon="4.717723270878196">
        <ele>-6.400000095367432</ele>
      </trkpt>
      <trkpt lat="52.564916387200356" lon="4.71772494725883">
        <ele>-6.400000095367432</ele>
      </trkpt>
      <trkpt lat="52.5648985337466" lon="4.717726204544306">
        <ele>-6.599999904632568</ele>
      </trkpt>
      <trkpt lat="52.56488034501672" lon="4.717726623639464">
        <ele>-6.599999904632568</ele>
      </trkpt>
      <trkpt lat="52.56486198864877" lon="4.717727294191718">
        <ele>-6.599999904632568</ele>
      </trkpt>
      <trkpt lat="52.564842542633414" lon="4.71772788092494">
        <ele>-6.400000095367432</ele>
      </trkpt>
      <trkpt lat="52.56482468917966" lon="4.717727797105908">
        <ele>-6.199999809265137</ele>
      </trkpt>
      <trkpt lat="52.564806416630745" lon="4.717726036906242">
        <ele>-6.199999809265137</ele>
      </trkpt>
      <trkpt lat="52.56478822790086" lon="4.717726120725274">
        <ele>-6.199999809265137</ele>
      </trkpt>
      <trkpt lat="52.564771212637424" lon="4.717725869268179">
        <ele>-6.199999809265137</ele>
      </trkpt>
      <trkpt lat="52.56475327536464" lon="4.717725869268179">
        <ele>-6.199999809265137</ele>
      </trkpt>
      <trkpt lat="52.56473567336798" lon="4.717725533992052">
        <ele>-6.199999809265137</ele>
      </trkpt>
      <trkpt lat="52.56471924483776" lon="4.7177262883633375">
        <ele>-6.400000095367432</ele>
      </trkpt>
      <trkpt lat="52.56470197811723" lon="4.717723438516259">
        <ele>-6.599999904632568</ele>
      </trkpt>
      <trkpt lat="52.564682783558965" lon="4.717722851783037">
        <ele>-6.400000095367432</ele>
      </trkpt>
      <trkpt lat="52.56466493010521" lon="4.717722097411752">
        <ele>-6.400000095367432</ele>
      </trkpt>
      <trkpt lat="52.56464623846114" lon="4.71772251650691">
        <ele>-6.199999809265137</ele>
      </trkpt>
      <trkpt lat="52.56462964229286" lon="4.717723522335291">
        <ele>-6.199999809265137</ele>
      </trkpt>
      <trkpt lat="52.56461136974394" lon="4.717724863439798">
        <ele>-6.199999809265137</ele>
      </trkpt>
      <trkpt lat="52.56459360010922" lon="4.717726456001401">
        <ele>-6.199999809265137</ele>
      </trkpt>
      <trkpt lat="52.564577171579" lon="4.717726707458496">
        <ele>-6.199999809265137</ele>
      </trkpt>
      <trkpt lat="52.56455948576331" lon="4.717728467658162">
        <ele>-6.199999809265137</ele>
      </trkpt>
      <trkpt lat="52.56454272195697" lon="4.717730395495892">
        <ele>-6.199999809265137</ele>
      </trkpt>
      <trkpt lat="52.56452570669353" lon="4.717732658609748">
        <ele>-6.400000095367432</ele>
      </trkpt>
      <trkpt lat="52.5645081885159" lon="4.71773324534297">
        <ele>-6.599999904632568</ele>
      </trkpt>
      <trkpt lat="52.5644910056144" lon="4.7177360113710165">
        <ele>-6.400000095367432</ele>
      </trkpt>
      <trkpt lat="52.56447390653193" lon="4.71773961558938">
        <ele>-6.199999809265137</ele>
      </trkpt>
      <trkpt lat="52.564456136897206" lon="4.717742297798395">
        <ele>-6.199999809265137</ele>
      </trkpt>
      <trkpt lat="52.56443694233894" lon="4.717742213979363">
        <ele>-6.199999809265137</ele>
      </trkpt>
      <trkpt lat="52.564417999237776" lon="4.717744057998061">
        <ele>-6.199999809265137</ele>
      </trkpt>
      <trkpt lat="52.5644011516124" lon="4.7177457343786955">
        <ele>-6.199999809265137</ele>
      </trkpt>
      <trkpt lat="52.56438153795898" lon="4.7177480813115835">
        <ele>-6.199999809265137</ele>
      </trkpt>
      <trkpt lat="52.564364271238446" lon="4.71775034442544">
        <ele>-6.199999809265137</ele>
      </trkpt>
      <trkpt lat="52.56434390321374" lon="4.717753110453486">
        <ele>-6.199999809265137</ele>
      </trkpt>
      <trkpt lat="52.564327055588365" lon="4.717756798490882">
        <ele>-6.199999809265137</ele>
      </trkpt>
      <trkpt lat="52.56430819630623" lon="4.7177595645189285">
        <ele>-6.199999809265137</ele>
      </trkpt>
      <trkpt lat="52.56429034285247" lon="4.717763336375356">
        <ele>-6.199999809265137</ele>
      </trkpt>
      <trkpt lat="52.564271818846464" lon="4.717767359688878">
        <ele>-6.0</ele>
      </trkpt>
      <trkpt lat="52.56425254046917" lon="4.717771718278527">
        <ele>-6.0</ele>
      </trkpt>
      <trkpt lat="52.564231837168336" lon="4.717776328325272">
        <ele>-6.0</ele>
      </trkpt>
      <trkpt lat="52.56421306170523" lon="4.717781525105238">
        <ele>-6.0</ele>
      </trkpt>
      <trkpt lat="52.564191268756986" lon="4.717784710228443">
        <ele>-6.0</ele>
      </trkpt>
      <trkpt lat="52.564173666760325" lon="4.7177887335419655">
        <ele>-6.199999809265137</ele>
      </trkpt>
      <trkpt lat="52.564156064763665" lon="4.717792002484202">
        <ele>-6.400000095367432</ele>
      </trkpt>
      <trkpt lat="52.56413879804313" lon="4.717795690521598">
        <ele>-6.599999904632568</ele>
      </trkpt>
      <trkpt lat="52.56412102840841" lon="4.717798875644803">
        <ele>-6.599999904632568</ele>
      </trkpt>
      <trkpt lat="52.56410351023078" lon="4.717802479863167">
        <ele>-6.599999904632568</ele>
      </trkpt>
      <trkpt lat="52.56408632732928" lon="4.717805748805404">
        <ele>-6.599999904632568</ele>
      </trkpt>
      <trkpt lat="52.5640694797039" lon="4.717809101566672">
        <ele>-6.800000190734863</ele>
      </trkpt>
      <trkpt lat="52.56405271589756" lon="4.71781144849956">
        <ele>-6.599999904632568</ele>
      </trkpt>
      <trkpt lat="52.56403519771993" lon="4.717814130708575">
        <ele>-6.599999904632568</ele>
      </trkpt>
      <trkpt lat="52.56401809863746" lon="4.717817651107907">
        <ele>-6.599999904632568</ele>
      </trkpt>
      <trkpt lat="52.5640007480979" lon="4.717821590602398">
        <ele>-6.400000095367432</ele>
      </trkpt>
      <trkpt lat="52.56398423574865" lon="4.717825027182698">
        <ele>-6.400000095367432</ele>
      </trkpt>
      <trkpt lat="52.563967388123274" lon="4.717829218134284">
        <ele>-6.400000095367432</ele>
      </trkpt>
      <trkpt lat="52.56394928321242" lon="4.717834163457155">
        <ele>-6.199999809265137</ele>
      </trkpt>
      <trkpt lat="52.56393159739673" lon="4.717839360237122">
        <ele>-6.199999809265137</ele>
      </trkpt>
      <trkpt lat="52.56391290575266" lon="4.717843886464834">
        <ele>-6.199999809265137</ele>
      </trkpt>
      <trkpt lat="52.563894130289555" lon="4.717848496511579">
        <ele>-6.199999809265137</ele>
      </trkpt>
      <trkpt lat="52.56387619301677" lon="4.717853190377355">
        <ele>-6.199999809265137</ele>
      </trkpt>
      <trkpt lat="52.56385758519173" lon="4.717858051881194">
        <ele>-6.199999809265137</ele>
      </trkpt>
      <trkpt lat="52.5638382229954" lon="4.7178638353943825">
        <ele>-6.199999809265137</ele>
      </trkpt>
      <trkpt lat="52.56381877698004" lon="4.717869199812412">
        <ele>-6.199999809265137</ele>
      </trkpt>
      <trkpt lat="52.563801258802414" lon="4.717874564230442">
        <ele>-6.199999809265137</ele>
      </trkpt>
      <trkpt lat="52.563782734796405" lon="4.7178788390010595">
        <ele>-6.199999809265137</ele>
      </trkpt>
      <trkpt lat="52.56376437842846" lon="4.717882862314582">
        <ele>-6.199999809265137</ele>
      </trkpt>
      <trkpt lat="52.56374686025083" lon="4.717886717990041">
        <ele>-6.400000095367432</ele>
      </trkpt>
      <trkpt lat="52.56373076699674" lon="4.717889567837119">
        <ele>-6.400000095367432</ele>
      </trkpt>
      <trkpt lat="52.5637140031904" lon="4.717893255874515">
        <ele>-6.400000095367432</ele>
      </trkpt>
      <trkpt lat="52.56369606591761" lon="4.717897530645132">
        <ele>-6.400000095367432</ele>
      </trkpt>
      <trkpt lat="52.56367946974933" lon="4.717899709939957">
        <ele>-6.599999904632568</ele>
      </trkpt>
      <trkpt lat="52.56366044282913" lon="4.717903733253479">
        <ele>-6.599999904632568</ele>
      </trkpt>
      <trkpt lat="52.56364359520376" lon="4.717906666919589">
        <ele>-6.599999904632568</ele>
      </trkpt>
      <trkpt lat="52.56362515501678" lon="4.717910438776016">
        <ele>-6.599999904632568</ele>
      </trkpt>
      <trkpt lat="52.56360721774399" lon="4.717912618070841">
        <ele>-6.599999904632568</ele>
      </trkpt>
      <trkpt lat="52.56358852609992" lon="4.717915467917919">
        <ele>-6.599999904632568</ele>
      </trkpt>
      <trkpt lat="52.56357125937939" lon="4.717917814850807">
        <ele>-6.599999904632568</ele>
      </trkpt>
      <trkpt lat="52.56355340592563" lon="4.7179199103266">
        <ele>-6.599999904632568</ele>
      </trkpt>
      <trkpt lat="52.56353664211929" lon="4.717923179268837">
        <ele>-6.599999904632568</ele>
      </trkpt>
      <trkpt lat="52.56351904012263" lon="4.717923179268837">
        <ele>-6.599999904632568</ele>
      </trkpt>
      <trkpt lat="52.563501354306936" lon="4.717925107106566">
        <ele>-6.599999904632568</ele>
      </trkpt>
      <trkpt lat="52.56348299793899" lon="4.717927286401391">
        <ele>-6.400000095367432</ele>
      </trkpt>
      <trkpt lat="52.563466066494584" lon="4.717929298058152">
        <ele>-6.400000095367432</ele>
      </trkpt>
      <trkpt lat="52.563448045402765" lon="4.717931980267167">
        <ele>-6.400000095367432</ele>
      </trkpt>
      <trkpt lat="52.56342876702547" lon="4.717933237552643">
        <ele>-6.199999809265137</ele>
      </trkpt>
      <trkpt lat="52.563408901914954" lon="4.71793407574296">
        <ele>-6.199999809265137</ele>
      </trkpt>
      <trkpt lat="52.56339146755636" lon="4.717935333028436">
        <ele>-6.199999809265137</ele>
      </trkpt>
      <trkpt lat="52.56337344646454" lon="4.717936841771007">
        <ele>-6.199999809265137</ele>
      </trkpt>
      <trkpt lat="52.563355173915625" lon="4.7179371770471334">
        <ele>-6.199999809265137</ele>
      </trkpt>
      <trkpt lat="52.56333673372865" lon="4.717936003580689">
        <ele>-6.199999809265137</ele>
      </trkpt>
      <trkpt lat="52.563318544998765" lon="4.717935919761658">
        <ele>-6.199999809265137</ele>
      </trkpt>
      <trkpt lat="52.563301948830485" lon="4.717934243381023">
        <ele>-6.400000095367432</ele>
      </trkpt>
      <trkpt lat="52.56328459829092" lon="4.717935500666499">
        <ele>-6.400000095367432</ele>
      </trkpt>
      <trkpt lat="52.56326640956104" lon="4.71793457865715">
        <ele>-6.199999809265137</ele>
      </trkpt>
      <trkpt lat="52.563247801736" lon="4.717933405190706">
        <ele>-6.199999809265137</ele>
      </trkpt>
      <trkpt lat="52.563229193910956" lon="4.717931980267167">
        <ele>-6.199999809265137</ele>
      </trkpt>
      <trkpt lat="52.563210083171725" lon="4.71793114207685">
        <ele>-6.0</ele>
      </trkpt>
      <trkpt lat="52.56319281645119" lon="4.717926615849137">
        <ele>-6.0</ele>
      </trkpt>
      <trkpt lat="52.56317370571196" lon="4.717926699668169">
        <ele>-6.0</ele>
      </trkpt>
      <trkpt lat="52.56315660662949" lon="4.717925442382693">
        <ele>-6.199999809265137</ele>
      </trkpt>
      <trkpt lat="52.56313699297607" lon="4.71792477183044">
        <ele>-6.199999809265137</ele>
      </trkpt>
      <trkpt lat="52.563120145350695" lon="4.717923179268837">
        <ele>-6.199999809265137</ele>
      </trkpt>
      <trkpt lat="52.56310002878308" lon="4.717922089621425">
        <ele>-6.199999809265137</ele>
      </trkpt>
      <trkpt lat="52.56308175623417" lon="4.717919742688537">
        <ele>-6.199999809265137</ele>
      </trkpt>
      <trkpt lat="52.56306214258075" lon="4.717918653041124">
        <ele>-6.199999809265137</ele>
      </trkpt>
      <trkpt lat="52.56304479204118" lon="4.717918066307902">
        <ele>-6.199999809265137</ele>
      </trkpt>
      <trkpt lat="52.56302559748292" lon="4.717917228117585">
        <ele>-6.199999809265137</ele>
      </trkpt>
      <trkpt lat="52.563008330762386" lon="4.717917647212744">
        <ele>-6.199999809265137</ele>
      </trkpt>
      <trkpt lat="52.56299005821347" lon="4.717918150126934">
        <ele>-6.199999809265137</ele>
      </trkpt>
      <trkpt lat="52.56297170184553" lon="4.717918988317251">
        <ele>-6.199999809265137</ele>
      </trkpt>
      <trkpt lat="52.56295384839177" lon="4.7179200779646635">
        <ele>-6.199999809265137</ele>
      </trkpt>
      <trkpt lat="52.56293415091932" lon="4.717919994145632">
        <ele>-6.199999809265137</ele>
      </trkpt>
      <trkpt lat="52.56291219033301" lon="4.7179189044982195">
        <ele>-6.400000095367432</ele>
      </trkpt>
      <trkpt lat="52.562895426526666" lon="4.717919323593378">
        <ele>-6.400000095367432</ele>
      </trkpt>
      <trkpt lat="52.56287329830229" lon="4.717918401584029">
        <ele>-6.400000095367432</ele>
      </trkpt>
      <trkpt lat="52.56285544484854" lon="4.717916892841458">
        <ele>-6.400000095367432</ele>
      </trkpt>
      <trkpt lat="52.56283708848059" lon="4.717916306108236">
        <ele>-6.400000095367432</ele>
      </trkpt>
      <trkpt lat="52.56281839683652" lon="4.717912450432777">
        <ele>-6.400000095367432</ele>
      </trkpt>
      <trkpt lat="52.56279995664954" lon="4.717910103499889">
        <ele>-6.400000095367432</ele>
      </trkpt>
      <trkpt lat="52.56278193555772" lon="4.717908427119255">
        <ele>-6.400000095367432</ele>
      </trkpt>
      <trkpt lat="52.56276383064687" lon="4.717907756567001">
        <ele>-6.400000095367432</ele>
      </trkpt>
      <trkpt lat="52.56274564191699" lon="4.717906499281526">
        <ele>-6.599999904632568</ele>
      </trkpt>
      <trkpt lat="52.56272619590163" lon="4.717904655262828">
        <ele>-6.599999904632568</ele>
      </trkpt>
      <trkpt lat="52.56270716898143" lon="4.717901553958654">
        <ele>-6.599999904632568</ele>
      </trkpt>
      <trkpt lat="52.562688644975424" lon="4.717900967225432">
        <ele>-6.599999904632568</ele>
      </trkpt>
      <trkpt lat="52.56266978569329" lon="4.7178988717496395">
        <ele>-6.599999904632568</ele>
      </trkpt>
      <trkpt lat="52.562652602791786" lon="4.717899793758988">
        <ele>-6.599999904632568</ele>
      </trkpt>
      <trkpt lat="52.56263433024287" lon="4.717898033559322">
        <ele>-6.599999904632568</ele>
      </trkpt>
      <trkpt lat="52.56261605769396" lon="4.717896776273847">
        <ele>-6.599999904632568</ele>
      </trkpt>
      <trkpt lat="52.5625982042402" lon="4.717895016074181">
        <ele>-6.599999904632568</ele>
      </trkpt>
      <trkpt lat="52.562579261139035" lon="4.717893088236451">
        <ele>-6.599999904632568</ele>
      </trkpt>
      <trkpt lat="52.56256098859012" lon="4.7178903222084045">
        <ele>-6.599999904632568</ele>
      </trkpt>
      <trkpt lat="52.5625432189554" lon="4.717889064922929">
        <ele>-6.599999904632568</ele>
      </trkpt>
      <trkpt lat="52.56252637133002" lon="4.717887891456485">
        <ele>-6.599999904632568</ele>
      </trkpt>
      <trkpt lat="52.562508350238204" lon="4.71788763999939">
        <ele>-6.800000190734863</ele>
      </trkpt>
      <trkpt lat="52.56249150261283" lon="4.717886885628104">
        <ele>-6.800000190734863</ele>
      </trkpt>
      <trkpt lat="52.562473649159074" lon="4.717887220904231">
        <ele>-7.0</ele>
      </trkpt>
      <trkpt lat="52.56245747208595" lon="4.71788571216166">
        <ele>-7.0</ele>
      </trkpt>
      <trkpt lat="52.56243987008929" lon="4.7178838681429625">
        <ele>-6.800000190734863</ele>
      </trkpt>
      <trkpt lat="52.562422938644886" lon="4.717882024124265">
        <ele>-6.800000190734863</ele>
      </trkpt>
      <trkpt lat="52.562404833734035" lon="4.717879928648472">
        <ele>-6.599999904632568</ele>
      </trkpt>
      <trkpt lat="52.56238706409931" lon="4.717878419905901">
        <ele>-6.599999904632568</ele>
      </trkpt>
      <trkpt lat="52.56236887536943" lon="4.71787640824914">
        <ele>-6.400000095367432</ele>
      </trkpt>
      <trkpt lat="52.56235068663955" lon="4.717876072973013">
        <ele>-6.400000095367432</ele>
      </trkpt>
      <trkpt lat="52.56233241409063" lon="4.717873139306903">
        <ele>-6.400000095367432</ele>
      </trkpt>
      <trkpt lat="52.5623151473701" lon="4.717872301116586">
        <ele>-6.400000095367432</ele>
      </trkpt>
      <trkpt lat="52.56229670718312" lon="4.717871630564332">
        <ele>-6.400000095367432</ele>
      </trkpt>
      <trkpt lat="52.562278769910336" lon="4.717871630564332">
        <ele>-6.400000095367432</ele>
      </trkpt>
      <trkpt lat="52.56226041354239" lon="4.7178715467453">
        <ele>-6.400000095367432</ele>
      </trkpt>
      <trkpt lat="52.56224172189832" lon="4.717871798202395">
        <ele>-6.400000095367432</ele>
      </trkpt>
      <trkpt lat="52.56222479045391" lon="4.7178729716688395">
        <ele>-6.400000095367432</ele>
      </trkpt>
      <trkpt lat="52.562207859009504" lon="4.71787397749722">
        <ele>-6.400000095367432</ele>
      </trkpt>
      <trkpt lat="52.56219050846994" lon="4.717875150963664">
        <ele>-6.400000095367432</ele>
      </trkpt>
      <trkpt lat="52.562171313911676" lon="4.717875234782696">
        <ele>-6.400000095367432</ele>
      </trkpt>
      <trkpt lat="52.56215421482921" lon="4.71787691116333">
        <ele>-6.400000095367432</ele>
      </trkpt>
      <trkpt lat="52.56213518790901" lon="4.717877581715584">
        <ele>-6.400000095367432</ele>
      </trkpt>
      <trkpt lat="52.56211632862687" lon="4.717877497896552">
        <ele>-6.400000095367432</ele>
      </trkpt>
      <trkpt lat="52.562095541507006" lon="4.717877330258489">
        <ele>-6.400000095367432</ele>
      </trkpt>
      <trkpt lat="52.562077855691314" lon="4.7178782522678375">
        <ele>-6.400000095367432</ele>
      </trkpt>
      <trkpt lat="52.56205899640918" lon="4.717877749353647">
        <ele>-6.199999809265137</ele>
      </trkpt>
      <trkpt lat="52.562041226774454" lon="4.717876575887203">
        <ele>-6.400000095367432</ele>
      </trkpt>
      <trkpt lat="52.56202303804457" lon="4.717874648049474">
        <ele>-6.400000095367432</ele>
      </trkpt>
      <trkpt lat="52.56200535222888" lon="4.717874396592379">
        <ele>-6.400000095367432</ele>
      </trkpt>
      <trkpt lat="52.56198816932738" lon="4.717871379107237">
        <ele>-6.199999809265137</ele>
      </trkpt>
      <trkpt lat="52.561969980597496" lon="4.717871295288205">
        <ele>-6.199999809265137</ele>
      </trkpt>
      <trkpt lat="52.561952294781804" lon="4.717869786545634">
        <ele>-6.400000095367432</ele>
      </trkpt>
      <trkpt lat="52.56193435750902" lon="4.717869535088539">
        <ele>-6.400000095367432</ele>
      </trkpt>
      <trkpt lat="52.561916168779135" lon="4.717868193984032">
        <ele>-6.199999809265137</ele>
      </trkpt>
      <trkpt lat="52.561897644773126" lon="4.717869283631444">
        <ele>-6.199999809265137</ele>
      </trkpt>
      <trkpt lat="52.56187928840518" lon="4.717869870364666">
        <ele>-6.199999809265137</ele>
      </trkpt>
      <trkpt lat="52.56186076439917" lon="4.717870708554983">
        <ele>-6.199999809265137</ele>
      </trkpt>
      <trkpt lat="52.56184257566929" lon="4.7178715467453">
        <ele>-6.0</ele>
      </trkpt>
      <trkpt lat="52.56182396784425" lon="4.717871714383364">
        <ele>-6.0</ele>
      </trkpt>
      <trkpt lat="52.561805192381144" lon="4.717872720211744">
        <ele>-6.199999809265137</ele>
      </trkpt>
      <trkpt lat="52.56178448908031" lon="4.717872552573681">
        <ele>-6.199999809265137</ele>
      </trkpt>
      <trkpt lat="52.56176554597914" lon="4.717872720211744">
        <ele>-6.199999809265137</ele>
      </trkpt>
      <trkpt lat="52.56174551323056" lon="4.717872133478522">
        <ele>-6.400000095367432</ele>
      </trkpt>
      <trkpt lat="52.56172841414809" lon="4.717873139306903">
        <ele>-6.599999904632568</ele>
      </trkpt>
      <trkpt lat="52.56171106360853" lon="4.7178729716688395">
        <ele>-6.599999904632568</ele>
      </trkpt>
      <trkpt lat="52.56169312633574" lon="4.717874396592379">
        <ele>-6.800000190734863</ele>
      </trkpt>
      <trkpt lat="52.561675272881985" lon="4.717874899506569">
        <ele>-6.800000190734863</ele>
      </trkpt>
      <trkpt lat="52.56165750324726" lon="4.717875821515918">
        <ele>-6.800000190734863</ele>
      </trkpt>
      <trkpt lat="52.56164040416479" lon="4.7178764920681715">
        <ele>-6.800000190734863</ele>
      </trkpt>
      <trkpt lat="52.5616211257875" lon="4.717877916991711">
        <ele>-6.800000190734863</ele>
      </trkpt>
      <trkpt lat="52.56160310469568" lon="4.7178788390010595">
        <ele>-6.599999904632568</ele>
      </trkpt>
      <trkpt lat="52.56158499978483" lon="4.717881437391043">
        <ele>-6.400000095367432</ele>
      </trkpt>
      <trkpt lat="52.56156714633107" lon="4.717883616685867">
        <ele>-6.400000095367432</ele>
      </trkpt>
      <trkpt lat="52.561548706144094" lon="4.7178868018090725">
        <ele>-6.400000095367432</ele>
      </trkpt>
      <trkpt lat="52.5615328643471" lon="4.717890070751309">
        <ele>-6.400000095367432</ele>
      </trkpt>
      <trkpt lat="52.561514591798186" lon="4.71789157949388">
        <ele>-6.400000095367432</ele>
      </trkpt>
      <trkpt lat="52.561498247087" lon="4.717894932255149">
        <ele>-6.400000095367432</ele>
      </trkpt>
      <trkpt lat="52.56148072890937" lon="4.717896273359656">
        <ele>-6.400000095367432</ele>
      </trkpt>
      <trkpt lat="52.56146455183625" lon="4.717899542301893">
        <ele>-6.400000095367432</ele>
      </trkpt>
      <trkpt lat="52.561448123306036" lon="4.717901134863496">
        <ele>-6.400000095367432</ele>
      </trkpt>
      <trkpt lat="52.56143077276647" lon="4.717902727425098">
        <ele>-6.400000095367432</ele>
      </trkpt>
      <trkpt lat="52.56141350604594" lon="4.717904571443796">
        <ele>-6.400000095367432</ele>
      </trkpt>
      <trkpt lat="52.56139590404928" lon="4.717906750738621">
        <ele>-6.400000095367432</ele>
      </trkpt>
      <trkpt lat="52.561378637328744" lon="4.717909097671509">
        <ele>-6.400000095367432</ele>
      </trkpt>
      <trkpt lat="52.56135994568467" lon="4.717910019680858">
        <ele>-6.400000095367432</ele>
      </trkpt>
      <trkpt lat="52.56134234368801" lon="4.717912953346968">
        <ele>-6.400000095367432</ele>
      </trkpt>
      <trkpt lat="52.5613240711391" lon="4.717915467917919">
        <ele>-6.400000095367432</ele>
      </trkpt>
      <trkpt lat="52.56130554713309" lon="4.717918150126934">
        <ele>-6.599999904632568</ele>
      </trkpt>
      <trkpt lat="52.56128618493676" lon="4.717920916154981">
        <ele>-6.800000190734863</ele>
      </trkpt>
      <trkpt lat="52.56126849912107" lon="4.717923849821091">
        <ele>-6.800000190734863</ele>
      </trkpt>
      <trkpt lat="52.56125031039119" lon="4.717926196753979">
        <ele>-7.0</ele>
      </trkpt>
      <trkpt lat="52.561233043670654" lon="4.7179298009723425">
        <ele>-7.0</ele>
      </trkpt>
      <trkpt lat="52.56121770478785" lon="4.717933153733611">
        <ele>-7.0</ele>
      </trkpt>
      <trkpt lat="52.56120060570538" lon="4.717937093228102">
        <ele>-7.0</ele>
      </trkpt>
      <trkpt lat="52.56118384189904" lon="4.7179412841796875">
        <ele>-7.0</ele>
      </trkpt>
      <trkpt lat="52.56116699427366" lon="4.7179458104074">
        <ele>-6.599999904632568</ele>
      </trkpt>
      <trkpt lat="52.56115031428635" lon="4.717950588092208">
        <ele>-6.400000095367432</ele>
      </trkpt>
      <trkpt lat="52.561132460832596" lon="4.717955281957984">
        <ele>-6.599999904632568</ele>
      </trkpt>
      <trkpt lat="52.56111645139754" lon="4.717960394918919">
        <ele>-6.400000095367432</ele>
      </trkpt>
      <trkpt lat="52.561097675934434" lon="4.717964166775346">
        <ele>-6.400000095367432</ele>
      </trkpt>
      <trkpt lat="52.561080073937774" lon="4.717968609184027">
        <ele>-6.199999809265137</ele>
      </trkpt>
      <trkpt lat="52.56106180138886" lon="4.717973219230771">
        <ele>-6.199999809265137</ele>
      </trkpt>
      <trkpt lat="52.561044450849295" lon="4.717977661639452">
        <ele>-6.400000095367432</ele>
      </trkpt>
      <trkpt lat="52.56102550774813" lon="4.717981182038784">
        <ele>-6.400000095367432</ele>
      </trkpt>
      <trkpt lat="52.561009330675006" lon="4.71798537299037">
        <ele>-6.599999904632568</ele>
      </trkpt>
      <trkpt lat="52.56099198013544" lon="4.717987049371004">
        <ele>-6.599999904632568</ele>
      </trkpt>
      <trkpt lat="52.56097370758653" lon="4.717990485951304">
        <ele>-6.599999904632568</ele>
      </trkpt>
      <trkpt lat="52.560955602675676" lon="4.717990821227431">
        <ele>-6.800000190734863</ele>
      </trkpt>
      <trkpt lat="52.56093724630773" lon="4.7179934196174145">
        <ele>-6.800000190734863</ele>
      </trkpt>
      <trkpt lat="52.56091914139688" lon="4.717996437102556">
        <ele>-6.800000190734863</ele>
      </trkpt>
      <trkpt lat="52.560897935181856" lon="4.717998951673508">
        <ele>-6.599999904632568</ele>
      </trkpt>
      <trkpt lat="52.56088108755648" lon="4.718002891167998">
        <ele>-6.599999904632568</ele>
      </trkpt>
      <trkpt lat="52.56086088716984" lon="4.718002891167998">
        <ele>-6.599999904632568</ele>
      </trkpt>
      <trkpt lat="52.56084328517318" lon="4.718005741015077">
        <ele>-6.599999904632568</ele>
      </trkpt>
      <trkpt lat="52.56082543171942" lon="4.71800884231925">
        <ele>-6.599999904632568</ele>
      </trkpt>
      <trkpt lat="52.560806991532445" lon="4.718011524528265">
        <ele>-6.599999904632568</ele>
      </trkpt>
      <trkpt lat="52.56078964099288" lon="4.718013620004058">
        <ele>-6.599999904632568</ele>
      </trkpt>
      <trkpt lat="52.56077203899622" lon="4.718017391860485">
        <ele>-6.400000095367432</ele>
      </trkpt>
      <trkpt lat="52.56075393408537" lon="4.718020660802722">
        <ele>-6.400000095367432</ele>
      </trkpt>
      <trkpt lat="52.56073574535549" lon="4.718024767935276">
        <ele>-6.400000095367432</ele>
      </trkpt>
      <trkpt lat="52.56071789190173" lon="4.718030299991369">
        <ele>-6.199999809265137</ele>
      </trkpt>
      <trkpt lat="52.56069777533412" lon="4.718033317476511">
        <ele>-6.199999809265137</ele>
      </trkpt>
      <trkpt lat="52.56068101152778" lon="4.7180393524467945">
        <ele>-6.400000095367432</ele>
      </trkpt>
      <trkpt lat="52.56066357716918" lon="4.718044800683856">
        <ele>-6.400000095367432</ele>
      </trkpt>
      <trkpt lat="52.56064689718187" lon="4.7180508356541395">
        <ele>-6.599999904632568</ele>
      </trkpt>
      <trkpt lat="52.56062854081392" lon="4.718054020777345">
        <ele>-6.599999904632568</ele>
      </trkpt>
      <trkpt lat="52.560612028464675" lon="4.71805770881474">
        <ele>-6.599999904632568</ele>
      </trkpt>
      <trkpt lat="52.56059425882995" lon="4.718059133738279">
        <ele>-6.599999904632568</ele>
      </trkpt>
      <trkpt lat="52.56057707592845" lon="4.71806257031858">
        <ele>-6.599999904632568</ele>
      </trkpt>
      <trkpt lat="52.56055955775082" lon="4.718066342175007">
        <ele>-6.599999904632568</ele>
      </trkpt>
      <trkpt lat="52.560539692640305" lon="4.718069527298212">
        <ele>-6.400000095367432</ele>
      </trkpt>
      <trkpt lat="52.5605243537575" lon="4.718073718249798">
        <ele>-6.400000095367432</ele>
      </trkpt>
      <trkpt lat="52.56050666794181" lon="4.718077406287193">
        <ele>-6.400000095367432</ele>
      </trkpt>
      <trkpt lat="52.56049015559256" lon="4.718080339953303">
        <ele>-6.400000095367432</ele>
      </trkpt>
      <trkpt lat="52.56047188304365" lon="4.718082435429096">
        <ele>-6.199999809265137</ele>
      </trkpt>
      <trkpt lat="52.5604553706944" lon="4.718085033819079">
        <ele>-6.400000095367432</ele>
      </trkpt>
      <trkpt lat="52.56043885834515" lon="4.718086207285523">
        <ele>-6.199999809265137</ele>
      </trkpt>
      <trkpt lat="52.56042167544365" lon="4.71809140406549">
        <ele>-6.199999809265137</ele>
      </trkpt>
      <trkpt lat="52.560404324904084" lon="4.71809484064579">
        <ele>-6.199999809265137</ele>
      </trkpt>
      <trkpt lat="52.56038605235517" lon="4.718096852302551">
        <ele>-6.199999809265137</ele>
      </trkpt>
      <trkpt lat="52.560369204729795" lon="4.71810313872993">
        <ele>-6.199999809265137</ele>
      </trkpt>
      <trkpt lat="52.560351099818945" lon="4.718104060739279">
        <ele>-6.400000095367432</ele>
      </trkpt>
      <trkpt lat="52.560335425660014" lon="4.7181070782244205">
        <ele>-6.599999904632568</ele>
      </trkpt>
      <trkpt lat="52.560318410396576" lon="4.718107748776674">
        <ele>-6.599999904632568</ele>
      </trkpt>
      <trkpt lat="52.56030164659023" lon="4.718111101537943">
        <ele>-6.599999904632568</ele>
      </trkpt>
      <trkpt lat="52.560283709317446" lon="4.718113197013736">
        <ele>-6.599999904632568</ele>
      </trkpt>
      <trkpt lat="52.56026585586369" lon="4.718116885051131">
        <ele>-6.599999904632568</ele>
      </trkpt>
      <trkpt lat="52.560248421505094" lon="4.71811973489821">
        <ele>-6.800000190734863</ele>
      </trkpt>
      <trkpt lat="52.56022956222296" lon="4.718124512583017">
        <ele>-6.599999904632568</ele>
      </trkpt>
      <trkpt lat="52.56021397188306" lon="4.718130631372333">
        <ele>-6.599999904632568</ele>
      </trkpt>
      <trkpt lat="52.560192765668035" lon="4.718133816495538">
        <ele>-6.599999904632568</ele>
      </trkpt>
      <trkpt lat="52.560176169499755" lon="4.718139600008726">
        <ele>-6.800000190734863</ele>
      </trkpt>
      <trkpt lat="52.56015747785568" lon="4.718142785131931">
        <ele>-6.800000190734863</ele>
      </trkpt>
      <trkpt lat="52.560140965506434" lon="4.7181483171880245">
        <ele>-6.800000190734863</ele>
      </trkpt>
      <trkpt lat="52.560122944414616" lon="4.718151334673166">
        <ele>-6.599999904632568</ele>
      </trkpt>
      <trkpt lat="52.560106264427304" lon="4.718155525624752">
        <ele>-6.599999904632568</ele>
      </trkpt>
      <trkpt lat="52.56009000353515" lon="4.718159297481179">
        <ele>-6.400000095367432</ele>
      </trkpt>
      <trkpt lat="52.56007298827171" lon="4.718164913356304">
        <ele>-6.400000095367432</ele>
      </trkpt>
      <trkpt lat="52.56005538627505" lon="4.7181695234030485">
        <ele>-6.199999809265137</ele>
      </trkpt>
      <trkpt lat="52.56003702990711" lon="4.718173881992698">
        <ele>-6.199999809265137</ele>
      </trkpt>
      <trkpt lat="52.56001993082464" lon="4.718179665505886">
        <ele>-6.199999809265137</ele>
      </trkpt>
      <trkpt lat="52.55999998189509" lon="4.7181821800768375">
        <ele>-6.400000095367432</ele>
      </trkpt>
      <trkpt lat="52.55998397246003" lon="4.718187125399709">
        <ele>-6.400000095367432</ele>
      </trkpt>
      <trkpt lat="52.559965029358864" lon="4.7181901428848505">
        <ele>-6.599999904632568</ele>
      </trkpt>
      <trkpt lat="52.559949019923806" lon="4.71819550730288">
        <ele>-6.400000095367432</ele>
      </trkpt>
      <trkpt lat="52.559931334108114" lon="4.718198357149959">
        <ele>-6.599999904632568</ele>
      </trkpt>
      <trkpt lat="52.559913229197264" lon="4.718203051015735">
        <ele>-6.599999904632568</ele>
      </trkpt>
      <trkpt lat="52.55989487282932" lon="4.718207661062479">
        <ele>-6.400000095367432</ele>
      </trkpt>
      <trkpt lat="52.55987509153783" lon="4.718210594728589">
        <ele>-6.400000095367432</ele>
      </trkpt>
      <trkpt lat="52.559859585016966" lon="4.71821453422308">
        <ele>-6.400000095367432</ele>
      </trkpt>
      <trkpt lat="52.55984206683934" lon="4.718218138441443">
        <ele>-6.199999809265137</ele>
      </trkpt>
      <trkpt lat="52.55982706323266" lon="4.718223754316568">
        <ele>-6.199999809265137</ele>
      </trkpt>
      <trkpt lat="52.55981038324535" lon="4.718226436525583">
        <ele>-6.199999809265137</ele>
      </trkpt>
      <trkpt lat="52.55979320034385" lon="4.718230543658137">
        <ele>-6.199999809265137</ele>
      </trkpt>
      <trkpt lat="52.55977425724268" lon="4.718230124562979">
        <ele>-6.0</ele>
      </trkpt>
      <trkpt lat="52.55975623615086" lon="4.718232471495867">
        <ele>-6.199999809265137</ele>
      </trkpt>
      <trkpt lat="52.55973762832582" lon="4.718236159533262">
        <ele>-6.400000095367432</ele>
      </trkpt>
      <trkpt lat="52.55971893668175" lon="4.718240015208721">
        <ele>-6.599999904632568</ele>
      </trkpt>
      <trkpt lat="52.559699742123485" lon="4.718243619427085">
        <ele>-6.400000095367432</ele>
      </trkpt>
      <trkpt lat="52.55968004465103" lon="4.718245379626751">
        <ele>-6.400000095367432</ele>
      </trkpt>
      <trkpt lat="52.55966193974018" lon="4.71825024113059">
        <ele>-6.400000095367432</ele>
      </trkpt>
      <trkpt lat="52.55964224226773" lon="4.718253342434764">
        <ele>-6.400000095367432</ele>
      </trkpt>
      <trkpt lat="52.55962371826172" lon="4.718257449567318">
        <ele>-6.400000095367432</ele>
      </trkpt>
      <trkpt lat="52.55960536189377" lon="4.718259377405047">
        <ele>-6.400000095367432</ele>
      </trkpt>
      <trkpt lat="52.559587843716145" lon="4.7182617243379354">
        <ele>-6.599999904632568</ele>
      </trkpt>
      <trkpt lat="52.55956915207207" lon="4.71826147288084">
        <ele>-6.599999904632568</ele>
      </trkpt>
      <trkpt lat="52.55955163389444" lon="4.71826390363276">
        <ele>-6.599999904632568</ele>
      </trkpt>
      <trkpt lat="52.559534534811974" lon="4.718267675489187">
        <ele>-6.800000190734863</ele>
      </trkpt>
      <trkpt lat="52.559517016634345" lon="4.718271279707551">
        <ele>-6.599999904632568</ele>
      </trkpt>
      <trkpt lat="52.55950016900897" lon="4.718276392668486">
        <ele>-6.599999904632568</ele>
      </trkpt>
      <trkpt lat="52.55948156118393" lon="4.7182779014110565">
        <ele>-6.599999904632568</ele>
      </trkpt>
      <trkpt lat="52.55946395918727" lon="4.718280751258135">
        <ele>-6.599999904632568</ele>
      </trkpt>
      <trkpt lat="52.5594452675432" lon="4.718282343819737">
        <ele>-6.800000190734863</ele>
      </trkpt>
      <trkpt lat="52.55942791700363" lon="4.71828687004745">
        <ele>-6.800000190734863</ele>
      </trkpt>
      <trkpt lat="52.55940981209278" lon="4.718288462609053">
        <ele>-6.800000190734863</ele>
      </trkpt>
      <trkpt lat="52.559391874819994" lon="4.718291563913226">
        <ele>-6.800000190734863</ele>
      </trkpt>
      <trkpt lat="52.559375781565905" lon="4.718295084312558">
        <ele>-7.0</ele>
      </trkpt>
      <trkpt lat="52.55935801193118" lon="4.7182991076260805">
        <ele>-7.0</ele>
      </trkpt>
      <trkpt lat="52.55933990702033" lon="4.718302628025413">
        <ele>-6.800000190734863</ele>
      </trkpt>
      <trkpt lat="52.55931836552918" lon="4.718304388225079">
        <ele>-6.800000190734863</ele>
      </trkpt>
      <trkpt lat="52.559302523732185" lon="4.718307740986347">
        <ele>-6.800000190734863</ele>
      </trkpt>
      <trkpt lat="52.55928324535489" lon="4.71830933354795">
        <ele>-7.0</ele>
      </trkpt>
      <trkpt lat="52.55926514044404" lon="4.718314949423075">
        <ele>-7.0</ele>
      </trkpt>
      <trkpt lat="52.55924946628511" lon="4.718319475650787">
        <ele>-7.0</ele>
      </trkpt>
      <trkpt lat="52.559231193736196" lon="4.718322325497866">
        <ele>-7.0</ele>
      </trkpt>
      <trkpt lat="52.55921476520598" lon="4.718325762078166">
        <ele>-7.0</ele>
      </trkpt>
      <trkpt lat="52.55919615738094" lon="4.718328528106213">
        <ele>-7.0</ele>
      </trkpt>
      <trkpt lat="52.55917830392718" lon="4.718332635238767">
        <ele>-7.0</ele>
      </trkpt>
      <trkpt lat="52.55915952846408" lon="4.71833573654294">
        <ele>-6.800000190734863</ele>
      </trkpt>
      <trkpt lat="52.55914167501032" lon="4.718338921666145">
        <ele>-6.800000190734863</ele>
      </trkpt>
      <trkpt lat="52.55912340246141" lon="4.718342944979668">
        <ele>-6.599999904632568</ele>
      </trkpt>
      <trkpt lat="52.55910571664572" lon="4.718347135931253">
        <ele>-6.599999904632568</ele>
      </trkpt>
      <trkpt lat="52.55908828228712" lon="4.718350572511554">
        <ele>-6.599999904632568</ele>
      </trkpt>
      <trkpt lat="52.55907059647143" lon="4.7183541767299175">
        <ele>-6.599999904632568</ele>
      </trkpt>
      <trkpt lat="52.5590546708554" lon="4.718359038233757">
        <ele>-6.800000190734863</ele>
      </trkpt>
      <trkpt lat="52.559036146849394" lon="4.718362055718899">
        <ele>-6.800000190734863</ele>
      </trkpt>
      <trkpt lat="52.559019047766924" lon="4.718368006870151">
        <ele>-6.800000190734863</ele>
      </trkpt>
      <trkpt lat="52.559001948684454" lon="4.718370269984007">
        <ele>-7.0</ele>
      </trkpt>
      <trkpt lat="52.55898501724005" lon="4.718375131487846">
        <ele>-7.0</ele>
      </trkpt>
      <trkpt lat="52.558968337252736" lon="4.718378987163305">
        <ele>-7.0</ele>
      </trkpt>
      <trkpt lat="52.55895224399865" lon="4.718383178114891">
        <ele>-6.800000190734863</ele>
      </trkpt>
      <trkpt lat="52.55893589928746" lon="4.71838703379035">
        <ele>-6.800000190734863</ele>
      </trkpt>
      <trkpt lat="52.55891905166209" lon="4.7183924820274115">
        <ele>-6.599999904632568</ele>
      </trkpt>
      <trkpt lat="52.55890304222703" lon="4.718397427350283">
        <ele>-6.599999904632568</ele>
      </trkpt>
      <trkpt lat="52.558885691687465" lon="4.718399858102202">
        <ele>-6.599999904632568</ele>
      </trkpt>
      <trkpt lat="52.55886842496693" lon="4.718402624130249">
        <ele>-6.599999904632568</ele>
      </trkpt>
      <trkpt lat="52.558849984779954" lon="4.718405390158296">
        <ele>-6.599999904632568</ele>
      </trkpt>
      <trkpt lat="52.55883255042136" lon="4.7184092458337545">
        <ele>-6.800000190734863</ele>
      </trkpt>
      <trkpt lat="52.558813942596316" lon="4.718414191156626">
        <ele>-6.800000190734863</ele>
      </trkpt>
      <trkpt lat="52.558795753866434" lon="4.718417627736926">
        <ele>-6.800000190734863</ele>
      </trkpt>
      <trkpt lat="52.55877798423171" lon="4.718418465927243">
        <ele>-7.0</ele>
      </trkpt>
      <trkpt lat="52.55876004695892" lon="4.718420561403036">
        <ele>-7.0</ele>
      </trkpt>
      <trkpt lat="52.55874261260033" lon="4.718421315774322">
        <ele>-7.0</ele>
      </trkpt>
      <trkpt lat="52.55872408859432" lon="4.71842366270721">
        <ele>-7.0</ele>
      </trkpt>
      <trkpt lat="52.558706402778625" lon="4.718427350744605">
        <ele>-6.800000190734863</ele>
      </trkpt>
      <trkpt lat="52.55868754349649" lon="4.718429613858461">
        <ele>-6.599999904632568</ele>
      </trkpt>
      <trkpt lat="52.558670276775956" lon="4.718432715162635">
        <ele>-6.599999904632568</ele>
      </trkpt>
      <trkpt lat="52.55865250714123" lon="4.718435313552618">
        <ele>-6.400000095367432</ele>
      </trkpt>
      <trkpt lat="52.55863658152521" lon="4.718438750132918">
        <ele>-6.400000095367432</ele>
      </trkpt>
      <trkpt lat="52.55861931480467" lon="4.718442438170314">
        <ele>-6.400000095367432</ele>
      </trkpt>
      <trkpt lat="52.558602802455425" lon="4.718445371836424">
        <ele>-6.400000095367432</ele>
      </trkpt>
      <trkpt lat="52.558584697544575" lon="4.718447215855122">
        <ele>-6.599999904632568</ele>
      </trkpt>
      <trkpt lat="52.55856592208147" lon="4.718448892235756">
        <ele>-6.599999904632568</ele>
      </trkpt>
      <trkpt lat="52.558549074456096" lon="4.718449478968978">
        <ele>-6.599999904632568</ele>
      </trkpt>
      <trkpt lat="52.55853256210685" lon="4.718451909720898">
        <ele>-6.599999904632568</ele>
      </trkpt>
      <trkpt lat="52.55851646885276" lon="4.7184522449970245">
        <ele>-6.599999904632568</ele>
      </trkpt>
      <trkpt lat="52.558498196303844" lon="4.718454759567976">
        <ele>-6.800000190734863</ele>
      </trkpt>
      <trkpt lat="52.558481600135565" lon="4.718457609415054">
        <ele>-6.800000190734863</ele>
      </trkpt>
      <trkpt lat="52.55846668034792" lon="4.718461884185672">
        <ele>-6.800000190734863</ele>
      </trkpt>
      <trkpt lat="52.55845159292221" lon="4.718464817851782">
        <ele>-6.800000190734863</ele>
      </trkpt>
      <trkpt lat="52.558434745296836" lon="4.718469679355621">
        <ele>-6.800000190734863</ele>
      </trkpt>
      <trkpt lat="52.55841731093824" lon="4.718474457040429">
        <ele>-7.0</ele>
      </trkpt>
      <trkpt lat="52.558400044217706" lon="4.718478228896856">
        <ele>-7.0</ele>
      </trkpt>
      <trkpt lat="52.55838319659233" lon="4.718483341857791">
        <ele>-7.0</ele>
      </trkpt>
      <trkpt lat="52.55836542695761" lon="4.718486359342933">
        <ele>-7.0</ele>
      </trkpt>
      <trkpt lat="52.55834807641804" lon="4.718490801751614">
        <ele>-7.0</ele>
      </trkpt>
      <trkpt lat="52.55833097733557" lon="4.7184946574270725">
        <ele>-7.0</ele>
      </trkpt>
      <trkpt lat="52.558314045891166" lon="4.7184984292835">
        <ele>-7.0</ele>
      </trkpt>
      <trkpt lat="52.55829677917063" lon="4.7185020335018635">
        <ele>-7.0</ele>
      </trkpt>
      <trkpt lat="52.55828018300235" lon="4.7185049671679735">
        <ele>-7.199999809265137</ele>
      </trkpt>
      <trkpt lat="52.55826308391988" lon="4.71850773319602">
        <ele>-7.199999809265137</ele>
      </trkpt>
      <trkpt lat="52.558245649561286" lon="4.718510247766972">
        <ele>-7.199999809265137</ele>
      </trkpt>
      <trkpt lat="52.55822729319334" lon="4.718513181433082">
        <ele>-6.800000190734863</ele>
      </trkpt>
      <trkpt lat="52.55821011029184" lon="4.718516198918223">
        <ele>-6.800000190734863</ele>
      </trkpt>
      <trkpt lat="52.55819242447615" lon="4.718517791479826">
        <ele>-6.800000190734863</ele>
      </trkpt>
      <trkpt lat="52.558174738660455" lon="4.718520557507873">
        <ele>-6.599999904632568</ele>
      </trkpt>
      <trkpt lat="52.55815738812089" lon="4.7185238264501095">
        <ele>-6.400000095367432</ele>
      </trkpt>
      <trkpt lat="52.558139031752944" lon="4.718526508659124">
        <ele>-6.400000095367432</ele>
      </trkpt>
      <trkpt lat="52.558121429756284" lon="4.71852969378233">
        <ele>-6.400000095367432</ele>
      </trkpt>
      <trkpt lat="52.558102905750275" lon="4.7185335494577885">
        <ele>-6.199999809265137</ele>
      </trkpt>
      <trkpt lat="52.55808572284877" lon="4.718537237495184">
        <ele>-6.199999809265137</ele>
      </trkpt>
      <trkpt lat="52.558068204671144" lon="4.718539919704199">
        <ele>-6.199999809265137</ele>
      </trkpt>
      <trkpt lat="52.55805135704577" lon="4.718544278293848">
        <ele>-6.199999809265137</ele>
      </trkpt>
      <trkpt lat="52.55803559906781" lon="4.718546625226736">
        <ele>-6.199999809265137</ele>
      </trkpt>
      <trkpt lat="52.55801967345178" lon="4.7185491397976875">
        <ele>-6.599999904632568</ele>
      </trkpt>
      <trkpt lat="52.558004166930914" lon="4.718551822006702">
        <ele>-6.800000190734863</ele>
      </trkpt>
      <trkpt lat="52.55798731930554" lon="4.7185541689395905">
        <ele>-6.199999809265137</ele>
      </trkpt>
      <trkpt lat="52.557970555499196" lon="4.71855609677732">
        <ele>-6.0</ele>
      </trkpt>
      <trkpt lat="52.5579531211406" lon="4.718559700995684">
        <ele>-6.0</ele>
      </trkpt>
      <trkpt lat="52.55793618969619" lon="4.718562634661794">
        <ele>-5.800000190734863</ele>
      </trkpt>
      <trkpt lat="52.55791842006147" lon="4.71856540068984">
        <ele>-6.0</ele>
      </trkpt>
      <trkpt lat="52.557901572436094" lon="4.718568669632077">
        <ele>-6.199999809265137</ele>
      </trkpt>
      <trkpt lat="52.557884054258466" lon="4.718573782593012">
        <ele>-6.199999809265137</ele>
      </trkpt>
      <trkpt lat="52.55786720663309" lon="4.718577973544598">
        <ele>-6.400000095367432</ele>
      </trkpt>
      <trkpt lat="52.557849772274494" lon="4.718582080677152">
        <ele>-6.400000095367432</ele>
      </trkpt>
      <trkpt lat="52.557832254096866" lon="4.718583589419723">
        <ele>-6.599999904632568</ele>
      </trkpt>
      <trkpt lat="52.557814568281174" lon="4.718586690723896">
        <ele>-6.800000190734863</ele>
      </trkpt>
      <trkpt lat="52.55779671482742" lon="4.71859079785645">
        <ele>-6.800000190734863</ele>
      </trkpt>
      <trkpt lat="52.55777986720204" lon="4.718594653531909">
        <ele>-6.800000190734863</ele>
      </trkpt>
      <trkpt lat="52.55776293575764" lon="4.7185989283025265">
        <ele>-6.800000190734863</ele>
      </trkpt>
      <trkpt lat="52.5577475130558" lon="4.71860496327281">
        <ele>-6.800000190734863</ele>
      </trkpt>
      <trkpt lat="52.55772974342108" lon="4.718608483672142">
        <ele>-6.800000190734863</ele>
      </trkpt>
      <trkpt lat="52.55771264433861" lon="4.718613093718886">
        <ele>-6.800000190734863</ele>
      </trkpt>
      <trkpt lat="52.557694371789694" lon="4.718617117032409">
        <ele>-6.800000190734863</ele>
      </trkpt>
      <trkpt lat="52.55767718888819" lon="4.718621140345931">
        <ele>-6.800000190734863</ele>
      </trkpt>
      <trkpt lat="52.55765958689153" lon="4.718624325469136">
        <ele>-6.800000190734863</ele>
      </trkpt>
      <trkpt lat="52.55764466710389" lon="4.718630947172642">
        <ele>-6.800000190734863</ele>
      </trkpt>
      <trkpt lat="52.55762807093561" lon="4.7186345513910055">
        <ele>-6.800000190734863</ele>
      </trkpt>
      <trkpt lat="52.5576111394912" lon="4.718640334904194">
        <ele>-6.800000190734863</ele>
      </trkpt>
      <trkpt lat="52.55759336985648" lon="4.718643184751272">
        <ele>-6.800000190734863</ele>
      </trkpt>
      <trkpt lat="52.55757560022175" lon="4.718647878617048">
        <ele>-6.800000190734863</ele>
      </trkpt>
      <trkpt lat="52.557560512796044" lon="4.718649471178651">
        <ele>-6.599999904632568</ele>
      </trkpt>
      <trkpt lat="52.55754274316132" lon="4.718650728464127">
        <ele>-6.599999904632568</ele>
      </trkpt>
      <trkpt lat="52.55752556025982" lon="4.718650560826063">
        <ele>-6.599999904632568</ele>
      </trkpt>
      <trkpt lat="52.55750745534897" lon="4.718652991577983">
        <ele>-6.599999904632568</ele>
      </trkpt>
      <trkpt lat="52.557488763704896" lon="4.718657014891505">
        <ele>-6.599999904632568</ele>
      </trkpt>
      <trkpt lat="52.55747023969889" lon="4.718661792576313">
        <ele>-6.599999904632568</ele>
      </trkpt>
      <trkpt lat="52.5574507098645" lon="4.718667324632406">
        <ele>-6.599999904632568</ele>
      </trkpt>
      <trkpt lat="52.55743277259171" lon="4.718672940507531">
        <ele>-6.599999904632568</ele>
      </trkpt>
      <trkpt lat="52.55741483531892" lon="4.71867922693491">
        <ele>-6.599999904632568</ele>
      </trkpt>
      <trkpt lat="52.557396898046136" lon="4.718681322410703">
        <ele>-6.599999904632568</ele>
      </trkpt>
      <trkpt lat="52.55738046951592" lon="4.718686183914542">
        <ele>-6.400000095367432</ele>
      </trkpt>
      <trkpt lat="52.55736135877669" lon="4.718689704313874">
        <ele>-6.199999809265137</ele>
      </trkpt>
      <trkpt lat="52.557344511151314" lon="4.7186946496367455">
        <ele>-6.199999809265137</ele>
      </trkpt>
      <trkpt lat="52.557327831164" lon="4.718700936064124">
        <ele>-6.199999809265137</ele>
      </trkpt>
      <trkpt lat="52.55731307901442" lon="4.718702612444758">
        <ele>-6.199999809265137</ele>
      </trkpt>
      <trkpt lat="52.557298159226775" lon="4.71870319917798">
        <ele>-6.199999809265137</ele>
      </trkpt>
      <trkpt lat="52.557280138134956" lon="4.718704288825393">
        <ele>-6.400000095367432</ele>
      </trkpt>
      <trkpt lat="52.557263961061835" lon="4.718708395957947">
        <ele>-6.599999904632568</ele>
      </trkpt>
      <trkpt lat="52.55724795162678" lon="4.718711664900184">
        <ele>-6.800000190734863</ele>
      </trkpt>
      <trkpt lat="52.55723085254431" lon="4.718714850023389">
        <ele>-7.0</ele>
      </trkpt>
      <trkpt lat="52.55721434019506" lon="4.71871736459434">
        <ele>-7.199999809265137</ele>
      </trkpt>
      <trkpt lat="52.55719782784581" lon="4.718720884993672">
        <ele>-7.199999809265137</ele>
      </trkpt>
      <trkpt lat="52.557180896401405" lon="4.7187228966504335">
        <ele>-7.199999809265137</ele>
      </trkpt>
      <trkpt lat="52.55716262385249" lon="4.718726249411702">
        <ele>-7.199999809265137</ele>
      </trkpt>
      <trkpt lat="52.557145273312926" lon="4.718728847801685">
        <ele>-7.0</ele>
      </trkpt>
      <trkpt lat="52.557126581668854" lon="4.718731613829732">
        <ele>-6.599999904632568</ele>
      </trkpt>
      <trkpt lat="52.557108476758" lon="4.718734966591001">
        <ele>-6.800000190734863</ele>
      </trkpt>
      <trkpt lat="52.55708877928555" lon="4.718736559152603">
        <ele>-6.800000190734863</ele>
      </trkpt>
      <trkpt lat="52.55707201547921" lon="4.7187411691993475">
        <ele>-6.800000190734863</ele>
      </trkpt>
      <trkpt lat="52.55705500021577" lon="4.718743432313204">
        <ele>-6.800000190734863</ele>
      </trkpt>
      <trkpt lat="52.55703806877136" lon="4.718746701255441">
        <ele>-6.800000190734863</ele>
      </trkpt>
      <trkpt lat="52.557021556422114" lon="4.7187497187405825">
        <ele>-6.800000190734863</ele>
      </trkpt>
      <trkpt lat="52.557003032416105" lon="4.718753574416041">
        <ele>-7.0</ele>
      </trkpt>
      <trkpt lat="52.55698534660041" lon="4.718758184462786">
        <ele>-7.0</ele>
      </trkpt>
      <trkpt lat="52.55696506239474" lon="4.718758352100849">
        <ele>-7.0</ele>
      </trkpt>
      <trkpt lat="52.55694947205484" lon="4.71876329742372">
        <ele>-6.800000190734863</ele>
      </trkpt>
      <trkpt lat="52.55693228915334" lon="4.718764806166291">
        <ele>-6.800000190734863</ele>
      </trkpt>
      <trkpt lat="52.55691519007087" lon="4.71876815892756">
        <ele>-6.800000190734863</ele>
      </trkpt>
      <trkpt lat="52.556898007169366" lon="4.71876623108983">
        <ele>-6.800000190734863</ele>
      </trkpt>
      <trkpt lat="52.55688057281077" lon="4.718767572194338">
        <ele>-6.800000190734863</ele>
      </trkpt>
      <trkpt lat="52.55686146207154" lon="4.718769835308194">
        <ele>-6.800000190734863</ele>
      </trkpt>
      <trkpt lat="52.55684193223715" lon="4.718771763145924">
        <ele>-6.800000190734863</ele>
      </trkpt>
      <trkpt lat="52.55682298913598" lon="4.718775367364287">
        <ele>-6.800000190734863</ele>
      </trkpt>
      <trkpt lat="52.55680354312062" lon="4.718777211382985">
        <ele>-6.800000190734863</ele>
      </trkpt>
      <trkpt lat="52.556786108762026" lon="4.718780564144254">
        <ele>-6.800000190734863</ele>
      </trkpt>
      <trkpt lat="52.556767500936985" lon="4.718781150877476">
        <ele>-6.800000190734863</ele>
      </trkpt>
      <trkpt lat="52.55675056949258" lon="4.718783497810364">
        <ele>-6.800000190734863</ele>
      </trkpt>
      <trkpt lat="52.55673204548657" lon="4.718785593286157">
        <ele>-6.800000190734863</ele>
      </trkpt>
      <trkpt lat="52.55671603605151" lon="4.718789951875806">
        <ele>-6.800000190734863</ele>
      </trkpt>
      <trkpt lat="52.556699104607105" lon="4.718795567750931">
        <ele>-6.800000190734863</ele>
      </trkpt>
      <trkpt lat="52.556682005524635" lon="4.718801099807024">
        <ele>-6.800000190734863</ele>
      </trkpt>
      <trkpt lat="52.55666507408023" lon="4.718805039301515">
        <ele>-6.800000190734863</ele>
      </trkpt>
      <trkpt lat="52.55664797499776" lon="4.71880822442472">
        <ele>-6.800000190734863</ele>
      </trkpt>
      <trkpt lat="52.55662953481078" lon="4.718812583014369">
        <ele>-6.800000190734863</ele>
      </trkpt>
      <trkpt lat="52.55661184899509" lon="4.718814929947257">
        <ele>-6.800000190734863</ele>
      </trkpt>
      <trkpt lat="52.556592570617795" lon="4.718819623813033">
        <ele>-6.800000190734863</ele>
      </trkpt>
      <trkpt lat="52.55657421424985" lon="4.718822222203016">
        <ele>-6.599999904632568</ele>
      </trkpt>
      <trkpt lat="52.55655560642481" lon="4.718824150040746">
        <ele>-6.599999904632568</ele>
      </trkpt>
      <trkpt lat="52.556536830961704" lon="4.71882632933557">
        <ele>-6.599999904632568</ele>
      </trkpt>
      <trkpt lat="52.55651914514601" lon="4.718828676268458">
        <ele>-6.599999904632568</ele>
      </trkpt>
      <trkpt lat="52.55650078877807" lon="4.71883219666779">
        <ele>-6.599999904632568</ele>
      </trkpt>
      <trkpt lat="52.55648134276271" lon="4.718835549429059">
        <ele>-6.599999904632568</ele>
      </trkpt>
      <trkpt lat="52.556464076042175" lon="4.718839740380645">
        <ele>-6.599999904632568</ele>
      </trkpt>
      <trkpt lat="52.55644639022648" lon="4.718843260779977">
        <ele>-6.599999904632568</ele>
      </trkpt>
      <trkpt lat="52.556428872048855" lon="4.7188477870076895">
        <ele>-6.599999904632568</ele>
      </trkpt>
      <trkpt lat="52.556409761309624" lon="4.71885122358799">
        <ele>-6.800000190734863</ele>
      </trkpt>
      <trkpt lat="52.55639182403684" lon="4.718855414539576">
        <ele>-6.800000190734863</ele>
      </trkpt>
      <trkpt lat="52.55637355148792" lon="4.718858599662781">
        <ele>-6.800000190734863</ele>
      </trkpt>
      <trkpt lat="52.556355027481914" lon="4.71886295825243">
        <ele>-6.800000190734863</ele>
      </trkpt>
      <trkpt lat="52.55633725784719" lon="4.71886346116662">
        <ele>-6.400000095367432</ele>
      </trkpt>
      <trkpt lat="52.55631881766021" lon="4.718866730108857">
        <ele>-6.599999904632568</ele>
      </trkpt>
      <trkpt lat="52.556301886215806" lon="4.718867903575301">
        <ele>-6.599999904632568</ele>
      </trkpt>
      <trkpt lat="52.5562849547714" lon="4.718869915232062">
        <ele>-6.400000095367432</ele>
      </trkpt>
      <trkpt lat="52.55626684986055" lon="4.718870921060443">
        <ele>-6.599999904632568</ele>
      </trkpt>
      <trkpt lat="52.55624773912132" lon="4.718873938545585">
        <ele>-6.599999904632568</ele>
      </trkpt>
      <trkpt lat="52.556229047477245" lon="4.71887762658298">
        <ele>-6.599999904632568</ele>
      </trkpt>
      <trkpt lat="52.5562106911093" lon="4.718880979344249">
        <ele>-6.599999904632568</ele>
      </trkpt>
      <trkpt lat="52.55619267001748" lon="4.718884415924549">
        <ele>-6.599999904632568</ele>
      </trkpt>
      <trkpt lat="52.55617498420179" lon="4.718887601047754">
        <ele>-6.599999904632568</ele>
      </trkpt>
      <trkpt lat="52.556157214567065" lon="4.718890283256769">
        <ele>-6.599999904632568</ele>
      </trkpt>
      <trkpt lat="52.556139109656215" lon="4.718893216922879">
        <ele>-6.599999904632568</ele>
      </trkpt>
      <trkpt lat="52.55612092092633" lon="4.718896402046084">
        <ele>-6.599999904632568</ele>
      </trkpt>
      <trkpt lat="52.5561018101871" lon="4.718900257721543">
        <ele>-6.599999904632568</ele>
      </trkpt>
      <trkpt lat="52.55608353763819" lon="4.718903359025717">
        <ele>-6.599999904632568</ele>
      </trkpt>
      <trkpt lat="52.55606543272734" lon="4.718907382339239">
        <ele>-6.599999904632568</ele>
      </trkpt>
      <trkpt lat="52.55604808218777" lon="4.718910064548254">
        <ele>-6.400000095367432</ele>
      </trkpt>
      <trkpt lat="52.55603006109595" lon="4.7189137525856495">
        <ele>-6.400000095367432</ele>
      </trkpt>
      <trkpt lat="52.556012123823166" lon="4.71891526132822">
        <ele>-6.400000095367432</ele>
      </trkpt>
      <trkpt lat="52.555994018912315" lon="4.718918781727552">
        <ele>-6.400000095367432</ele>
      </trkpt>
      <trkpt lat="52.55597658455372" lon="4.718921547755599">
        <ele>-6.599999904632568</ele>
      </trkpt>
      <trkpt lat="52.55595906637609" lon="4.718925319612026">
        <ele>-6.400000095367432</ele>
      </trkpt>
      <trkpt lat="52.55594196729362" lon="4.7189287561923265">
        <ele>-6.400000095367432</ele>
      </trkpt>
      <trkpt lat="52.55592486821115" lon="4.718933617696166">
        <ele>-6.400000095367432</ele>
      </trkpt>
      <trkpt lat="52.55590776912868" lon="4.718936635181308">
        <ele>-6.599999904632568</ele>
      </trkpt>
      <trkpt lat="52.55589033477008" lon="4.71894116140902">
        <ele>-6.400000095367432</ele>
      </trkpt>
      <trkpt lat="52.55587264895439" lon="4.71894359216094">
        <ele>-6.400000095367432</ele>
      </trkpt>
      <trkpt lat="52.55585412494838" lon="4.718946358188987">
        <ele>-6.400000095367432</ele>
      </trkpt>
      <trkpt lat="52.55583652295172" lon="4.7189487889409065">
        <ele>-6.599999904632568</ele>
      </trkpt>
      <trkpt lat="52.55581866949797" lon="4.718952225521207">
        <ele>-6.599999904632568</ele>
      </trkpt>
      <trkpt lat="52.555802492424846" lon="4.718954572454095">
        <ele>-6.800000190734863</ele>
      </trkpt>
      <trkpt lat="52.555785812437534" lon="4.7189577575773">
        <ele>-6.800000190734863</ele>
      </trkpt>
      <trkpt lat="52.555770725011826" lon="4.71896018832922">
        <ele>-6.800000190734863</ele>
      </trkpt>
      <trkpt lat="52.55575438030064" lon="4.718961697071791">
        <ele>-6.800000190734863</ele>
      </trkpt>
      <trkpt lat="52.555735940113664" lon="4.718963876366615">
        <ele>-6.800000190734863</ele>
      </trkpt>
      <trkpt lat="52.55571825429797" lon="4.718964630737901">
        <ele>-6.599999904632568</ele>
      </trkpt>
      <trkpt lat="52.55570157431066" lon="4.718966726213694">
        <ele>-6.599999904632568</ele>
      </trkpt>
      <trkpt lat="52.555683217942715" lon="4.718968402594328">
        <ele>-6.599999904632568</ele>
      </trkpt>
      <trkpt lat="52.55566637031734" lon="4.71897192299366">
        <ele>-6.400000095367432</ele>
      </trkpt>
      <trkpt lat="52.55565086379647" lon="4.718973850831389">
        <ele>-6.400000095367432</ele>
      </trkpt>
      <trkpt lat="52.55563418380916" lon="4.71897779032588">
        <ele>-6.599999904632568</ele>
      </trkpt>
      <trkpt lat="52.5556165818125" lon="4.718980472534895">
        <ele>-6.599999904632568</ele>
      </trkpt>
      <trkpt lat="52.555599734187126" lon="4.718983322381973">
        <ele>-6.599999904632568</ele>
      </trkpt>
      <trkpt lat="52.55558246746659" lon="4.718985836952925">
        <ele>-6.400000095367432</ele>
      </trkpt>
      <trkpt lat="52.555564446374774" lon="4.718988770619035">
        <ele>-6.599999904632568</ele>
      </trkpt>
      <trkpt lat="52.55554676055908" lon="4.71899145282805">
        <ele>-6.599999904632568</ele>
      </trkpt>
      <trkpt lat="52.55552723072469" lon="4.718993715941906">
        <ele>-6.400000095367432</ele>
      </trkpt>
      <trkpt lat="52.55550996400416" lon="4.718997152522206">
        <ele>-6.400000095367432</ele>
      </trkpt>
      <trkpt lat="52.5554889254272" lon="4.718999415636063">
        <ele>-6.199999809265137</ele>
      </trkpt>
      <trkpt lat="52.55547082051635" lon="4.719003103673458">
        <ele>-6.199999809265137</ele>
      </trkpt>
      <trkpt lat="52.555450620129704" lon="4.7190061211586">
        <ele>-6.199999809265137</ele>
      </trkpt>
      <trkpt lat="52.55543335340917" lon="4.719010228291154">
        <ele>-6.199999809265137</ele>
      </trkpt>
      <trkpt lat="52.555414913222194" lon="4.719012072309852">
        <ele>-6.199999809265137</ele>
      </trkpt>
      <trkpt lat="52.55539764650166" lon="4.719016263261437">
        <ele>-6.199999809265137</ele>
      </trkpt>
      <trkpt lat="52.555379373952746" lon="4.719020454213023">
        <ele>-6.199999809265137</ele>
      </trkpt>
      <trkpt lat="52.55536143667996" lon="4.719022046774626">
        <ele>-6.199999809265137</ele>
      </trkpt>
      <trkpt lat="52.55534291267395" lon="4.71902665682137">
        <ele>-6.199999809265137</ele>
      </trkpt>
      <trkpt lat="52.55532472394407" lon="4.719028836116195">
        <ele>-6.199999809265137</ele>
      </trkpt>
      <trkpt lat="52.55530536174774" lon="4.719029841944575">
        <ele>-6.199999809265137</ele>
      </trkpt>
      <trkpt lat="52.555286502465606" lon="4.719030847772956">
        <ele>-6.199999809265137</ele>
      </trkpt>
      <trkpt lat="52.555267475545406" lon="4.719032691791654">
        <ele>-6.199999809265137</ele>
      </trkpt>
      <trkpt lat="52.55525012500584" lon="4.719035122543573">
        <ele>-6.599999904632568</ele>
      </trkpt>
      <trkpt lat="52.555231181904674" lon="4.719035625457764">
        <ele>-6.400000095367432</ele>
      </trkpt>
      <trkpt lat="52.55521349608898" lon="4.719038223847747">
        <ele>-6.400000095367432</ele>
      </trkpt>
      <trkpt lat="52.55519572645426" lon="4.719039564952254">
        <ele>-6.400000095367432</ele>
      </trkpt>
      <trkpt lat="52.5551781244576" lon="4.71904082223773">
        <ele>-6.400000095367432</ele>
      </trkpt>
      <trkpt lat="52.55515918135643" lon="4.719044091179967">
        <ele>-6.400000095367432</ele>
      </trkpt>
      <trkpt lat="52.55514174699783" lon="4.719046102836728">
        <ele>-6.599999904632568</ele>
      </trkpt>
      <trkpt lat="52.55512582138181" lon="4.71904912032187">
        <ele>-6.599999904632568</ele>
      </trkpt>
      <trkpt lat="52.55510838702321" lon="4.719050545245409">
        <ele>-6.599999904632568</ele>
      </trkpt>
      <trkpt lat="52.55509112030268" lon="4.719052808359265">
        <ele>-6.599999904632568</ele>
      </trkpt>
      <trkpt lat="52.55507318302989" lon="4.719055742025375">
        <ele>-6.599999904632568</ele>
      </trkpt>
      <trkpt lat="52.555057341232896" lon="4.719057502225041">
        <ele>-6.599999904632568</ele>
      </trkpt>
      <trkpt lat="52.5550399068743" lon="4.719061776995659">
        <ele>-6.599999904632568</ele>
      </trkpt>
      <trkpt lat="52.55502381362021" lon="4.7190645430237055">
        <ele>-6.599999904632568</ele>
      </trkpt>
      <trkpt lat="52.55500436760485" lon="4.719066806137562">
        <ele>-6.599999904632568</ele>
      </trkpt>
      <trkpt lat="52.55498827435076" lon="4.719070997089148">
        <ele>-6.400000095367432</ele>
      </trkpt>
      <trkpt lat="52.55496924743056" lon="4.719075188040733">
        <ele>-6.199999809265137</ele>
      </trkpt>
      <trkpt lat="52.554952735081315" lon="4.71908088773489">
        <ele>-6.0</ele>
      </trkpt>
      <trkpt lat="52.55493496544659" lon="4.719085833057761">
        <ele>-5.800000190734863</ele>
      </trkpt>
      <trkpt lat="52.554917028173804" lon="4.719090694561601">
        <ele>-6.0</ele>
      </trkpt>
      <trkpt lat="52.55489959381521" lon="4.719096729531884">
        <ele>-5.800000190734863</ele>
      </trkpt>
      <trkpt lat="52.55488157272339" lon="4.719101674854755">
        <ele>-5.800000190734863</ele>
      </trkpt>
      <trkpt lat="52.55486589856446" lon="4.719108883291483">
        <ele>-5.599999904632568</ele>
      </trkpt>
      <trkpt lat="52.55484561435878" lon="4.719111481681466">
        <ele>-5.800000190734863</ele>
      </trkpt>
      <trkpt lat="52.55482834763825" lon="4.719115253537893">
        <ele>-6.199999809265137</ele>
      </trkpt>
      <trkpt lat="52.55481233820319" lon="4.7191207855939865">
        <ele>-6.199999809265137</ele>
      </trkpt>
      <trkpt lat="52.55479406565428" lon="4.719124138355255">
        <ele>-6.199999809265137</ele>
      </trkpt>
      <trkpt lat="52.55477814003825" lon="4.7191275749355555">
        <ele>-6.400000095367432</ele>
      </trkpt>
      <trkpt lat="52.554761208593845" lon="4.719131933525205">
        <ele>-6.199999809265137</ele>
      </trkpt>
      <trkpt lat="52.55474427714944" lon="4.719135370105505">
        <ele>-6.199999809265137</ele>
      </trkpt>
      <trkpt lat="52.55472684279084" lon="4.719139812514186">
        <ele>-6.199999809265137</ele>
      </trkpt>
      <trkpt lat="52.554711336269975" lon="4.719145176932216">
        <ele>-6.0</ele>
      </trkpt>
      <trkpt lat="52.55469314754009" lon="4.71914635039866">
        <ele>-6.0</ele>
      </trkpt>
      <trkpt lat="52.554673701524734" lon="4.719151211902499">
        <ele>-6.0</ele>
      </trkpt>
      <trkpt lat="52.55465685389936" lon="4.7191564086824656">
        <ele>-6.0</ele>
      </trkpt>
      <trkpt lat="52.554639084264636" lon="4.719158671796322">
        <ele>-6.199999809265137</ele>
      </trkpt>
      <trkpt lat="52.55462232045829" lon="4.719166299328208">
        <ele>-6.400000095367432</ele>
      </trkpt>
      <trkpt lat="52.554603796452284" lon="4.719172166660428">
        <ele>-6.400000095367432</ele>
      </trkpt>
      <trkpt lat="52.55458703264594" lon="4.719179542735219">
        <ele>-6.400000095367432</ele>
      </trkpt>
      <trkpt lat="52.55456884391606" lon="4.719185242429376">
        <ele>-6.599999904632568</ele>
      </trkpt>
      <trkpt lat="52.554550068452954" lon="4.719189601019025">
        <ele>-6.599999904632568</ele>
      </trkpt>
      <trkpt lat="52.55453263409436" lon="4.719197563827038">
        <ele>-6.599999904632568</ele>
      </trkpt>
      <trkpt lat="52.554513439536095" lon="4.719203431159258">
        <ele>-6.599999904632568</ele>
      </trkpt>
      <trkpt lat="52.55449550226331" lon="4.719206532463431">
        <ele>-6.599999904632568</ele>
      </trkpt>
      <trkpt lat="52.55447748117149" lon="4.719208208844066">
        <ele>-6.599999904632568</ele>
      </trkpt>
      <trkpt lat="52.554460717365146" lon="4.719211310148239">
        <ele>-6.599999904632568</ele>
      </trkpt>
      <trkpt lat="52.554443031549454" lon="4.719213657081127">
        <ele>-6.400000095367432</ele>
      </trkpt>
      <trkpt lat="52.5544267706573" lon="4.719220194965601">
        <ele>-6.400000095367432</ele>
      </trkpt>
      <trkpt lat="52.554408414289355" lon="4.719221452251077">
        <ele>-6.199999809265137</ele>
      </trkpt>
      <trkpt lat="52.554391818121076" lon="4.71922455355525">
        <ele>-6.199999809265137</ele>
      </trkpt>
      <trkpt lat="52.55437698215246" lon="4.719232935458422">
        <ele>-6.199999809265137</ele>
      </trkpt>
      <trkpt lat="52.55436373874545" lon="4.719239389523864">
        <ele>-6.199999809265137</ele>
      </trkpt>
      <trkpt lat="52.55434957332909" lon="4.71924651414156">
        <ele>-6.199999809265137</ele>
      </trkpt>
      <trkpt lat="52.55433674901724" lon="4.719257997348905">
        <ele>-6.199999809265137</ele>
      </trkpt>
      <trkpt lat="52.55432350561023" lon="4.719270234927535">
        <ele>-6.199999809265137</ele>
      </trkpt>
      <trkpt lat="52.55430791527033" lon="4.719286412000656">
        <ele>-6.199999809265137</ele>
      </trkpt>
      <trkpt lat="52.554297437891364" lon="4.719304600730538">
        <ele>-6.0</ele>
      </trkpt>
      <trkpt lat="52.55428612232208" lon="4.719320610165596">
        <ele>-6.199999809265137</ele>
      </trkpt>
      <trkpt lat="52.55427388474345" lon="4.7193357814103365">
        <ele>-6.0</ele>
      </trkpt>
      <trkpt lat="52.55426357500255" lon="4.719352880492806">
        <ele>-6.0</ele>
      </trkpt>
      <trkpt lat="52.55425410345197" lon="4.71936721354723">
        <ele>-6.0</ele>
      </trkpt>
      <trkpt lat="52.554244212806225" lon="4.719378277659416">
        <ele>-6.400000095367432</ele>
      </trkpt>
      <trkpt lat="52.55428218282759" lon="4.719371655955911">
        <ele>-6.400000095367432</ele>
      </trkpt>
      <trkpt lat="52.55428151227534" lon="4.7193770203739405">
        <ele>-6.400000095367432</ele>
      </trkpt>
      <trkpt lat="52.554275980219245" lon="4.719386994838715">
        <ele>-6.400000095367432</ele>
      </trkpt>
      <trkpt lat="52.554273968562484" lon="4.7193920239806175">
        <ele>-6.400000095367432</ele>
      </trkpt>
      <trkpt lat="52.5542732141912" lon="4.719393029808998">
        <ele>-6.599999904632568</ele>
      </trkpt>
      <trkpt lat="52.55427413620055" lon="4.719390934333205">
        <ele>-6.599999904632568</ele>
      </trkpt>
      <trkpt lat="52.55427656695247" lon="4.719389006495476">
        <ele>-6.800000190734863</ele>
      </trkpt>
      <trkpt lat="52.554277488961816" lon="4.719382971525192">
        <ele>-6.800000190734863</ele>
      </trkpt>
      <trkpt lat="52.55427774041891" lon="4.719376098364592">
        <ele>-7.0</ele>
      </trkpt>
      <trkpt lat="52.55427371710539" lon="4.719374505802989">
        <ele>-7.0</ele>
      </trkpt>
      <trkpt lat="52.55427069962025" lon="4.719377355650067">
        <ele>-7.199999809265137</ele>
      </trkpt>
      <trkpt lat="52.55426927469671" lon="4.719381043687463">
        <ele>-7.199999809265137</ele>
      </trkpt>
      <trkpt lat="52.554265754297376" lon="4.71938188187778">
        <ele>-7.0</ele>
      </trkpt>
      <trkpt lat="52.55425804294646" lon="4.719382803887129">
        <ele>-6.599999904632568</ele>
      </trkpt>
      <trkpt lat="52.55425133742392" lon="4.719386408105493">
        <ele>-6.599999904632568</ele>
      </trkpt>
      <trkpt lat="52.55424262024462" lon="4.719393867999315">
        <ele>-6.400000095367432</ele>
      </trkpt>
      <trkpt lat="52.554231975227594" lon="4.719406776130199">
        <ele>-6.199999809265137</ele>
      </trkpt>
      <trkpt lat="52.5542245991528" lon="4.719425132498145">
        <ele>-6.199999809265137</ele>
      </trkpt>
      <trkpt lat="52.554214540869" lon="4.7194459196180105">
        <ele>-6.199999809265137</ele>
      </trkpt>
      <trkpt lat="52.55420481786132" lon="4.719468047842383">
        <ele>-6.199999809265137</ele>
      </trkpt>
      <trkpt lat="52.5541955139488" lon="4.719491517171264">
        <ele>-6.400000095367432</ele>
      </trkpt>
      <trkpt lat="52.55418780259788" lon="4.719517081975937">
        <ele>-6.400000095367432</ele>
      </trkpt>
      <trkpt lat="52.554177828133106" lon="4.719540886580944">
        <ele>-6.599999904632568</ele>
      </trkpt>
      <trkpt lat="52.55416450090706" lon="4.719556979835033">
        <ele>-6.599999904632568</ele>
      </trkpt>
      <trkpt lat="52.55415167659521" lon="4.719579694792628">
        <ele>-6.599999904632568</ele>
      </trkpt>
      <trkpt lat="52.55413935519755" lon="4.719600481912494">
        <ele>-6.599999904632568</ele>
      </trkpt>
      <trkpt lat="52.55412879399955" lon="4.719618838280439">
        <ele>-6.599999904632568</ele>
      </trkpt>
      <trkpt lat="52.55411890335381" lon="4.71964230760932">
        <ele>-6.400000095367432</ele>
      </trkpt>
      <trkpt lat="52.55410943180323" lon="4.719663681462407">
        <ele>-6.400000095367432</ele>
      </trkpt>
      <trkpt lat="52.55409970879555" lon="4.719685725867748">
        <ele>-6.400000095367432</ele>
      </trkpt>
      <trkpt lat="52.55409434437752" lon="4.719709446653724">
        <ele>-6.199999809265137</ele>
      </trkpt>
      <trkpt lat="52.55408571101725" lon="4.719733167439699">
        <ele>-6.199999809265137</ele>
      </trkpt>
      <trkpt lat="52.55407942458987" lon="4.7197548765689135">
        <ele>-6.199999809265137</ele>
      </trkpt>
      <trkpt lat="52.55407062359154" lon="4.71978303976357">
        <ele>-6.400000095367432</ele>
      </trkpt>
      <trkpt lat="52.55406366661191" lon="4.719805251806974">
        <ele>-6.400000095367432</ele>
      </trkpt>
      <trkpt lat="52.5540557038039" lon="4.71983140334487">
        <ele>-6.400000095367432</ele>
      </trkpt>
      <trkpt lat="52.55404405295849" lon="4.7198443952947855">
        <ele>-6.199999809265137</ele>
      </trkpt>
      <trkpt lat="52.55403273738921" lon="4.719859482720494">
        <ele>-6.400000095367432</ele>
      </trkpt>
      <trkpt lat="52.554022930562496" lon="4.719878174364567">
        <ele>-6.199999809265137</ele>
      </trkpt>
      <trkpt lat="52.554016979411244" lon="4.719901643693447">
        <ele>-6.199999809265137</ele>
      </trkpt>
      <trkpt lat="52.554007172584534" lon="4.719931483268738">
        <ele>-6.199999809265137</ele>
      </trkpt>
      <trkpt lat="52.553999880328774" lon="4.719953276216984">
        <ele>-6.0</ele>
      </trkpt>
      <trkpt lat="52.553989654406905" lon="4.719974230974913">
        <ele>-6.0</ele>
      </trkpt>
      <trkpt lat="52.5539814401418" lon="4.7199969459325075">
        <ele>-6.0</ele>
      </trkpt>
      <trkpt lat="52.55397322587669" lon="4.720024187117815">
        <ele>-6.0</ele>
      </trkpt>
      <trkpt lat="52.553964173421264" lon="4.720046315342188">
        <ele>-6.0</ele>
      </trkpt>
      <trkpt lat="52.55395612679422" lon="4.720068443566561">
        <ele>-6.0</ele>
      </trkpt>
      <trkpt lat="52.55394749343395" lon="4.720093505457044">
        <ele>-6.0</ele>
      </trkpt>
      <trkpt lat="52.55394036881626" lon="4.7201168071478605">
        <ele>-6.199999809265137</ele>
      </trkpt>
      <trkpt lat="52.55393324419856" lon="4.7201386000961065">
        <ele>-6.199999809265137</ele>
      </trkpt>
      <trkpt lat="52.55392234772444" lon="4.720160644501448">
        <ele>-6.400000095367432</ele>
      </trkpt>
      <trkpt lat="52.553910529240966" lon="4.720181683078408">
        <ele>-6.400000095367432</ele>
      </trkpt>
      <trkpt lat="52.55389996804297" lon="4.720201129093766">
        <ele>-6.400000095367432</ele>
      </trkpt>
      <trkpt lat="52.55389032885432" lon="4.720218814909458">
        <ele>-6.599999904632568</ele>
      </trkpt>
      <trkpt lat="52.55387859418988" lon="4.720238260924816">
        <ele>-6.599999904632568</ele>
      </trkpt>
      <trkpt lat="52.55387197248638" lon="4.720260975882411">
        <ele>-6.599999904632568</ele>
      </trkpt>
      <trkpt lat="52.55386241711676" lon="4.720283020287752">
        <ele>-6.599999904632568</ele>
      </trkpt>
      <trkpt lat="52.55385101772845" lon="4.720299951732159">
        <ele>-6.599999904632568</ele>
      </trkpt>
      <trkpt lat="52.5538379419595" lon="4.720319313928485">
        <ele>-6.599999904632568</ele>
      </trkpt>
      <trkpt lat="52.55382511764765" lon="4.7203385923057795">
        <ele>-6.599999904632568</ele>
      </trkpt>
      <trkpt lat="52.55381355062127" lon="4.720360469073057">
        <ele>-6.199999809265137</ele>
      </trkpt>
      <trkpt lat="52.553800055757165" lon="4.72037966363132">
        <ele>-6.0</ele>
      </trkpt>
      <trkpt lat="52.55378597415984" lon="4.720402462407947">
        <ele>-5.800000190734863</ele>
      </trkpt>
      <trkpt lat="52.55377348512411" lon="4.720429955050349">
        <ele>-5.800000190734863</ele>
      </trkpt>
      <trkpt lat="52.553757978603244" lon="4.720455519855022">
        <ele>-5.800000190734863</ele>
      </trkpt>
      <trkpt lat="52.55374414846301" lon="4.720482509583235">
        <ele>-5.599999904632568</ele>
      </trkpt>
      <trkpt lat="52.553730653598905" lon="4.7205032967031">
        <ele>-5.599999904632568</ele>
      </trkpt>
      <trkpt lat="52.553714979439974" lon="4.7205232456326485">
        <ele>-5.800000190734863</ele>
      </trkpt>
      <trkpt lat="52.55370249040425" lon="4.720544116571546">
        <ele>-5.800000190734863</ele>
      </trkpt>
      <trkpt lat="52.55368882790208" lon="4.7205650713294744">
        <ele>-5.800000190734863</ele>
      </trkpt>
      <trkpt lat="52.55367315374315" lon="4.720587953925133">
        <ele>-6.0</ele>
      </trkpt>
      <trkpt lat="52.553664771839976" lon="4.720614440739155">
        <ele>-6.0</ele>
      </trkpt>
      <trkpt lat="52.553654462099075" lon="4.720641179010272">
        <ele>-6.0</ele>
      </trkpt>
      <trkpt lat="52.55364591255784" lon="4.720670767128468">
        <ele>-6.0</ele>
      </trkpt>
      <trkpt lat="52.553634932264686" lon="4.720697170123458">
        <ele>-6.0</ele>
      </trkpt>
      <trkpt lat="52.55362194031477" lon="4.720719633623958">
        <ele>-5.599999904632568</ele>
      </trkpt>
      <trkpt lat="52.55361054092646" lon="4.720737738534808">
        <ele>-5.400000095367432</ele>
      </trkpt>
      <trkpt lat="52.55359671078622" lon="4.720754837617278">
        <ele>-5.199999809265137</ele>
      </trkpt>
      <trkpt lat="52.5535874068737" lon="4.720773193985224">
        <ele>-5.199999809265137</ele>
      </trkpt>
      <trkpt lat="52.5535755045712" lon="4.720797501504421">
        <ele>-5.199999809265137</ele>
      </trkpt>
      <trkpt lat="52.55356712266803" lon="4.720811164006591">
        <ele>-5.199999809265137</ele>
      </trkpt>
      <trkpt lat="52.553555304184556" lon="4.720833040773869">
        <ele>-5.199999809265137</ele>
      </trkpt>
      <trkpt lat="52.55354566499591" lon="4.720853408798575">
        <ele>-5.400000095367432</ele>
      </trkpt>
      <trkpt lat="52.55353342741728" lon="4.720877716317773">
        <ele>-5.400000095367432</ele>
      </trkpt>
      <trkpt lat="52.55352227948606" lon="4.720905879512429">
        <ele>-5.599999904632568</ele>
      </trkpt>
      <trkpt lat="52.553511299192905" lon="4.720929516479373">
        <ele>-5.599999904632568</ele>
      </trkpt>
      <trkpt lat="52.55349772050977" lon="4.720950052142143">
        <ele>-5.599999904632568</ele>
      </trkpt>
      <trkpt lat="52.55348699167371" lon="4.720967402681708">
        <ele>-5.599999904632568</ele>
      </trkpt>
      <trkpt lat="52.55347198806703" lon="4.72098215483129">
        <ele>-5.599999904632568</ele>
      </trkpt>
      <trkpt lat="52.55346218124032" lon="4.720997745171189">
        <ele>-5.599999904632568</ele>
      </trkpt>
      <trkpt lat="52.55344801582396" lon="4.7210130002349615">
        <ele>-5.599999904632568</ele>
      </trkpt>
      <trkpt lat="52.55343636497855" lon="4.721027920022607">
        <ele>-5.800000190734863</ele>
      </trkpt>
      <trkpt lat="52.55342563614249" lon="4.721047868952155">
        <ele>-5.800000190734863</ele>
      </trkpt>
      <trkpt lat="52.55341432057321" lon="4.721068404614925">
        <ele>-5.800000190734863</ele>
      </trkpt>
      <trkpt lat="52.553405268117785" lon="4.721088353544474">
        <ele>-5.599999904632568</ele>
      </trkpt>
      <trkpt lat="52.55339470691979" lon="4.721113750711083">
        <ele>-5.599999904632568</ele>
      </trkpt>
      <trkpt lat="52.55338657647371" lon="4.721135124564171">
        <ele>-5.400000095367432</ele>
      </trkpt>
      <trkpt lat="52.553377943113446" lon="4.721163036301732">
        <ele>-5.400000095367432</ele>
      </trkpt>
      <trkpt lat="52.553369142115116" lon="4.721183069050312">
        <ele>-5.199999809265137</ele>
      </trkpt>
      <trkpt lat="52.55335824564099" lon="4.721207041293383">
        <ele>-5.400000095367432</ele>
      </trkpt>
      <trkpt lat="52.55334592424333" lon="4.721227074041963">
        <ele>-5.599999904632568</ele>
      </trkpt>
      <trkpt lat="52.553333435207605" lon="4.721245765686035">
        <ele>-5.599999904632568</ele>
      </trkpt>
      <trkpt lat="52.5533199403435" lon="4.721259847283363">
        <ele>-5.800000190734863</ele>
      </trkpt>
      <trkpt lat="52.553307032212615" lon="4.721278036013246">
        <ele>-5.800000190734863</ele>
      </trkpt>
      <trkpt lat="52.55329471081495" lon="4.721296979114413">
        <ele>-5.800000190734863</ele>
      </trkpt>
      <trkpt lat="52.553284568712115" lon="4.721318269148469">
        <ele>-5.800000190734863</ele>
      </trkpt>
      <trkpt lat="52.5532715767622" lon="4.7213375475257635">
        <ele>-5.800000190734863</ele>
      </trkpt>
      <trkpt lat="52.553260177373886" lon="4.721356239169836">
        <ele>-5.800000190734863</ele>
      </trkpt>
      <trkpt lat="52.55324760451913" lon="4.7213764395564795">
        <ele>-5.400000095367432</ele>
      </trkpt>
      <trkpt lat="52.553237127140164" lon="4.721395550295711">
        <ele>-5.199999809265137</ele>
      </trkpt>
      <trkpt lat="52.55322556011379" lon="4.721419773995876">
        <ele>-5.199999809265137</ele>
      </trkpt>
      <trkpt lat="52.55321499891579" lon="4.721442153677344">
        <ele>-5.199999809265137</ele>
      </trkpt>
      <trkpt lat="52.55320460535586" lon="4.7214677184820175">
        <ele>-5.199999809265137</ele>
      </trkpt>
      <trkpt lat="52.553198067471385" lon="4.721490601077676">
        <ele>-5.0</ele>
      </trkpt>
      <trkpt lat="52.55318960174918" lon="4.721517423167825">
        <ele>-5.0</ele>
      </trkpt>
      <trkpt lat="52.553181387484074" lon="4.721546089276671">
        <ele>-4.800000190734863</ele>
      </trkpt>
      <trkpt lat="52.553173257038" lon="4.721574252471328">
        <ele>-5.0</ele>
      </trkpt>
      <trkpt lat="52.55316403694451" lon="4.721599565818906">
        <ele>-5.199999809265137</ele>
      </trkpt>
      <trkpt lat="52.55315347574651" lon="4.721620604395866">
        <ele>-5.199999809265137</ele>
      </trkpt>
      <trkpt lat="52.55314065143466" lon="4.721637200564146">
        <ele>-5.400000095367432</ele>
      </trkpt>
      <trkpt lat="52.55313201807439" lon="4.721653880551457">
        <ele>-5.599999904632568</ele>
      </trkpt>
      <trkpt lat="52.55312338471413" lon="4.7216712310910225">
        <ele>-5.800000190734863</ele>
      </trkpt>
      <trkpt lat="52.55311584100127" lon="4.721685731783509">
        <ele>-5.800000190734863</ele>
      </trkpt>
      <trkpt lat="52.55309823900461" lon="4.72168480977416">
        <ele>-5.800000190734863</ele>
      </trkpt>
      <trkpt lat="52.553078373894095" lon="4.721688078716397">
        <ele>-5.599999904632568</ele>
      </trkpt>
      <trkpt lat="52.5530643761158" lon="4.721696795895696">
        <ele>-5.599999904632568</ele>
      </trkpt>
      <trkpt lat="52.55304493010044" lon="4.721712721511722">
        <ele>-5.599999904632568</ele>
      </trkpt>
      <trkpt lat="52.55303059704602" lon="4.72172730602324">
        <ele>-5.599999904632568</ele>
      </trkpt>
      <trkpt lat="52.553018694743514" lon="4.721748176962137">
        <ele>-5.599999904632568</ele>
      </trkpt>
      <trkpt lat="52.55300235003233" lon="4.7217669524252415">
        <ele>-5.599999904632568</ele>
      </trkpt>
      <trkpt lat="52.552988016977906" lon="4.721787236630917">
        <ele>-5.800000190734863</ele>
      </trkpt>
      <trkpt lat="52.5529726780951" lon="4.72180986776948">
        <ele>-5.800000190734863</ele>
      </trkpt>
      <trkpt lat="52.55295993760228" lon="4.721831325441599">
        <ele>-5.800000190734863</ele>
      </trkpt>
      <trkpt lat="52.55295138806105" lon="4.721862589940429">
        <ele>-5.800000190734863</ele>
      </trkpt>
      <trkpt lat="52.5529435928911" lon="4.721886729821563">
        <ele>-5.800000190734863</ele>
      </trkpt>
      <trkpt lat="52.55293822847307" lon="4.721914809197187">
        <ele>-5.800000190734863</ele>
      </trkpt>
      <trkpt lat="52.55293009802699" lon="4.721939284354448">
        <ele>-5.800000190734863</ele>
      </trkpt>
      <trkpt lat="52.55292473360896" lon="4.721968788653612">
        <ele>-5.800000190734863</ele>
      </trkpt>
      <trkpt lat="52.552916100248694" lon="4.721994940191507">
        <ele>-5.800000190734863</ele>
      </trkpt>
      <trkpt lat="52.552913166582584" lon="4.722021510824561">
        <ele>-5.800000190734863</ele>
      </trkpt>
      <trkpt lat="52.55290696397424" lon="4.722049506381154">
        <ele>-5.800000190734863</ele>
      </trkpt>
      <trkpt lat="52.55290268920362" lon="4.7220744006335735">
        <ele>-5.599999904632568</ele>
      </trkpt>
      <trkpt lat="52.552895061671734" lon="4.722100887447596">
        <ele>-5.599999904632568</ele>
      </trkpt>
      <trkpt lat="52.55288911052048" lon="4.722125781700015">
        <ele>-5.400000095367432</ele>
      </trkpt>
      <trkpt lat="52.552881399169564" lon="4.7221518494188786">
        <ele>-5.400000095367432</ele>
      </trkpt>
      <trkpt lat="52.55287528038025" lon="4.722175151109695">
        <ele>-5.599999904632568</ele>
      </trkpt>
      <trkpt lat="52.552866814658046" lon="4.722201470285654">
        <ele>-5.599999904632568</ele>
      </trkpt>
      <trkpt lat="52.552859438583255" lon="4.722227118909359">
        <ele>-5.599999904632568</ele>
      </trkpt>
      <trkpt lat="52.55285046994686" lon="4.72225402481854">
        <ele>-5.400000095367432</ele>
      </trkpt>
      <trkpt lat="52.55284259095788" lon="4.722278164699674">
        <ele>-5.599999904632568</ele>
      </trkpt>
      <trkpt lat="52.552832029759884" lon="4.722307333722711">
        <ele>-5.599999904632568</ele>
      </trkpt>
      <trkpt lat="52.55282348021865" lon="4.7223323956131935">
        <ele>-5.599999904632568</ele>
      </trkpt>
      <trkpt lat="52.55281459540129" lon="4.722358547151089">
        <ele>-5.599999904632568</ele>
      </trkpt>
      <trkpt lat="52.55280495621264" lon="4.722383776679635">
        <ele>-5.400000095367432</ele>
      </trkpt>
      <trkpt lat="52.5527966581285" lon="4.722410012036562">
        <ele>-5.400000095367432</ele>
      </trkpt>
      <trkpt lat="52.55278693512082" lon="4.722438510507345">
        <ele>-5.400000095367432</ele>
      </trkpt>
      <trkpt lat="52.552778301760554" lon="4.722462315112352">
        <ele>-5.400000095367432</ele>
      </trkpt>
      <trkpt lat="52.55277025513351" lon="4.722485868260264">
        <ele>-5.400000095367432</ele>
      </trkpt>
      <trkpt lat="52.55276430398226" lon="4.722511265426874">
        <ele>-5.400000095367432</ele>
      </trkpt>
      <trkpt lat="52.55275382660329" lon="4.722535237669945">
        <ele>-5.400000095367432</ele>
      </trkpt>
      <trkpt lat="52.55274628289044" lon="4.7225547675043344">
        <ele>-5.400000095367432</ele>
      </trkpt>
      <trkpt lat="52.55273915827274" lon="4.722574045881629">
        <ele>-5.400000095367432</ele>
      </trkpt>
      <trkpt lat="52.55273153074086" lon="4.722595252096653">
        <ele>-5.400000095367432</ele>
      </trkpt>
      <trkpt lat="52.55272666923702" lon="4.7226133570075035">
        <ele>-5.599999904632568</ele>
      </trkpt>
      <trkpt lat="52.55272105336189" lon="4.72263322211802">
        <ele>-5.599999904632568</ele>
      </trkpt>
      <trkpt lat="52.55271309055388" lon="4.7226532548666">
        <ele>-5.599999904632568</ele>
      </trkpt>
      <trkpt lat="52.55270663648844" lon="4.722674963995814">
        <ele>-5.800000190734863</ele>
      </trkpt>
      <trkpt lat="52.55270043388009" lon="4.722701366990805">
        <ele>-5.800000190734863</ele>
      </trkpt>
      <trkpt lat="52.55269406363368" lon="4.722725003957748">
        <ele>-5.800000190734863</ele>
      </trkpt>
      <trkpt lat="52.5526845920831" lon="4.722756519913673">
        <ele>-5.400000095367432</ele>
      </trkpt>
      <trkpt lat="52.5526774674654" lon="4.722785437479615">
        <ele>-5.400000095367432</ele>
      </trkpt>
      <trkpt lat="52.55266975611448" lon="4.722818545997143">
        <ele>-5.400000095367432</ele>
      </trkpt>
      <trkpt lat="52.55266363732517" lon="4.722846457734704">
        <ele>-5.199999809265137</ele>
      </trkpt>
      <trkpt lat="52.55265802145004" lon="4.7228799015283585">
        <ele>-5.400000095367432</ele>
      </trkpt>
      <trkpt lat="52.55265483632684" lon="4.722912926226854">
        <ele>-5.400000095367432</ele>
      </trkpt>
      <trkpt lat="52.55265005864203" lon="4.722944023087621">
        <ele>-5.400000095367432</ele>
      </trkpt>
      <trkpt lat="52.55264234729111" lon="4.7229762095957994">
        <ele>-5.400000095367432</ele>
      </trkpt>
      <trkpt lat="52.55263480357826" lon="4.723008396103978">
        <ele>-5.599999904632568</ele>
      </trkpt>
      <trkpt lat="52.55262960679829" lon="4.723041336983442">
        <ele>-5.599999904632568</ele>
      </trkpt>
      <trkpt lat="52.552624410018325" lon="4.723070841282606">
        <ele>-5.599999904632568</ele>
      </trkpt>
      <trkpt lat="52.55261845886707" lon="4.7231031116098166">
        <ele>-5.599999904632568</ele>
      </trkpt>
      <trkpt lat="52.55261066369712" lon="4.723131274804473">
        <ele>-5.599999904632568</ele>
      </trkpt>
      <trkpt lat="52.552600437775254" lon="4.723156923428178">
        <ele>-5.400000095367432</ele>
      </trkpt>
      <trkpt lat="52.552592726424336" lon="4.723180308938026">
        <ele>-5.599999904632568</ele>
      </trkpt>
      <trkpt lat="52.55258208140731" lon="4.723206125199795">
        <ele>-5.400000095367432</ele>
      </trkpt>
      <trkpt lat="52.55257336422801" lon="4.723229929804802">
        <ele>-5.400000095367432</ele>
      </trkpt>
      <trkpt lat="52.552560875192285" lon="4.723247950896621">
        <ele>-5.400000095367432</ele>
      </trkpt>
      <trkpt lat="52.552551068365574" lon="4.723260523751378">
        <ele>-5.400000095367432</ele>
      </trkpt>
      <trkpt lat="52.55253883078694" lon="4.723278461024165">
        <ele>-5.199999809265137</ele>
      </trkpt>
      <trkpt lat="52.55252843722701" lon="4.723293213173747">
        <ele>-5.199999809265137</ele>
      </trkpt>
      <trkpt lat="52.55251770839095" lon="4.723315676674247">
        <ele>-5.199999809265137</ele>
      </trkpt>
      <trkpt lat="52.55250823684037" lon="4.7233410738408566">
        <ele>-5.199999809265137</ele>
      </trkpt>
      <trkpt lat="52.55250002257526" lon="4.723368650302291">
        <ele>-5.199999809265137</ele>
      </trkpt>
      <trkpt lat="52.552490970119834" lon="4.72339890897274">
        <ele>-5.199999809265137</ele>
      </trkpt>
      <trkpt lat="52.552482169121504" lon="4.723426653072238">
        <ele>-5.199999809265137</ele>
      </trkpt>
      <trkpt lat="52.55247412249446" lon="4.723458085209131">
        <ele>-5.199999809265137</ele>
      </trkpt>
      <trkpt lat="52.5524668302387" lon="4.723484739661217">
        <ele>-5.0</ele>
      </trkpt>
      <trkpt lat="52.55245744250715" lon="4.723512902855873">
        <ele>-5.0</ele>
      </trkpt>
      <trkpt lat="52.55245023407042" lon="4.723535533994436">
        <ele>-5.0</ele>
      </trkpt>
      <trkpt lat="52.55243942141533" lon="4.723558500409126">
        <ele>-5.0</ele>
      </trkpt>
      <trkpt lat="52.55243120715022" lon="4.7235784493386745">
        <ele>-5.199999809265137</ele>
      </trkpt>
      <trkpt lat="52.552419137209654" lon="4.72359579987824">
        <ele>-5.199999809265137</ele>
      </trkpt>
      <trkpt lat="52.55240865983069" lon="4.7236093785613775">
        <ele>-5.400000095367432</ele>
      </trkpt>
      <trkpt lat="52.55239658989012" lon="4.723627232015133">
        <ele>-5.400000095367432</ele>
      </trkpt>
      <trkpt lat="52.552385525777936" lon="4.72364760003984">
        <ele>-5.400000095367432</ele>
      </trkpt>
      <trkpt lat="52.55237454548478" lon="4.723671488463879">
        <ele>-5.599999904632568</ele>
      </trkpt>
      <trkpt lat="52.55236415192485" lon="4.723699819296598">
        <ele>-5.400000095367432</ele>
      </trkpt>
      <trkpt lat="52.55235409364104" lon="4.723724042996764">
        <ele>-5.400000095367432</ele>
      </trkpt>
      <trkpt lat="52.55234504118562" lon="4.723747093230486">
        <ele>-5.400000095367432</ele>
      </trkpt>
      <trkpt lat="52.55233590491116" lon="4.723769053816795">
        <ele>-5.199999809265137</ele>
      </trkpt>
      <trkpt lat="52.552325846627355" lon="4.723792690783739">
        <ele>-5.0</ele>
      </trkpt>
      <trkpt lat="52.55231746472418" lon="4.723815657198429">
        <ele>-4.800000190734863</ele>
      </trkpt>
      <trkpt lat="52.55230573005974" lon="4.7238376177847385">
        <ele>-4.800000190734863</ele>
      </trkpt>
      <trkpt lat="52.55229466594756" lon="4.723862009122968">
        <ele>-4.800000190734863</ele>
      </trkpt>
      <trkpt lat="52.55228159017861" lon="4.72388606518507">
        <ele>-4.800000190734863</ele>
      </trkpt>
      <trkpt lat="52.5522699393332" lon="4.723906936123967">
        <ele>-4.800000190734863</ele>
      </trkpt>
      <trkpt lat="52.55225853994489" lon="4.723930656909943">
        <ele>-5.0</ele>
      </trkpt>
      <trkpt lat="52.552248146384954" lon="4.723955886438489">
        <ele>-5.199999809265137</ele>
      </trkpt>
      <trkpt lat="52.552238423377275" lon="4.723980277776718">
        <ele>-5.400000095367432</ele>
      </trkpt>
      <trkpt lat="52.55222677253187" lon="4.724001148715615">
        <ele>-5.400000095367432</ele>
      </trkpt>
      <trkpt lat="52.552218306809664" lon="4.724019756540656">
        <ele>-5.400000095367432</ele>
      </trkpt>
      <trkpt lat="52.55220632068813" lon="4.724036185070872">
        <ele>-5.400000095367432</ele>
      </trkpt>
      <trkpt lat="52.55219668149948" lon="4.724046662449837">
        <ele>-5.199999809265137</ele>
      </trkpt>
      <trkpt lat="52.55218427628279" lon="4.724062504246831">
        <ele>-5.400000095367432</ele>
      </trkpt>
      <trkpt lat="52.552173379808664" lon="4.724081950262189">
        <ele>-5.400000095367432</ele>
      </trkpt>
      <trkpt lat="52.55216147750616" lon="4.7241035755723715">
        <ele>-5.199999809265137</ele>
      </trkpt>
      <trkpt lat="52.55215116776526" lon="4.724125619977713">
        <ele>-5.599999904632568</ele>
      </trkpt>
      <trkpt lat="52.55213951691985" lon="4.724147664383054">
        <ele>-5.800000190734863</ele>
      </trkpt>
      <trkpt lat="52.552126692608" lon="4.724169122055173">
        <ele>-5.800000190734863</ele>
      </trkpt>
      <trkpt lat="52.552114790305495" lon="4.724186304956675">
        <ele>-5.800000190734863</ele>
      </trkpt>
      <trkpt lat="52.55210096016526" lon="4.724202398210764">
        <ele>-5.599999904632568</ele>
      </trkpt>
      <trkpt lat="52.55209073424339" lon="4.7242178209126">
        <ele>-5.400000095367432</ele>
      </trkpt>
      <trkpt lat="52.55207824520767" lon="4.724238524213433">
        <ele>-5.599999904632568</ele>
      </trkpt>
      <trkpt lat="52.55207061767578" lon="4.724259814247489">
        <ele>-5.599999904632568</ele>
      </trkpt>
      <trkpt lat="52.552061565220356" lon="4.7242802660912275">
        <ele>-5.400000095367432</ele>
      </trkpt>
      <trkpt lat="52.552052177488804" lon="4.724299795925617">
        <ele>-5.800000190734863</ele>
      </trkpt>
      <trkpt lat="52.55204161629081" lon="4.724320080131292">
        <ele>-5.800000190734863</ele>
      </trkpt>
      <trkpt lat="52.55202845670283" lon="4.724338352680206">
        <ele>-5.800000190734863</ele>
      </trkpt>
      <trkpt lat="52.5520178116858" lon="4.724358217790723">
        <ele>-5.599999904632568</ele>
      </trkpt>
      <trkpt lat="52.55200540646911" lon="4.724376993253827">
        <ele>-5.400000095367432</ele>
      </trkpt>
      <trkpt lat="52.55199727602303" lon="4.724394930526614">
        <ele>-5.400000095367432</ele>
      </trkpt>
      <trkpt lat="52.551985708996654" lon="4.724414711818099">
        <ele>-5.199999809265137</ele>
      </trkpt>
      <trkpt lat="52.55197682417929" lon="4.724431559443474">
        <ele>-5.0</ele>
      </trkpt>
      <trkpt lat="52.55196467041969" lon="4.724451592192054">
        <ele>-5.0</ele>
      </trkpt>
      <trkpt lat="52.551953103393316" lon="4.7244687750935555">
        <ele>-5.199999809265137</ele>
      </trkpt>
      <trkpt lat="52.551939357072115" lon="4.724487382918596">
        <ele>-5.400000095367432</ele>
      </trkpt>
      <trkpt lat="52.55192644894123" lon="4.724509343504906">
        <ele>-5.400000095367432</ele>
      </trkpt>
      <trkpt lat="52.551913037896156" lon="4.724529962986708">
        <ele>-5.199999809265137</ele>
      </trkpt>
      <trkpt lat="52.551899291574955" lon="4.724548486992717">
        <ele>-5.199999809265137</ele>
      </trkpt>
      <trkpt lat="52.551888562738895" lon="4.72456332296133">
        <ele>-5.0</ele>
      </trkpt>
      <trkpt lat="52.551874816417694" lon="4.724577907472849">
        <ele>-5.0</ele>
      </trkpt>
      <trkpt lat="52.55186207592487" lon="4.724592994898558">
        <ele>-5.0</ele>
      </trkpt>
      <trkpt lat="52.55184791050851" lon="4.72460875287652">
        <ele>-5.199999809265137</ele>
      </trkpt>
      <trkpt lat="52.551837265491486" lon="4.7246248461306095">
        <ele>-5.199999809265137</ele>
      </trkpt>
      <trkpt lat="52.55182377062738" lon="4.724638005718589">
        <ele>-5.199999809265137</ele>
      </trkpt>
      <trkpt lat="52.55180952139199" lon="4.724647058174014">
        <ele>-5.199999809265137</ele>
      </trkpt>
      <trkpt lat="52.551795188337564" lon="4.724653596058488">
        <ele>-5.199999809265137</ele>
      </trkpt>
      <trkpt lat="52.551781525835395" lon="4.724661810323596">
        <ele>-5.199999809265137</ele>
      </trkpt>
      <trkpt lat="52.55176819860935" lon="4.7246713656932116">
        <ele>-5.199999809265137</ele>
      </trkpt>
      <trkpt lat="52.551754117012024" lon="4.724681507796049">
        <ele>-5.199999809265137</ele>
      </trkpt>
      <trkpt lat="52.55173928104341" lon="4.724687542766333">
        <ele>-5.0</ele>
      </trkpt>
      <trkpt lat="52.55171983502805" lon="4.724690644070506">
        <ele>-5.0</ele>
      </trkpt>
      <trkpt lat="52.55170365795493" lon="4.724690895527601">
        <ele>-5.0</ele>
      </trkpt>
      <trkpt lat="52.55168689414859" lon="4.724692152813077">
        <ele>-5.0</ele>
      </trkpt>
      <trkpt lat="52.55167096853256" lon="4.724688716232777">
        <ele>-5.0</ele>
      </trkpt>
      <trkpt lat="52.55165437236428" lon="4.724684776738286">
        <ele>-5.0</ele>
      </trkpt>
      <trkpt lat="52.55163702182472" lon="4.724677987396717">
        <ele>-4.800000190734863</ele>
      </trkpt>
      <trkpt lat="52.551619336009026" lon="4.724670359864831">
        <ele>-4.800000190734863</ele>
      </trkpt>
      <trkpt lat="52.551602656021714" lon="4.724663989618421">
        <ele>-4.800000190734863</ele>
      </trkpt>
      <trkpt lat="52.55158589221537" lon="4.724655942991376">
        <ele>-4.800000190734863</ele>
      </trkpt>
      <trkpt lat="52.55156988278031" lon="4.724647309631109">
        <ele>-4.800000190734863</ele>
      </trkpt>
      <trkpt lat="52.55155395716429" lon="4.7246322222054005">
        <ele>-4.800000190734863</ele>
      </trkpt>
      <trkpt lat="52.55153853446245" lon="4.724619397893548">
        <ele>-4.800000190734863</ele>
      </trkpt>
      <trkpt lat="52.55152462050319" lon="4.724603975191712">
        <ele>-4.800000190734863</ele>
      </trkpt>
      <trkpt lat="52.55151053890586" lon="4.72458821721375">
        <ele>-5.0</ele>
      </trkpt>
      <trkpt lat="52.55149729549885" lon="4.724567597731948">
        <ele>-5.199999809265137</ele>
      </trkpt>
      <trkpt lat="52.55148354917765" lon="4.724549409002066">
        <ele>-5.199999809265137</ele>
      </trkpt>
      <trkpt lat="52.55147013813257" lon="4.724532896652818">
        <ele>-5.199999809265137</ele>
      </trkpt>
      <trkpt lat="52.5514567270875" lon="4.7245164681226015">
        <ele>-5.199999809265137</ele>
      </trkpt>
      <trkpt lat="52.55144356749952" lon="4.724497525021434">
        <ele>-5.199999809265137</ele>
      </trkpt>
      <trkpt lat="52.55142940208316" lon="4.724476570263505">
        <ele>-5.199999809265137</ele>
      </trkpt>
      <trkpt lat="52.55141766741872" lon="4.724454693496227">
        <ele>-5.0</ele>
      </trkpt>
      <trkpt lat="52.5514049269259" lon="4.724432900547981">
        <ele>-5.0</ele>
      </trkpt>
      <trkpt lat="52.55139419808984" lon="4.724409095942974">
        <ele>-5.0</ele>
      </trkpt>
      <trkpt lat="52.551381876692176" lon="4.724384788423777">
        <ele>-5.199999809265137</ele>
      </trkpt>
      <trkpt lat="52.551371064037085" lon="4.724359977990389">
        <ele>-5.199999809265137</ele>
      </trkpt>
      <trkpt lat="52.55135907791555" lon="4.724335838109255">
        <ele>-5.199999809265137</ele>
      </trkpt>
      <trkpt lat="52.55134901963174" lon="4.724311027675867">
        <ele>-5.199999809265137</ele>
      </trkpt>
      <trkpt lat="52.55133720114827" lon="4.724285211414099">
        <ele>-5.199999809265137</ele>
      </trkpt>
      <trkpt lat="52.551327059045434" lon="4.724262496456504">
        <ele>-5.199999809265137</ele>
      </trkpt>
      <trkpt lat="52.551315911114216" lon="4.724239446222782">
        <ele>-5.199999809265137</ele>
      </trkpt>
      <trkpt lat="52.55130551755428" lon="4.724216228350997">
        <ele>-5.199999809265137</ele>
      </trkpt>
      <trkpt lat="52.55129378288984" lon="4.724191082641482">
        <ele>-5.199999809265137</ele>
      </trkpt>
      <trkpt lat="52.551284059882164" lon="4.724167613312602">
        <ele>-5.199999809265137</ele>
      </trkpt>
      <trkpt lat="52.55127349868417" lon="4.724142635241151">
        <ele>-5.199999809265137</ele>
      </trkpt>
      <trkpt lat="52.55126385949552" lon="4.724115394055843">
        <ele>-5.199999809265137</ele>
      </trkpt>
      <trkpt lat="52.55125354975462" lon="4.724088404327631">
        <ele>-5.199999809265137</ele>
      </trkpt>
      <trkpt lat="52.551243994385004" lon="4.724062168970704">
        <ele>-5.199999809265137</ele>
      </trkpt>
      <trkpt lat="52.55123360082507" lon="4.724036855623126">
        <ele>-5.199999809265137</ele>
      </trkpt>
      <trkpt lat="52.55122312344611" lon="4.724010955542326">
        <ele>-5.199999809265137</ele>
      </trkpt>
      <trkpt lat="52.55120996385813" lon="4.723985558375716">
        <ele>-5.199999809265137</ele>
      </trkpt>
      <trkpt lat="52.55119889974594" lon="4.723962089046836">
        <ele>-5.199999809265137</ele>
      </trkpt>
      <trkpt lat="52.55118666216731" lon="4.723939122632146">
        <ele>-5.199999809265137</ele>
      </trkpt>
      <trkpt lat="52.55117534659803" lon="4.723917664960027">
        <ele>-5.199999809265137</ele>
      </trkpt>
      <trkpt lat="52.5511628575623" lon="4.723896458745003">
        <ele>-5.199999809265137</ele>
      </trkpt>
      <trkpt lat="52.55115288309753" lon="4.723877012729645">
        <ele>-5.400000095367432</ele>
      </trkpt>
      <trkpt lat="52.5511406455189" lon="4.723854046314955">
        <ele>-5.599999904632568</ele>
      </trkpt>
      <trkpt lat="52.551129162311554" lon="4.7238311637192965">
        <ele>-5.599999904632568</ele>
      </trkpt>
      <trkpt lat="52.55111709237099" lon="4.723809873685241">
        <ele>-5.800000190734863</ele>
      </trkpt>
      <trkpt lat="52.551105273887515" lon="4.723787494003773">
        <ele>-6.0</ele>
      </trkpt>
      <trkpt lat="52.551092617213726" lon="4.723767293617129">
        <ele>-5.800000190734863</ele>
      </trkpt>
      <trkpt lat="52.55108004435897" lon="4.723746841773391">
        <ele>-6.0</ele>
      </trkpt>
      <trkpt lat="52.55106780678034" lon="4.723728820681572">
        <ele>-5.800000190734863</ele>
      </trkpt>
      <trkpt lat="52.55105380900204" lon="4.72370820119977">
        <ele>-5.800000190734863</ele>
      </trkpt>
      <trkpt lat="52.55103997886181" lon="4.723688839003444">
        <ele>-5.800000190734863</ele>
      </trkpt>
      <trkpt lat="52.55102690309286" lon="4.723672159016132">
        <ele>-5.800000190734863</ele>
      </trkpt>
      <trkpt lat="52.551013911142945" lon="4.723656065762043">
        <ele>-5.800000190734863</ele>
      </trkpt>
      <trkpt lat="52.5510005839169" lon="4.723640978336334">
        <ele>-5.800000190734863</ele>
      </trkpt>
      <trkpt lat="52.550986502319574" lon="4.723627148196101">
        <ele>-5.599999904632568</ele>
      </trkpt>
      <trkpt lat="52.5509730912745" lon="4.723613318055868">
        <ele>-5.599999904632568</ele>
      </trkpt>
      <trkpt lat="52.55095900967717" lon="4.723598985001445">
        <ele>-5.400000095367432</ele>
      </trkpt>
      <trkpt lat="52.55094417370856" lon="4.723583729937673">
        <ele>-5.400000095367432</ele>
      </trkpt>
      <trkpt lat="52.55092950537801" lon="4.723568307235837">
        <ele>-5.400000095367432</ele>
      </trkpt>
      <trkpt lat="52.55091408267617" lon="4.723550537601113">
        <ele>-5.400000095367432</ele>
      </trkpt>
      <trkpt lat="52.55089966580272" lon="4.723532181233168">
        <ele>-5.400000095367432</ele>
      </trkpt>
      <trkpt lat="52.550884913653135" lon="4.723515082150698">
        <ele>-5.400000095367432</ele>
      </trkpt>
      <trkpt lat="52.550869323313236" lon="4.723498402163386">
        <ele>-5.400000095367432</ele>
      </trkpt>
      <trkpt lat="52.55085373297334" lon="4.7234815545380116">
        <ele>-5.400000095367432</ele>
      </trkpt>
      <trkpt lat="52.55083889700472" lon="4.72346680238843">
        <ele>-5.199999809265137</ele>
      </trkpt>
      <trkpt lat="52.55082364194095" lon="4.723450122401118">
        <ele>-5.199999809265137</ele>
      </trkpt>
      <trkpt lat="52.55080905742943" lon="4.723435370251536">
        <ele>-5.199999809265137</ele>
      </trkpt>
      <trkpt lat="52.55079430527985" lon="4.723419109359384">
        <ele>-5.199999809265137</ele>
      </trkpt>
      <trkpt lat="52.5507796369493" lon="4.723404524847865">
        <ele>-5.199999809265137</ele>
      </trkpt>
      <trkpt lat="52.55076396279037" lon="4.723388683050871">
        <ele>-5.199999809265137</ele>
      </trkpt>
      <trkpt lat="52.5507487077266" lon="4.723375020548701">
        <ele>-5.199999809265137</ele>
      </trkpt>
      <trkpt lat="52.5507331173867" lon="4.723359178751707">
        <ele>-5.400000095367432</ele>
      </trkpt>
      <trkpt lat="52.550717778503895" lon="4.723345935344696">
        <ele>-5.599999904632568</ele>
      </trkpt>
      <trkpt lat="52.55070202052593" lon="4.723331853747368">
        <ele>-5.599999904632568</ele>
      </trkpt>
      <trkpt lat="52.55068676546216" lon="4.7233192808926105">
        <ele>-5.400000095367432</ele>
      </trkpt>
      <trkpt lat="52.55067117512226" lon="4.723305031657219">
        <ele>-5.400000095367432</ele>
      </trkpt>
      <trkpt lat="52.55065608769655" lon="4.723291955888271">
        <ele>-5.400000095367432</ele>
      </trkpt>
      <trkpt lat="52.550641587004066" lon="4.723279299214482">
        <ele>-5.400000095367432</ele>
      </trkpt>
      <trkpt lat="52.55062666721642" lon="4.723263960331678">
        <ele>-5.400000095367432</ele>
      </trkpt>
      <trkpt lat="52.55061065778136" lon="4.723252393305302">
        <ele>-5.400000095367432</ele>
      </trkpt>
      <trkpt lat="52.55059598945081" lon="4.72323814406991">
        <ele>-5.400000095367432</ele>
      </trkpt>
      <trkpt lat="52.55058081820607" lon="4.723226744681597">
        <ele>-5.199999809265137</ele>
      </trkpt>
      <trkpt lat="52.55056589841843" lon="4.723213501274586">
        <ele>-5.400000095367432</ele>
      </trkpt>
      <trkpt lat="52.55055081099272" lon="4.723200090229511">
        <ele>-5.400000095367432</ele>
      </trkpt>
      <trkpt lat="52.550536561757326" lon="4.723186008632183">
        <ele>-5.400000095367432</ele>
      </trkpt>
      <trkpt lat="52.55052155815065" lon="4.723173938691616">
        <ele>-5.400000095367432</ele>
      </trkpt>
      <trkpt lat="52.55050538107753" lon="4.72315994091332">
        <ele>-5.400000095367432</ele>
      </trkpt>
      <trkpt lat="52.55049037747085" lon="4.723148038610816">
        <ele>-5.400000095367432</ele>
      </trkpt>
      <trkpt lat="52.550475373864174" lon="4.723135465756059">
        <ele>-5.599999904632568</ele>
      </trkpt>
      <trkpt lat="52.55046020261943" lon="4.72312280908227">
        <ele>-5.599999904632568</ele>
      </trkpt>
      <trkpt lat="52.550445618107915" lon="4.723111493512988">
        <ele>-5.599999904632568</ele>
      </trkpt>
      <trkpt lat="52.55043036304414" lon="4.72309741191566">
        <ele>-5.599999904632568</ele>
      </trkpt>
      <trkpt lat="52.55041569471359" lon="4.723084084689617">
        <ele>-5.400000095367432</ele>
      </trkpt>
      <trkpt lat="52.55040052346885" lon="4.723070757463574">
        <ele>-5.599999904632568</ele>
      </trkpt>
      <trkpt lat="52.55038677714765" lon="4.723056927323341">
        <ele>-5.400000095367432</ele>
      </trkpt>
      <trkpt lat="52.550372779369354" lon="4.723041839897633">
        <ele>-5.199999809265137</ele>
      </trkpt>
      <trkpt lat="52.550358111038804" lon="4.723027590662241">
        <ele>-5.0</ele>
      </trkpt>
      <trkpt lat="52.55034235306084" lon="4.7230135928839445">
        <ele>-5.0</ele>
      </trkpt>
      <trkpt lat="52.55032969638705" lon="4.72299674525857">
        <ele>-5.199999809265137</ele>
      </trkpt>
      <trkpt lat="52.550313686951995" lon="4.7229820769280195">
        <ele>-5.199999809265137</ele>
      </trkpt>
      <trkpt lat="52.550297090783715" lon="4.722970677539706">
        <ele>-5.199999809265137</ele>
      </trkpt>
      <trkpt lat="52.55028074607253" lon="4.722957769408822">
        <ele>-5.199999809265137</ele>
      </trkpt>
      <trkpt lat="52.5502632278949" lon="4.722946621477604">
        <ele>-5.199999809265137</ele>
      </trkpt>
      <trkpt lat="52.550246715545654" lon="4.722935138270259">
        <ele>-5.199999809265137</ele>
      </trkpt>
      <trkpt lat="52.55023037083447" lon="4.72292541526258">
        <ele>-5.199999809265137</ele>
      </trkpt>
      <trkpt lat="52.55021461285651" lon="4.722912758588791">
        <ele>-5.199999809265137</ele>
      </trkpt>
      <trkpt lat="52.5501995254308" lon="4.722903035581112">
        <ele>-5.199999809265137</ele>
      </trkpt>
      <trkpt lat="52.550185192376375" lon="4.7228857688605785">
        <ele>-5.199999809265137</ele>
      </trkpt>
      <trkpt lat="52.550170104950666" lon="4.722874788567424">
        <ele>-5.199999809265137</ele>
      </trkpt>
      <trkpt lat="52.55015610717237" lon="4.722859617322683">
        <ele>-5.199999809265137</ele>
      </trkpt>
      <trkpt lat="52.550140684470534" lon="4.72284821793437">
        <ele>-5.400000095367432</ele>
      </trkpt>
      <trkpt lat="52.550126519054174" lon="4.722834387794137">
        <ele>-5.199999809265137</ele>
      </trkpt>
      <trkpt lat="52.550111347809434" lon="4.722820138558745">
        <ele>-5.599999904632568</ele>
      </trkpt>
      <trkpt lat="52.55009659565985" lon="4.722805637866259">
        <ele>-5.599999904632568</ele>
      </trkpt>
      <trkpt lat="52.55008142441511" lon="4.722791640087962">
        <ele>-5.400000095367432</ele>
      </trkpt>
      <trkpt lat="52.55006700754166" lon="4.722775295376778">
        <ele>-5.400000095367432</ele>
      </trkpt>
      <trkpt lat="52.55005208775401" lon="4.722760878503323">
        <ele>-5.599999904632568</ele>
      </trkpt>
      <trkpt lat="52.55003741942346" lon="4.7227423544973135">
        <ele>-5.599999904632568</ele>
      </trkpt>
      <trkpt lat="52.55002283491194" lon="4.722727099433541">
        <ele>-5.599999904632568</ele>
      </trkpt>
      <trkpt lat="52.55000716075301" lon="4.722712347283959">
        <ele>-5.400000095367432</ele>
      </trkpt>
      <trkpt lat="52.54999274387956" lon="4.72269918769598">
        <ele>-5.400000095367432</ele>
      </trkpt>
      <trkpt lat="52.54997815936804" lon="4.722686447203159">
        <ele>-5.400000095367432</ele>
      </trkpt>
      <trkpt lat="52.54996541887522" lon="4.722666833549738">
        <ele>-5.400000095367432</ele>
      </trkpt>
      <trkpt lat="52.549953097477555" lon="4.722650991752744">
        <ele>-5.199999809265137</ele>
      </trkpt>
      <trkpt lat="52.54993968643248" lon="4.72263908945024">
        <ele>-5.199999809265137</ele>
      </trkpt>
      <trkpt lat="52.54992736503482" lon="4.7226260136812925">
        <ele>-5.199999809265137</ele>
      </trkpt>
      <trkpt lat="52.549917893484235" lon="4.722613440826535">
        <ele>-5.199999809265137</ele>
      </trkpt>
      <trkpt lat="52.54990842193365" lon="4.722600029781461">
        <ele>-5.199999809265137</ele>
      </trkpt>
      <trkpt lat="52.54989895038307" lon="4.722587373107672">
        <ele>-5.199999809265137</ele>
      </trkpt>
      <trkpt lat="52.54989065229893" lon="4.72257362678647">
        <ele>-5.199999809265137</ele>
      </trkpt>
      <trkpt lat="52.54988302476704" lon="4.7225618083029985">
        <ele>-5.199999809265137</ele>
      </trkpt>
      <trkpt lat="52.54987514577806" lon="4.722548061981797">
        <ele>-5.199999809265137</ele>
      </trkpt>
      <trkpt lat="52.549868524074554" lon="4.722537836059928">
        <ele>-5.599999904632568</ele>
      </trkpt>
      <trkpt lat="52.549861231818795" lon="4.722525849938393">
        <ele>-5.800000190734863</ele>
      </trkpt>
      <trkpt lat="52.549853436648846" lon="4.7225135285407305">
        <ele>-5.800000190734863</ele>
      </trkpt>
      <trkpt lat="52.54984522238374" lon="4.722501626238227">
        <ele>-6.0</ele>
      </trkpt>
      <trkpt lat="52.54983650520444" lon="4.722492070868611">
        <ele>-6.0</ele>
      </trkpt>
      <trkpt lat="52.54982862621546" lon="4.7224861197173595">
        <ele>-6.199999809265137</ele>
      </trkpt>
      <trkpt lat="52.54982183687389" lon="4.7224820125848055">
        <ele>-6.199999809265137</ele>
      </trkpt>
      <trkpt lat="52.54981705918908" lon="4.722480000928044">
        <ele>-6.199999809265137</ele>
      </trkpt>
      <trkpt lat="52.54981127567589" lon="4.722477737814188">
        <ele>-6.0</ele>
      </trkpt>
      <trkpt lat="52.54980591125786" lon="4.722477570176125">
        <ele>-6.199999809265137</ele>
      </trkpt>
      <trkpt lat="52.54980222322047" lon="4.722476396709681">
        <ele>-6.0</ele>
      </trkpt>
      <trkpt lat="52.549799624830484" lon="4.722475726157427">
        <ele>-6.0</ele>
      </trkpt>
      <trkpt lat="52.54979585297406" lon="4.7224717028439045">
        <ele>-5.800000190734863</ele>
      </trkpt>
      <trkpt lat="52.54978923127055" lon="4.72246902063489">
        <ele>-5.800000190734863</ele>
      </trkpt>
      <trkpt lat="52.549782525748014" lon="4.722466757521033">
        <ele>-5.800000190734863</ele>
      </trkpt>
      <trkpt lat="52.54977464675903" lon="4.722462734207511">
        <ele>-5.800000190734863</ele>
      </trkpt>
      <trkpt lat="52.54976358264685" lon="4.722457705065608">
        <ele>-5.800000190734863</ele>
      </trkpt>
      <trkpt lat="52.5497520994395" lon="4.722454268485308">
        <ele>-5.800000190734863</ele>
      </trkpt>
      <trkpt lat="52.54974078387022" lon="4.722444294020534">
        <ele>-5.800000190734863</ele>
      </trkpt>
      <trkpt lat="52.54972770810127" lon="4.722433900460601">
        <ele>-5.800000190734863</ele>
      </trkpt>
      <trkpt lat="52.54971454851329" lon="4.722422836348414">
        <ele>-5.800000190734863</ele>
      </trkpt>
      <trkpt lat="52.54969937726855" lon="4.722410514950752">
        <ele>-5.800000190734863</ele>
      </trkpt>
      <trkpt lat="52.54968554712832" lon="4.722400372847915">
        <ele>-5.800000190734863</ele>
      </trkpt>
      <trkpt lat="52.54967146553099" lon="4.72238888964057">
        <ele>-5.800000190734863</ele>
      </trkpt>
      <trkpt lat="52.54965855740011" lon="4.7223789151757956">
        <ele>-5.800000190734863</ele>
      </trkpt>
      <trkpt lat="52.54964564926922" lon="4.722367683425546">
        <ele>-5.800000190734863</ele>
      </trkpt>
      <trkpt lat="52.54963332787156" lon="4.722357038408518">
        <ele>-5.800000190734863</ele>
      </trkpt>
      <trkpt lat="52.549621257930994" lon="4.722344214096665">
        <ele>-5.800000190734863</ele>
      </trkpt>
      <trkpt lat="52.54961036145687" lon="4.72233172506094">
        <ele>-5.800000190734863</ele>
      </trkpt>
      <trkpt lat="52.54959921352565" lon="4.72232392989099">
        <ele>-5.800000190734863</ele>
      </trkpt>
      <trkpt lat="52.549587143585086" lon="4.722312111407518">
        <ele>-5.599999904632568</ele>
      </trkpt>
      <trkpt lat="52.549573481082916" lon="4.722297107800841">
        <ele>-5.599999904632568</ele>
      </trkpt>
      <trkpt lat="52.54956241697073" lon="4.722286043688655">
        <ele>-5.599999904632568</ele>
      </trkpt>
      <trkpt lat="52.54955302923918" lon="4.722271962091327">
        <ele>-5.599999904632568</ele>
      </trkpt>
      <trkpt lat="52.549543138593435" lon="4.722255701199174">
        <ele>-5.800000190734863</ele>
      </trkpt>
      <trkpt lat="52.54953391849995" lon="4.722240613773465">
        <ele>-5.800000190734863</ele>
      </trkpt>
      <trkpt lat="52.5495258718729" lon="4.722223682329059">
        <ele>-5.800000190734863</ele>
      </trkpt>
      <trkpt lat="52.54951857961714" lon="4.722206499427557">
        <ele>-6.0</ele>
      </trkpt>
      <trkpt lat="52.54951304756105" lon="4.722190825268626">
        <ele>-6.0</ele>
      </trkpt>
      <trkpt lat="52.549507515504956" lon="4.722178587689996">
        <ele>-6.0</ele>
      </trkpt>
      <trkpt lat="52.54950248636305" lon="4.7221695352345705">
        <ele>-6.0</ele>
      </trkpt>
      <trkpt lat="52.549498630687594" lon="4.722159476950765">
        <ele>-5.800000190734863</ele>
      </trkpt>
      <trkpt lat="52.54949586465955" lon="4.7221500892192125">
        <ele>-5.800000190734863</ele>
      </trkpt>
      <trkpt lat="52.54949259571731" lon="4.722139611840248">
        <ele>-5.800000190734863</ele>
      </trkpt>
      <trkpt lat="52.5494896620512" lon="4.722130140289664">
        <ele>-5.800000190734863</ele>
      </trkpt>
      <trkpt lat="52.5494880694896" lon="4.722121004015207">
        <ele>-6.199999809265137</ele>
      </trkpt>
      <trkpt lat="52.549487398937345" lon="4.72211480140686">
        <ele>-6.400000095367432</ele>
      </trkpt>
      <trkpt lat="52.54948706366122" lon="4.722109688445926">
        <ele>-6.400000095367432</ele>
      </trkpt>
      <trkpt lat="52.549484968185425" lon="4.722103318199515">
        <ele>-6.400000095367432</ele>
      </trkpt>
      <trkpt lat="52.54948245361447" lon="4.722095942124724">
        <ele>-6.400000095367432</ele>
      </trkpt>
      <trkpt lat="52.549480022862554" lon="4.7220920864492655">
        <ele>-6.199999809265137</ele>
      </trkpt>
      <trkpt lat="52.54947558045387" lon="4.722086805850267">
        <ele>-6.199999809265137</ele>
      </trkpt>
      <trkpt lat="52.54947264678776" lon="4.722080435603857">
        <ele>-6.199999809265137</ele>
      </trkpt>
      <trkpt lat="52.54947189241648" lon="4.722077921032906">
        <ele>-6.199999809265137</ele>
      </trkpt>
    </trkseg>
  </trk>
</gpx>