<?xml version="1.0" encoding="UTF-8"?>
<gpx xmlns="http://www.topografix.com/GPX/1/1" xmlns:xsi="http://www.w3.org/2001/XMLSchema-instance" xsi:schemaLocation="http://www.topografix.com/GPX/1/1 http://www.topografix.com/GPX/1/1/gpx.xsd" version="1.1" creator="gpx.py -- https://github.com/tkrajina/gpxpy">
  <trk>
    <name>
   Steenwijkerland Kajakken
  </name>
    <desc>12.35 km; dwarsgracht.gpx</desc>
    <type>
   kayaking_v2
  </type>
    <trkseg>
      <trkpt lat="52.69185201264918" lon="6.001318618655205">
        <ele>-12.199999809265137</ele>
      </trkpt>
      <trkpt lat="52.69186324439943" lon="6.001320881769061">
        <ele>-12.199999809265137</ele>
      </trkpt>
      <trkpt lat="52.69186324439943" lon="6.001320881769061">
        <ele>-12.199999809265137</ele>
      </trkpt>
      <trkpt lat="52.69186592660844" lon="6.001319959759712">
        <ele>-12.199999809265137</ele>
      </trkpt>
      <trkpt lat="52.69186810590327" lon="6.0013181157410145">
        <ele>-12.199999809265137</ele>
      </trkpt>
      <trkpt lat="52.69187246449292" lon="6.001324402168393">
        <ele>-12.199999809265137</ele>
      </trkpt>
      <trkpt lat="52.69187397323549" lon="6.001328006386757">
        <ele>-12.199999809265137</ele>
      </trkpt>
      <trkpt lat="52.69187942147255" lon="6.001340411603451">
        <ele>-12.399999618530273</ele>
      </trkpt>
      <trkpt lat="52.69188227131963" lon="6.001354157924652">
        <ele>-12.399999618530273</ele>
      </trkpt>
      <trkpt lat="52.69188302569091" lon="6.001368407160044">
        <ele>-12.600000381469727</ele>
      </trkpt>
      <trkpt lat="52.691882606595755" lon="6.001385757699609">
        <ele>-12.600000381469727</ele>
      </trkpt>
      <trkpt lat="52.691881181672215" lon="6.001409813761711">
        <ele>-12.600000381469727</ele>
      </trkpt>
      <trkpt lat="52.69187640398741" lon="6.0014306008815765">
        <ele>-12.600000381469727</ele>
      </trkpt>
      <trkpt lat="52.69187464378774" lon="6.001452226191759">
        <ele>-12.600000381469727</ele>
      </trkpt>
      <trkpt lat="52.691869949921966" lon="6.001474522054195">
        <ele>-12.600000381469727</ele>
      </trkpt>
      <trkpt lat="52.69186349585652" lon="6.001497153192759">
        <ele>-12.600000381469727</ele>
      </trkpt>
      <trkpt lat="52.69185452722013" lon="6.001517353579402">
        <ele>-12.600000381469727</ele>
      </trkpt>
      <trkpt lat="52.69184472039342" lon="6.001540152356029">
        <ele>-12.600000381469727</ele>
      </trkpt>
      <trkpt lat="52.69183533266187" lon="6.00156320258975">
        <ele>-12.399999618530273</ele>
      </trkpt>
      <trkpt lat="52.69182426854968" lon="6.001589018851519">
        <ele>-12.600000381469727</ele>
      </trkpt>
      <trkpt lat="52.69181429408491" lon="6.001613745465875">
        <ele>-12.399999618530273</ele>
      </trkpt>
      <trkpt lat="52.69180230796337" lon="6.001637214794755">
        <ele>-12.399999618530273</ele>
      </trkpt>
      <trkpt lat="52.691792752593756" lon="6.001659845933318">
        <ele>-12.399999618530273</ele>
      </trkpt>
      <trkpt lat="52.691780012100935" lon="6.001680884510279">
        <ele>-12.399999618530273</ele>
      </trkpt>
      <trkpt lat="52.69176718778908" lon="6.001702342182398">
        <ele>-12.399999618530273</ele>
      </trkpt>
      <trkpt lat="52.69175520166755" lon="6.0017224587500095">
        <ele>-12.399999618530273</ele>
      </trkpt>
      <trkpt lat="52.69174313172698" lon="6.001744503155351">
        <ele>-12.399999618530273</ele>
      </trkpt>
      <trkpt lat="52.691729720681906" lon="6.001764535903931">
        <ele>-12.600000381469727</ele>
      </trkpt>
      <trkpt lat="52.6917178183794" lon="6.001786412671208">
        <ele>-12.800000190734863</ele>
      </trkpt>
      <trkpt lat="52.69170583225787" lon="6.001810971647501">
        <ele>-13.0</ele>
      </trkpt>
      <trkpt lat="52.69169275648892" lon="6.001834776252508">
        <ele>-13.0</ele>
      </trkpt>
      <trkpt lat="52.691684206947684" lon="6.0018611792474985">
        <ele>-13.0</ele>
      </trkpt>
      <trkpt lat="52.691673981025815" lon="6.001888839527965">
        <ele>-13.0</ele>
      </trkpt>
      <trkpt lat="52.69166744314134" lon="6.0019144881516695">
        <ele>-13.0</ele>
      </trkpt>
      <trkpt lat="52.691653445363045" lon="6.0019398014992476">
        <ele>-13.0</ele>
      </trkpt>
      <trkpt lat="52.691644225269556" lon="6.001965617761016">
        <ele>-12.800000190734863</ele>
      </trkpt>
      <trkpt lat="52.69163500517607" lon="6.001992439851165">
        <ele>-12.600000381469727</ele>
      </trkpt>
      <trkpt lat="52.69162679091096" lon="6.002018256112933">
        <ele>-12.399999618530273</ele>
      </trkpt>
      <trkpt lat="52.69161991775036" lon="6.00204499438405">
        <ele>-12.399999618530273</ele>
      </trkpt>
      <trkpt lat="52.691612374037504" lon="6.002072235569358">
        <ele>-12.199999809265137</ele>
      </trkpt>
      <trkpt lat="52.69160642288625" lon="6.002100650221109">
        <ele>-12.199999809265137</ele>
      </trkpt>
      <trkpt lat="52.691600471735" lon="6.002129316329956">
        <ele>-12.199999809265137</ele>
      </trkpt>
      <trkpt lat="52.691595358774066" lon="6.002158569172025">
        <ele>-12.199999809265137</ele>
      </trkpt>
      <trkpt lat="52.691589491441846" lon="6.002190001308918">
        <ele>-12.399999618530273</ele>
      </trkpt>
      <trkpt lat="52.69158496521413" lon="6.002220595255494">
        <ele>-12.600000381469727</ele>
      </trkpt>
      <trkpt lat="52.69157658331096" lon="6.002250099554658">
        <ele>-12.600000381469727</ele>
      </trkpt>
      <trkpt lat="52.691571386530995" lon="6.0022779274731874">
        <ele>-12.600000381469727</ele>
      </trkpt>
      <trkpt lat="52.691564094275236" lon="6.002306509763002">
        <ele>-12.399999618530273</ele>
      </trkpt>
      <trkpt lat="52.69155705347657" lon="6.002332745119929">
        <ele>-12.199999809265137</ele>
      </trkpt>
      <trkpt lat="52.691550850868225" lon="6.002361075952649">
        <ele>-12.399999618530273</ele>
      </trkpt>
      <trkpt lat="52.69154464825988" lon="6.002389742061496">
        <ele>-12.600000381469727</ele>
      </trkpt>
      <trkpt lat="52.69153852947056" lon="6.002419330179691">
        <ele>-12.800000190734863</ele>
      </trkpt>
      <trkpt lat="52.69153165630996" lon="6.002447409555316">
        <ele>-12.800000190734863</ele>
      </trkpt>
      <trkpt lat="52.691525872796774" lon="6.0024775844067335">
        <ele>-12.800000190734863</ele>
      </trkpt>
      <trkpt lat="52.6915193349123" lon="6.002507675439119">
        <ele>-13.0</ele>
      </trkpt>
      <trkpt lat="52.691513216122985" lon="6.0025376826524734">
        <ele>-13.0</ele>
      </trkpt>
      <trkpt lat="52.69150625914335" lon="6.00256584584713">
        <ele>-13.0</ele>
      </trkpt>
      <trkpt lat="52.69150114618242" lon="6.002595014870167">
        <ele>-13.0</ele>
      </trkpt>
      <trkpt lat="52.69149259664118" lon="6.00262301042676">
        <ele>-13.0</ele>
      </trkpt>
      <trkpt lat="52.691485891118646" lon="6.002653185278177">
        <ele>-13.0</ele>
      </trkpt>
      <trkpt lat="52.69147876650095" lon="6.002681767567992">
        <ele>-13.0</ele>
      </trkpt>
      <trkpt lat="52.69147382117808" lon="6.002710685133934">
        <ele>-13.0</ele>
      </trkpt>
      <trkpt lat="52.69146803766489" lon="6.002739854156971">
        <ele>-13.0</ele>
      </trkpt>
      <trkpt lat="52.69146024249494" lon="6.002768017351627">
        <ele>-13.0</ele>
      </trkpt>
      <trkpt lat="52.6914537884295" lon="6.002796767279506">
        <ele>-13.0</ele>
      </trkpt>
      <trkpt lat="52.691447250545025" lon="6.002826606854796">
        <ele>-13.0</ele>
      </trkpt>
      <trkpt lat="52.69144305959344" lon="6.002856949344277">
        <ele>-13.0</ele>
      </trkpt>
      <trkpt lat="52.69143761135638" lon="6.002887627109885">
        <ele>-13.199999809265137</ele>
      </trkpt>
      <trkpt lat="52.691434510052204" lon="6.002917718142271">
        <ele>-13.0</ele>
      </trkpt>
      <trkpt lat="52.69143006764352" lon="6.002947641536593">
        <ele>-13.0</ele>
      </trkpt>
      <trkpt lat="52.69142713397741" lon="6.002978654578328">
        <ele>-12.800000190734863</ele>
      </trkpt>
      <trkpt lat="52.69142453558743" lon="6.0030074045062065">
        <ele>-12.800000190734863</ele>
      </trkpt>
      <trkpt lat="52.69142403267324" lon="6.003038501366973">
        <ele>-12.800000190734863</ele>
      </trkpt>
      <trkpt lat="52.69142487086356" lon="6.003068760037422">
        <ele>-13.0</ele>
      </trkpt>
      <trkpt lat="52.69142797216773" lon="6.0031001921743155">
        <ele>-13.199999809265137</ele>
      </trkpt>
      <trkpt lat="52.691429648548365" lon="6.003132713958621">
        <ele>-13.199999809265137</ele>
      </trkpt>
      <trkpt lat="52.69143383949995" lon="6.003161547705531">
        <ele>-13.199999809265137</ele>
      </trkpt>
      <trkpt lat="52.69143886864185" lon="6.003193063661456">
        <ele>-13.199999809265137</ele>
      </trkpt>
      <trkpt lat="52.691445238888264" lon="6.00321963429451">
        <ele>-13.199999809265137</ele>
      </trkpt>
      <trkpt lat="52.691451190039515" lon="6.003249222412705">
        <ele>-13.199999809265137</ele>
      </trkpt>
      <trkpt lat="52.69145973958075" lon="6.003275960683823">
        <ele>-12.800000190734863</ele>
      </trkpt>
      <trkpt lat="52.691468792036176" lon="6.003303788602352">
        <ele>-12.600000381469727</ele>
      </trkpt>
      <trkpt lat="52.69147817976773" lon="6.003329521045089">
        <ele>-12.600000381469727</ele>
      </trkpt>
      <trkpt lat="52.69148907624185" lon="6.00335500203073">
        <ele>-12.399999618530273</ele>
      </trkpt>
      <trkpt lat="52.691499469801784" lon="6.003378806635737">
        <ele>-12.399999618530273</ele>
      </trkpt>
      <trkpt lat="52.691512210294604" lon="6.003403784707189">
        <ele>-12.399999618530273</ele>
      </trkpt>
      <trkpt lat="52.69152486696839" lon="6.003427254036069">
        <ele>-12.399999618530273</ele>
      </trkpt>
      <trkpt lat="52.691539116203785" lon="6.0034488793462515">
        <ele>-12.600000381469727</ele>
      </trkpt>
      <trkpt lat="52.691552778705955" lon="6.003471426665783">
        <ele>-12.800000190734863</ele>
      </trkpt>
      <trkpt lat="52.691568369045854" lon="6.0034918785095215">
        <ele>-12.800000190734863</ele>
      </trkpt>
      <trkpt lat="52.69158379174769" lon="6.003515180200338">
        <ele>-12.800000190734863</ele>
      </trkpt>
      <trkpt lat="52.69159896299243" lon="6.003536805510521">
        <ele>-12.800000190734863</ele>
      </trkpt>
      <trkpt lat="52.69161203876138" lon="6.003561280667782">
        <ele>-12.800000190734863</ele>
      </trkpt>
      <trkpt lat="52.691624108701944" lon="6.003583911806345">
        <ele>-12.600000381469727</ele>
      </trkpt>
      <trkpt lat="52.69163751974702" lon="6.003608722239733">
        <ele>-12.800000190734863</ele>
      </trkpt>
      <trkpt lat="52.691650595515966" lon="6.00363252684474">
        <ele>-12.600000381469727</ele>
      </trkpt>
      <trkpt lat="52.69166341982782" lon="6.003658594563603">
        <ele>-12.600000381469727</ele>
      </trkpt>
      <trkpt lat="52.69167456775904" lon="6.003682399168611">
        <ele>-12.600000381469727</ele>
      </trkpt>
      <trkpt lat="52.691687643527985" lon="6.003707712516189">
        <ele>-12.600000381469727</ele>
      </trkpt>
      <trkpt lat="52.691700384020805" lon="6.003729673102498">
        <ele>-12.600000381469727</ele>
      </trkpt>
      <trkpt lat="52.69171245396137" lon="6.003754483535886">
        <ele>-12.600000381469727</ele>
      </trkpt>
      <trkpt lat="52.691723769530654" lon="6.003778288140893">
        <ele>-12.600000381469727</ele>
      </trkpt>
      <trkpt lat="52.69173910841346" lon="6.003802511841059">
        <ele>-12.600000381469727</ele>
      </trkpt>
      <trkpt lat="52.69175226800144" lon="6.003825729712844">
        <ele>-12.600000381469727</ele>
      </trkpt>
      <trkpt lat="52.691765846684575" lon="6.003851713612676">
        <ele>-12.399999618530273</ele>
      </trkpt>
      <trkpt lat="52.69177825190127" lon="6.003875266760588">
        <ele>-12.600000381469727</ele>
      </trkpt>
      <trkpt lat="52.6917923334986" lon="6.00389982573688">
        <ele>-12.600000381469727</ele>
      </trkpt>
      <trkpt lat="52.69180532544851" lon="6.0039236303418875">
        <ele>-12.800000190734863</ele>
      </trkpt>
      <trkpt lat="52.69181706011295" lon="6.003947015851736">
        <ele>-12.800000190734863</ele>
      </trkpt>
      <trkpt lat="52.69183206371963" lon="6.003970485180616">
        <ele>-12.600000381469727</ele>
      </trkpt>
      <trkpt lat="52.69184664823115" lon="6.0039937030524015">
        <ele>-12.600000381469727</ele>
      </trkpt>
      <trkpt lat="52.691860646009445" lon="6.004019184038043">
        <ele>-12.600000381469727</ele>
      </trkpt>
      <trkpt lat="52.691874308511615" lon="6.004044832661748">
        <ele>-12.600000381469727</ele>
      </trkpt>
      <trkpt lat="52.69188889302313" lon="6.004068301990628">
        <ele>-12.600000381469727</ele>
      </trkpt>
      <trkpt lat="52.69190372899175" lon="6.004091268405318">
        <ele>-12.600000381469727</ele>
      </trkpt>
      <trkpt lat="52.69191789440811" lon="6.004115995019674">
        <ele>-12.399999618530273</ele>
      </trkpt>
      <trkpt lat="52.691931976005435" lon="6.004137033596635">
        <ele>-12.600000381469727</ele>
      </trkpt>
      <trkpt lat="52.69194454886019" lon="6.0041598323732615">
        <ele>-12.399999618530273</ele>
      </trkpt>
      <trkpt lat="52.69195871427655" lon="6.004182631149888">
        <ele>-12.600000381469727</ele>
      </trkpt>
      <trkpt lat="52.691971035674214" lon="6.004208782687783">
        <ele>-12.399999618530273</ele>
      </trkpt>
      <trkpt lat="52.69198411144316" lon="6.004235269501805">
        <ele>-12.399999618530273</ele>
      </trkpt>
      <trkpt lat="52.691996516659856" lon="6.004261253401637">
        <ele>-12.399999618530273</ele>
      </trkpt>
      <trkpt lat="52.69200850278139" lon="6.004286063835025">
        <ele>-12.600000381469727</ele>
      </trkpt>
      <trkpt lat="52.692022416740656" lon="6.004309868440032">
        <ele>-12.399999618530273</ele>
      </trkpt>
      <trkpt lat="52.692035576328635" lon="6.004332080483437">
        <ele>-12.800000190734863</ele>
      </trkpt>
      <trkpt lat="52.692049238830805" lon="6.004356388002634">
        <ele>-12.600000381469727</ele>
      </trkpt>
      <trkpt lat="52.692062482237816" lon="6.004381198436022">
        <ele>-12.800000190734863</ele>
      </trkpt>
      <trkpt lat="52.692075138911605" lon="6.004408858716488">
        <ele>-12.600000381469727</ele>
      </trkpt>
      <trkpt lat="52.69208796322346" lon="6.004433752968907">
        <ele>-12.399999618530273</ele>
      </trkpt>
      <trkpt lat="52.692099614068866" lon="6.004460491240025">
        <ele>-12.399999618530273</ele>
      </trkpt>
      <trkpt lat="52.69211201928556" lon="6.004486894235015">
        <ele>-12.399999618530273</ele>
      </trkpt>
      <trkpt lat="52.69212459214032" lon="6.004512459039688">
        <ele>-12.399999618530273</ele>
      </trkpt>
      <trkpt lat="52.692137248814106" lon="6.004539197310805">
        <ele>-12.399999618530273</ele>
      </trkpt>
      <trkpt lat="52.692150827497244" lon="6.004562163725495">
        <ele>-12.399999618530273</ele>
      </trkpt>
      <trkpt lat="52.69216189160943" lon="6.004586471244693">
        <ele>-12.399999618530273</ele>
      </trkpt>
      <trkpt lat="52.692173877730966" lon="6.004611281678081">
        <ele>-12.399999618530273</ele>
      </trkpt>
      <trkpt lat="52.692184103652835" lon="6.004636008292437">
        <ele>-12.399999618530273</ele>
      </trkpt>
      <trkpt lat="52.69219567067921" lon="6.004660315811634">
        <ele>-12.399999618530273</ele>
      </trkpt>
      <trkpt lat="52.69220623187721" lon="6.004686467349529">
        <ele>-12.399999618530273</ele>
      </trkpt>
      <trkpt lat="52.69221746362746" lon="6.004710691049695">
        <ele>-12.399999618530273</ele>
      </trkpt>
      <trkpt lat="52.69222819246352" lon="6.004736088216305">
        <ele>-12.399999618530273</ele>
      </trkpt>
      <trkpt lat="52.69223866984248" lon="6.004760982468724">
        <ele>-12.399999618530273</ele>
      </trkpt>
      <trkpt lat="52.692249063402414" lon="6.004787301644683">
        <ele>-12.199999809265137</ele>
      </trkpt>
      <trkpt lat="52.69225920550525" lon="6.0048112738877535">
        <ele>-12.199999809265137</ele>
      </trkpt>
      <trkpt lat="52.692270101979375" lon="6.004835916683078">
        <ele>-12.199999809265137</ele>
      </trkpt>
      <trkpt lat="52.69228217191994" lon="6.004860559478402">
        <ele>-12.199999809265137</ele>
      </trkpt>
      <trkpt lat="52.69229466095567" lon="6.004886291921139">
        <ele>-12.199999809265137</ele>
      </trkpt>
      <trkpt lat="52.69230639562011" lon="6.004911018535495">
        <ele>-12.199999809265137</ele>
      </trkpt>
      <trkpt lat="52.69231863319874" lon="6.0049352422356606">
        <ele>-12.199999809265137</ele>
      </trkpt>
      <trkpt lat="52.692332547158" lon="6.004959465935826">
        <ele>-12.199999809265137</ele>
      </trkpt>
      <trkpt lat="52.69234352745116" lon="6.004982013255358">
        <ele>-12.199999809265137</ele>
      </trkpt>
      <trkpt lat="52.692351657897234" lon="6.005007494240999">
        <ele>-12.199999809265137</ele>
      </trkpt>
      <trkpt lat="52.69236238673329" lon="6.005031717941165">
        <ele>-12.199999809265137</ele>
      </trkpt>
      <trkpt lat="52.69237345084548" lon="6.005056444555521">
        <ele>-12.199999809265137</ele>
      </trkpt>
      <trkpt lat="52.69238384440541" lon="6.005078908056021">
        <ele>-12.399999618530273</ele>
      </trkpt>
      <trkpt lat="52.692392729222775" lon="6.005101036280394">
        <ele>-12.600000381469727</ele>
      </trkpt>
      <trkpt lat="52.69240144640207" lon="6.005126181989908">
        <ele>-12.600000381469727</ele>
      </trkpt>
      <trkpt lat="52.69240957684815" lon="6.005151830613613">
        <ele>-12.600000381469727</ele>
      </trkpt>
      <trkpt lat="52.69241628237069" lon="6.005174210295081">
        <ele>-12.800000190734863</ele>
      </trkpt>
      <trkpt lat="52.692423071712255" lon="6.005195584148169">
        <ele>-12.800000190734863</ele>
      </trkpt>
      <trkpt lat="52.692431872710586" lon="6.005217796191573">
        <ele>-12.800000190734863</ele>
      </trkpt>
      <trkpt lat="52.69244000315666" lon="6.005238248035312">
        <ele>-12.800000190734863</ele>
      </trkpt>
      <trkpt lat="52.692453330382705" lon="6.005277307704091">
        <ele>-12.600000381469727</ele>
      </trkpt>
      <trkpt lat="52.692453330382705" lon="6.005277307704091">
        <ele>-12.600000381469727</ele>
      </trkpt>
      <trkpt lat="52.69246028736234" lon="6.005297340452671">
        <ele>-12.600000381469727</ele>
      </trkpt>
      <trkpt lat="52.69246380776167" lon="6.005309075117111">
        <ele>-12.399999618530273</ele>
      </trkpt>
      <trkpt lat="52.6924710161984" lon="6.005330281332135">
        <ele>-12.600000381469727</ele>
      </trkpt>
      <trkpt lat="52.69246783107519" lon="6.005346039310098">
        <ele>-12.600000381469727</ele>
      </trkpt>
      <trkpt lat="52.692473866045475" lon="6.005367413163185">
        <ele>-12.600000381469727</ele>
      </trkpt>
      <trkpt lat="52.69247705116868" lon="6.005386942997575">
        <ele>-12.600000381469727</ele>
      </trkpt>
      <trkpt lat="52.69248526543379" lon="6.00541066378355">
        <ele>-12.800000190734863</ele>
      </trkpt>
      <trkpt lat="52.692492390051484" lon="6.005434971302748">
        <ele>-12.800000190734863</ele>
      </trkpt>
      <trkpt lat="52.69250395707786" lon="6.005460619926453">
        <ele>-12.800000190734863</ele>
      </trkpt>
      <trkpt lat="52.69251401536167" lon="6.0054850950837135">
        <ele>-12.800000190734863</ele>
      </trkpt>
      <trkpt lat="52.692530527710915" lon="6.005513342097402">
        <ele>-12.800000190734863</ele>
      </trkpt>
      <trkpt lat="52.69254117272794" lon="6.005537146702409">
        <ele>-12.800000190734863</ele>
      </trkpt>
      <trkpt lat="52.692553997039795" lon="6.005565728992224">
        <ele>-12.600000381469727</ele>
      </trkpt>
      <trkpt lat="52.69256464205682" lon="6.00559045560658">
        <ele>-12.600000381469727</ele>
      </trkpt>
      <trkpt lat="52.69257914274931" lon="6.005620798096061">
        <ele>-12.600000381469727</ele>
      </trkpt>
      <trkpt lat="52.69258861429989" lon="6.0056456085294485">
        <ele>-12.600000381469727</ele>
      </trkpt>
      <trkpt lat="52.69260261207819" lon="6.00567645393312">
        <ele>-12.399999618530273</ele>
      </trkpt>
      <trkpt lat="52.69261543639004" lon="6.005701012909412">
        <ele>-12.399999618530273</ele>
      </trkpt>
      <trkpt lat="52.69262935034931" lon="6.005727415904403">
        <ele>-12.399999618530273</ele>
      </trkpt>
      <trkpt lat="52.6926401630044" lon="6.005752142518759">
        <ele>-12.399999618530273</ele>
      </trkpt>
      <trkpt lat="52.692653238773346" lon="6.005778880789876">
        <ele>-12.399999618530273</ele>
      </trkpt>
      <trkpt lat="52.692667823284864" lon="6.005803942680359">
        <ele>-12.399999618530273</ele>
      </trkpt>
      <trkpt lat="52.692678552120924" lon="6.005829758942127">
        <ele>-12.399999618530273</ele>
      </trkpt>
      <trkpt lat="52.6926901191473" lon="6.0058532282710075">
        <ele>-12.399999618530273</ele>
      </trkpt>
      <trkpt lat="52.69270285964012" lon="6.005877032876015">
        <ele>-12.399999618530273</ele>
      </trkpt>
      <trkpt lat="52.69271727651358" lon="6.005901424214244">
        <ele>-12.399999618530273</ele>
      </trkpt>
      <trkpt lat="52.69273303449154" lon="6.0059265699237585">
        <ele>-12.600000381469727</ele>
      </trkpt>
      <trkpt lat="52.692745523527265" lon="6.005951128900051">
        <ele>-12.600000381469727</ele>
      </trkpt>
      <trkpt lat="52.69275834783912" lon="6.005972754210234">
        <ele>-12.600000381469727</ele>
      </trkpt>
      <trkpt lat="52.69277066923678" lon="6.005996055901051">
        <ele>-12.600000381469727</ele>
      </trkpt>
      <trkpt lat="52.69278483465314" lon="6.006020698696375">
        <ele>-12.399999618530273</ele>
      </trkpt>
      <trkpt lat="52.692795395851135" lon="6.0060470178723335">
        <ele>-12.399999618530273</ele>
      </trkpt>
      <trkpt lat="52.69280679523945" lon="6.006073337048292">
        <ele>-12.199999809265137</ele>
      </trkpt>
      <trkpt lat="52.6928177755326" lon="6.006100662052631">
        <ele>-12.199999809265137</ele>
      </trkpt>
      <trkpt lat="52.692828588187695" lon="6.006127065047622">
        <ele>-12.199999809265137</ele>
      </trkpt>
      <trkpt lat="52.69283847883344" lon="6.006154976785183">
        <ele>-12.199999809265137</ele>
      </trkpt>
      <trkpt lat="52.69284828566015" lon="6.006181463599205">
        <ele>-12.199999809265137</ele>
      </trkpt>
      <trkpt lat="52.692857421934605" lon="6.0062104649841785">
        <ele>-12.199999809265137</ele>
      </trkpt>
      <trkpt lat="52.692866725847125" lon="6.006237538531423">
        <ele>-12.0</ele>
      </trkpt>
      <trkpt lat="52.692876951768994" lon="6.006267797201872">
        <ele>-12.199999809265137</ele>
      </trkpt>
      <trkpt lat="52.692887261509895" lon="6.006293781101704">
        <ele>-12.199999809265137</ele>
      </trkpt>
      <trkpt lat="52.69290067255497" lon="6.00632144138217">
        <ele>-12.0</ele>
      </trkpt>
      <trkpt lat="52.69291349686682" lon="6.00634734146297">
        <ele>-12.0</ele>
      </trkpt>
      <trkpt lat="52.69292573444545" lon="6.006374750286341">
        <ele>-12.199999809265137</ele>
      </trkpt>
      <trkpt lat="52.692937133833766" lon="6.00639964453876">
        <ele>-12.199999809265137</ele>
      </trkpt>
      <trkpt lat="52.69294995814562" lon="6.006427137181163">
        <ele>-12.399999618530273</ele>
      </trkpt>
      <trkpt lat="52.69296018406749" lon="6.006451779976487">
        <ele>-12.399999618530273</ele>
      </trkpt>
      <trkpt lat="52.69297141581774" lon="6.006479691714048">
        <ele>-12.399999618530273</ele>
      </trkpt>
      <trkpt lat="52.692981557920575" lon="6.006505591794848">
        <ele>-12.399999618530273</ele>
      </trkpt>
      <trkpt lat="52.69299253821373" lon="6.0065326653420925">
        <ele>-12.399999618530273</ele>
      </trkpt>
      <trkpt lat="52.69300326704979" lon="6.006558816879988">
        <ele>-12.399999618530273</ele>
      </trkpt>
      <trkpt lat="52.69301642663777" lon="6.006587063893676">
        <ele>-12.399999618530273</ele>
      </trkpt>
      <trkpt lat="52.69302774220705" lon="6.006613466888666">
        <ele>-12.399999618530273</ele>
      </trkpt>
      <trkpt lat="52.693042578175664" lon="6.006641546264291">
        <ele>-12.399999618530273</ele>
      </trkpt>
      <trkpt lat="52.69305355846882" lon="6.006667613983154">
        <ele>-12.600000381469727</ele>
      </trkpt>
      <trkpt lat="52.693065125495195" lon="6.006695777177811">
        <ele>-12.600000381469727</ele>
      </trkpt>
      <trkpt lat="52.69307652488351" lon="6.0067229345440865">
        <ele>-12.800000190734863</ele>
      </trkpt>
      <trkpt lat="52.693102257326245" lon="6.006776578724384">
        <ele>-12.600000381469727</ele>
      </trkpt>
      <trkpt lat="52.693102257326245" lon="6.006776578724384">
        <ele>-12.600000381469727</ele>
      </trkpt>
      <trkpt lat="52.69311533309519" lon="6.006802897900343">
        <ele>-12.600000381469727</ele>
      </trkpt>
      <trkpt lat="52.69312798976898" lon="6.006830222904682">
        <ele>-12.600000381469727</ele>
      </trkpt>
      <trkpt lat="52.69314290955663" lon="6.006855703890324">
        <ele>-12.399999618530273</ele>
      </trkpt>
      <trkpt lat="52.69315640442073" lon="6.0068813525140285">
        <ele>-12.399999618530273</ele>
      </trkpt>
      <trkpt lat="52.69317098893225" lon="6.006907084956765">
        <ele>-12.399999618530273</ele>
      </trkpt>
      <trkpt lat="52.693183394148946" lon="6.0069334879517555">
        <ele>-12.399999618530273</ele>
      </trkpt>
      <trkpt lat="52.69319496117532" lon="6.006958801299334">
        <ele>-12.399999618530273</ele>
      </trkpt>
      <trkpt lat="52.69320786930621" lon="6.006983611732721">
        <ele>-12.399999618530273</ele>
      </trkpt>
      <trkpt lat="52.693221531808376" lon="6.0070074163377285">
        <ele>-12.399999618530273</ele>
      </trkpt>
      <trkpt lat="52.69323200918734" lon="6.007030801847577">
        <ele>-12.199999809265137</ele>
      </trkpt>
      <trkpt lat="52.69324315711856" lon="6.007055444642901">
        <ele>-12.199999809265137</ele>
      </trkpt>
      <trkpt lat="52.69325195811689" lon="6.007080506533384">
        <ele>-12.399999618530273</ele>
      </trkpt>
      <trkpt lat="52.6932633575052" lon="6.007105819880962">
        <ele>-12.399999618530273</ele>
      </trkpt>
      <trkpt lat="52.6932755112648" lon="6.007130295038223">
        <ele>-12.399999618530273</ele>
      </trkpt>
      <trkpt lat="52.69328657537699" lon="6.007154434919357">
        <ele>-12.199999809265137</ele>
      </trkpt>
      <trkpt lat="52.69329747185111" lon="6.00717606022954">
        <ele>-12.199999809265137</ele>
      </trkpt>
      <trkpt lat="52.69330903887749" lon="6.007199697196484">
        <ele>-12.199999809265137</ele>
      </trkpt>
      <trkpt lat="52.693318175151944" lon="6.0072241723537445">
        <ele>-12.199999809265137</ele>
      </trkpt>
      <trkpt lat="52.69332957454026" lon="6.007248647511005">
        <ele>-12.199999809265137</ele>
      </trkpt>
      <trkpt lat="52.693339213728905" lon="6.007272200658917">
        <ele>-12.199999809265137</ele>
      </trkpt>
      <trkpt lat="52.69334935583174" lon="6.007297681644559">
        <ele>-12.199999809265137</ele>
      </trkpt>
      <trkpt lat="52.69336058758199" lon="6.007322072982788">
        <ele>-12.199999809265137</ele>
      </trkpt>
      <trkpt lat="52.693371903151274" lon="6.007347973063588">
        <ele>-12.199999809265137</ele>
      </trkpt>
      <trkpt lat="52.693382715806365" lon="6.007372280582786">
        <ele>-12.199999809265137</ele>
      </trkpt>
      <trkpt lat="52.69339579157531" lon="6.007398599758744">
        <ele>-12.199999809265137</ele>
      </trkpt>
      <trkpt lat="52.693410124629736" lon="6.00742232054472">
        <ele>-12.199999809265137</ele>
      </trkpt>
      <trkpt lat="52.693424206227064" lon="6.007446628063917">
        <ele>-12.199999809265137</ele>
      </trkpt>
      <trkpt lat="52.69343719817698" lon="6.007470600306988">
        <ele>-12.199999809265137</ele>
      </trkpt>
      <trkpt lat="52.69345052540302" lon="6.007494740188122">
        <ele>-12.0</ele>
      </trkpt>
      <trkpt lat="52.69346251152456" lon="6.007518796250224">
        <ele>-12.0</ele>
      </trkpt>
      <trkpt lat="52.693475587293506" lon="6.007541930302978">
        <ele>-12.0</ele>
      </trkpt>
      <trkpt lat="52.693489165976644" lon="6.007567830383778">
        <ele>-11.800000190734863</ele>
      </trkpt>
      <trkpt lat="52.693502493202686" lon="6.007590377703309">
        <ele>-12.0</ele>
      </trkpt>
      <trkpt lat="52.693513138219714" lon="6.007612673565745">
        <ele>-12.0</ele>
      </trkpt>
      <trkpt lat="52.69352571107447" lon="6.007635975256562">
        <ele>-12.199999809265137</ele>
      </trkpt>
      <trkpt lat="52.69353878684342" lon="6.007659193128347">
        <ele>-12.199999809265137</ele>
      </trkpt>
      <trkpt lat="52.693552700802684" lon="6.00768324919045">
        <ele>-12.0</ele>
      </trkpt>
      <trkpt lat="52.69356653094292" lon="6.007704790681601">
        <ele>-12.0</ele>
      </trkpt>
      <trkpt lat="52.693578684702516" lon="6.007728427648544">
        <ele>-12.0</ele>
      </trkpt>
      <trkpt lat="52.69359167665243" lon="6.007751813158393">
        <ele>-11.800000190734863</ele>
      </trkpt>
      <trkpt lat="52.69360315985978" lon="6.007775450125337">
        <ele>-11.800000190734863</ele>
      </trkpt>
      <trkpt lat="52.6936156488955" lon="6.007799003273249">
        <ele>-11.800000190734863</ele>
      </trkpt>
      <trkpt lat="52.693628054112196" lon="6.007822556421161">
        <ele>-11.600000381469727</ele>
      </trkpt>
      <trkpt lat="52.693640710785985" lon="6.007845606654882">
        <ele>-11.600000381469727</ele>
      </trkpt>
      <trkpt lat="52.69365454092622" lon="6.007869327440858">
        <ele>-11.600000381469727</ele>
      </trkpt>
      <trkpt lat="52.693669041618705" lon="6.007892461493611">
        <ele>-11.600000381469727</ele>
      </trkpt>
      <trkpt lat="52.693682787939906" lon="6.00791634991765">
        <ele>-11.800000190734863</ele>
      </trkpt>
      <trkpt lat="52.69369611516595" lon="6.007937807589769">
        <ele>-12.0</ele>
      </trkpt>
      <trkpt lat="52.69371019676328" lon="6.007962031289935">
        <ele>-12.0</ele>
      </trkpt>
      <trkpt lat="52.69372394308448" lon="6.00798474624753">
        <ele>-12.0</ele>
      </trkpt>
      <trkpt lat="52.69373919814825" lon="6.0080114006996155">
        <ele>-12.0</ele>
      </trkpt>
      <trkpt lat="52.69375277683139" lon="6.008033528923988">
        <ele>-12.199999809265137</ele>
      </trkpt>
      <trkpt lat="52.69376752898097" lon="6.008057249709964">
        <ele>-12.199999809265137</ele>
      </trkpt>
      <trkpt lat="52.69378202967346" lon="6.008079294115305">
        <ele>-12.199999809265137</ele>
      </trkpt>
      <trkpt lat="52.69379569217563" lon="6.008102428168058">
        <ele>-12.199999809265137</ele>
      </trkpt>
      <trkpt lat="52.69380901940167" lon="6.0081244725733995">
        <ele>-12.199999809265137</ele>
      </trkpt>
      <trkpt lat="52.69382377155125" lon="6.008147690445185">
        <ele>-12.199999809265137</ele>
      </trkpt>
      <trkpt lat="52.69383877515793" lon="6.008169567212462">
        <ele>-12.199999809265137</ele>
      </trkpt>
      <trkpt lat="52.69385386258364" lon="6.008192030712962">
        <ele>-12.199999809265137</ele>
      </trkpt>
      <trkpt lat="52.69386911764741" lon="6.008212901651859">
        <ele>-12.199999809265137</ele>
      </trkpt>
      <trkpt lat="52.69388386979699" lon="6.008235448971391">
        <ele>-12.199999809265137</ele>
      </trkpt>
      <trkpt lat="52.69389845430851" lon="6.008256152272224">
        <ele>-12.0</ele>
      </trkpt>
      <trkpt lat="52.69391463138163" lon="6.0082764364778996">
        <ele>-12.0</ele>
      </trkpt>
      <trkpt lat="52.69392938353121" lon="6.008294960483909">
        <ele>-12.199999809265137</ele>
      </trkpt>
      <trkpt lat="52.69394790753722" lon="6.008317256346345">
        <ele>-12.399999618530273</ele>
      </trkpt>
      <trkpt lat="52.6939645037055" lon="6.00833703763783">
        <ele>-12.399999618530273</ele>
      </trkpt>
      <trkpt lat="52.69398109987378" lon="6.0083583276718855">
        <ele>-12.399999618530273</ele>
      </trkpt>
      <trkpt lat="52.693997444584966" lon="6.008378276601434">
        <ele>-12.399999618530273</ele>
      </trkpt>
      <trkpt lat="52.69401295110583" lon="6.008399818092585">
        <ele>-12.399999618530273</ele>
      </trkpt>
      <trkpt lat="52.6940284576267" lon="6.008419599384069">
        <ele>-12.399999618530273</ele>
      </trkpt>
      <trkpt lat="52.69404413178563" lon="6.008441476151347">
        <ele>-12.199999809265137</ele>
      </trkpt>
      <trkpt lat="52.694059973582625" lon="6.008461592718959">
        <ele>-12.199999809265137</ele>
      </trkpt>
      <trkpt lat="52.694075647741556" lon="6.008481876924634">
        <ele>-12.199999809265137</ele>
      </trkpt>
      <trkpt lat="52.69409065134823" lon="6.008501071482897">
        <ele>-12.199999809265137</ele>
      </trkpt>
      <trkpt lat="52.694103978574276" lon="6.0085223615169525">
        <ele>-12.199999809265137</ele>
      </trkpt>
      <trkpt lat="52.69411722198129" lon="6.0085423942655325">
        <ele>-12.199999809265137</ele>
      </trkpt>
      <trkpt lat="52.69413348287344" lon="6.008561672642827">
        <ele>-12.199999809265137</ele>
      </trkpt>
      <trkpt lat="52.6941494923085" lon="6.00858187302947">
        <ele>-12.199999809265137</ele>
      </trkpt>
      <trkpt lat="52.6941650826484" lon="6.008602073416114">
        <ele>-12.199999809265137</ele>
      </trkpt>
      <trkpt lat="52.69418050535023" lon="6.008625039830804">
        <ele>-12.199999809265137</ele>
      </trkpt>
      <trkpt lat="52.69419567659497" lon="6.008645743131638">
        <ele>-12.199999809265137</ele>
      </trkpt>
      <trkpt lat="52.69421009346843" lon="6.008667033165693">
        <ele>-12.199999809265137</ele>
      </trkpt>
      <trkpt lat="52.69422442652285" lon="6.008688323199749">
        <ele>-12.199999809265137</ele>
      </trkpt>
      <trkpt lat="52.694237837567925" lon="6.008710116147995">
        <ele>-12.0</ele>
      </trkpt>
      <trkpt lat="52.6942528411746" lon="6.008730148896575">
        <ele>-12.0</ele>
      </trkpt>
      <trkpt lat="52.694264156743884" lon="6.008751690387726">
        <ele>-12.0</ele>
      </trkpt>
      <trkpt lat="52.69427798688412" lon="6.0087723936885595">
        <ele>-11.800000190734863</ele>
      </trkpt>
      <trkpt lat="52.69429030828178" lon="6.00879292935133">
        <ele>-11.800000190734863</ele>
      </trkpt>
      <trkpt lat="52.69430413842201" lon="6.008812207728624">
        <ele>-11.800000190734863</ele>
      </trkpt>
      <trkpt lat="52.69431687891483" lon="6.008834587410092">
        <ele>-11.600000381469727</ele>
      </trkpt>
      <trkpt lat="52.69433154724538" lon="6.008853781968355">
        <ele>-11.600000381469727</ele>
      </trkpt>
      <trkpt lat="52.69434520974755" lon="6.008874401450157">
        <ele>-11.600000381469727</ele>
      </trkpt>
      <trkpt lat="52.6943598780781" lon="6.008893679827452">
        <ele>-11.600000381469727</ele>
      </trkpt>
      <trkpt lat="52.69437345676124" lon="6.008915053680539">
        <ele>-11.600000381469727</ele>
      </trkpt>
      <trkpt lat="52.69438862800598" lon="6.008933745324612">
        <ele>-11.600000381469727</ele>
      </trkpt>
      <trkpt lat="52.69440338015556" lon="6.008954783901572">
        <ele>-11.600000381469727</ele>
      </trkpt>
      <trkpt lat="52.69441980868578" lon="6.008974649012089">
        <ele>-11.800000190734863</ele>
      </trkpt>
      <trkpt lat="52.6944359857589" lon="6.008996609598398">
        <ele>-11.800000190734863</ele>
      </trkpt>
      <trkpt lat="52.69445241428912" lon="6.009016642346978">
        <ele>-11.800000190734863</ele>
      </trkpt>
      <trkpt lat="52.69446674734354" lon="6.009039357304573">
        <ele>-11.800000190734863</ele>
      </trkpt>
      <trkpt lat="52.694481667131186" lon="6.009059809148312">
        <ele>-11.800000190734863</ele>
      </trkpt>
      <trkpt lat="52.694498682394624" lon="6.0090819373726845">
        <ele>-11.800000190734863</ele>
      </trkpt>
      <trkpt lat="52.69451603293419" lon="6.009102808311582">
        <ele>-11.800000190734863</ele>
      </trkpt>
      <trkpt lat="52.69453254528344" lon="6.009124265983701">
        <ele>-12.0</ele>
      </trkpt>
      <trkpt lat="52.6945483032614" lon="6.009145891293883">
        <ele>-12.0</ele>
      </trkpt>
      <trkpt lat="52.69456163048744" lon="6.009166678413749">
        <ele>-12.199999809265137</ele>
      </trkpt>
      <trkpt lat="52.694576466456056" lon="6.009187716990709">
        <ele>-12.199999809265137</ele>
      </trkpt>
      <trkpt lat="52.694592056795955" lon="6.009208085015416">
        <ele>-12.199999809265137</ele>
      </trkpt>
      <trkpt lat="52.6946051325649" lon="6.009230129420757">
        <ele>-12.199999809265137</ele>
      </trkpt>
      <trkpt lat="52.69463228993118" lon="6.009273882955313">
        <ele>-12.199999809265137</ele>
      </trkpt>
      <trkpt lat="52.69463228993118" lon="6.009273882955313">
        <ele>-12.199999809265137</ele>
      </trkpt>
      <trkpt lat="52.69464511424303" lon="6.009295843541622">
        <ele>-12.199999809265137</ele>
      </trkpt>
      <trkpt lat="52.69465827383101" lon="6.009316965937614">
        <ele>-12.199999809265137</ele>
      </trkpt>
      <trkpt lat="52.69467310979962" lon="6.009338675066829">
        <ele>-12.199999809265137</ele>
      </trkpt>
      <trkpt lat="52.694686437025666" lon="6.009360048919916">
        <ele>-12.0</ele>
      </trkpt>
      <trkpt lat="52.69470085389912" lon="6.00938125513494">
        <ele>-11.800000190734863</ele>
      </trkpt>
      <trkpt lat="52.69471543841064" lon="6.00940422154963">
        <ele>-12.0</ele>
      </trkpt>
      <trkpt lat="52.69473094493151" lon="6.009426768869162">
        <ele>-11.800000190734863</ele>
      </trkpt>
      <trkpt lat="52.69474435597658" lon="6.009448477998376">
        <ele>-11.800000190734863</ele>
      </trkpt>
      <trkpt lat="52.69475642591715" lon="6.009468762204051">
        <ele>-11.800000190734863</ele>
      </trkpt>
      <trkpt lat="52.694768412038684" lon="6.009489884600043">
        <ele>-11.600000381469727</ele>
      </trkpt>
      <trkpt lat="52.69478182308376" lon="6.009510839357972">
        <ele>-11.600000381469727</ele>
      </trkpt>
      <trkpt lat="52.69479498267174" lon="6.009532297030091">
        <ele>-11.800000190734863</ele>
      </trkpt>
      <trkpt lat="52.69480830989778" lon="6.009553838521242">
        <ele>-11.800000190734863</ele>
      </trkpt>
      <trkpt lat="52.694820798933506" lon="6.009575631469488">
        <ele>-11.800000190734863</ele>
      </trkpt>
      <trkpt lat="52.69483412615955" lon="6.009595580399036">
        <ele>-11.800000190734863</ele>
      </trkpt>
      <trkpt lat="52.69484804011881" lon="6.00961678661406">
        <ele>-11.800000190734863</ele>
      </trkpt>
      <trkpt lat="52.694861786440015" lon="6.00963631644845">
        <ele>-11.800000190734863</ele>
      </trkpt>
      <trkpt lat="52.69487829878926" lon="6.009657606482506">
        <ele>-11.800000190734863</ele>
      </trkpt>
      <trkpt lat="52.694893553853035" lon="6.0096788965165615">
        <ele>-11.800000190734863</ele>
      </trkpt>
      <trkpt lat="52.69490763545036" lon="6.0097012761980295">
        <ele>-11.600000381469727</ele>
      </trkpt>
      <trkpt lat="52.69492180086672" lon="6.0097213089466095">
        <ele>-11.600000381469727</ele>
      </trkpt>
      <trkpt lat="52.69493789412081" lon="6.00974285043776">
        <ele>-11.600000381469727</ele>
      </trkpt>
      <trkpt lat="52.694953149184585" lon="6.009763218462467">
        <ele>-11.600000381469727</ele>
      </trkpt>
      <trkpt lat="52.694970751181245" lon="6.009785095229745">
        <ele>-11.600000381469727</ele>
      </trkpt>
      <trkpt lat="52.69498759880662" lon="6.009804792702198">
        <ele>-11.600000381469727</ele>
      </trkpt>
      <trkpt lat="52.695004949346185" lon="6.0098273400217295">
        <ele>-11.600000381469727</ele>
      </trkpt>
      <trkpt lat="52.69502037204802" lon="6.009849971160293">
        <ele>-11.600000381469727</ele>
      </trkpt>
      <trkpt lat="52.69503445364535" lon="6.009872267022729">
        <ele>-11.600000381469727</ele>
      </trkpt>
      <trkpt lat="52.6950491219759" lon="6.0098938923329115">
        <ele>-11.399999618530273</ele>
      </trkpt>
      <trkpt lat="52.69506479613483" lon="6.009914763271809">
        <ele>-11.399999618530273</ele>
      </trkpt>
      <trkpt lat="52.695077285170555" lon="6.009936053305864">
        <ele>-11.600000381469727</ele>
      </trkpt>
      <trkpt lat="52.69508969038725" lon="6.009958265349269">
        <ele>-11.399999618530273</ele>
      </trkpt>
      <trkpt lat="52.695102682337165" lon="6.009979639202356">
        <ele>-11.600000381469727</ele>
      </trkpt>
      <trkpt lat="52.69511659629643" lon="6.010000007227063">
        <ele>-11.399999618530273</ele>
      </trkpt>
      <trkpt lat="52.69513168372214" lon="6.010021213442087">
        <ele>-11.800000190734863</ele>
      </trkpt>
      <trkpt lat="52.695147190243006" lon="6.010040827095509">
        <ele>-11.600000381469727</ele>
      </trkpt>
      <trkpt lat="52.69516202621162" lon="6.010061865672469">
        <ele>-11.600000381469727</ele>
      </trkpt>
      <trkpt lat="52.695176945999265" lon="6.010082568973303">
        <ele>-11.399999618530273</ele>
      </trkpt>
      <trkpt lat="52.69519186578691" lon="6.010103523731232">
        <ele>-11.600000381469727</ele>
      </trkpt>
      <trkpt lat="52.69520745612681" lon="6.010122885927558">
        <ele>-11.399999618530273</ele>
      </trkpt>
      <trkpt lat="52.69521977752447" lon="6.010145014151931">
        <ele>-11.399999618530273</ele>
      </trkpt>
      <trkpt lat="52.69523444585502" lon="6.010165633633733">
        <ele>-11.199999809265137</ele>
      </trkpt>
      <trkpt lat="52.69524802453816" lon="6.010187426581979">
        <ele>-11.199999809265137</ele>
      </trkpt>
      <trkpt lat="52.69526277668774" lon="6.010207878425717">
        <ele>-11.199999809265137</ele>
      </trkpt>
      <trkpt lat="52.69527744501829" lon="6.010229252278805">
        <ele>-11.0</ele>
      </trkpt>
      <trkpt lat="52.69529144279659" lon="6.010248865932226">
        <ele>-10.800000190734863</ele>
      </trkpt>
      <trkpt lat="52.69530518911779" lon="6.010271077975631">
        <ele>-11.0</ele>
      </trkpt>
      <trkpt lat="52.695320108905435" lon="6.010291865095496">
        <ele>-11.199999809265137</ele>
      </trkpt>
      <trkpt lat="52.695336705073714" lon="6.010313658043742">
        <ele>-11.199999809265137</ele>
      </trkpt>
      <trkpt lat="52.69535263068974" lon="6.010333523154259">
        <ele>-11.399999618530273</ele>
      </trkpt>
      <trkpt lat="52.69536956213415" lon="6.010354980826378">
        <ele>-11.399999618530273</ele>
      </trkpt>
      <trkpt lat="52.695387080311775" lon="6.010375013574958">
        <ele>-11.600000381469727</ele>
      </trkpt>
      <trkpt lat="52.69540426321328" lon="6.010397728532553">
        <ele>-11.399999618530273</ele>
      </trkpt>
      <trkpt lat="52.695421278476715" lon="6.010419689118862">
        <ele>-11.600000381469727</ele>
      </trkpt>
      <trkpt lat="52.695435024797916" lon="6.010442320257425">
        <ele>-11.399999618530273</ele>
      </trkpt>
      <trkpt lat="52.69544684328139" lon="6.010465705767274">
        <ele>-11.600000381469727</ele>
      </trkpt>
      <trkpt lat="52.69546100869775" lon="6.010489007458091">
        <ele>-11.600000381469727</ele>
      </trkpt>
      <trkpt lat="52.695490596815944" lon="6.010533683001995">
        <ele>-11.800000190734863</ele>
      </trkpt>
      <trkpt lat="52.695490596815944" lon="6.010533683001995">
        <ele>-11.800000190734863</ele>
      </trkpt>
      <trkpt lat="52.69550752826035" lon="6.010554553940892">
        <ele>-12.0</ele>
      </trkpt>
      <trkpt lat="52.69552320241928" lon="6.010575508698821">
        <ele>-12.0</ele>
      </trkpt>
      <trkpt lat="52.695538122206926" lon="6.010596714913845">
        <ele>-12.0</ele>
      </trkpt>
      <trkpt lat="52.695554131641984" lon="6.0106169153004885">
        <ele>-12.0</ele>
      </trkpt>
      <trkpt lat="52.69556821323931" lon="6.010638205334544">
        <ele>-12.0</ele>
      </trkpt>
      <trkpt lat="52.69558288156986" lon="6.010658489540219">
        <ele>-12.0</ele>
      </trkpt>
      <trkpt lat="52.69559553824365" lon="6.010678103193641">
        <ele>-12.0</ele>
      </trkpt>
      <trkpt lat="52.695609368383884" lon="6.010697549208999">
        <ele>-12.0</ele>
      </trkpt>
      <trkpt lat="52.695622611790895" lon="6.010717498138547">
        <ele>-12.0</ele>
      </trkpt>
      <trkpt lat="52.69563619047403" lon="6.010736860334873">
        <ele>-11.800000190734863</ele>
      </trkpt>
      <trkpt lat="52.695651361718774" lon="6.010756390169263">
        <ele>-11.800000190734863</ele>
      </trkpt>
      <trkpt lat="52.69566820934415" lon="6.010775333270431">
        <ele>-11.800000190734863</ele>
      </trkpt>
      <trkpt lat="52.695684637874365" lon="6.010795701295137">
        <ele>-11.600000381469727</ele>
      </trkpt>
      <trkpt lat="52.695699809119105" lon="6.010815734043717">
        <ele>-11.600000381469727</ele>
      </trkpt>
      <trkpt lat="52.69571481272578" lon="6.010835934430361">
        <ele>-11.600000381469727</ele>
      </trkpt>
      <trkpt lat="52.69573090597987" lon="6.010856218636036">
        <ele>-11.600000381469727</ele>
      </trkpt>
      <trkpt lat="52.69574532285333" lon="6.010878263041377">
        <ele>-11.800000190734863</ele>
      </trkpt>
      <trkpt lat="52.6957605779171" lon="6.010899804532528">
        <ele>-11.600000381469727</ele>
      </trkpt>
      <trkpt lat="52.69577465951443" lon="6.010922268033028">
        <ele>-11.600000381469727</ele>
      </trkpt>
      <trkpt lat="52.695789746940136" lon="6.010942300781608">
        <ele>-11.600000381469727</ele>
      </trkpt>
      <trkpt lat="52.695805337280035" lon="6.010962165892124">
        <ele>-11.600000381469727</ele>
      </trkpt>
      <trkpt lat="52.69582184962928" lon="6.010980606079102">
        <ele>-11.600000381469727</ele>
      </trkpt>
      <trkpt lat="52.69583601504564" lon="6.010999716818333">
        <ele>-11.600000381469727</ele>
      </trkpt>
      <trkpt lat="52.695851270109415" lon="6.011018743738532">
        <ele>-11.600000381469727</ele>
      </trkpt>
      <trkpt lat="52.6958623342216" lon="6.011039111763239">
        <ele>-11.600000381469727</ele>
      </trkpt>
      <trkpt lat="52.69587775692344" lon="6.01105771958828">
        <ele>-11.600000381469727</ele>
      </trkpt>
      <trkpt lat="52.69589158706367" lon="6.011078590527177">
        <ele>-11.600000381469727</ele>
      </trkpt>
      <trkpt lat="52.69590759649873" lon="6.011097030714154">
        <ele>-11.600000381469727</ele>
      </trkpt>
      <trkpt lat="52.69592301920056" lon="6.011117901653051">
        <ele>-11.800000190734863</ele>
      </trkpt>
      <trkpt lat="52.69593911245465" lon="6.011137934401631">
        <ele>-11.600000381469727</ele>
      </trkpt>
      <trkpt lat="52.695952942594886" lon="6.011159056797624">
        <ele>-11.399999618530273</ele>
      </trkpt>
      <trkpt lat="52.695968030020595" lon="6.011179676279426">
        <ele>-11.399999618530273</ele>
      </trkpt>
      <trkpt lat="52.695983704179525" lon="6.011200798675418">
        <ele>-11.399999618530273</ele>
      </trkpt>
      <trkpt lat="52.695999797433615" lon="6.011220999062061">
        <ele>-11.399999618530273</ele>
      </trkpt>
      <trkpt lat="52.696015974506736" lon="6.011242372915149">
        <ele>-11.199999809265137</ele>
      </trkpt>
      <trkpt lat="52.69603215157986" lon="6.011262908577919">
        <ele>-11.199999809265137</ele>
      </trkpt>
      <trkpt lat="52.69604858011007" lon="6.0112854558974504">
        <ele>-11.199999809265137</ele>
      </trkpt>
      <trkpt lat="52.69606467336416" lon="6.011307165026665">
        <ele>-11.199999809265137</ele>
      </trkpt>
      <trkpt lat="52.696080012246966" lon="6.011331472545862">
        <ele>-11.0</ele>
      </trkpt>
      <trkpt lat="52.696095518767834" lon="6.011354103684425">
        <ele>-11.0</ele>
      </trkpt>
      <trkpt lat="52.69611043855548" lon="6.011377992108464">
        <ele>-11.199999809265137</ele>
      </trkpt>
      <trkpt lat="52.696125442162156" lon="6.011400371789932">
        <ele>-11.199999809265137</ele>
      </trkpt>
      <trkpt lat="52.6961369253695" lon="6.011426104232669">
        <ele>-11.399999618530273</ele>
      </trkpt>
      <trkpt lat="52.69614866003394" lon="6.011449908837676">
        <ele>-11.399999618530273</ele>
      </trkpt>
      <trkpt lat="52.69616039469838" lon="6.0114765632897615">
        <ele>-11.399999618530273</ele>
      </trkpt>
      <trkpt lat="52.69617355428636" lon="6.011502044275403">
        <ele>-11.600000381469727</ele>
      </trkpt>
      <trkpt lat="52.6961868815124" lon="6.011527273803949">
        <ele>-11.800000190734863</ele>
      </trkpt>
      <trkpt lat="52.696199705824256" lon="6.0115516651421785">
        <ele>-11.800000190734863</ele>
      </trkpt>
      <trkpt lat="52.69621454179287" lon="6.011577816680074">
        <ele>-11.800000190734863</ele>
      </trkpt>
      <trkpt lat="52.696227449923754" lon="6.011604722589254">
        <ele>-11.800000190734863</ele>
      </trkpt>
      <trkpt lat="52.6962405256927" lon="6.011629868298769">
        <ele>-11.800000190734863</ele>
      </trkpt>
      <trkpt lat="52.69625217653811" lon="6.01165384054184">
        <ele>-12.0</ele>
      </trkpt>
      <trkpt lat="52.69626592285931" lon="6.011678148061037">
        <ele>-12.0</ele>
      </trkpt>
      <trkpt lat="52.69627849571407" lon="6.011701701208949">
        <ele>-11.800000190734863</ele>
      </trkpt>
      <trkpt lat="52.696291990578175" lon="6.011724667623639">
        <ele>-11.600000381469727</ele>
      </trkpt>
      <trkpt lat="52.69630305469036" lon="6.011747550219297">
        <ele>-11.600000381469727</ele>
      </trkpt>
      <trkpt lat="52.696317974478006" lon="6.011771271005273">
        <ele>-11.600000381469727</ele>
      </trkpt>
      <trkpt lat="52.69633130170405" lon="6.011794153600931">
        <ele>-11.600000381469727</ele>
      </trkpt>
      <trkpt lat="52.696346221491694" lon="6.01181804202497">
        <ele>-11.600000381469727</ele>
      </trkpt>
      <trkpt lat="52.69637036137283" lon="6.011867159977555">
        <ele>-11.600000381469727</ele>
      </trkpt>
      <trkpt lat="52.69637036137283" lon="6.011867159977555">
        <ele>-11.600000381469727</ele>
      </trkpt>
      <trkpt lat="52.69638259895146" lon="6.01189180277288">
        <ele>-11.800000190734863</ele>
      </trkpt>
      <trkpt lat="52.69639475271106" lon="6.011915942654014">
        <ele>-11.600000381469727</ele>
      </trkpt>
      <trkpt lat="52.696406822651625" lon="6.011939998716116">
        <ele>-11.600000381469727</ele>
      </trkpt>
      <trkpt lat="52.69641989842057" lon="6.011964473873377">
        <ele>-11.600000381469727</ele>
      </trkpt>
      <trkpt lat="52.696431297808886" lon="6.011988781392574">
        <ele>-11.800000190734863</ele>
      </trkpt>
      <trkpt lat="52.696444038301706" lon="6.012013675644994">
        <ele>-11.800000190734863</ele>
      </trkpt>
      <trkpt lat="52.69645677879453" lon="6.0120384860783815">
        <ele>-12.0</ele>
      </trkpt>
      <trkpt lat="52.69647161476314" lon="6.012063212692738">
        <ele>-12.0</ele>
      </trkpt>
      <trkpt lat="52.69648469053209" lon="6.0120865143835545">
        <ele>-12.0</ele>
      </trkpt>
      <trkpt lat="52.696497263386846" lon="6.012111660093069">
        <ele>-12.0</ele>
      </trkpt>
      <trkpt lat="52.69650866277516" lon="6.012136302888393">
        <ele>-12.0</ele>
      </trkpt>
      <trkpt lat="52.69652182236314" lon="6.012162622064352">
        <ele>-12.0</ele>
      </trkpt>
      <trkpt lat="52.69653372466564" lon="6.012187683954835">
        <ele>-11.800000190734863</ele>
      </trkpt>
      <trkpt lat="52.69654696807265" lon="6.012214506044984">
        <ele>-11.800000190734863</ele>
      </trkpt>
      <trkpt lat="52.696558786556125" lon="6.012239316478372">
        <ele>-11.800000190734863</ele>
      </trkpt>
      <trkpt lat="52.69657320342958" lon="6.0122655518352985">
        <ele>-11.800000190734863</ele>
      </trkpt>
      <trkpt lat="52.69658686593175" lon="6.012290865182877">
        <ele>-11.800000190734863</ele>
      </trkpt>
      <trkpt lat="52.696598432958126" lon="6.0123159270733595">
        <ele>-11.800000190734863</ele>
      </trkpt>
      <trkpt lat="52.69661217927933" lon="6.012339731678367">
        <ele>-11.800000190734863</ele>
      </trkpt>
      <trkpt lat="52.69662709906697" lon="6.012364625930786">
        <ele>-11.800000190734863</ele>
      </trkpt>
      <trkpt lat="52.69664126448333" lon="6.012390358373523">
        <ele>-11.800000190734863</ele>
      </trkpt>
      <trkpt lat="52.696656519547105" lon="6.012416258454323">
        <ele>-11.800000190734863</ele>
      </trkpt>
      <trkpt lat="52.696669762954116" lon="6.012442158535123">
        <ele>-11.600000381469727</ele>
      </trkpt>
      <trkpt lat="52.69668124616146" lon="6.012468729168177">
        <ele>-11.600000381469727</ele>
      </trkpt>
      <trkpt lat="52.69669189117849" lon="6.012495132163167">
        <ele>-11.600000381469727</ele>
      </trkpt>
      <trkpt lat="52.69670421257615" lon="6.012521702796221">
        <ele>-11.800000190734863</ele>
      </trkpt>
      <trkpt lat="52.69671494141221" lon="6.012547016143799">
        <ele>-11.800000190734863</ele>
      </trkpt>
      <trkpt lat="52.69672768190503" lon="6.012573167681694">
        <ele>-11.800000190734863</ele>
      </trkpt>
      <trkpt lat="52.696738075464964" lon="6.012598732486367">
        <ele>-11.800000190734863</ele>
      </trkpt>
      <trkpt lat="52.69674955867231" lon="6.012625470757484">
        <ele>-11.800000190734863</ele>
      </trkpt>
      <trkpt lat="52.696761628612876" lon="6.012651119381189">
        <ele>-12.199999809265137</ele>
      </trkpt>
      <trkpt lat="52.696772860363126" lon="6.012678109109402">
        <ele>-11.800000190734863</ele>
      </trkpt>
      <trkpt lat="52.69678375683725" lon="6.012702835723758">
        <ele>-11.800000190734863</ele>
      </trkpt>
      <trkpt lat="52.69679951481521" lon="6.012728651985526">
        <ele>-11.399999618530273</ele>
      </trkpt>
      <trkpt lat="52.69681426696479" lon="6.012753797695041">
        <ele>-11.600000381469727</ele>
      </trkpt>
      <trkpt lat="52.69683010876179" lon="6.012780703604221">
        <ele>-11.600000381469727</ele>
      </trkpt>
      <trkpt lat="52.69684402272105" lon="6.01280459202826">
        <ele>-11.800000190734863</ele>
      </trkpt>
      <trkpt lat="52.69685617648065" lon="6.012830743566155">
        <ele>-11.800000190734863</ele>
      </trkpt>
      <trkpt lat="52.69686749204993" lon="6.012854380533099">
        <ele>-11.800000190734863</ele>
      </trkpt>
      <trkpt lat="52.696881741285324" lon="6.012880364432931">
        <ele>-11.800000190734863</ele>
      </trkpt>
      <trkpt lat="52.69689414650202" lon="6.012903582304716">
        <ele>-11.800000190734863</ele>
      </trkpt>
      <trkpt lat="52.69690923392773" lon="6.012928476557136">
        <ele>-11.600000381469727</ele>
      </trkpt>
      <trkpt lat="52.69692256115377" lon="6.012952197343111">
        <ele>-11.600000381469727</ele>
      </trkpt>
      <trkpt lat="52.696936056017876" lon="6.012976840138435">
        <ele>-11.399999618530273</ele>
      </trkpt>
      <trkpt lat="52.696946784853935" lon="6.013000141829252">
        <ele>-11.399999618530273</ele>
      </trkpt>
      <trkpt lat="52.69695969298482" lon="6.013025706633925">
        <ele>-11.399999618530273</ele>
      </trkpt>
      <trkpt lat="52.696972182020545" lon="6.013049008324742">
        <ele>-11.399999618530273</ele>
      </trkpt>
      <trkpt lat="52.69698517397046" lon="6.01307432167232">
        <ele>-11.399999618530273</ele>
      </trkpt>
      <trkpt lat="52.69699816592038" lon="6.013098042458296">
        <ele>-11.399999618530273</ele>
      </trkpt>
      <trkpt lat="52.6970124989748" lon="6.013123942539096">
        <ele>-11.199999809265137</ele>
      </trkpt>
      <trkpt lat="52.69702666439116" lon="6.013147998601198">
        <ele>-11.199999809265137</ele>
      </trkpt>
      <trkpt lat="52.69704116508365" lon="6.013174066320062">
        <ele>-11.199999809265137</ele>
      </trkpt>
      <trkpt lat="52.697054324671626" lon="6.013197787106037">
        <ele>-11.199999809265137</ele>
      </trkpt>
      <trkpt lat="52.69706874154508" lon="6.013222932815552">
        <ele>-11.199999809265137</ele>
      </trkpt>
      <trkpt lat="52.69708299078047" lon="6.013247407972813">
        <ele>-11.199999809265137</ele>
      </trkpt>
      <trkpt lat="52.69709472544491" lon="6.013272888958454">
        <ele>-11.199999809265137</ele>
      </trkpt>
      <trkpt lat="52.69710788503289" lon="6.013295603916049">
        <ele>-11.199999809265137</ele>
      </trkpt>
      <trkpt lat="52.697123726829886" lon="6.013320665806532">
        <ele>-11.199999809265137</ele>
      </trkpt>
      <trkpt lat="52.69713805988431" lon="6.013344218954444">
        <ele>-11.199999809265137</ele>
      </trkpt>
      <trkpt lat="52.697150046005845" lon="6.01336944848299">
        <ele>-11.199999809265137</ele>
      </trkpt>
      <trkpt lat="52.69716295413673" lon="6.013393504545093">
        <ele>-11.399999618530273</ele>
      </trkpt>
      <trkpt lat="52.69717334769666" lon="6.013418985530734">
        <ele>-11.199999809265137</ele>
      </trkpt>
      <trkpt lat="52.697186255827546" lon="6.013442622497678">
        <ele>-11.399999618530273</ele>
      </trkpt>
      <trkpt lat="52.697199331596494" lon="6.013467684388161">
        <ele>-11.199999809265137</ele>
      </trkpt>
      <trkpt lat="52.69721332937479" lon="6.013492327183485">
        <ele>-11.399999618530273</ele>
      </trkpt>
      <trkpt lat="52.69722439348698" lon="6.013518646359444">
        <ele>-11.199999809265137</ele>
      </trkpt>
      <trkpt lat="52.69723679870367" lon="6.013543456792831">
        <ele>-11.199999809265137</ele>
      </trkpt>
      <trkpt lat="52.69724953919649" lon="6.013570027425885">
        <ele>-11.199999809265137</ele>
      </trkpt>
      <trkpt lat="52.69726378843188" lon="6.0135951731354">
        <ele>-11.199999809265137</ele>
      </trkpt>
      <trkpt lat="52.69728993996978" lon="6.013646638020873">
        <ele>-11.199999809265137</ele>
      </trkpt>
      <trkpt lat="52.69728993996978" lon="6.013646638020873">
        <ele>-11.199999809265137</ele>
      </trkpt>
      <trkpt lat="52.69730335101485" lon="6.013672705739737">
        <ele>-11.199999809265137</ele>
      </trkpt>
      <trkpt lat="52.69731734879315" lon="6.013696594163775">
        <ele>-11.199999809265137</ele>
      </trkpt>
      <trkpt lat="52.69732866436243" lon="6.0137224942445755">
        <ele>-11.199999809265137</ele>
      </trkpt>
      <trkpt lat="52.69734148867428" lon="6.0137471370399">
        <ele>-11.199999809265137</ele>
      </trkpt>
      <trkpt lat="52.69735171459615" lon="6.013773288577795">
        <ele>-11.199999809265137</ele>
      </trkpt>
      <trkpt lat="52.69736437126994" lon="6.013798350468278">
        <ele>-11.199999809265137</ele>
      </trkpt>
      <trkpt lat="52.697377195581794" lon="6.013825256377459">
        <ele>-11.399999618530273</ele>
      </trkpt>
      <trkpt lat="52.69738926552236" lon="6.013849982991815">
        <ele>-11.399999618530273</ele>
      </trkpt>
      <trkpt lat="52.69740091636777" lon="6.0138779785484076">
        <ele>-11.399999618530273</ele>
      </trkpt>
      <trkpt lat="52.69741357304156" lon="6.013904716819525">
        <ele>-11.399999618530273</ele>
      </trkpt>
      <trkpt lat="52.69742723554373" lon="6.013933382928371">
        <ele>-11.399999618530273</ele>
      </trkpt>
      <trkpt lat="52.69744005985558" lon="6.013960288837552">
        <ele>-11.399999618530273</ele>
      </trkpt>
      <trkpt lat="52.697453051805496" lon="6.013989290222526">
        <ele>-11.399999618530273</ele>
      </trkpt>
      <trkpt lat="52.697464283555746" lon="6.01401636376977">
        <ele>-11.199999809265137</ele>
      </trkpt>
      <trkpt lat="52.69747610203922" lon="6.014046370983124">
        <ele>-11.199999809265137</ele>
      </trkpt>
      <trkpt lat="52.69748649559915" lon="6.014074869453907">
        <ele>-11.199999809265137</ele>
      </trkpt>
      <trkpt lat="52.697497894987464" lon="6.014104541391134">
        <ele>-11.199999809265137</ele>
      </trkpt>
      <trkpt lat="52.697507701814175" lon="6.014131447300315">
        <ele>-11.199999809265137</ele>
      </trkpt>
      <trkpt lat="52.69751759245992" lon="6.014160951599479">
        <ele>-11.399999618530273</ele>
      </trkpt>
      <trkpt lat="52.69752756692469" lon="6.014189952984452">
        <ele>-11.399999618530273</ele>
      </trkpt>
      <trkpt lat="52.69753879867494" lon="6.0142196249216795">
        <ele>-11.399999618530273</ele>
      </trkpt>
      <trkpt lat="52.69754894077778" lon="6.014245944097638">
        <ele>-11.399999618530273</ele>
      </trkpt>
      <trkpt lat="52.69755975343287" lon="6.014274945482612">
        <ele>-11.600000381469727</ele>
      </trkpt>
      <trkpt lat="52.69756989553571" lon="6.014301851391792">
        <ele>-11.600000381469727</ele>
      </trkpt>
      <trkpt lat="52.69758087582886" lon="6.014330517500639">
        <ele>-11.600000381469727</ele>
      </trkpt>
      <trkpt lat="52.69759168848395" lon="6.014358680695295">
        <ele>-11.800000190734863</ele>
      </trkpt>
      <trkpt lat="52.69760308787227" lon="6.014389107003808">
        <ele>-11.800000190734863</ele>
      </trkpt>
      <trkpt lat="52.69761448726058" lon="6.014417102560401">
        <ele>-11.800000190734863</ele>
      </trkpt>
      <trkpt lat="52.697626473382115" lon="6.01444685831666">
        <ele>-11.800000190734863</ele>
      </trkpt>
      <trkpt lat="52.69763896241784" lon="6.014476278796792">
        <ele>-11.600000381469727</ele>
      </trkpt>
      <trkpt lat="52.69765203818679" lon="6.014506369829178">
        <ele>-11.600000381469727</ele>
      </trkpt>
      <trkpt lat="52.69766477867961" lon="6.014534784480929">
        <ele>-11.600000381469727</ele>
      </trkpt>
      <trkpt lat="52.69767668098211" lon="6.014564875513315">
        <ele>-11.399999618530273</ele>
      </trkpt>
      <trkpt lat="52.697686571627855" lon="6.014592535793781">
        <ele>-11.399999618530273</ele>
      </trkpt>
      <trkpt lat="52.69769738428295" lon="6.014623213559389">
        <ele>-11.199999809265137</ele>
      </trkpt>
      <trkpt lat="52.697708029299974" lon="6.014652047306299">
        <ele>-11.199999809265137</ele>
      </trkpt>
      <trkpt lat="52.69772035069764" lon="6.01468238979578">
        <ele>-11.199999809265137</ele>
      </trkpt>
      <trkpt lat="52.69773091189563" lon="6.014711307361722">
        <ele>-11.199999809265137</ele>
      </trkpt>
      <trkpt lat="52.697742814198136" lon="6.014740979298949">
        <ele>-11.199999809265137</ele>
      </trkpt>
      <trkpt lat="52.69775320775807" lon="6.014767214655876">
        <ele>-11.199999809265137</ele>
      </trkpt>
      <trkpt lat="52.697766702622175" lon="6.0147959645837545">
        <ele>-11.199999809265137</ele>
      </trkpt>
      <trkpt lat="52.69777676090598" lon="6.014824211597443">
        <ele>-11.199999809265137</ele>
      </trkpt>
      <trkpt lat="52.697788663208485" lon="6.01485388353467">
        <ele>-11.199999809265137</ele>
      </trkpt>
      <trkpt lat="52.697799978777766" lon="6.0148796159774065">
        <ele>-11.399999618530273</ele>
      </trkpt>
      <trkpt lat="52.69781137816608" lon="6.014906940981746">
        <ele>-11.399999618530273</ele>
      </trkpt>
      <trkpt lat="52.69782277755439" lon="6.014935439452529">
        <ele>-11.600000381469727</ele>
      </trkpt>
      <trkpt lat="52.697848761454225" lon="6.014993609860539">
        <ele>-11.600000381469727</ele>
      </trkpt>
      <trkpt lat="52.697848761454225" lon="6.014993609860539">
        <ele>-11.600000381469727</ele>
      </trkpt>
      <trkpt lat="52.697861501947045" lon="6.015021773055196">
        <ele>-11.600000381469727</ele>
      </trkpt>
      <trkpt lat="52.69787332043052" lon="6.015047170221806">
        <ele>-11.600000381469727</ele>
      </trkpt>
      <trkpt lat="52.69788430072367" lon="6.015075668692589">
        <ele>-11.600000381469727</ele>
      </trkpt>
      <trkpt lat="52.697896203026175" lon="6.015101820230484">
        <ele>-11.600000381469727</ele>
      </trkpt>
      <trkpt lat="52.69790818914771" lon="6.015128726139665">
        <ele>-11.600000381469727</ele>
      </trkpt>
      <trkpt lat="52.69791983999312" lon="6.015155632048845">
        <ele>-11.399999618530273</ele>
      </trkpt>
      <trkpt lat="52.69793107174337" lon="6.015183459967375">
        <ele>-11.199999809265137</ele>
      </trkpt>
      <trkpt lat="52.69794322550297" lon="6.015209360048175">
        <ele>-11.399999618530273</ele>
      </trkpt>
      <trkpt lat="52.697954876348376" lon="6.015237355604768">
        <ele>-11.199999809265137</ele>
      </trkpt>
      <trkpt lat="52.697967030107975" lon="6.015266524627805">
        <ele>-11.0</ele>
      </trkpt>
      <trkpt lat="52.69797893241048" lon="6.015294436365366">
        <ele>-11.0</ele>
      </trkpt>
      <trkpt lat="52.69799133762717" lon="6.015321929007769">
        <ele>-11.0</ele>
      </trkpt>
      <trkpt lat="52.69800399430096" lon="6.0153479129076">
        <ele>-11.199999809265137</ele>
      </trkpt>
      <trkpt lat="52.69801899790764" lon="6.0153767466545105">
        <ele>-11.399999618530273</ele>
      </trkpt>
      <trkpt lat="52.698031067848206" lon="6.01540214382112">
        <ele>-11.399999618530273</ele>
      </trkpt>
      <trkpt lat="52.698043724521995" lon="6.015430390834808">
        <ele>-11.399999618530273</ele>
      </trkpt>
      <trkpt lat="52.69805478863418" lon="6.015457380563021">
        <ele>-11.399999618530273</ele>
      </trkpt>
      <trkpt lat="52.69806643947959" lon="6.015486214309931">
        <ele>-11.199999809265137</ele>
      </trkpt>
      <trkpt lat="52.698079431429505" lon="6.015511946752667">
        <ele>-11.199999809265137</ele>
      </trkpt>
      <trkpt lat="52.69809233956039" lon="6.015539355576038">
        <ele>-11.199999809265137</ele>
      </trkpt>
      <trkpt lat="52.69810248166323" lon="6.015563579276204">
        <ele>-11.199999809265137</ele>
      </trkpt>
      <trkpt lat="52.698114551603794" lon="6.015592077746987">
        <ele>-11.0</ele>
      </trkpt>
      <trkpt lat="52.698125867173076" lon="6.015617810189724">
        <ele>-11.0</ele>
      </trkpt>
      <trkpt lat="52.6981367636472" lon="6.015646643936634">
        <ele>-10.800000190734863</ele>
      </trkpt>
      <trkpt lat="52.69814816303551" lon="6.015674136579037">
        <ele>-10.800000190734863</ele>
      </trkpt>
      <trkpt lat="52.69815947860479" lon="6.015701377764344">
        <ele>-10.800000190734863</ele>
      </trkpt>
      <trkpt lat="52.69817163236439" lon="6.015727696940303">
        <ele>-11.0</ele>
      </trkpt>
      <trkpt lat="52.698182025924325" lon="6.015755692496896">
        <ele>-11.0</ele>
      </trkpt>
      <trkpt lat="52.69819459877908" lon="6.015783185139298">
        <ele>-11.0</ele>
      </trkpt>
      <trkpt lat="52.69820683635771" lon="6.015808582305908">
        <ele>-11.0</ele>
      </trkpt>
      <trkpt lat="52.698218235746026" lon="6.015835404396057">
        <ele>-11.199999809265137</ele>
      </trkpt>
      <trkpt lat="52.69823147915304" lon="6.0158606339246035">
        <ele>-11.199999809265137</ele>
      </trkpt>
      <trkpt lat="52.69824547693133" lon="6.015887456014752">
        <ele>-11.199999809265137</ele>
      </trkpt>
      <trkpt lat="52.69825863651931" lon="6.0159133560955524">
        <ele>-11.199999809265137</ele>
      </trkpt>
      <trkpt lat="52.69827422685921" lon="6.0159398429095745">
        <ele>-11.199999809265137</ele>
      </trkpt>
      <trkpt lat="52.69828545860946" lon="6.015966329723597">
        <ele>-11.199999809265137</ele>
      </trkpt>
      <trkpt lat="52.69829794764519" lon="6.015992732718587">
        <ele>-11.199999809265137</ele>
      </trkpt>
      <trkpt lat="52.69831085577607" lon="6.016017710790038">
        <ele>-11.399999618530273</ele>
      </trkpt>
      <trkpt lat="52.69832191988826" lon="6.016044868156314">
        <ele>-11.399999618530273</ele>
      </trkpt>
      <trkpt lat="52.69833424128592" lon="6.016069510951638">
        <ele>-11.399999618530273</ele>
      </trkpt>
      <trkpt lat="52.69834932871163" lon="6.016095830127597">
        <ele>-11.199999809265137</ele>
      </trkpt>
      <trkpt lat="52.6983627397567" lon="6.016120305284858">
        <ele>-11.199999809265137</ele>
      </trkpt>
      <trkpt lat="52.698378413915634" lon="6.016147630289197">
        <ele>-11.199999809265137</ele>
      </trkpt>
      <trkpt lat="52.698393166065216" lon="6.016174368560314">
        <ele>-11.199999809265137</ele>
      </trkpt>
      <trkpt lat="52.698405822739005" lon="6.016201442107558">
        <ele>-11.199999809265137</ele>
      </trkpt>
      <trkpt lat="52.69841738976538" lon="6.016227342188358">
        <ele>-11.199999809265137</ele>
      </trkpt>
      <trkpt lat="52.698430297896266" lon="6.016255086287856">
        <ele>-11.399999618530273</ele>
      </trkpt>
      <trkpt lat="52.698441026732326" lon="6.016280148178339">
        <ele>-11.399999618530273</ele>
      </trkpt>
      <trkpt lat="52.698450833559036" lon="6.01630705408752">
        <ele>-11.199999809265137</ele>
      </trkpt>
      <trkpt lat="52.69846214912832" lon="6.016332702711225">
        <ele>-11.199999809265137</ele>
      </trkpt>
      <trkpt lat="52.69847354851663" lon="6.0163595248013735">
        <ele>-11.0</ele>
      </trkpt>
      <trkpt lat="52.69848419353366" lon="6.016385089606047">
        <ele>-10.800000190734863</ele>
      </trkpt>
      <trkpt lat="52.69849509000778" lon="6.016412330791354">
        <ele>-10.800000190734863</ele>
      </trkpt>
      <trkpt lat="52.698505986481905" lon="6.016438649967313">
        <ele>-11.0</ele>
      </trkpt>
      <trkpt lat="52.69851545803249" lon="6.016466980800033">
        <ele>-11.0</ele>
      </trkpt>
      <trkpt lat="52.698525516316295" lon="6.016494054347277">
        <ele>-11.0</ele>
      </trkpt>
      <trkpt lat="52.69853507168591" lon="6.01652255281806">
        <ele>-11.199999809265137</ele>
      </trkpt>
      <trkpt lat="52.698545549064875" lon="6.016550045460463">
        <ele>-11.399999618530273</ele>
      </trkpt>
      <trkpt lat="52.69856935366988" lon="6.016604276373982">
        <ele>-11.199999809265137</ele>
      </trkpt>
      <trkpt lat="52.69856935366988" lon="6.016604276373982">
        <ele>-11.199999809265137</ele>
      </trkpt>
      <trkpt lat="52.69858083687723" lon="6.016633026301861">
        <ele>-11.199999809265137</ele>
      </trkpt>
      <trkpt lat="52.69859181717038" lon="6.016660686582327">
        <ele>-11.199999809265137</ele>
      </trkpt>
      <trkpt lat="52.698602210730314" lon="6.016689604148269">
        <ele>-11.0</ele>
      </trkpt>
      <trkpt lat="52.69861369393766" lon="6.016716929152608">
        <ele>-11.199999809265137</ele>
      </trkpt>
      <trkpt lat="52.69862509332597" lon="6.01674584671855">
        <ele>-11.199999809265137</ele>
      </trkpt>
      <trkpt lat="52.69863607361913" lon="6.016773087903857">
        <ele>-11.199999809265137</ele>
      </trkpt>
      <trkpt lat="52.69864638336003" lon="6.016800245270133">
        <ele>-11.199999809265137</ele>
      </trkpt>
      <trkpt lat="52.698658453300595" lon="6.016825390979648">
        <ele>-11.199999809265137</ele>
      </trkpt>
      <trkpt lat="52.698670607060194" lon="6.016850704327226">
        <ele>-11.199999809265137</ele>
      </trkpt>
      <trkpt lat="52.69868343137205" lon="6.016875682398677">
        <ele>-11.199999809265137</ele>
      </trkpt>
      <trkpt lat="52.69869524985552" lon="6.016901833936572">
        <ele>-11.199999809265137</ele>
      </trkpt>
      <trkpt lat="52.69870765507221" lon="6.016928404569626">
        <ele>-11.0</ele>
      </trkpt>
      <trkpt lat="52.698720311746" lon="6.016954472288489">
        <ele>-11.0</ele>
      </trkpt>
      <trkpt lat="52.69873238168657" lon="6.016981797292829">
        <ele>-11.199999809265137</ele>
      </trkpt>
      <trkpt lat="52.69874478690326" lon="6.017008200287819">
        <ele>-11.199999809265137</ele>
      </trkpt>
      <trkpt lat="52.69875744357705" lon="6.017036866396666">
        <ele>-11.199999809265137</ele>
      </trkpt>
      <trkpt lat="52.69876976497471" lon="6.017064107581973">
        <ele>-11.199999809265137</ele>
      </trkpt>
      <trkpt lat="52.698782002553344" lon="6.0170928575098515">
        <ele>-11.199999809265137</ele>
      </trkpt>
      <trkpt lat="52.69879491068423" lon="6.017119595780969">
        <ele>-11.199999809265137</ele>
      </trkpt>
      <trkpt lat="52.698808992281556" lon="6.017148848623037">
        <ele>-11.199999809265137</ele>
      </trkpt>
      <trkpt lat="52.69881896674633" lon="6.017176927998662">
        <ele>-11.199999809265137</ele>
      </trkpt>
      <trkpt lat="52.698829444125295" lon="6.017206180840731">
        <ele>-11.199999809265137</ele>
      </trkpt>
      <trkpt lat="52.698839670047164" lon="6.017234595492482">
        <ele>-11.199999809265137</ele>
      </trkpt>
      <trkpt lat="52.69885023124516" lon="6.01726284250617">
        <ele>-11.399999618530273</ele>
      </trkpt>
      <trkpt lat="52.69886045716703" lon="6.017289664596319">
        <ele>-11.600000381469727</ele>
      </trkpt>
      <trkpt lat="52.698872024193406" lon="6.017318582162261">
        <ele>-11.600000381469727</ele>
      </trkpt>
      <trkpt lat="52.6988828368485" lon="6.017345655709505">
        <ele>-11.600000381469727</ele>
      </trkpt>
      <trkpt lat="52.6988931465894" lon="6.017374070361257">
        <ele>-11.600000381469727</ele>
      </trkpt>
      <trkpt lat="52.69890295341611" lon="6.0174008924514055">
        <ele>-11.600000381469727</ele>
      </trkpt>
      <trkpt lat="52.69891468808055" lon="6.0174294747412205">
        <ele>-11.600000381469727</ele>
      </trkpt>
      <trkpt lat="52.69892441108823" lon="6.017456967383623">
        <ele>-11.600000381469727</ele>
      </trkpt>
      <trkpt lat="52.69893539138138" lon="6.017486220225692">
        <ele>-11.600000381469727</ele>
      </trkpt>
      <trkpt lat="52.69894595257938" lon="6.017514215782285">
        <ele>-11.600000381469727</ele>
      </trkpt>
      <trkpt lat="52.69895534031093" lon="6.017543971538544">
        <ele>-11.600000381469727</ele>
      </trkpt>
      <trkpt lat="52.698966236785054" lon="6.0175728891044855">
        <ele>-11.600000381469727</ele>
      </trkpt>
      <trkpt lat="52.698975624516606" lon="6.017602225765586">
        <ele>-11.600000381469727</ele>
      </trkpt>
      <trkpt lat="52.69898694008589" lon="6.017631227150559">
        <ele>-11.399999618530273</ele>
      </trkpt>
      <trkpt lat="52.6989983394742" lon="6.017660815268755">
        <ele>-11.199999809265137</ele>
      </trkpt>
      <trkpt lat="52.699010241776705" lon="6.017689062282443">
        <ele>-11.199999809265137</ele>
      </trkpt>
      <trkpt lat="52.699023401364684" lon="6.017717141658068">
        <ele>-11.199999809265137</ele>
      </trkpt>
      <trkpt lat="52.69903698004782" lon="6.0177448857575655">
        <ele>-11.199999809265137</ele>
      </trkpt>
      <trkpt lat="52.6990503910929" lon="6.017773132771254">
        <ele>-11.199999809265137</ele>
      </trkpt>
      <trkpt lat="52.69906271249056" lon="6.0178028885275126">
        <ele>-11.199999809265137</ele>
      </trkpt>
      <trkpt lat="52.69907453097403" lon="6.01783063262701">
        <ele>-11.399999618530273</ele>
      </trkpt>
      <trkpt lat="52.6990863494575" lon="6.017858879640698">
        <ele>-11.399999618530273</ele>
      </trkpt>
      <trkpt lat="52.69909707829356" lon="6.017886707559228">
        <ele>-11.399999618530273</ele>
      </trkpt>
      <trkpt lat="52.69910931587219" lon="6.017915038391948">
        <ele>-11.399999618530273</ele>
      </trkpt>
      <trkpt lat="52.69912046380341" lon="6.017943201586604">
        <ele>-11.399999618530273</ele>
      </trkpt>
      <trkpt lat="52.69913261756301" lon="6.017970694229007">
        <ele>-11.199999809265137</ele>
      </trkpt>
      <trkpt lat="52.69914301112294" lon="6.017997683957219">
        <ele>-11.399999618530273</ele>
      </trkpt>
      <trkpt lat="52.699154410511255" lon="6.018025930970907">
        <ele>-11.399999618530273</ele>
      </trkpt>
      <trkpt lat="52.69916580989957" lon="6.018052166327834">
        <ele>-11.399999618530273</ele>
      </trkpt>
      <trkpt lat="52.69917813129723" lon="6.018079239875078">
        <ele>-11.399999618530273</ele>
      </trkpt>
      <trkpt lat="52.699188105762005" lon="6.018104385584593">
        <ele>-11.600000381469727</ele>
      </trkpt>
      <trkpt lat="52.69919875077903" lon="6.018131375312805">
        <ele>-11.600000381469727</ele>
      </trkpt>
      <trkpt lat="52.69920872524381" lon="6.018155850470066">
        <ele>-11.600000381469727</ele>
      </trkpt>
      <trkpt lat="52.69922213628888" lon="6.018183594569564">
        <ele>-11.600000381469727</ele>
      </trkpt>
      <trkpt lat="52.69923194311559" lon="6.0182099137455225">
        <ele>-11.600000381469727</ele>
      </trkpt>
      <trkpt lat="52.699254155159" lon="6.018263390287757">
        <ele>-11.600000381469727</ele>
      </trkpt>
      <trkpt lat="52.699254155159" lon="6.018263390287757">
        <ele>-11.399999618530273</ele>
      </trkpt>
      <trkpt lat="52.699267230927944" lon="6.018292726948857">
        <ele>-11.399999618530273</ele>
      </trkpt>
      <trkpt lat="52.69927678629756" lon="6.018320806324482">
        <ele>-11.399999618530273</ele>
      </trkpt>
      <trkpt lat="52.69928801804781" lon="6.018350897356868">
        <ele>-11.399999618530273</ele>
      </trkpt>
      <trkpt lat="52.699299585074186" lon="6.018379312008619">
        <ele>-11.399999618530273</ele>
      </trkpt>
      <trkpt lat="52.699314169585705" lon="6.018408816307783">
        <ele>-11.399999618530273</ele>
      </trkpt>
      <trkpt lat="52.699327329173684" lon="6.018435638397932">
        <ele>-11.399999618530273</ele>
      </trkpt>
      <trkpt lat="52.699343506246805" lon="6.018464807420969">
        <ele>-11.399999618530273</ele>
      </trkpt>
      <trkpt lat="52.69935691729188" lon="6.018491880968213">
        <ele>-11.399999618530273</ele>
      </trkpt>
      <trkpt lat="52.69936974160373" lon="6.0185200441628695">
        <ele>-11.199999809265137</ele>
      </trkpt>
      <trkpt lat="52.69937946461141" lon="6.018545189872384">
        <ele>-11.199999809265137</ele>
      </trkpt>
      <trkpt lat="52.69939078018069" lon="6.018573017790914">
        <ele>-11.199999809265137</ele>
      </trkpt>
      <trkpt lat="52.69940184429288" lon="6.018599504604936">
        <ele>-11.199999809265137</ele>
      </trkpt>
      <trkpt lat="52.6994129922241" lon="6.018625907599926">
        <ele>-11.199999809265137</ele>
      </trkpt>
      <trkpt lat="52.69942296668887" lon="6.018651891499758">
        <ele>-11.199999809265137</ele>
      </trkpt>
      <trkpt lat="52.69943570718169" lon="6.018679635599256">
        <ele>-11.199999809265137</ele>
      </trkpt>
      <trkpt lat="52.69944727420807" lon="6.0187035240232944">
        <ele>-11.399999618530273</ele>
      </trkpt>
      <trkpt lat="52.699461188167334" lon="6.018730513751507">
        <ele>-11.399999618530273</ele>
      </trkpt>
      <trkpt lat="52.69947367720306" lon="6.018752893432975">
        <ele>-11.399999618530273</ele>
      </trkpt>
      <trkpt lat="52.699483735486865" lon="6.018779715523124">
        <ele>-11.199999809265137</ele>
      </trkpt>
      <trkpt lat="52.699494464322925" lon="6.0188056994229555">
        <ele>-11.399999618530273</ele>
      </trkpt>
      <trkpt lat="52.69950401969254" lon="6.018832186236978">
        <ele>-11.199999809265137</ele>
      </trkpt>
      <trkpt lat="52.69951525144279" lon="6.018858253955841">
        <ele>-11.199999809265137</ele>
      </trkpt>
      <trkpt lat="52.69952539354563" lon="6.018885746598244">
        <ele>-11.199999809265137</ele>
      </trkpt>
      <trkpt lat="52.6995356194675" lon="6.0189123172312975">
        <ele>-11.199999809265137</ele>
      </trkpt>
      <trkpt lat="52.69954601302743" lon="6.018939642235637">
        <ele>-11.399999618530273</ele>
      </trkpt>
      <trkpt lat="52.69955682568252" lon="6.018965793773532">
        <ele>-11.199999809265137</ele>
      </trkpt>
      <trkpt lat="52.69956797361374" lon="6.018992951139808">
        <ele>-11.199999809265137</ele>
      </trkpt>
      <trkpt lat="52.69957928918302" lon="6.019020024687052">
        <ele>-11.399999618530273</ele>
      </trkpt>
      <trkpt lat="52.6995908562094" lon="6.019047349691391">
        <ele>-11.399999618530273</ele>
      </trkpt>
      <trkpt lat="52.69960368052125" lon="6.019075009971857">
        <ele>-11.399999618530273</ele>
      </trkpt>
      <trkpt lat="52.69961348734796" lon="6.01910250261426">
        <ele>-11.399999618530273</ele>
      </trkpt>
      <trkpt lat="52.69962379708886" lon="6.019130414351821">
        <ele>-11.600000381469727</ele>
      </trkpt>
      <trkpt lat="52.6996339391917" lon="6.01915773935616">
        <ele>-11.600000381469727</ele>
      </trkpt>
      <trkpt lat="52.699646009132266" lon="6.01918556727469">
        <ele>-11.600000381469727</ele>
      </trkpt>
      <trkpt lat="52.699656151235104" lon="6.019212976098061">
        <ele>-11.600000381469727</ele>
      </trkpt>
      <trkpt lat="52.69966729916632" lon="6.01923837326467">
        <ele>-11.600000381469727</ele>
      </trkpt>
      <trkpt lat="52.69967710599303" lon="6.0192662011832">
        <ele>-11.399999618530273</ele>
      </trkpt>
      <trkpt lat="52.69968766719103" lon="6.019293358549476">
        <ele>-11.600000381469727</ele>
      </trkpt>
      <trkpt lat="52.699697809293866" lon="6.0193216893821955">
        <ele>-11.600000381469727</ele>
      </trkpt>
      <trkpt lat="52.69970761612058" lon="6.019350187852979">
        <ele>-11.600000381469727</ele>
      </trkpt>
      <trkpt lat="52.699717255309224" lon="6.019379021599889">
        <ele>-11.399999618530273</ele>
      </trkpt>
      <trkpt lat="52.69972681067884" lon="6.019406262785196">
        <ele>-11.399999618530273</ele>
      </trkpt>
      <trkpt lat="52.699737288057804" lon="6.019434258341789">
        <ele>-11.399999618530273</ele>
      </trkpt>
      <trkpt lat="52.69974701106548" lon="6.019463511183858">
        <ele>-11.399999618530273</ele>
      </trkpt>
      <trkpt lat="52.69975723698735" lon="6.019492261111736">
        <ele>-11.199999809265137</ele>
      </trkpt>
      <trkpt lat="52.69976746290922" lon="6.019520675763488">
        <ele>-11.199999809265137</ele>
      </trkpt>
      <trkpt lat="52.699777353554964" lon="6.019547497853637">
        <ele>-11.199999809265137</ele>
      </trkpt>
      <trkpt lat="52.69978833384812" lon="6.019574571400881">
        <ele>-11.199999809265137</ele>
      </trkpt>
      <trkpt lat="52.69979730248451" lon="6.019601644948125">
        <ele>-11.199999809265137</ele>
      </trkpt>
      <trkpt lat="52.69980828277767" lon="6.019628969952464">
        <ele>-11.399999618530273</ele>
      </trkpt>
      <trkpt lat="52.699816497042775" lon="6.0196571331471205">
        <ele>-11.399999618530273</ele>
      </trkpt>
      <trkpt lat="52.6998255494982" lon="6.019686637446284">
        <ele>-11.600000381469727</ele>
      </trkpt>
      <trkpt lat="52.69983317703009" lon="6.019716477021575">
        <ele>-11.600000381469727</ele>
      </trkpt>
      <trkpt lat="52.69984231330454" lon="6.019746819511056">
        <ele>-11.600000381469727</ele>
      </trkpt>
      <trkpt lat="52.69985086284578" lon="6.01977682672441">
        <ele>-11.600000381469727</ele>
      </trkpt>
      <trkpt lat="52.69985874183476" lon="6.019807001575828">
        <ele>-11.600000381469727</ele>
      </trkpt>
      <trkpt lat="52.699865866452456" lon="6.019837595522404">
        <ele>-11.600000381469727</ele>
      </trkpt>
      <trkpt lat="52.69987374544144" lon="6.01986919529736">
        <ele>-11.600000381469727</ele>
      </trkpt>
      <trkpt lat="52.69988858141005" lon="6.019929964095354">
        <ele>-11.600000381469727</ele>
      </trkpt>
      <trkpt lat="52.69988858141005" lon="6.019929964095354">
        <ele>-11.399999618530273</ele>
      </trkpt>
      <trkpt lat="52.699898136779666" lon="6.019960725679994">
        <ele>-11.399999618530273</ele>
      </trkpt>
      <trkpt lat="52.69990760833025" lon="6.019992241635919">
        <ele>-11.399999618530273</ele>
      </trkpt>
      <trkpt lat="52.69991599023342" lon="6.020023925229907">
        <ele>-11.600000381469727</ele>
      </trkpt>
      <trkpt lat="52.699923450127244" lon="6.0200567822903395">
        <ele>-11.399999618530273</ele>
      </trkpt>
      <trkpt lat="52.69993015564978" lon="6.02008905261755">
        <ele>-11.600000381469727</ele>
      </trkpt>
      <trkpt lat="52.69993895664811" lon="6.0201215744018555">
        <ele>-11.399999618530273</ele>
      </trkpt>
      <trkpt lat="52.69994582980871" lon="6.020153593271971">
        <ele>-11.600000381469727</ele>
      </trkpt>
      <trkpt lat="52.69995412789285" lon="6.020184690132737">
        <ele>-11.600000381469727</ele>
      </trkpt>
      <trkpt lat="52.699961587786674" lon="6.020215200260282">
        <ele>-11.600000381469727</ele>
      </trkpt>
      <trkpt lat="52.699969969689846" lon="6.020245961844921">
        <ele>-11.600000381469727</ele>
      </trkpt>
      <trkpt lat="52.69997801631689" lon="6.020275801420212">
        <ele>-11.600000381469727</ele>
      </trkpt>
      <trkpt lat="52.699986565858126" lon="6.020307317376137">
        <ele>-11.600000381469727</ele>
      </trkpt>
      <trkpt lat="52.69999461248517" lon="6.020336989313364">
        <ele>-11.600000381469727</ele>
      </trkpt>
      <trkpt lat="52.700003664940596" lon="6.020367667078972">
        <ele>-11.800000190734863</ele>
      </trkpt>
      <trkpt lat="52.700011460110545" lon="6.020395662635565">
        <ele>-11.800000190734863</ele>
      </trkpt>
      <trkpt lat="52.70002034492791" lon="6.020425669848919">
        <ele>-11.800000190734863</ele>
      </trkpt>
      <trkpt lat="52.70002881065011" lon="6.020453833043575">
        <ele>-11.800000190734863</ele>
      </trkpt>
      <trkpt lat="52.700036438181996" lon="6.0204829182475805">
        <ele>-11.600000381469727</ele>
      </trkpt>
      <trkpt lat="52.70004632882774" lon="6.020512506365776">
        <ele>-11.600000381469727</ele>
      </trkpt>
      <trkpt lat="52.70005730912089" lon="6.020544022321701">
        <ele>-11.399999618530273</ele>
      </trkpt>
      <trkpt lat="52.70006585866213" lon="6.020572856068611">
        <ele>-11.399999618530273</ele>
      </trkpt>
      <trkpt lat="52.70007675513625" lon="6.020602863281965">
        <ele>-11.399999618530273</ele>
      </trkpt>
      <trkpt lat="52.700085723772645" lon="6.020632116124034">
        <ele>-11.399999618530273</ele>
      </trkpt>
      <trkpt lat="52.70009662024677" lon="6.020662793889642">
        <ele>-11.399999618530273</ele>
      </trkpt>
      <trkpt lat="52.70010550506413" lon="6.020692549645901">
        <ele>-11.399999618530273</ele>
      </trkpt>
      <trkpt lat="52.700114976614714" lon="6.020723562687635">
        <ele>-11.199999809265137</ele>
      </trkpt>
      <trkpt lat="52.70012277178466" lon="6.0207529831677675">
        <ele>-11.199999809265137</ele>
      </trkpt>
      <trkpt lat="52.70013123750687" lon="6.0207839123904705">
        <ele>-11.199999809265137</ele>
      </trkpt>
      <trkpt lat="52.700139954686165" lon="6.020812746137381">
        <ele>-11.399999618530273</ele>
      </trkpt>
      <trkpt lat="52.70014816895127" lon="6.02084300480783">
        <ele>-11.399999618530273</ele>
      </trkpt>
      <trkpt lat="52.70015680231154" lon="6.020873934030533">
        <ele>-11.199999809265137</ele>
      </trkpt>
      <trkpt lat="52.70016660913825" lon="6.020905366167426">
        <ele>-11.199999809265137</ele>
      </trkpt>
      <trkpt lat="52.70017675124109" lon="6.020936965942383">
        <ele>-11.199999809265137</ele>
      </trkpt>
      <trkpt lat="52.70018597133458" lon="6.020967643707991">
        <ele>-11.199999809265137</ele>
      </trkpt>
      <trkpt lat="52.700195610523224" lon="6.020998824387789">
        <ele>-11.199999809265137</ele>
      </trkpt>
      <trkpt lat="52.700204998254776" lon="6.021028999239206">
        <ele>-11.199999809265137</ele>
      </trkpt>
      <trkpt lat="52.700214302167296" lon="6.021058838814497">
        <ele>-11.199999809265137</ele>
      </trkpt>
      <trkpt lat="52.70022343844175" lon="6.0210878401994705">
        <ele>-11.199999809265137</ele>
      </trkpt>
      <trkpt lat="52.700233832001686" lon="6.021117931231856">
        <ele>-11.199999809265137</ele>
      </trkpt>
      <trkpt lat="52.70024028606713" lon="6.021146262064576">
        <ele>-11.199999809265137</ele>
      </trkpt>
      <trkpt lat="52.700249841436744" lon="6.021174928173423">
        <ele>-11.199999809265137</ele>
      </trkpt>
      <trkpt lat="52.7002589777112" lon="6.021202923730016">
        <ele>-11.199999809265137</ele>
      </trkpt>
      <trkpt lat="52.700268952175975" lon="6.021232595667243">
        <ele>-11.199999809265137</ele>
      </trkpt>
      <trkpt lat="52.70027741789818" lon="6.021260004490614">
        <ele>-11.199999809265137</ele>
      </trkpt>
      <trkpt lat="52.7002864703536" lon="6.021288922056556">
        <ele>-11.199999809265137</ele>
      </trkpt>
      <trkpt lat="52.70029543899" lon="6.021317839622498">
        <ele>-11.399999618530273</ele>
      </trkpt>
      <trkpt lat="52.70030633546412" lon="6.021347343921661">
        <ele>-11.399999618530273</ele>
      </trkpt>
      <trkpt lat="52.70031320862472" lon="6.021376010030508">
        <ele>-11.399999618530273</ele>
      </trkpt>
      <trkpt lat="52.70032242871821" lon="6.021405262872577">
        <ele>-11.199999809265137</ele>
      </trkpt>
      <trkpt lat="52.7003313973546" lon="6.021435270085931">
        <ele>-11.199999809265137</ele>
      </trkpt>
      <trkpt lat="52.70034103654325" lon="6.021465864032507">
        <ele>-11.199999809265137</ele>
      </trkpt>
      <trkpt lat="52.70035143010318" lon="6.021495033055544">
        <ele>-11.0</ele>
      </trkpt>
      <trkpt lat="52.700359392911196" lon="6.021526549011469">
        <ele>-11.0</ele>
      </trkpt>
      <trkpt lat="52.70036802627146" lon="6.021555885672569">
        <ele>-11.0</ele>
      </trkpt>
      <trkpt lat="52.700378838926554" lon="6.0215861443430185">
        <ele>-11.0</ele>
      </trkpt>
      <trkpt lat="52.700387639924884" lon="6.021616822108626">
        <ele>-11.0</ele>
      </trkpt>
      <trkpt lat="52.70039970986545" lon="6.021647164598107">
        <ele>-11.0</ele>
      </trkpt>
      <trkpt lat="52.70040742121637" lon="6.021676668897271">
        <ele>-11.0</ele>
      </trkpt>
      <trkpt lat="52.70042619667947" lon="6.021736683323979">
        <ele>-11.199999809265137</ele>
      </trkpt>
      <trkpt lat="52.70042619667947" lon="6.021736683323979">
        <ele>-11.199999809265137</ele>
      </trkpt>
      <trkpt lat="52.700434578582644" lon="6.021766271442175">
        <ele>-11.0</ele>
      </trkpt>
      <trkpt lat="52.700441954657435" lon="6.021796362474561">
        <ele>-11.0</ele>
      </trkpt>
      <trkpt lat="52.700451174750924" lon="6.021824777126312">
        <ele>-11.0</ele>
      </trkpt>
      <trkpt lat="52.70046123303473" lon="6.021853191778064">
        <ele>-11.199999809265137</ele>
      </trkpt>
      <trkpt lat="52.70047095604241" lon="6.02188378572464">
        <ele>-11.199999809265137</ele>
      </trkpt>
      <trkpt lat="52.700480092316866" lon="6.021912954747677">
        <ele>-11.199999809265137</ele>
      </trkpt>
      <trkpt lat="52.70048906095326" lon="6.02194145321846">
        <ele>-11.199999809265137</ele>
      </trkpt>
      <trkpt lat="52.70049937069416" lon="6.021970370784402">
        <ele>-11.199999809265137</ele>
      </trkpt>
      <trkpt lat="52.70051051862538" lon="6.021999875083566">
        <ele>-11.399999618530273</ele>
      </trkpt>
      <trkpt lat="52.70051705650985" lon="6.022029463201761">
        <ele>-11.399999618530273</ele>
      </trkpt>
      <trkpt lat="52.70052677951753" lon="6.022059805691242">
        <ele>-11.399999618530273</ele>
      </trkpt>
      <trkpt lat="52.70053415559232" lon="6.0220883041620255">
        <ele>-11.399999618530273</ele>
      </trkpt>
      <trkpt lat="52.70054195076227" lon="6.022118562832475">
        <ele>-11.199999809265137</ele>
      </trkpt>
      <trkpt lat="52.7005475666374" lon="6.022147312760353">
        <ele>-11.0</ele>
      </trkpt>
      <trkpt lat="52.700555277988315" lon="6.022179080173373">
        <ele>-10.800000190734863</ele>
      </trkpt>
      <trkpt lat="52.700562654063106" lon="6.022210763767362">
        <ele>-10.800000190734863</ele>
      </trkpt>
      <trkpt lat="52.700569024309516" lon="6.022243453189731">
        <ele>-10.800000190734863</ele>
      </trkpt>
      <trkpt lat="52.70057707093656" lon="6.022275807335973">
        <ele>-10.800000190734863</ele>
      </trkpt>
      <trkpt lat="52.70058427937329" lon="6.022308077663183">
        <ele>-10.800000190734863</ele>
      </trkpt>
      <trkpt lat="52.700591487810016" lon="6.022337665781379">
        <ele>-11.0</ele>
      </trkpt>
      <trkpt lat="52.700601210817695" lon="6.022368259727955">
        <ele>-11.0</ele>
      </trkpt>
      <trkpt lat="52.700607581064105" lon="6.022397596389055">
        <ele>-11.199999809265137</ele>
      </trkpt>
      <trkpt lat="52.70061604678631" lon="6.022428357973695">
        <ele>-11.0</ele>
      </trkpt>
      <trkpt lat="52.70062384195626" lon="6.022457778453827">
        <ele>-11.199999809265137</ele>
      </trkpt>
      <trkpt lat="52.70063180476427" lon="6.022487785667181">
        <ele>-11.199999809265137</ele>
      </trkpt>
      <trkpt lat="52.700639851391315" lon="6.022518295794725">
        <ele>-11.199999809265137</ele>
      </trkpt>
      <trkpt lat="52.70064840093255" lon="6.022550733759999">
        <ele>-11.199999809265137</ele>
      </trkpt>
      <trkpt lat="52.70065669901669" lon="6.022581495344639">
        <ele>-11.0</ele>
      </trkpt>
      <trkpt lat="52.70066541619599" lon="6.022613011300564">
        <ele>-11.0</ele>
      </trkpt>
      <trkpt lat="52.70067245699465" lon="6.022643689066172">
        <ele>-11.399999618530273</ele>
      </trkpt>
      <trkpt lat="52.700682347640395" lon="6.0226755402982235">
        <ele>-11.199999809265137</ele>
      </trkpt>
      <trkpt lat="52.700687209144235" lon="6.022704541683197">
        <ele>-11.399999618530273</ele>
      </trkpt>
      <trkpt lat="52.70069567486644" lon="6.022736895829439">
        <ele>-11.199999809265137</ele>
      </trkpt>
      <trkpt lat="52.700704308226705" lon="6.02276673540473">
        <ele>-11.399999618530273</ele>
      </trkpt>
      <trkpt lat="52.70071294158697" lon="6.022796910256147">
        <ele>-11.399999618530273</ele>
      </trkpt>
      <trkpt lat="52.700721407309175" lon="6.02282683365047">
        <ele>-11.399999618530273</ele>
      </trkpt>
      <trkpt lat="52.70072911866009" lon="6.022857595235109">
        <ele>-11.399999618530273</ele>
      </trkpt>
      <trkpt lat="52.7007357403636" lon="6.022886345162988">
        <ele>-11.399999618530273</ele>
      </trkpt>
      <trkpt lat="52.700743451714516" lon="6.022917693480849">
        <ele>-11.399999618530273</ele>
      </trkpt>
      <trkpt lat="52.70075066015124" lon="6.022948622703552">
        <ele>-11.399999618530273</ele>
      </trkpt>
      <trkpt lat="52.700757114216685" lon="6.022980809211731">
        <ele>-11.399999618530273</ele>
      </trkpt>
      <trkpt lat="52.700765412300825" lon="6.02301106788218">
        <ele>-11.199999809265137</ele>
      </trkpt>
      <trkpt lat="52.70077488385141" lon="6.023041997104883">
        <ele>-11.199999809265137</ele>
      </trkpt>
      <trkpt lat="52.70078234374523" lon="6.023070747032762">
        <ele>-11.199999809265137</ele>
      </trkpt>
      <trkpt lat="52.70079298876226" lon="6.023101173341274">
        <ele>-11.199999809265137</ele>
      </trkpt>
      <trkpt lat="52.70080078393221" lon="6.023129252716899">
        <ele>-11.199999809265137</ele>
      </trkpt>
      <trkpt lat="52.70081025548279" lon="6.0231588408350945">
        <ele>-11.199999809265137</ele>
      </trkpt>
      <trkpt lat="52.700819643214345" lon="6.023188177496195">
        <ele>-11.199999809265137</ele>
      </trkpt>
      <trkpt lat="52.700828863307834" lon="6.023218184709549">
        <ele>-11.199999809265137</ele>
      </trkpt>
      <trkpt lat="52.70083741284907" lon="6.023247689008713">
        <ele>-11.199999809265137</ele>
      </trkpt>
      <trkpt lat="52.70084579475224" lon="6.0232781153172255">
        <ele>-11.0</ele>
      </trkpt>
      <trkpt lat="52.700854344293475" lon="6.023306446149945">
        <ele>-11.0</ele>
      </trkpt>
      <trkpt lat="52.70086188800633" lon="6.023335196077824">
        <ele>-11.0</ele>
      </trkpt>
      <trkpt lat="52.70086968317628" lon="6.023362521082163">
        <ele>-11.0</ele>
      </trkpt>
      <trkpt lat="52.7008771430701" lon="6.023390516638756">
        <ele>-10.800000190734863</ele>
      </trkpt>
      <trkpt lat="52.70088393241167" lon="6.02341809310019">
        <ele>-10.800000190734863</ele>
      </trkpt>
      <trkpt lat="52.70089139230549" lon="6.023448184132576">
        <ele>-10.800000190734863</ele>
      </trkpt>
      <trkpt lat="52.70089910365641" lon="6.023478107526898">
        <ele>-10.800000190734863</ele>
      </trkpt>
      <trkpt lat="52.700913939625025" lon="6.0235372837632895">
        <ele>-10.800000190734863</ele>
      </trkpt>
      <trkpt lat="52.700913939625025" lon="6.0235372837632895">
        <ele>-10.800000190734863</ele>
      </trkpt>
      <trkpt lat="52.70092165097594" lon="6.023567207157612">
        <ele>-10.800000190734863</ele>
      </trkpt>
      <trkpt lat="52.70092978142202" lon="6.023595537990332">
        <ele>-11.0</ele>
      </trkpt>
      <trkpt lat="52.70093665458262" lon="6.02362378500402">
        <ele>-11.0</ele>
      </trkpt>
      <trkpt lat="52.70094461739063" lon="6.0236506909132">
        <ele>-11.0</ele>
      </trkpt>
      <trkpt lat="52.70095241256058" lon="6.023678686469793">
        <ele>-11.199999809265137</ele>
      </trkpt>
      <trkpt lat="52.70096045918763" lon="6.02370785549283">
        <ele>-11.199999809265137</ele>
      </trkpt>
      <trkpt lat="52.70096808671951" lon="6.023736605420709">
        <ele>-11.399999618530273</ele>
      </trkpt>
      <trkpt lat="52.70097537897527" lon="6.023765187710524">
        <ele>-11.399999618530273</ele>
      </trkpt>
      <trkpt lat="52.70098158158362" lon="6.023794440552592">
        <ele>-11.399999618530273</ele>
      </trkpt>
      <trkpt lat="52.70098887383938" lon="6.023823777213693">
        <ele>-11.399999618530273</ele>
      </trkpt>
      <trkpt lat="52.70099641755223" lon="6.023854957893491">
        <ele>-11.399999618530273</ele>
      </trkpt>
      <trkpt lat="52.70100362598896" lon="6.02388571947813">
        <ele>-11.399999618530273</ele>
      </trkpt>
      <trkpt lat="52.70100890658796" lon="6.023917570710182">
        <ele>-11.199999809265137</ele>
      </trkpt>
      <trkpt lat="52.701016031205654" lon="6.023947913199663">
        <ele>-11.199999809265137</ele>
      </trkpt>
      <trkpt lat="52.70102282054722" lon="6.023978926241398">
        <ele>-11.199999809265137</ele>
      </trkpt>
      <trkpt lat="52.70103011280298" lon="6.024008011445403">
        <ele>-11.199999809265137</ele>
      </trkpt>
      <trkpt lat="52.70103639923036" lon="6.02403768338263">
        <ele>-11.199999809265137</ele>
      </trkpt>
      <trkpt lat="52.70104411058128" lon="6.024068109691143">
        <ele>-11.199999809265137</ele>
      </trkpt>
      <trkpt lat="52.70105140283704" lon="6.0240992065519094">
        <ele>-11.0</ele>
      </trkpt>
      <trkpt lat="52.70105970092118" lon="6.024129800498486">
        <ele>-11.0</ele>
      </trkpt>
      <trkpt lat="52.70106623880565" lon="6.02416031062603">
        <ele>-11.199999809265137</ele>
      </trkpt>
      <trkpt lat="52.70107386633754" lon="6.024191156029701">
        <ele>-11.199999809265137</ele>
      </trkpt>
      <trkpt lat="52.70108216442168" lon="6.024222336709499">
        <ele>-11.199999809265137</ele>
      </trkpt>
      <trkpt lat="52.70108752883971" lon="6.024253685027361">
        <ele>-11.399999618530273</ele>
      </trkpt>
      <trkpt lat="52.701094234362245" lon="6.02428394369781">
        <ele>-11.600000381469727</ele>
      </trkpt>
      <trkpt lat="52.70110471174121" lon="6.024315124377608">
        <ele>-11.600000381469727</ele>
      </trkpt>
      <trkpt lat="52.70111217163503" lon="6.024344125762582">
        <ele>-11.600000381469727</ele>
      </trkpt>
      <trkpt lat="52.7011242415756" lon="6.0243751388043165">
        <ele>-11.600000381469727</ele>
      </trkpt>
      <trkpt lat="52.70113220438361" lon="6.0244036372751">
        <ele>-11.399999618530273</ele>
      </trkpt>
      <trkpt lat="52.70114033482969" lon="6.0244329739362">
        <ele>-11.399999618530273</ele>
      </trkpt>
      <trkpt lat="52.70114787854254" lon="6.024463651701808">
        <ele>-11.399999618530273</ele>
      </trkpt>
      <trkpt lat="52.70115491934121" lon="6.02449357509613">
        <ele>-11.199999809265137</ele>
      </trkpt>
      <trkpt lat="52.70116237923503" lon="6.024522073566914">
        <ele>-11.199999809265137</ele>
      </trkpt>
      <trkpt lat="52.7011707611382" lon="6.024553505703807">
        <ele>-11.199999809265137</ele>
      </trkpt>
      <trkpt lat="52.701178723946214" lon="6.024582423269749">
        <ele>-11.199999809265137</ele>
      </trkpt>
      <trkpt lat="52.701185178011656" lon="6.0246113408356905">
        <ele>-11.199999809265137</ele>
      </trkpt>
      <trkpt lat="52.7011932246387" lon="6.024638079106808">
        <ele>-11.199999809265137</ele>
      </trkpt>
      <trkpt lat="52.70120135508478" lon="6.024667248129845">
        <ele>-11.199999809265137</ele>
      </trkpt>
      <trkpt lat="52.701209066435695" lon="6.024695495143533">
        <ele>-11.199999809265137</ele>
      </trkpt>
      <trkpt lat="52.701217448338866" lon="6.024726759642363">
        <ele>-11.199999809265137</ele>
      </trkpt>
      <trkpt lat="52.70122407004237" lon="6.024756766855717">
        <ele>-11.199999809265137</ele>
      </trkpt>
      <trkpt lat="52.70123278722167" lon="6.024787109345198">
        <ele>-11.199999809265137</ele>
      </trkpt>
      <trkpt lat="52.70123706199229" lon="6.024816446006298">
        <ele>-11.199999809265137</ele>
      </trkpt>
      <trkpt lat="52.701244689524174" lon="6.024847626686096">
        <ele>-11.199999809265137</ele>
      </trkpt>
      <trkpt lat="52.70125315524638" lon="6.024878723546863">
        <ele>-11.199999809265137</ele>
      </trkpt>
      <trkpt lat="52.7012622077018" lon="6.024912251159549">
        <ele>-11.199999809265137</ele>
      </trkpt>
      <trkpt lat="52.70127176307142" lon="6.0249444376677275">
        <ele>-11.199999809265137</ele>
      </trkpt>
      <trkpt lat="52.70128022879362" lon="6.024977378547192">
        <ele>-11.199999809265137</ele>
      </trkpt>
      <trkpt lat="52.701288694515824" lon="6.025008391588926">
        <ele>-11.199999809265137</ele>
      </trkpt>
      <trkpt lat="52.701296573504806" lon="6.025041583925486">
        <ele>-11.199999809265137</ele>
      </trkpt>
      <trkpt lat="52.70130411721766" lon="6.025071172043681">
        <ele>-11.199999809265137</ele>
      </trkpt>
      <trkpt lat="52.70131140947342" lon="6.025102939456701">
        <ele>-11.199999809265137</ele>
      </trkpt>
      <trkpt lat="52.70131794735789" lon="6.025134874507785">
        <ele>-11.0</ele>
      </trkpt>
      <trkpt lat="52.70132398232818" lon="6.025166725739837">
        <ele>-11.0</ele>
      </trkpt>
      <trkpt lat="52.701330687850714" lon="6.0251968167722225">
        <ele>-11.0</ele>
      </trkpt>
      <trkpt lat="52.70133881829679" lon="6.0252283327281475">
        <ele>-11.0</ele>
      </trkpt>
      <trkpt lat="52.70134652964771" lon="6.0252569150179625">
        <ele>-11.0</ele>
      </trkpt>
      <trkpt lat="52.7013642154634" lon="6.025315001606941">
        <ele>-11.0</ele>
      </trkpt>
      <trkpt lat="52.7013642154634" lon="6.025315001606941">
        <ele>-11.0</ele>
      </trkpt>
      <trkpt lat="52.70137242972851" lon="6.025345763191581">
        <ele>-11.0</ele>
      </trkpt>
      <trkpt lat="52.7013832423836" lon="6.025373842567205">
        <ele>-11.0</ele>
      </trkpt>
      <trkpt lat="52.70139053463936" lon="6.025402927771211">
        <ele>-11.0</ele>
      </trkpt>
      <trkpt lat="52.701398665085435" lon="6.0254324320703745">
        <ele>-11.0</ele>
      </trkpt>
      <trkpt lat="52.70140578970313" lon="6.025462104007602">
        <ele>-11.0</ele>
      </trkpt>
      <trkpt lat="52.7014144230634" lon="6.02549085393548">
        <ele>-11.0</ele>
      </trkpt>
      <trkpt lat="52.701423559337854" lon="6.025519268587232">
        <ele>-11.0</ele>
      </trkpt>
      <trkpt lat="52.70143328234553" lon="6.025549611076713">
        <ele>-11.0</ele>
      </trkpt>
      <trkpt lat="52.70144158042967" lon="6.025576684623957">
        <ele>-11.199999809265137</ele>
      </trkpt>
      <trkpt lat="52.70145121961832" lon="6.025606272742152">
        <ele>-11.399999618530273</ele>
      </trkpt>
      <trkpt lat="52.70145658403635" lon="6.025633346289396">
        <ele>-11.399999618530273</ele>
      </trkpt>
      <trkpt lat="52.70146454684436" lon="6.025663269683719">
        <ele>-11.399999618530273</ele>
      </trkpt>
      <trkpt lat="52.701473431661725" lon="6.025689588859677">
        <ele>-11.600000381469727</ele>
      </trkpt>
      <trkpt lat="52.70148483105004" lon="6.025720098987222">
        <ele>-11.399999618530273</ele>
      </trkpt>
      <trkpt lat="52.701493464410305" lon="6.02574834600091">
        <ele>-11.399999618530273</ele>
      </trkpt>
      <trkpt lat="52.70150444470346" lon="6.025780448690057">
        <ele>-11.199999809265137</ele>
      </trkpt>
      <trkpt lat="52.70151291042566" lon="6.025810204446316">
        <ele>-11.199999809265137</ele>
      </trkpt>
      <trkpt lat="52.701523220166564" lon="6.025841301307082">
        <ele>-11.199999809265137</ele>
      </trkpt>
      <trkpt lat="52.70153285935521" lon="6.025870218873024">
        <ele>-11.199999809265137</ele>
      </trkpt>
      <trkpt lat="52.70154308527708" lon="6.0259015671908855">
        <ele>-11.199999809265137</ele>
      </trkpt>
      <trkpt lat="52.701552053913474" lon="6.025931155309081">
        <ele>-11.199999809265137</ele>
      </trkpt>
      <trkpt lat="52.70156060345471" lon="6.02596141397953">
        <ele>-11.199999809265137</ele>
      </trkpt>
      <trkpt lat="52.70157091319561" lon="6.0259920079261065">
        <ele>-11.199999809265137</ele>
      </trkpt>
      <trkpt lat="52.70157954655588" lon="6.0260241106152534">
        <ele>-10.800000190734863</ele>
      </trkpt>
      <trkpt lat="52.701590275391936" lon="6.026054956018925">
        <ele>-10.800000190734863</ele>
      </trkpt>
      <trkpt lat="52.70159840583801" lon="6.026086723431945">
        <ele>-10.800000190734863</ele>
      </trkpt>
      <trkpt lat="52.70160695537925" lon="6.026117065921426">
        <ele>-10.800000190734863</ele>
      </trkpt>
      <trkpt lat="52.70161433145404" lon="6.026147240772843">
        <ele>-10.800000190734863</ele>
      </trkpt>
      <trkpt lat="52.7016216237098" lon="6.026176158338785">
        <ele>-10.800000190734863</ele>
      </trkpt>
      <trkpt lat="52.701629837974906" lon="6.02620666846633">
        <ele>-11.0</ele>
      </trkpt>
      <trkpt lat="52.70163838751614" lon="6.026235334575176">
        <ele>-11.0</ele>
      </trkpt>
      <trkpt lat="52.70164559595287" lon="6.026264587417245">
        <ele>-11.0</ele>
      </trkpt>
      <trkpt lat="52.7016525529325" lon="6.026293504983187">
        <ele>-11.0</ele>
      </trkpt>
      <trkpt lat="52.70166001282632" lon="6.02632544003427">
        <ele>-11.0</ele>
      </trkpt>
      <trkpt lat="52.701666969805956" lon="6.026355531066656">
        <ele>-11.0</ele>
      </trkpt>
      <trkpt lat="52.701675267890096" lon="6.026386879384518">
        <ele>-11.0</ele>
      </trkpt>
      <trkpt lat="52.70168147049844" lon="6.026416551321745">
        <ele>-11.0</ele>
      </trkpt>
      <trkpt lat="52.70168758928776" lon="6.026446977630258">
        <ele>-11.0</ele>
      </trkpt>
      <trkpt lat="52.7016940433532" lon="6.026477655395865">
        <ele>-11.0</ele>
      </trkpt>
      <trkpt lat="52.70170100033283" lon="6.026508752256632">
        <ele>-10.800000190734863</ele>
      </trkpt>
      <trkpt lat="52.70170770585537" lon="6.026540603488684">
        <ele>-10.800000190734863</ele>
      </trkpt>
      <trkpt lat="52.7017149142921" lon="6.02657362818718">
        <ele>-11.0</ele>
      </trkpt>
      <trkpt lat="52.70172094926238" lon="6.026605060324073">
        <ele>-10.800000190734863</ele>
      </trkpt>
      <trkpt lat="52.70172790624201" lon="6.0266360733658075">
        <ele>-10.800000190734863</ele>
      </trkpt>
      <trkpt lat="52.70173419266939" lon="6.02666599676013">
        <ele>-10.800000190734863</ele>
      </trkpt>
      <trkpt lat="52.7017405629158" lon="6.026696255430579">
        <ele>-11.0</ele>
      </trkpt>
      <trkpt lat="52.70174777135253" lon="6.026726514101028">
        <ele>-11.199999809265137</ele>
      </trkpt>
      <trkpt lat="52.70175565034151" lon="6.026758113875985">
        <ele>-11.199999809265137</ele>
      </trkpt>
      <trkpt lat="52.70176336169243" lon="6.026788707822561">
        <ele>-11.199999809265137</ele>
      </trkpt>
      <trkpt lat="52.70177182741463" lon="6.026819637045264">
        <ele>-11.199999809265137</ele>
      </trkpt>
      <trkpt lat="52.70177895203233" lon="6.026850733906031">
        <ele>-11.199999809265137</ele>
      </trkpt>
      <trkpt lat="52.70178632810712" lon="6.026880657300353">
        <ele>-11.199999809265137</ele>
      </trkpt>
      <trkpt lat="52.70179362036288" lon="6.026910664513707">
        <ele>-11.199999809265137</ele>
      </trkpt>
      <trkpt lat="52.70180258899927" lon="6.026939498260617">
        <ele>-11.199999809265137</ele>
      </trkpt>
      <trkpt lat="52.701810635626316" lon="6.026970595121384">
        <ele>-11.199999809265137</ele>
      </trkpt>
      <trkpt lat="52.70181876607239" lon="6.026999680325389">
        <ele>-11.199999809265137</ele>
      </trkpt>
      <trkpt lat="52.7018269803375" lon="6.027028933167458">
        <ele>-11.199999809265137</ele>
      </trkpt>
      <trkpt lat="52.70183460786939" lon="6.027057264000177">
        <ele>-11.199999809265137</ele>
      </trkpt>
      <trkpt lat="52.701848689466715" lon="6.027115853503346">
        <ele>-11.199999809265137</ele>
      </trkpt>
      <trkpt lat="52.701848689466715" lon="6.027115853503346">
        <ele>-11.199999809265137</ele>
      </trkpt>
      <trkpt lat="52.70185514353216" lon="6.027147118002176">
        <ele>-11.399999618530273</ele>
      </trkpt>
      <trkpt lat="52.70186251960695" lon="6.027177879586816">
        <ele>-11.800000190734863</ele>
      </trkpt>
      <trkpt lat="52.70186863839626" lon="6.027209060266614">
        <ele>-11.800000190734863</ele>
      </trkpt>
      <trkpt lat="52.7018753439188" lon="6.027239318937063">
        <ele>-12.0</ele>
      </trkpt>
      <trkpt lat="52.70188129507005" lon="6.027271086350083">
        <ele>-12.0</ele>
      </trkpt>
      <trkpt lat="52.70188707858324" lon="6.0273010935634375">
        <ele>-12.0</ele>
      </trkpt>
      <trkpt lat="52.701894370839" lon="6.0273326095193624">
        <ele>-11.800000190734863</ele>
      </trkpt>
      <trkpt lat="52.70190132781863" lon="6.027363371104002">
        <ele>-11.600000381469727</ele>
      </trkpt>
      <trkpt lat="52.701907362788916" lon="6.027395725250244">
        <ele>-11.399999618530273</ele>
      </trkpt>
      <trkpt lat="52.70191398449242" lon="6.027426570653915">
        <ele>-11.399999618530273</ele>
      </trkpt>
      <trkpt lat="52.701921528205276" lon="6.027456829324365">
        <ele>-11.399999618530273</ele>
      </trkpt>
      <trkpt lat="52.70192865282297" lon="6.0274863336235285">
        <ele>-11.399999618530273</ele>
      </trkpt>
      <trkpt lat="52.70193594507873" lon="6.027517346665263">
        <ele>-11.399999618530273</ele>
      </trkpt>
      <trkpt lat="52.70194323733449" lon="6.027548527345061">
        <ele>-11.399999618530273</ele>
      </trkpt>
      <trkpt lat="52.701950361952186" lon="6.027581635862589">
        <ele>-11.399999618530273</ele>
      </trkpt>
      <trkpt lat="52.70195698365569" lon="6.027613319456577">
        <ele>-11.199999809265137</ele>
      </trkpt>
      <trkpt lat="52.70196435973048" lon="6.027646092697978">
        <ele>-11.399999618530273</ele>
      </trkpt>
      <trkpt lat="52.70197106525302" lon="6.027678111568093">
        <ele>-11.399999618530273</ele>
      </trkpt>
      <trkpt lat="52.70197777077556" lon="6.027708454057574">
        <ele>-11.399999618530273</ele>
      </trkpt>
      <trkpt lat="52.7019858174026" lon="6.027739467099309">
        <ele>-11.199999809265137</ele>
      </trkpt>
      <trkpt lat="52.7019926905632" lon="6.027767965570092">
        <ele>-11.199999809265137</ele>
      </trkpt>
      <trkpt lat="52.70200040191412" lon="6.02779814042151">
        <ele>-11.199999809265137</ele>
      </trkpt>
      <trkpt lat="52.70200677216053" lon="6.027828231453896">
        <ele>-11.399999618530273</ele>
      </trkpt>
      <trkpt lat="52.70201448351145" lon="6.02785823866725">
        <ele>-11.399999618530273</ele>
      </trkpt>
      <trkpt lat="52.70202051848173" lon="6.027888748794794">
        <ele>-11.399999618530273</ele>
      </trkpt>
      <trkpt lat="52.702027056366205" lon="6.027918588370085">
        <ele>-11.399999618530273</ele>
      </trkpt>
      <trkpt lat="52.702033845707774" lon="6.027949266135693">
        <ele>-11.600000381469727</ele>
      </trkpt>
      <trkpt lat="52.7020413056016" lon="6.027977764606476">
        <ele>-11.600000381469727</ele>
      </trkpt>
      <trkpt lat="52.70204826258123" lon="6.028007855638862">
        <ele>-11.600000381469727</ele>
      </trkpt>
      <trkpt lat="52.70205454900861" lon="6.0280373599380255">
        <ele>-11.600000381469727</ele>
      </trkpt>
      <trkpt lat="52.70206041634083" lon="6.02806787006557">
        <ele>-11.600000381469727</ele>
      </trkpt>
      <trkpt lat="52.7020669542253" lon="6.028098966926336">
        <ele>-11.399999618530273</ele>
      </trkpt>
      <trkpt lat="52.70207315683365" lon="6.0281284712255">
        <ele>-11.399999618530273</ele>
      </trkpt>
      <trkpt lat="52.70207894034684" lon="6.02815923281014">
        <ele>-11.399999618530273</ele>
      </trkpt>
      <trkpt lat="52.70208589732647" lon="6.028189575299621">
        <ele>-11.399999618530273</ele>
      </trkpt>
      <trkpt lat="52.70209226757288" lon="6.028220169246197">
        <ele>-11.199999809265137</ele>
      </trkpt>
      <trkpt lat="52.70209914073348" lon="6.028251685202122">
        <ele>-11.199999809265137</ele>
      </trkpt>
      <trkpt lat="52.70210752263665" lon="6.028282614424825">
        <ele>-11.199999809265137</ele>
      </trkpt>
      <trkpt lat="52.702112132683396" lon="6.0283132921904325">
        <ele>-11.399999618530273</ele>
      </trkpt>
      <trkpt lat="52.70211774855852" lon="6.028344053775072">
        <ele>-11.399999618530273</ele>
      </trkpt>
      <trkpt lat="52.70212504081428" lon="6.028375569730997">
        <ele>-11.399999618530273</ele>
      </trkpt>
      <trkpt lat="52.70213048905134" lon="6.02840700186789">
        <ele>-11.399999618530273</ele>
      </trkpt>
      <trkpt lat="52.70213727839291" lon="6.028440026566386">
        <ele>-11.399999618530273</ele>
      </trkpt>
      <trkpt lat="52.70214373245835" lon="6.028470536693931">
        <ele>-11.399999618530273</ele>
      </trkpt>
      <trkpt lat="52.70215135999024" lon="6.028501130640507">
        <ele>-11.399999618530273</ele>
      </trkpt>
      <trkpt lat="52.70215890370309" lon="6.028530718758702">
        <ele>-11.399999618530273</ele>
      </trkpt>
      <trkpt lat="52.70216720178723" lon="6.028560809791088">
        <ele>-11.399999618530273</ele>
      </trkpt>
      <trkpt lat="52.70217382349074" lon="6.028591739013791">
        <ele>-11.600000381469727</ele>
      </trkpt>
      <trkpt lat="52.70218161866069" lon="6.0286234226077795">
        <ele>-11.600000381469727</ele>
      </trkpt>
      <trkpt lat="52.70218723453581" lon="6.028654687106609">
        <ele>-11.399999618530273</ele>
      </trkpt>
      <trkpt lat="52.70219637081027" lon="6.028686035424471">
        <ele>-11.399999618530273</ele>
      </trkpt>
      <trkpt lat="52.702203495427966" lon="6.0287167970091105">
        <ele>-11.399999618530273</ele>
      </trkpt>
      <trkpt lat="52.70221112295985" lon="6.028748648241162">
        <ele>-11.399999618530273</ele>
      </trkpt>
      <trkpt lat="52.70221606828272" lon="6.028780918568373">
        <ele>-11.399999618530273</ele>
      </trkpt>
      <trkpt lat="52.70222319290042" lon="6.028813859447837">
        <ele>-11.399999618530273</ele>
      </trkpt>
      <trkpt lat="52.70222822204232" lon="6.028847051784396">
        <ele>-11.399999618530273</ele>
      </trkpt>
      <trkpt lat="52.70223501138389" lon="6.028878400102258">
        <ele>-11.600000381469727</ele>
      </trkpt>
      <trkpt lat="52.70224180072546" lon="6.028910083696246">
        <ele>-11.600000381469727</ele>
      </trkpt>
      <trkpt lat="52.70225361920893" lon="6.028973115608096">
        <ele>-11.800000190734863</ele>
      </trkpt>
      <trkpt lat="52.70225361920893" lon="6.028973115608096">
        <ele>-11.800000190734863</ele>
      </trkpt>
      <trkpt lat="52.70225730724633" lon="6.029004463925958">
        <ele>-11.800000190734863</ele>
      </trkpt>
      <trkpt lat="52.70226493477821" lon="6.029036566615105">
        <ele>-11.800000190734863</ele>
      </trkpt>
      <trkpt lat="52.70226761698723" lon="6.029067663475871">
        <ele>-11.800000190734863</ele>
      </trkpt>
      <trkpt lat="52.70227356813848" lon="6.029099766165018">
        <ele>-11.800000190734863</ele>
      </trkpt>
      <trkpt lat="52.70227884873748" lon="6.029130360111594">
        <ele>-11.800000190734863</ele>
      </trkpt>
      <trkpt lat="52.702285051345825" lon="6.0291629657149315">
        <ele>-11.800000190734863</ele>
      </trkpt>
      <trkpt lat="52.70228957757354" lon="6.02919515222311">
        <ele>-11.800000190734863</ele>
      </trkpt>
      <trkpt lat="52.702293433249" lon="6.029227338731289">
        <ele>-11.800000190734863</ele>
      </trkpt>
      <trkpt lat="52.70229712128639" lon="6.029259692877531">
        <ele>-12.0</ele>
      </trkpt>
      <trkpt lat="52.70229863002896" lon="6.0292925499379635">
        <ele>-12.0</ele>
      </trkpt>
      <trkpt lat="52.70229888148606" lon="6.029326245188713">
        <ele>-12.0</ele>
      </trkpt>
      <trkpt lat="52.70229854620993" lon="6.029360359534621">
        <ele>-12.0</ele>
      </trkpt>
      <trkpt lat="52.702297708019614" lon="6.029392126947641">
        <ele>-12.199999809265137</ele>
      </trkpt>
      <trkpt lat="52.70229854620993" lon="6.029424229636788">
        <ele>-12.199999809265137</ele>
      </trkpt>
      <trkpt lat="52.70230055786669" lon="6.029457002878189">
        <ele>-12.199999809265137</ele>
      </trkpt>
      <trkpt lat="52.70230139605701" lon="6.029490111395717">
        <ele>-12.0</ele>
      </trkpt>
      <trkpt lat="52.70230080932379" lon="6.029523052275181">
        <ele>-12.0</ele>
      </trkpt>
      <trkpt lat="52.702300138771534" lon="6.029557501897216">
        <ele>-12.0</ele>
      </trkpt>
      <trkpt lat="52.70229804329574" lon="6.029590275138617">
        <ele>-11.800000190734863</ele>
      </trkpt>
      <trkpt lat="52.702297288924456" lon="6.02962464094162">
        <ele>-11.800000190734863</ele>
      </trkpt>
      <trkpt lat="52.70229594781995" lon="6.029657833278179">
        <ele>-11.800000190734863</ele>
      </trkpt>
      <trkpt lat="52.70229452289641" lon="6.029689349234104">
        <ele>-11.600000381469727</ele>
      </trkpt>
      <trkpt lat="52.702292343601584" lon="6.029718350619078">
        <ele>-11.600000381469727</ele>
      </trkpt>
      <trkpt lat="52.70229117013514" lon="6.02974877692759">
        <ele>-11.800000190734863</ele>
      </trkpt>
      <trkpt lat="52.70228773355484" lon="6.029778616502881">
        <ele>-11.800000190734863</ele>
      </trkpt>
      <trkpt lat="52.70228563807905" lon="6.0298097133636475">
        <ele>-11.800000190734863</ele>
      </trkpt>
      <trkpt lat="52.702282620593905" lon="6.029839888215065">
        <ele>-11.800000190734863</ele>
      </trkpt>
      <trkpt lat="52.702279603108764" lon="6.029872326180339">
        <ele>-11.800000190734863</ele>
      </trkpt>
      <trkpt lat="52.70227608270943" lon="6.0299033392220736">
        <ele>-11.800000190734863</ele>
      </trkpt>
      <trkpt lat="52.702274825423956" lon="6.029935106635094">
        <ele>-11.800000190734863</ele>
      </trkpt>
      <trkpt lat="52.70227314904332" lon="6.0299657844007015">
        <ele>-12.0</ele>
      </trkpt>
      <trkpt lat="52.70227172411978" lon="6.029997048899531">
        <ele>-12.0</ele>
      </trkpt>
      <trkpt lat="52.70226879045367" lon="6.030027475208044">
        <ele>-12.0</ele>
      </trkpt>
      <trkpt lat="52.70226669497788" lon="6.030059242621064">
        <ele>-12.0</ele>
      </trkpt>
      <trkpt lat="52.70226376131177" lon="6.030090423300862">
        <ele>-12.0</ele>
      </trkpt>
      <trkpt lat="52.70226459950209" lon="6.030122106894851">
        <ele>-12.0</ele>
      </trkpt>
      <trkpt lat="52.70226342603564" lon="6.030153958126903">
        <ele>-11.800000190734863</ele>
      </trkpt>
      <trkpt lat="52.70226510241628" lon="6.030186647549272">
        <ele>-11.800000190734863</ele>
      </trkpt>
      <trkpt lat="52.70225990563631" lon="6.030219420790672">
        <ele>-11.800000190734863</ele>
      </trkpt>
      <trkpt lat="52.7022585645318" lon="6.030252445489168">
        <ele>-11.800000190734863</ele>
      </trkpt>
      <trkpt lat="52.7022553794086" lon="6.0302850510925055">
        <ele>-11.800000190734863</ele>
      </trkpt>
      <trkpt lat="52.70225630141795" lon="6.030318411067128">
        <ele>-11.800000190734863</ele>
      </trkpt>
      <trkpt lat="52.70225437358022" lon="6.030349340289831">
        <ele>-11.800000190734863</ele>
      </trkpt>
      <trkpt lat="52.70225445739925" lon="6.030380688607693">
        <ele>-11.800000190734863</ele>
      </trkpt>
      <trkpt lat="52.70225110463798" lon="6.0304107796400785">
        <ele>-12.0</ele>
      </trkpt>
      <trkpt lat="52.70225102081895" lon="6.0304411221295595">
        <ele>-12.0</ele>
      </trkpt>
      <trkpt lat="52.70224909298122" lon="6.030470626428723">
        <ele>-12.0</ele>
      </trkpt>
      <trkpt lat="52.70224733278155" lon="6.03050172328949">
        <ele>-12.0</ele>
      </trkpt>
      <trkpt lat="52.70224339328706" lon="6.030532317236066">
        <ele>-12.0</ele>
      </trkpt>
      <trkpt lat="52.70224029198289" lon="6.030564336106181">
        <ele>-12.0</ele>
      </trkpt>
      <trkpt lat="52.70223442465067" lon="6.030595852062106">
        <ele>-12.0</ele>
      </trkpt>
      <trkpt lat="52.702232329174876" lon="6.03062829002738">
        <ele>-12.0</ele>
      </trkpt>
      <trkpt lat="52.70222822204232" lon="6.030658883973956">
        <ele>-12.0</ele>
      </trkpt>
      <trkpt lat="52.70222914405167" lon="6.03069081902504">
        <ele>-12.0</ele>
      </trkpt>
      <trkpt lat="52.702220594510436" lon="6.03072359226644">
        <ele>-12.0</ele>
      </trkpt>
      <trkpt lat="52.702216655015945" lon="6.030755192041397">
        <ele>-12.0</ele>
      </trkpt>
      <trkpt lat="52.7022120449692" lon="6.030785785987973">
        <ele>-12.0</ele>
      </trkpt>
      <trkpt lat="52.70221103914082" lon="6.0308166313916445">
        <ele>-12.0</ele>
      </trkpt>
      <trkpt lat="52.70220408216119" lon="6.030873544514179">
        <ele>-12.199999809265137</ele>
      </trkpt>
      <trkpt lat="52.70220408216119" lon="6.030873544514179">
        <ele>-12.199999809265137</ele>
      </trkpt>
      <trkpt lat="52.702200561761856" lon="6.030900366604328">
        <ele>-12.0</ele>
      </trkpt>
      <trkpt lat="52.702199053019285" lon="6.030926434323192">
        <ele>-11.800000190734863</ele>
      </trkpt>
      <trkpt lat="52.70219737663865" lon="6.030948478728533">
        <ele>-11.800000190734863</ele>
      </trkpt>
      <trkpt lat="52.70219553261995" lon="6.030971109867096">
        <ele>-11.800000190734863</ele>
      </trkpt>
      <trkpt lat="52.70219427533448" lon="6.030992902815342">
        <ele>-12.0</ele>
      </trkpt>
      <trkpt lat="52.702193185687065" lon="6.031013606116176">
        <ele>-12.0</ele>
      </trkpt>
      <trkpt lat="52.7021914254874" lon="6.031034728512168">
        <ele>-12.0</ele>
      </trkpt>
      <trkpt lat="52.70219109021127" lon="6.031057694926858">
        <ele>-12.0</ele>
      </trkpt>
      <trkpt lat="52.70219494588673" lon="6.03108074516058">
        <ele>-12.0</ele>
      </trkpt>
      <trkpt lat="52.70219880156219" lon="6.031105136498809">
        <ele>-12.0</ele>
      </trkpt>
      <trkpt lat="52.702203495427966" lon="6.0311285220086575">
        <ele>-12.0</ele>
      </trkpt>
      <trkpt lat="52.702209362760186" lon="6.031154673546553">
        <ele>-12.0</ele>
      </trkpt>
      <trkpt lat="52.7022157330066" lon="6.031179567798972">
        <ele>-11.800000190734863</ele>
      </trkpt>
      <trkpt lat="52.70222310908139" lon="6.031205719336867">
        <ele>-11.800000190734863</ele>
      </trkpt>
      <trkpt lat="52.7022310718894" lon="6.031231200322509">
        <ele>-11.800000190734863</ele>
      </trkpt>
      <trkpt lat="52.70224188454449" lon="6.031258357688785">
        <ele>-11.800000190734863</ele>
      </trkpt>
      <trkpt lat="52.70225211046636" lon="6.03128450922668">
        <ele>-11.800000190734863</ele>
      </trkpt>
      <trkpt lat="52.70226418040693" lon="6.031311247497797">
        <ele>-12.0</ele>
      </trkpt>
      <trkpt lat="52.70227608270943" lon="6.03133681230247">
        <ele>-12.0</ele>
      </trkpt>
      <trkpt lat="52.702288487926126" lon="6.031363466754556">
        <ele>-12.0</ele>
      </trkpt>
      <trkpt lat="52.702299719676375" lon="6.031388947740197">
        <ele>-12.0</ele>
      </trkpt>
      <trkpt lat="52.70231212489307" lon="6.031415434554219">
        <ele>-12.0</ele>
      </trkpt>
      <trkpt lat="52.70232344046235" lon="6.031441753730178">
        <ele>-12.0</ele>
      </trkpt>
      <trkpt lat="52.70233517512679" lon="6.031467569991946">
        <ele>-12.0</ele>
      </trkpt>
      <trkpt lat="52.70234892144799" lon="6.031492464244366">
        <ele>-12.0</ele>
      </trkpt>
      <trkpt lat="52.70236199721694" lon="6.031516185030341">
        <ele>-12.0</ele>
      </trkpt>
      <trkpt lat="52.702374402433634" lon="6.031539905816317">
        <ele>-12.0</ele>
      </trkpt>
      <trkpt lat="52.70238756202161" lon="6.031561614945531">
        <ele>-12.0</ele>
      </trkpt>
      <trkpt lat="52.7024020627141" lon="6.031584329903126">
        <ele>-12.0</ele>
      </trkpt>
      <trkpt lat="52.7024139650166" lon="6.031606374308467">
        <ele>-11.800000190734863</ele>
      </trkpt>
      <trkpt lat="52.702428717166185" lon="6.031630095094442">
        <ele>-11.800000190734863</ele>
      </trkpt>
      <trkpt lat="52.70244162529707" lon="6.031653732061386">
        <ele>-11.800000190734863</ele>
      </trkpt>
      <trkpt lat="52.70245671272278" lon="6.031679296866059">
        <ele>-11.800000190734863</ele>
      </trkpt>
      <trkpt lat="52.70246844738722" lon="6.031703185290098">
        <ele>-12.0</ele>
      </trkpt>
      <trkpt lat="52.70248454064131" lon="6.031727576628327">
        <ele>-11.800000190734863</ele>
      </trkpt>
      <trkpt lat="52.702498538419604" lon="6.031750626862049">
        <ele>-11.800000190734863</ele>
      </trkpt>
      <trkpt lat="52.70251337438822" lon="6.031774180009961">
        <ele>-11.800000190734863</ele>
      </trkpt>
      <trkpt lat="52.70252955146134" lon="6.03179756551981">
        <ele>-12.0</ele>
      </trkpt>
      <trkpt lat="52.702547404915094" lon="6.031822711229324">
        <ele>-12.0</ele>
      </trkpt>
      <trkpt lat="52.70256190560758" lon="6.031844420358539">
        <ele>-12.199999809265137</ele>
      </trkpt>
      <trkpt lat="52.70257933996618" lon="6.031867973506451">
        <ele>-12.0</ele>
      </trkpt>
      <trkpt lat="52.70259358920157" lon="6.031889179721475">
        <ele>-12.199999809265137</ele>
      </trkpt>
      <trkpt lat="52.702613873407245" lon="6.031913319602609">
        <ele>-12.199999809265137</ele>
      </trkpt>
      <trkpt lat="52.70262535661459" lon="6.031935196369886">
        <ele>-12.199999809265137</ele>
      </trkpt>
      <trkpt lat="52.702641701325774" lon="6.031960342079401">
        <ele>-12.199999809265137</ele>
      </trkpt>
      <trkpt lat="52.70265276543796" lon="6.031982721760869">
        <ele>-12.399999618530273</ele>
      </trkpt>
      <trkpt lat="52.70266835577786" lon="6.03200719691813">
        <ele>-12.399999618530273</ele>
      </trkpt>
      <trkpt lat="52.70267908461392" lon="6.032031085342169">
        <ele>-12.399999618530273</ele>
      </trkpt>
      <trkpt lat="52.7026888076216" lon="6.032054554671049">
        <ele>-12.399999618530273</ele>
      </trkpt>
      <trkpt lat="52.70269928500056" lon="6.032078107818961">
        <ele>-12.600000381469727</ele>
      </trkpt>
      <trkpt lat="52.70271345041692" lon="6.032104007899761">
        <ele>-12.600000381469727</ele>
      </trkpt>
      <trkpt lat="52.70272585563362" lon="6.032129488885403">
        <ele>-12.600000381469727</ele>
      </trkpt>
      <trkpt lat="52.70274085924029" lon="6.032156981527805">
        <ele>-12.399999618530273</ele>
      </trkpt>
      <trkpt lat="52.70275385119021" lon="6.03218212723732">
        <ele>-12.399999618530273</ele>
      </trkpt>
      <trkpt lat="52.70276952534914" lon="6.032209703698754">
        <ele>-12.199999809265137</ele>
      </trkpt>
      <trkpt lat="52.70278318785131" lon="6.032235100865364">
        <ele>-12.199999809265137</ele>
      </trkpt>
      <trkpt lat="52.702796095982194" lon="6.03225932456553">
        <ele>-12.199999809265137</ele>
      </trkpt>
      <trkpt lat="52.702809339389205" lon="6.032281955704093">
        <ele>-12.199999809265137</ele>
      </trkpt>
      <trkpt lat="52.702838592231274" lon="6.032327888533473">
        <ele>-12.199999809265137</ele>
      </trkpt>
      <trkpt lat="52.702838592231274" lon="6.032327888533473">
        <ele>-12.0</ele>
      </trkpt>
      <trkpt lat="52.70285309292376" lon="6.032349430024624">
        <ele>-11.800000190734863</ele>
      </trkpt>
      <trkpt lat="52.70286818034947" lon="6.032370552420616">
        <ele>-11.800000190734863</ele>
      </trkpt>
      <trkpt lat="52.702882681041956" lon="6.032391423359513">
        <ele>-11.800000190734863</ele>
      </trkpt>
      <trkpt lat="52.70289818756282" lon="6.032413886860013">
        <ele>-11.800000190734863</ele>
      </trkpt>
      <trkpt lat="52.70291285589337" lon="6.03243668563664">
        <ele>-11.800000190734863</ele>
      </trkpt>
      <trkpt lat="52.70292936824262" lon="6.032460071146488">
        <ele>-11.800000190734863</ele>
      </trkpt>
      <trkpt lat="52.70294403657317" lon="6.032480774447322">
        <ele>-12.0</ele>
      </trkpt>
      <trkpt lat="52.70296054892242" lon="6.032501896843314">
        <ele>-12.0</ele>
      </trkpt>
      <trkpt lat="52.70297479815781" lon="6.032521426677704">
        <ele>-12.0</ele>
      </trkpt>
      <trkpt lat="52.702991561964154" lon="6.032545147463679">
        <ele>-12.0</ele>
      </trkpt>
      <trkpt lat="52.703002374619246" lon="6.032565096393228">
        <ele>-12.0</ele>
      </trkpt>
      <trkpt lat="52.70301419310272" lon="6.032587895169854">
        <ele>-12.0</ele>
      </trkpt>
      <trkpt lat="52.70302617922425" lon="6.03260918520391">
        <ele>-12.199999809265137</ele>
      </trkpt>
      <trkpt lat="52.703041434288025" lon="6.032633995637298">
        <ele>-12.199999809265137</ele>
      </trkpt>
      <trkpt lat="52.7030532527715" lon="6.032656375318766">
        <ele>-12.399999618530273</ele>
      </trkpt>
      <trkpt lat="52.70306917838752" lon="6.032681353390217">
        <ele>-12.399999618530273</ele>
      </trkpt>
      <trkpt lat="52.703079069033265" lon="6.032704152166843">
        <ele>-12.399999618530273</ele>
      </trkpt>
      <trkpt lat="52.703095246106386" lon="6.032728459686041">
        <ele>-12.600000381469727</ele>
      </trkpt>
      <trkpt lat="52.703106980770826" lon="6.032749665901065">
        <ele>-12.600000381469727</ele>
      </trkpt>
      <trkpt lat="52.70311997272074" lon="6.0327736381441355">
        <ele>-12.600000381469727</ele>
      </trkpt>
      <trkpt lat="52.703134305775166" lon="6.032797358930111">
        <ele>-12.600000381469727</ele>
      </trkpt>
      <trkpt lat="52.70314729772508" lon="6.032821666449308">
        <ele>-12.600000381469727</ele>
      </trkpt>
      <trkpt lat="52.703159619122744" lon="6.032843375578523">
        <ele>-12.600000381469727</ele>
      </trkpt>
      <trkpt lat="52.70317311398685" lon="6.032864833250642">
        <ele>-12.600000381469727</ele>
      </trkpt>
      <trkpt lat="52.70318233408034" lon="6.032884195446968">
        <ele>-12.600000381469727</ele>
      </trkpt>
      <trkpt lat="52.70319331437349" lon="6.032905653119087">
        <ele>-12.0</ele>
      </trkpt>
      <trkpt lat="52.70320639014244" lon="6.032927026972175">
        <ele>-11.800000190734863</ele>
      </trkpt>
      <trkpt lat="52.70321938209236" lon="6.032949322834611">
        <ele>-11.800000190734863</ele>
      </trkpt>
      <trkpt lat="52.703233044594526" lon="6.032970193773508">
        <ele>-11.600000381469727</ele>
      </trkpt>
      <trkpt lat="52.703247210010886" lon="6.032992573454976">
        <ele>-11.600000381469727</ele>
      </trkpt>
      <trkpt lat="52.70326104015112" lon="6.033012606203556">
        <ele>-11.600000381469727</ele>
      </trkpt>
      <trkpt lat="52.703276462852955" lon="6.033033728599548">
        <ele>-11.600000381469727</ele>
      </trkpt>
      <trkpt lat="52.70329087972641" lon="6.033052923157811">
        <ele>-11.600000381469727</ele>
      </trkpt>
      <trkpt lat="52.70330613479018" lon="6.033072033897042">
        <ele>-11.800000190734863</ele>
      </trkpt>
      <trkpt lat="52.70332172513008" lon="6.0330919828265905">
        <ele>-11.800000190734863</ele>
      </trkpt>
      <trkpt lat="52.70333840511739" lon="6.033113524317741">
        <ele>-11.800000190734863</ele>
      </trkpt>
      <trkpt lat="52.70335181616247" lon="6.033131210133433">
        <ele>-12.0</ele>
      </trkpt>
      <trkpt lat="52.70336950197816" lon="6.033152248710394">
        <ele>-11.800000190734863</ele>
      </trkpt>
      <trkpt lat="52.70338618196547" lon="6.033173203468323">
        <ele>-12.0</ele>
      </trkpt>
      <trkpt lat="52.70340311340988" lon="6.033195750787854">
        <ele>-12.0</ele>
      </trkpt>
      <trkpt lat="52.703417195007205" lon="6.0332156997174025">
        <ele>-12.0</ele>
      </trkpt>
      <trkpt lat="52.70343362353742" lon="6.033237325027585">
        <ele>-12.0</ele>
      </trkpt>
      <trkpt lat="52.703449465334415" lon="6.033258279785514">
        <ele>-12.0</ele>
      </trkpt>
      <trkpt lat="52.70346564240754" lon="6.033279988914728">
        <ele>-12.0</ele>
      </trkpt>
      <trkpt lat="52.703479221090674" lon="6.033299686387181">
        <ele>-12.199999809265137</ele>
      </trkpt>
      <trkpt lat="52.7034951467067" lon="6.03332013823092">
        <ele>-12.199999809265137</ele>
      </trkpt>
      <trkpt lat="52.70350964739919" lon="6.0333402547985315">
        <ele>-12.199999809265137</ele>
      </trkpt>
      <trkpt lat="52.70352590829134" lon="6.033362550660968">
        <ele>-12.199999809265137</ele>
      </trkpt>
      <trkpt lat="52.70354200154543" lon="6.033384343609214">
        <ele>-12.199999809265137</ele>
      </trkpt>
      <trkpt lat="52.70355759188533" lon="6.033407645300031">
        <ele>-12.199999809265137</ele>
      </trkpt>
      <trkpt lat="52.703574020415545" lon="6.033431701362133">
        <ele>-12.199999809265137</ele>
      </trkpt>
      <trkpt lat="52.703591203317046" lon="6.0334565956145525">
        <ele>-12.199999809265137</ele>
      </trkpt>
      <trkpt lat="52.70360520109534" lon="6.033479729667306">
        <ele>-12.199999809265137</ele>
      </trkpt>
      <trkpt lat="52.70361827686429" lon="6.033504791557789">
        <ele>-12.199999809265137</ele>
      </trkpt>
      <trkpt lat="52.70363202318549" lon="6.033528512343764">
        <ele>-12.199999809265137</ele>
      </trkpt>
      <trkpt lat="52.703648870810866" lon="6.033553574234247">
        <ele>-12.199999809265137</ele>
      </trkpt>
      <trkpt lat="52.70366119220853" lon="6.033576289191842">
        <ele>-12.0</ele>
      </trkpt>
      <trkpt lat="52.703673681244254" lon="6.033599926158786">
        <ele>-12.199999809265137</ele>
      </trkpt>
      <trkpt lat="52.70370000042021" lon="6.033647703006864">
        <ele>-12.0</ele>
      </trkpt>
      <trkpt lat="52.70370000042021" lon="6.033647703006864">
        <ele>-12.0</ele>
      </trkpt>
      <trkpt lat="52.70371391437948" lon="6.033670920878649">
        <ele>-12.0</ele>
      </trkpt>
      <trkpt lat="52.703727995976806" lon="6.0336933843791485">
        <ele>-12.0</ele>
      </trkpt>
      <trkpt lat="52.70374283194542" lon="6.033715680241585">
        <ele>-12.0</ele>
      </trkpt>
      <trkpt lat="52.70375741645694" lon="6.033737808465958">
        <ele>-11.800000190734863</ele>
      </trkpt>
      <trkpt lat="52.70377300679684" lon="6.03375943377614">
        <ele>-11.600000381469727</ele>
      </trkpt>
      <trkpt lat="52.70378784276545" lon="6.033780304715037">
        <ele>-11.600000381469727</ele>
      </trkpt>
      <trkpt lat="52.703804690390825" lon="6.03380193002522">
        <ele>-11.399999618530273</ele>
      </trkpt>
      <trkpt lat="52.70381759852171" lon="6.033823220059276">
        <ele>-11.399999618530273</ele>
      </trkpt>
      <trkpt lat="52.70383260212839" lon="6.033843839541078">
        <ele>-11.399999618530273</ele>
      </trkpt>
      <trkpt lat="52.70384542644024" lon="6.03386445902288">
        <ele>-11.800000190734863</ele>
      </trkpt>
      <trkpt lat="52.70386151969433" lon="6.033885329961777">
        <ele>-12.199999809265137</ele>
      </trkpt>
      <trkpt lat="52.70387585274875" lon="6.033904859796166">
        <ele>-12.199999809265137</ele>
      </trkpt>
      <trkpt lat="52.70389253273606" lon="6.033925646916032">
        <ele>-12.199999809265137</ele>
      </trkpt>
      <trkpt lat="52.70390468649566" lon="6.033946517854929">
        <ele>-12.399999618530273</ele>
      </trkpt>
      <trkpt lat="52.70392119884491" lon="6.033969148993492">
        <ele>-12.399999618530273</ele>
      </trkpt>
      <trkpt lat="52.7039338555187" lon="6.033991612493992">
        <ele>-12.399999618530273</ele>
      </trkpt>
      <trkpt lat="52.70394894294441" lon="6.03401642292738">
        <ele>-12.199999809265137</ele>
      </trkpt>
      <trkpt lat="52.703962018713355" lon="6.034037545323372">
        <ele>-12.0</ele>
      </trkpt>
      <trkpt lat="52.70397400483489" lon="6.034061098471284">
        <ele>-12.199999809265137</ele>
      </trkpt>
      <trkpt lat="52.70398775115609" lon="6.034080293029547">
        <ele>-12.199999809265137</ele>
      </trkpt>
      <trkpt lat="52.704004095867276" lon="6.0341021697968245">
        <ele>-12.0</ele>
      </trkpt>
      <trkpt lat="52.704016584903" lon="6.034121448174119">
        <ele>-11.800000190734863</ele>
      </trkpt>
      <trkpt lat="52.70403125323355" lon="6.03414248675108">
        <ele>-11.800000190734863</ele>
      </trkpt>
      <trkpt lat="52.70404642447829" lon="6.034162687137723">
        <ele>-11.800000190734863</ele>
      </trkpt>
      <trkpt lat="52.70406343974173" lon="6.034184983000159">
        <ele>-12.0</ele>
      </trkpt>
      <trkpt lat="52.70407567732036" lon="6.03420409373939">
        <ele>-12.0</ele>
      </trkpt>
      <trkpt lat="52.70409286022186" lon="6.0342260543257">
        <ele>-12.199999809265137</ele>
      </trkpt>
      <trkpt lat="52.70410727709532" lon="6.034244578331709">
        <ele>-12.199999809265137</ele>
      </trkpt>
      <trkpt lat="52.704124292358756" lon="6.034267544746399">
        <ele>-12.199999809265137</ele>
      </trkpt>
      <trkpt lat="52.70413862541318" lon="6.034289253875613">
        <ele>-12.199999809265137</ele>
      </trkpt>
      <trkpt lat="52.704157400876284" lon="6.0343133099377155">
        <ele>-12.199999809265137</ele>
      </trkpt>
      <trkpt lat="52.70416687242687" lon="6.034331163391471">
        <ele>-12.199999809265137</ele>
      </trkpt>
      <trkpt lat="52.70417978055775" lon="6.034350274130702">
        <ele>-12.199999809265137</ele>
      </trkpt>
      <trkpt lat="52.704195119440556" lon="6.034368043765426">
        <ele>-12.399999618530273</ele>
      </trkpt>
      <trkpt lat="52.704211715608835" lon="6.034388663247228">
        <ele>-12.399999618530273</ele>
      </trkpt>
      <trkpt lat="52.704227389767766" lon="6.034407690167427">
        <ele>-12.399999618530273</ele>
      </trkpt>
      <trkpt lat="52.70424381829798" lon="6.034428142011166">
        <ele>-12.399999618530273</ele>
      </trkpt>
      <trkpt lat="52.70425823517144" lon="6.034444738179445">
        <ele>-12.199999809265137</ele>
      </trkpt>
      <trkpt lat="52.704277178272605" lon="6.034465106204152">
        <ele>-12.199999809265137</ele>
      </trkpt>
      <trkpt lat="52.70429536700249" lon="6.03448404930532">
        <ele>-12.199999809265137</ele>
      </trkpt>
      <trkpt lat="52.70431078970432" lon="6.0345041658729315">
        <ele>-12.0</ele>
      </trkpt>
      <trkpt lat="52.70432679913938" lon="6.034523108974099">
        <ele>-12.0</ele>
      </trkpt>
      <trkpt lat="52.704345658421516" lon="6.034545488655567">
        <ele>-12.0</ele>
      </trkpt>
      <trkpt lat="52.7043620031327" lon="6.034564850851893">
        <ele>-11.800000190734863</ele>
      </trkpt>
      <trkpt lat="52.7043791860342" lon="6.034585302695632">
        <ele>-11.800000190734863</ele>
      </trkpt>
      <trkpt lat="52.70439603365958" lon="6.034604664891958">
        <ele>-12.0</ele>
      </trkpt>
      <trkpt lat="52.70441187545657" lon="6.034624362364411">
        <ele>-12.0</ele>
      </trkpt>
      <trkpt lat="52.7044275496155" lon="6.034644730389118">
        <ele>-12.0</ele>
      </trkpt>
      <trkpt lat="52.70444456487894" lon="6.034665768966079">
        <ele>-12.0</ele>
      </trkpt>
      <trkpt lat="52.70445981994271" lon="6.03468487970531">
        <ele>-12.0</ele>
      </trkpt>
      <trkpt lat="52.70447717048228" lon="6.034705163910985">
        <ele>-12.0</ele>
      </trkpt>
      <trkpt lat="52.70449158735573" lon="6.0347238555550575">
        <ele>-12.0</ele>
      </trkpt>
      <trkpt lat="52.7045089378953" lon="6.03474548086524">
        <ele>-12.0</ele>
      </trkpt>
      <trkpt lat="52.7045226842165" lon="6.0347645077854395">
        <ele>-12.0</ele>
      </trkpt>
      <trkpt lat="52.70453928038478" lon="6.0347855463624">
        <ele>-12.0</ele>
      </trkpt>
      <trkpt lat="52.704552775248885" lon="6.034803399816155">
        <ele>-11.800000190734863</ele>
      </trkpt>
      <trkpt lat="52.704570293426514" lon="6.034824857488275">
        <ele>-11.800000190734863</ele>
      </trkpt>
      <trkpt lat="52.704596696421504" lon="6.034863330423832">
        <ele>-11.800000190734863</ele>
      </trkpt>
      <trkpt lat="52.704596696421504" lon="6.034863330423832">
        <ele>-11.800000190734863</ele>
      </trkpt>
      <trkpt lat="52.7046056650579" lon="6.034882692620158">
        <ele>-12.0</ele>
      </trkpt>
      <trkpt lat="52.7046246919781" lon="6.034905910491943">
        <ele>-12.0</ele>
      </trkpt>
      <trkpt lat="52.704636259004474" lon="6.03492527268827">
        <ele>-12.0</ele>
      </trkpt>
      <trkpt lat="52.7046537771821" lon="6.034948322921991">
        <ele>-12.0</ele>
      </trkpt>
      <trkpt lat="52.704667104408145" lon="6.034969445317984">
        <ele>-12.0</ele>
      </trkpt>
      <trkpt lat="52.70468294620514" lon="6.034993836656213">
        <ele>-12.0</ele>
      </trkpt>
      <trkpt lat="52.704695938155055" lon="6.035013617947698">
        <ele>-12.0</ele>
      </trkpt>
      <trkpt lat="52.70471035502851" lon="6.035036416724324">
        <ele>-12.0</ele>
      </trkpt>
      <trkpt lat="52.70472343079746" lon="6.035057455301285">
        <ele>-12.0</ele>
      </trkpt>
      <trkpt lat="52.70473818294704" lon="6.035079164430499">
        <ele>-12.0</ele>
      </trkpt>
      <trkpt lat="52.704746313393116" lon="6.035097436979413">
        <ele>-12.0</ele>
      </trkpt>
      <trkpt lat="52.7047576289624" lon="6.035118056461215">
        <ele>-12.0</ele>
      </trkpt>
      <trkpt lat="52.704772716388106" lon="6.035138927400112">
        <ele>-12.0</ele>
      </trkpt>
      <trkpt lat="52.70478704944253" lon="6.035159463062882">
        <ele>-12.0</ele>
      </trkpt>
      <trkpt lat="52.70480431616306" lon="6.035178741440177">
        <ele>-12.0</ele>
      </trkpt>
      <trkpt lat="52.70481722429395" lon="6.0351968463510275">
        <ele>-11.800000190734863</ele>
      </trkpt>
      <trkpt lat="52.70483147352934" lon="6.035213442519307">
        <ele>-12.0</ele>
      </trkpt>
      <trkpt lat="52.70484798587859" lon="6.035233307629824">
        <ele>-12.0</ele>
      </trkpt>
      <trkpt lat="52.70486022345722" lon="6.035248143598437">
        <ele>-12.0</ele>
      </trkpt>
      <trkpt lat="52.70487438887358" lon="6.035265326499939">
        <ele>-12.0</ele>
      </trkpt>
      <trkpt lat="52.704889392480254" lon="6.035282090306282">
        <ele>-12.0</ele>
      </trkpt>
      <trkpt lat="52.70490515045822" lon="6.035299440845847">
        <ele>-11.800000190734863</ele>
      </trkpt>
      <trkpt lat="52.70491998642683" lon="6.035316623747349">
        <ele>-11.800000190734863</ele>
      </trkpt>
      <trkpt lat="52.704935912042856" lon="6.035335650667548">
        <ele>-11.800000190734863</ele>
      </trkpt>
      <trkpt lat="52.704950496554375" lon="6.035353420302272">
        <ele>-11.600000381469727</ele>
      </trkpt>
      <trkpt lat="52.704966673627496" lon="6.035370854660869">
        <ele>-11.600000381469727</ele>
      </trkpt>
      <trkpt lat="52.704980839043856" lon="6.035386696457863">
        <ele>-11.600000381469727</ele>
      </trkpt>
      <trkpt lat="52.704995926469564" lon="6.035403124988079">
        <ele>-11.600000381469727</ele>
      </trkpt>
      <trkpt lat="52.705012941733" lon="6.035420056432486">
        <ele>-11.600000381469727</ele>
      </trkpt>
      <trkpt lat="52.70502987317741" lon="6.035437909886241">
        <ele>-11.600000381469727</ele>
      </trkpt>
      <trkpt lat="52.70504739135504" lon="6.035454506054521">
        <ele>-11.800000190734863</ele>
      </trkpt>
      <trkpt lat="52.70506306551397" lon="6.0354710184037685">
        <ele>-11.800000190734863</ele>
      </trkpt>
      <trkpt lat="52.705079996958375" lon="6.035487446933985">
        <ele>-11.800000190734863</ele>
      </trkpt>
      <trkpt lat="52.705098018050194" lon="6.03550479747355">
        <ele>-11.800000190734863</ele>
      </trkpt>
      <trkpt lat="52.705114195123315" lon="6.035521226003766">
        <ele>-11.600000381469727</ele>
      </trkpt>
      <trkpt lat="52.70512961782515" lon="6.035539750009775">
        <ele>-11.600000381469727</ele>
      </trkpt>
      <trkpt lat="52.70514654926956" lon="6.035556513816118">
        <ele>-11.600000381469727</ele>
      </trkpt>
      <trkpt lat="52.70516281016171" lon="6.035573109984398">
        <ele>-11.800000190734863</ele>
      </trkpt>
      <trkpt lat="52.70517940632999" lon="6.035588113591075">
        <ele>-11.800000190734863</ele>
      </trkpt>
      <trkpt lat="52.705195331946015" lon="6.0356044583022594">
        <ele>-11.800000190734863</ele>
      </trkpt>
      <trkpt lat="52.705212850123644" lon="6.0356200486421585">
        <ele>-11.800000190734863</ele>
      </trkpt>
      <trkpt lat="52.70522978156805" lon="6.035637315362692">
        <ele>-11.800000190734863</ele>
      </trkpt>
      <trkpt lat="52.7052460424602" lon="6.035652570426464">
        <ele>-11.800000190734863</ele>
      </trkpt>
      <trkpt lat="52.70526096224785" lon="6.03567092679441">
        <ele>-12.0</ele>
      </trkpt>
      <trkpt lat="52.70527672022581" lon="6.035689199343324">
        <ele>-12.0</ele>
      </trkpt>
      <trkpt lat="52.705290634185076" lon="6.0357072204351425">
        <ele>-12.0</ele>
      </trkpt>
      <trkpt lat="52.70530664362013" lon="6.035725409165025">
        <ele>-12.0</ele>
      </trkpt>
      <trkpt lat="52.705320473760366" lon="6.035743178799748">
        <ele>-12.0</ele>
      </trkpt>
      <trkpt lat="52.70533832721412" lon="6.035761199891567">
        <ele>-12.0</ele>
      </trkpt>
      <trkpt lat="52.70535224117339" lon="6.035777544602752">
        <ele>-12.0</ele>
      </trkpt>
      <trkpt lat="52.705369759351015" lon="6.0357961524277925">
        <ele>-12.0</ele>
      </trkpt>
      <trkpt lat="52.70538216456771" lon="6.035812916234136">
        <ele>-11.800000190734863</ele>
      </trkpt>
      <trkpt lat="52.70539892837405" lon="6.035831021144986">
        <ele>-11.800000190734863</ele>
      </trkpt>
      <trkpt lat="52.70541401579976" lon="6.035846695303917">
        <ele>-11.800000190734863</ele>
      </trkpt>
      <trkpt lat="52.70543094724417" lon="6.035862620919943">
        <ele>-11.800000190734863</ele>
      </trkpt>
      <trkpt lat="52.70544779486954" lon="6.035878295078874">
        <ele>-11.800000190734863</ele>
      </trkpt>
      <trkpt lat="52.70546665415168" lon="6.035894136875868">
        <ele>-11.600000381469727</ele>
      </trkpt>
      <trkpt lat="52.705483166500926" lon="6.035906206816435">
        <ele>-11.800000190734863</ele>
      </trkpt>
      <trkpt lat="52.70550278015435" lon="6.035920288413763">
        <ele>-11.800000190734863</ele>
      </trkpt>
      <trkpt lat="52.7055174484849" lon="6.035933867096901">
        <ele>-11.800000190734863</ele>
      </trkpt>
      <trkpt lat="52.7055327873677" lon="6.035946859046817">
        <ele>-11.800000190734863</ele>
      </trkpt>
      <trkpt lat="52.70554896444082" lon="6.035954989492893">
        <ele>-11.800000190734863</ele>
      </trkpt>
      <trkpt lat="52.70556187257171" lon="6.035966724157333">
        <ele>-11.800000190734863</ele>
      </trkpt>
      <trkpt lat="52.70557863637805" lon="6.035979297012091">
        <ele>-11.800000190734863</ele>
      </trkpt>
      <trkpt lat="52.70559271797538" lon="6.035990193486214">
        <ele>-11.600000381469727</ele>
      </trkpt>
      <trkpt lat="52.70560797303915" lon="6.036000084131956">
        <ele>-11.399999618530273</ele>
      </trkpt>
      <trkpt lat="52.70562465302646" lon="6.036011651158333">
        <ele>-11.399999618530273</ele>
      </trkpt>
      <trkpt lat="52.705641919746995" lon="6.036022128537297">
        <ele>-11.399999618530273</ele>
      </trkpt>
      <trkpt lat="52.70565868355334" lon="6.036030929535627">
        <ele>-11.399999618530273</ele>
      </trkpt>
      <trkpt lat="52.70567670464516" lon="6.03603889234364">
        <ele>-11.399999618530273</ele>
      </trkpt>
      <trkpt lat="52.70569363608956" lon="6.036046519875526">
        <ele>-11.600000381469727</ele>
      </trkpt>
      <trkpt lat="52.70571115426719" lon="6.0360512137413025">
        <ele>-11.600000381469727</ele>
      </trkpt>
      <trkpt lat="52.70572850480676" lon="6.036056829616427">
        <ele>-11.600000381469727</ele>
      </trkpt>
      <trkpt lat="52.70574736408889" lon="6.0360615234822035">
        <ele>-11.600000381469727</ele>
      </trkpt>
      <trkpt lat="52.705764044076204" lon="6.0360638704150915">
        <ele>-11.399999618530273</ele>
      </trkpt>
      <trkpt lat="52.705778293311596" lon="6.036064205691218">
        <ele>-11.199999809265137</ele>
      </trkpt>
      <trkpt lat="52.70579447038472" lon="6.036065379157662">
        <ele>-11.199999809265137</ele>
      </trkpt>
      <trkpt lat="52.70581115037203" lon="6.036064624786377">
        <ele>-11.0</ele>
      </trkpt>
      <trkpt lat="52.7058282494545" lon="6.0360638704150915">
        <ele>-11.0</ele>
      </trkpt>
      <trkpt lat="52.7058438397944" lon="6.036064624786377">
        <ele>-11.199999809265137</ele>
      </trkpt>
      <trkpt lat="52.70586068741977" lon="6.0360656306147575">
        <ele>-11.399999618530273</ele>
      </trkpt>
      <trkpt lat="52.705876529216766" lon="6.036063116043806">
        <ele>-11.600000381469727</ele>
      </trkpt>
      <trkpt lat="52.70589270628989" lon="6.0360632836818695">
        <ele>-11.600000381469727</ele>
      </trkpt>
      <trkpt lat="52.705908212810755" lon="6.036061774939299">
        <ele>-11.800000190734863</ele>
      </trkpt>
      <trkpt lat="52.70592598244548" lon="6.036061104387045">
        <ele>-11.600000381469727</ele>
      </trkpt>
      <trkpt lat="52.705941405147314" lon="6.036059008911252">
        <ele>-11.800000190734863</ele>
      </trkpt>
      <trkpt lat="52.705959007143974" lon="6.036059260368347">
        <ele>-11.600000381469727</ele>
      </trkpt>
      <trkpt lat="52.70597543567419" lon="6.036056410521269">
        <ele>-11.800000190734863</ele>
      </trkpt>
      <trkpt lat="52.70599496550858" lon="6.0360559076070786">
        <ele>-11.399999618530273</ele>
      </trkpt>
      <trkpt lat="52.706012316048145" lon="6.036054650321603">
        <ele>-11.600000381469727</ele>
      </trkpt>
      <trkpt lat="52.706031342968345" lon="6.036054482683539">
        <ele>-11.199999809265137</ele>
      </trkpt>
      <trkpt lat="52.70604877732694" lon="6.036050794646144">
        <ele>-11.399999618530273</ele>
      </trkpt>
      <trkpt lat="52.70606587640941" lon="6.036047106608748">
        <ele>-11.199999809265137</ele>
      </trkpt>
      <trkpt lat="52.70608297549188" lon="6.03604182600975">
        <ele>-11.399999618530273</ele>
      </trkpt>
      <trkpt lat="52.706098817288876" lon="6.036035707220435">
        <ele>-11.600000381469727</ele>
      </trkpt>
      <trkpt lat="52.706131590530276" lon="6.036021625623107">
        <ele>-11.800000190734863</ele>
      </trkpt>
      <trkpt lat="52.706131590530276" lon="6.036021625623107">
        <ele>-12.0</ele>
      </trkpt>
      <trkpt lat="52.70614894106984" lon="6.036013411357999">
        <ele>-12.0</ele>
      </trkpt>
      <trkpt lat="52.706164196133614" lon="6.0360052809119225">
        <ele>-12.0</ele>
      </trkpt>
      <trkpt lat="52.706178445369005" lon="6.035995474085212">
        <ele>-12.0</ele>
      </trkpt>
      <trkpt lat="52.70619126968086" lon="6.035985667258501">
        <ele>-12.0</ele>
      </trkpt>
      <trkpt lat="52.706206357106566" lon="6.035973345860839">
        <ele>-11.800000190734863</ele>
      </trkpt>
      <trkpt lat="52.70622069016099" lon="6.0359616950154305">
        <ele>-11.600000381469727</ele>
      </trkpt>
      <trkpt lat="52.7062355261296" lon="6.0359475295990705">
        <ele>-11.600000381469727</ele>
      </trkpt>
      <trkpt lat="52.706248769536614" lon="6.035934118553996">
        <ele>-11.600000381469727</ele>
      </trkpt>
      <trkpt lat="52.70626083947718" lon="6.03591769002378">
        <ele>-11.600000381469727</ele>
      </trkpt>
      <trkpt lat="52.70627349615097" lon="6.0359021835029125">
        <ele>-11.600000381469727</ele>
      </trkpt>
      <trkpt lat="52.7062857337296" lon="6.035884413868189">
        <ele>-11.600000381469727</ele>
      </trkpt>
      <trkpt lat="52.70629855804145" lon="6.035868069157004">
        <ele>-11.600000381469727</ele>
      </trkpt>
      <trkpt lat="52.7063097897917" lon="6.0358482878655195">
        <ele>-11.600000381469727</ele>
      </trkpt>
      <trkpt lat="52.70632077008486" lon="6.035829428583384">
        <ele>-11.399999618530273</ele>
      </trkpt>
      <trkpt lat="52.70633258856833" lon="6.035810150206089">
        <ele>-11.600000381469727</ele>
      </trkpt>
      <trkpt lat="52.70634348504245" lon="6.0357914585620165">
        <ele>-11.399999618530273</ele>
      </trkpt>
      <trkpt lat="52.70635765045881" lon="6.035772683098912">
        <ele>-11.600000381469727</ele>
      </trkpt>
      <trkpt lat="52.70636863075197" lon="6.035753404721618">
        <ele>-11.399999618530273</ele>
      </trkpt>
      <trkpt lat="52.70638137124479" lon="6.035733120515943">
        <ele>-11.800000190734863</ele>
      </trkpt>
      <trkpt lat="52.70639109425247" lon="6.035713171586394">
        <ele>-11.199999809265137</ele>
      </trkpt>
      <trkpt lat="52.706406097859144" lon="6.035693641752005">
        <ele>-11.600000381469727</ele>
      </trkpt>
      <trkpt lat="52.70641665905714" lon="6.035673106089234">
        <ele>-11.199999809265137</ele>
      </trkpt>
      <trkpt lat="52.7064292319119" lon="6.035653492435813">
        <ele>-11.600000381469727</ele>
      </trkpt>
      <trkpt lat="52.70643920637667" lon="6.035633208230138">
        <ele>-11.199999809265137</ele>
      </trkpt>
      <trkpt lat="52.7064514439553" lon="6.035612002015114">
        <ele>-11.600000381469727</ele>
      </trkpt>
      <trkpt lat="52.706463765352964" lon="6.035593645647168">
        <ele>-11.199999809265137</ele>
      </trkpt>
      <trkpt lat="52.70647642202675" lon="6.0355723556131124">
        <ele>-11.600000381469727</ele>
      </trkpt>
      <trkpt lat="52.706487737596035" lon="6.035552406683564">
        <ele>-11.199999809265137</ele>
      </trkpt>
      <trkpt lat="52.70649888552725" lon="6.035531284287572">
        <ele>-11.199999809265137</ele>
      </trkpt>
      <trkpt lat="52.706508776172996" lon="6.035510329529643">
        <ele>-11.0</ele>
      </trkpt>
      <trkpt lat="52.70651975646615" lon="6.035489123314619">
        <ele>-11.0</ele>
      </trkpt>
      <trkpt lat="52.70653056912124" lon="6.035468420013785">
        <ele>-10.800000190734863</ele>
      </trkpt>
      <trkpt lat="52.706541046500206" lon="6.035447716712952">
        <ele>-11.0</ele>
      </trkpt>
      <trkpt lat="52.706551188603044" lon="6.035428522154689">
        <ele>-10.800000190734863</ele>
      </trkpt>
      <trkpt lat="52.706561079248786" lon="6.035405304282904">
        <ele>-11.0</ele>
      </trkpt>
      <trkpt lat="52.70657239481807" lon="6.035384684801102">
        <ele>-10.800000190734863</ele>
      </trkpt>
      <trkpt lat="52.70658329129219" lon="6.035362556576729">
        <ele>-10.800000190734863</ele>
      </trkpt>
      <trkpt lat="52.70659485831857" lon="6.035341517999768">
        <ele>-10.399999618530273</ele>
      </trkpt>
      <trkpt lat="52.70660617388785" lon="6.035318216308951">
        <ele>-10.600000381469727</ele>
      </trkpt>
      <trkpt lat="52.706618160009384" lon="6.035296004265547">
        <ele>-10.199999809265137</ele>
      </trkpt>
      <trkpt lat="52.70662821829319" lon="6.035273289307952">
        <ele>-10.600000381469727</ele>
      </trkpt>
      <trkpt lat="52.706638695672154" lon="6.035250825807452">
        <ele>-10.399999618530273</ele>
      </trkpt>
      <trkpt lat="52.70664783194661" lon="6.0352277755737305">
        <ele>-10.600000381469727</ele>
      </trkpt>
      <trkpt lat="52.70665755495429" lon="6.0352065693587065">
        <ele>-10.399999618530273</ele>
      </trkpt>
      <trkpt lat="52.70666643977165" lon="6.0351847764104605">
        <ele>-10.600000381469727</ele>
      </trkpt>
      <trkpt lat="52.70667691715062" lon="6.035163402557373">
        <ele>-10.399999618530273</ele>
      </trkpt>
      <trkpt lat="52.7066863887012" lon="6.035140436142683">
        <ele>-10.600000381469727</ele>
      </trkpt>
      <trkpt lat="52.70669569261372" lon="6.0351182240992785">
        <ele>-10.800000190734863</ele>
      </trkpt>
      <trkpt lat="52.70670482888818" lon="6.035095592960715">
        <ele>-10.800000190734863</ele>
      </trkpt>
      <trkpt lat="52.70671530626714" lon="6.035073800012469">
        <ele>-11.0</ele>
      </trkpt>
      <trkpt lat="52.706721760332584" lon="6.035048486664891">
        <ele>-11.0</ele>
      </trkpt>
      <trkpt lat="52.706731567159295" lon="6.035026526078582">
        <ele>-11.0</ele>
      </trkpt>
      <trkpt lat="52.70674045197666" lon="6.035002721473575">
        <ele>-11.0</ele>
      </trkpt>
      <trkpt lat="52.70674925297499" lon="6.03498050943017">
        <ele>-10.800000190734863</ele>
      </trkpt>
      <trkpt lat="52.70675704814494" lon="6.034955782815814">
        <ele>-10.600000381469727</ele>
      </trkpt>
      <trkpt lat="52.70676693879068" lon="6.034932648763061">
        <ele>-10.600000381469727</ele>
      </trkpt>
      <trkpt lat="52.70677540451288" lon="6.034907586872578">
        <ele>-10.600000381469727</ele>
      </trkpt>
      <trkpt lat="52.706784792244434" lon="6.0348837822675705">
        <ele>-10.600000381469727</ele>
      </trkpt>
      <trkpt lat="52.70680122077465" lon="6.034835921600461">
        <ele>-10.399999618530273</ele>
      </trkpt>
      <trkpt lat="52.70680122077465" lon="6.034835921600461">
        <ele>-10.399999618530273</ele>
      </trkpt>
      <trkpt lat="52.70681161433458" lon="6.034813709557056">
        <ele>-10.399999618530273</ele>
      </trkpt>
      <trkpt lat="52.70681974478066" lon="6.034793090075254">
        <ele>-10.399999618530273</ele>
      </trkpt>
      <trkpt lat="52.706827791407704" lon="6.034767776727676">
        <ele>-10.399999618530273</ele>
      </trkpt>
      <trkpt lat="52.706836173310876" lon="6.0347450617700815">
        <ele>-10.399999618530273</ele>
      </trkpt>
      <trkpt lat="52.70684405229986" lon="6.034721089527011">
        <ele>-10.399999618530273</ele>
      </trkpt>
      <trkpt lat="52.70685452967882" lon="6.034698877483606">
        <ele>-10.399999618530273</ele>
      </trkpt>
      <trkpt lat="52.70686232484877" lon="6.03467708453536">
        <ele>-10.199999809265137</ele>
      </trkpt>
      <trkpt lat="52.70687364041805" lon="6.034655207768083">
        <ele>-10.199999809265137</ele>
      </trkpt>
      <trkpt lat="52.70688076503575" lon="6.034632744267583">
        <ele>-10.199999809265137</ele>
      </trkpt>
      <trkpt lat="52.70689073950052" lon="6.034611202776432">
        <ele>-10.199999809265137</ele>
      </trkpt>
      <trkpt lat="52.706898115575314" lon="6.034588068723679">
        <ele>-10.199999809265137</ele>
      </trkpt>
      <trkpt lat="52.706908006221056" lon="6.034563845023513">
        <ele>-10.399999618530273</ele>
      </trkpt>
      <trkpt lat="52.70691538229585" lon="6.034538950771093">
        <ele>-10.399999618530273</ele>
      </trkpt>
      <trkpt lat="52.70692527294159" lon="6.034515397623181">
        <ele>-10.399999618530273</ele>
      </trkpt>
      <trkpt lat="52.70693172700703" lon="6.03448991663754">
        <ele>-10.399999618530273</ele>
      </trkpt>
      <trkpt lat="52.706943126395345" lon="6.03446695022285">
        <ele>-10.600000381469727</ele>
      </trkpt>
      <trkpt lat="52.70695125684142" lon="6.0344446543604136">
        <ele>-10.600000381469727</ele>
      </trkpt>
      <trkpt lat="52.70696341060102" lon="6.034422777593136">
        <ele>-10.399999618530273</ele>
      </trkpt>
      <trkpt lat="52.706971038132906" lon="6.034398805350065">
        <ele>-10.399999618530273</ele>
      </trkpt>
      <trkpt lat="52.70698252134025" lon="6.034375838935375">
        <ele>-10.399999618530273</ele>
      </trkpt>
      <trkpt lat="52.70699165761471" lon="6.03435312397778">
        <ele>-10.399999618530273</ele>
      </trkpt>
      <trkpt lat="52.707004230469465" lon="6.034331833943725">
        <ele>-10.600000381469727</ele>
      </trkpt>
      <trkpt lat="52.70701194182038" lon="6.034307358786464">
        <ele>-10.600000381469727</ele>
      </trkpt>
      <trkpt lat="52.70702694542706" lon="6.034286487847567">
        <ele>-10.600000381469727</ele>
      </trkpt>
      <trkpt lat="52.70703725516796" lon="6.034264611080289">
        <ele>-10.800000190734863</ele>
      </trkpt>
      <trkpt lat="52.70705175586045" lon="6.034245081245899">
        <ele>-10.800000190734863</ele>
      </trkpt>
      <trkpt lat="52.70706055685878" lon="6.0342208575457335">
        <ele>-11.0</ele>
      </trkpt>
      <trkpt lat="52.70707572810352" lon="6.034202333539724">
        <ele>-11.0</ele>
      </trkpt>
      <trkpt lat="52.70708251744509" lon="6.034176517277956">
        <ele>-10.600000381469727</ele>
      </trkpt>
      <trkpt lat="52.7070939168334" lon="6.034154305234551">
        <ele>-10.600000381469727</ele>
      </trkpt>
      <trkpt lat="52.70710305310786" lon="6.0341293271631">
        <ele>-10.399999618530273</ele>
      </trkpt>
      <trkpt lat="52.70711579360068" lon="6.034107618033886">
        <ele>-10.399999618530273</ele>
      </trkpt>
      <trkpt lat="52.707125935703516" lon="6.034084232524037">
        <ele>-10.399999618530273</ele>
      </trkpt>
      <trkpt lat="52.70714119076729" lon="6.034062942489982">
        <ele>-10.199999809265137</ele>
      </trkpt>
      <trkpt lat="52.70715611055493" lon="6.034042993560433">
        <ele>-10.199999809265137</ele>
      </trkpt>
      <trkpt lat="52.70716994069517" lon="6.034022541716695">
        <ele>-9.800000190734863</ele>
      </trkpt>
      <trkpt lat="52.707184944301844" lon="6.034001503139734">
        <ele>-10.0</ele>
      </trkpt>
      <trkpt lat="52.70720045082271" lon="6.033980632200837">
        <ele>-10.0</ele>
      </trkpt>
      <trkpt lat="52.70721620880067" lon="6.033960096538067">
        <ele>-10.199999809265137</ele>
      </trkpt>
      <trkpt lat="52.70722978748381" lon="6.033939560875297">
        <ele>-10.199999809265137</ele>
      </trkpt>
      <trkpt lat="52.707245042547584" lon="6.033920953050256">
        <ele>-10.199999809265137</ele>
      </trkpt>
      <trkpt lat="52.7072545979172" lon="6.033897818997502">
        <ele>-10.199999809265137</ele>
      </trkpt>
      <trkpt lat="52.70726943388581" lon="6.033879043534398">
        <ele>-10.199999809265137</ele>
      </trkpt>
      <trkpt lat="52.70728259347379" lon="6.033858759328723">
        <ele>-10.199999809265137</ele>
      </trkpt>
      <trkpt lat="52.707296926528215" lon="6.033840738236904">
        <ele>-10.199999809265137</ele>
      </trkpt>
      <trkpt lat="52.70730949938297" lon="6.033822800964117">
        <ele>-10.199999809265137</ele>
      </trkpt>
      <trkpt lat="52.70732291042805" lon="6.033805534243584">
        <ele>-10.199999809265137</ele>
      </trkpt>
      <trkpt lat="52.70733481273055" lon="6.033787848427892">
        <ele>-10.199999809265137</ele>
      </trkpt>
      <trkpt lat="52.707345793023705" lon="6.0337702464312315">
        <ele>-10.199999809265137</ele>
      </trkpt>
      <trkpt lat="52.707356940954924" lon="6.033749962225556">
        <ele>-10.399999618530273</ele>
      </trkpt>
      <trkpt lat="52.70736842416227" lon="6.033730432391167">
        <ele>-10.199999809265137</ele>
      </trkpt>
      <trkpt lat="52.70738267339766" lon="6.033709142357111">
        <ele>-10.399999618530273</ele>
      </trkpt>
      <trkpt lat="52.70739491097629" lon="6.033690283074975">
        <ele>-10.199999809265137</ele>
      </trkpt>
      <trkpt lat="52.70740907639265" lon="6.0336710046976805">
        <ele>-10.600000381469727</ele>
      </trkpt>
      <trkpt lat="52.707421481609344" lon="6.033652313053608">
        <ele>-10.399999618530273</ele>
      </trkpt>
      <trkpt lat="52.70743413828313" lon="6.033632783219218">
        <ele>-10.600000381469727</ele>
      </trkpt>
      <trkpt lat="52.70744428038597" lon="6.033611744642258">
        <ele>-10.399999618530273</ele>
      </trkpt>
      <trkpt lat="52.7074652351439" lon="6.033571930602193">
        <ele>-10.600000381469727</ele>
      </trkpt>
      <trkpt lat="52.7074652351439" lon="6.033571930602193">
        <ele>-10.600000381469727</ele>
      </trkpt>
      <trkpt lat="52.70747613161802" lon="6.0335511434823275">
        <ele>-10.600000381469727</ele>
      </trkpt>
      <trkpt lat="52.70748493261635" lon="6.033527590334415">
        <ele>-10.399999618530273</ele>
      </trkpt>
      <trkpt lat="52.70749499090016" lon="6.033503618091345">
        <ele>-10.600000381469727</ele>
      </trkpt>
      <trkpt lat="52.7075067255646" lon="6.033479813486338">
        <ele>-10.399999618530273</ele>
      </trkpt>
      <trkpt lat="52.70751745440066" lon="6.033458691090345">
        <ele>-10.199999809265137</ele>
      </trkpt>
      <trkpt lat="52.707528015598655" lon="6.033436059951782">
        <ele>-10.199999809265137</ele>
      </trkpt>
      <trkpt lat="52.707538828253746" lon="6.033415189012885">
        <ele>-10.199999809265137</ele>
      </trkpt>
      <trkpt lat="52.707547042518854" lon="6.033389624208212">
        <ele>-10.199999809265137</ele>
      </trkpt>
      <trkpt lat="52.70755626261234" lon="6.0333676636219025">
        <ele>-10.199999809265137</ele>
      </trkpt>
      <trkpt lat="52.707564225420356" lon="6.03334260173142">
        <ele>-10.199999809265137</ele>
      </trkpt>
      <trkpt lat="52.70757260732353" lon="6.033321646973491">
        <ele>-10.199999809265137</ele>
      </trkpt>
      <trkpt lat="52.70758191123605" lon="6.033298764377832">
        <ele>-10.399999618530273</ele>
      </trkpt>
      <trkpt lat="52.70759272389114" lon="6.033279318362474">
        <ele>-10.399999618530273</ele>
      </trkpt>
      <trkpt lat="52.70760269835591" lon="6.03325710631907">
        <ele>-10.399999618530273</ele>
      </trkpt>
      <trkpt lat="52.70761434920132" lon="6.033236989751458">
        <ele>-10.399999618530273</ele>
      </trkpt>
      <trkpt lat="52.70762315019965" lon="6.0332141071558">
        <ele>-10.199999809265137</ele>
      </trkpt>
      <trkpt lat="52.70763379521668" lon="6.033194828778505">
        <ele>-10.199999809265137</ele>
      </trkpt>
      <trkpt lat="52.70764301531017" lon="6.033172616735101">
        <ele>-10.0</ele>
      </trkpt>
      <trkpt lat="52.70765449851751" lon="6.033151997253299">
        <ele>-10.0</ele>
      </trkpt>
      <trkpt lat="52.70766505971551" lon="6.033129617571831">
        <ele>-9.800000190734863</ele>
      </trkpt>
      <trkpt lat="52.707677129656076" lon="6.033108327537775">
        <ele>-9.800000190734863</ele>
      </trkpt>
      <trkpt lat="52.707687858492136" lon="6.033086953684688">
        <ele>-9.800000190734863</ele>
      </trkpt>
      <trkpt lat="52.707702443003654" lon="6.033067591488361">
        <ele>-10.0</ele>
      </trkpt>
      <trkpt lat="52.707715686410666" lon="6.033045966178179">
        <ele>-10.0</ele>
      </trkpt>
      <trkpt lat="52.7077295165509" lon="6.0330242570489645">
        <ele>-10.199999809265137</ele>
      </trkpt>
      <trkpt lat="52.70773974247277" lon="6.033000787720084">
        <ele>-10.399999618530273</ele>
      </trkpt>
      <trkpt lat="52.7077554166317" lon="6.0329812578856945">
        <ele>-10.399999618530273</ele>
      </trkpt>
      <trkpt lat="52.70776907913387" lon="6.0329618118703365">
        <ele>-10.399999618530273</ele>
      </trkpt>
      <trkpt lat="52.70778341218829" lon="6.032940940931439">
        <ele>-10.600000381469727</ele>
      </trkpt>
      <trkpt lat="52.70779154263437" lon="6.032916884869337">
        <ele>-10.600000381469727</ele>
      </trkpt>
      <trkpt lat="52.70780520513654" lon="6.03289551101625">
        <ele>-10.600000381469727</ele>
      </trkpt>
      <trkpt lat="52.707813922315836" lon="6.032870365306735">
        <ele>-10.600000381469727</ele>
      </trkpt>
      <trkpt lat="52.70782632753253" lon="6.032848404720426">
        <ele>-10.600000381469727</ele>
      </trkpt>
      <trkpt lat="52.70783848129213" lon="6.032827366143465">
        <ele>-10.399999618530273</ele>
      </trkpt>
      <trkpt lat="52.70784837193787" lon="6.032804902642965">
        <ele>-10.399999618530273</ele>
      </trkpt>
      <trkpt lat="52.707856921479106" lon="6.0327821876853704">
        <ele>-10.399999618530273</ele>
      </trkpt>
      <trkpt lat="52.7078674826771" lon="6.032761819660664">
        <ele>-10.399999618530273</ele>
      </trkpt>
      <trkpt lat="52.7078796364367" lon="6.032741786912084">
        <ele>-10.399999618530273</ele>
      </trkpt>
      <trkpt lat="52.70789137110114" lon="6.032721837982535">
        <ele>-10.399999618530273</ele>
      </trkpt>
      <trkpt lat="52.70790486596525" lon="6.032701721414924">
        <ele>-10.399999618530273</ele>
      </trkpt>
      <trkpt lat="52.707917019724846" lon="6.032681772485375">
        <ele>-10.399999618530273</ele>
      </trkpt>
      <trkpt lat="52.707930179312825" lon="6.0326614882797">
        <ele>-10.199999809265137</ele>
      </trkpt>
      <trkpt lat="52.70794308744371" lon="6.032641204074025">
        <ele>-10.199999809265137</ele>
      </trkpt>
      <trkpt lat="52.70795524120331" lon="6.032619997859001">
        <ele>-10.199999809265137</ele>
      </trkpt>
      <trkpt lat="52.707968736067414" lon="6.032600300386548">
        <ele>-10.199999809265137</ele>
      </trkpt>
      <trkpt lat="52.707977620884776" lon="6.032577333971858">
        <ele>-10.0</ele>
      </trkpt>
      <trkpt lat="52.70799094811082" lon="6.032556463032961">
        <ele>-10.199999809265137</ele>
      </trkpt>
      <trkpt lat="52.708002431318164" lon="6.032534167170525">
        <ele>-10.399999618530273</ele>
      </trkpt>
      <trkpt lat="52.70801550708711" lon="6.032513212412596">
        <ele>-10.199999809265137</ele>
      </trkpt>
      <trkpt lat="52.70802531391382" lon="6.032489575445652">
        <ele>-10.199999809265137</ele>
      </trkpt>
      <trkpt lat="52.708038138225675" lon="6.032469207420945">
        <ele>-10.199999809265137</ele>
      </trkpt>
      <trkpt lat="52.708047945052385" lon="6.032446157187223">
        <ele>-10.199999809265137</ele>
      </trkpt>
      <trkpt lat="52.70806102082133" lon="6.032427214086056">
        <ele>-10.199999809265137</ele>
      </trkpt>
      <trkpt lat="52.708070911467075" lon="6.032405085861683">
        <ele>-10.0</ele>
      </trkpt>
      <trkpt lat="52.70808272995055" lon="6.0323854722082615">
        <ele>-10.0</ele>
      </trkpt>
      <trkpt lat="52.708091866225004" lon="6.032363343983889">
        <ele>-10.0</ele>
      </trkpt>
      <trkpt lat="52.70810376852751" lon="6.032344149425626">
        <ele>-10.0</ele>
      </trkpt>
      <trkpt lat="52.708113910630345" lon="6.032323194667697">
        <ele>-10.0</ele>
      </trkpt>
      <trkpt lat="52.70812623202801" lon="6.032304251566529">
        <ele>-10.0</ele>
      </trkpt>
      <trkpt lat="52.70814836025238" lon="6.032264018431306">
        <ele>-9.800000190734863</ele>
      </trkpt>
      <trkpt lat="52.70814836025238" lon="6.032264018431306">
        <ele>-9.800000190734863</ele>
      </trkpt>
      <trkpt lat="52.7081595081836" lon="6.032241638749838">
        <ele>-9.800000190734863</ele>
      </trkpt>
      <trkpt lat="52.70817082375288" lon="6.032221522182226">
        <ele>-9.800000190734863</ele>
      </trkpt>
      <trkpt lat="52.70817996002734" lon="6.032199393957853">
        <ele>-9.800000190734863</ele>
      </trkpt>
      <trkpt lat="52.7081906888634" lon="6.032178858295083">
        <ele>-9.800000190734863</ele>
      </trkpt>
      <trkpt lat="52.708198903128505" lon="6.032155137509108">
        <ele>-9.800000190734863</ele>
      </trkpt>
      <trkpt lat="52.70820896141231" lon="6.032135104760528">
        <ele>-10.199999809265137</ele>
      </trkpt>
      <trkpt lat="52.70821675658226" lon="6.0321124736219645">
        <ele>-10.399999618530273</ele>
      </trkpt>
      <trkpt lat="52.70822765305638" lon="6.032092524692416">
        <ele>-10.399999618530273</ele>
      </trkpt>
      <trkpt lat="52.70823687314987" lon="6.03207073174417">
        <ele>-10.600000381469727</ele>
      </trkpt>
      <trkpt lat="52.708247350528836" lon="6.032050950452685">
        <ele>-10.600000381469727</ele>
      </trkpt>
      <trkpt lat="52.70825590007007" lon="6.032029744237661">
        <ele>-10.600000381469727</ele>
      </trkpt>
      <trkpt lat="52.708267383277416" lon="6.0320099629461765">
        <ele>-10.399999618530273</ele>
      </trkpt>
      <trkpt lat="52.7082750108093" lon="6.031988002359867">
        <ele>-10.199999809265137</ele>
      </trkpt>
      <trkpt lat="52.708286326378584" lon="6.031967969611287">
        <ele>-10.199999809265137</ele>
      </trkpt>
      <trkpt lat="52.70829504355788" lon="6.031945254653692">
        <ele>-10.0</ele>
      </trkpt>
      <trkpt lat="52.708306862041354" lon="6.031924467533827">
        <ele>-10.0</ele>
      </trkpt>
      <trkpt lat="52.708315243944526" lon="6.0319009982049465">
        <ele>-10.0</ele>
      </trkpt>
      <trkpt lat="52.7083268109709" lon="6.031879372894764">
        <ele>-10.0</ele>
      </trkpt>
      <trkpt lat="52.70833603106439" lon="6.031860094517469">
        <ele>-10.0</ele>
      </trkpt>
      <trkpt lat="52.708348939195275" lon="6.031839894130826">
        <ele>-10.199999809265137</ele>
      </trkpt>
      <trkpt lat="52.70835732109845" lon="6.0318200290203094">
        <ele>-10.0</ele>
      </trkpt>
      <trkpt lat="52.70837056450546" lon="6.031801253557205">
        <ele>-10.199999809265137</ele>
      </trkpt>
      <trkpt lat="52.70837785676122" lon="6.031780885532498">
        <ele>-10.0</ele>
      </trkpt>
      <trkpt lat="52.708394369110465" lon="6.031763534992933">
        <ele>-10.0</ele>
      </trkpt>
      <trkpt lat="52.70840669050813" lon="6.031746352091432">
        <ele>-10.0</ele>
      </trkpt>
      <trkpt lat="52.70842328667641" lon="6.031729253008962">
        <ele>-10.399999618530273</ele>
      </trkpt>
      <trkpt lat="52.70843468606472" lon="6.031711231917143">
        <ele>-10.199999809265137</ele>
      </trkpt>
      <trkpt lat="52.708452539518476" lon="6.0316944681108">
        <ele>-10.399999618530273</ele>
      </trkpt>
      <trkpt lat="52.708464190363884" lon="6.031676363199949">
        <ele>-10.199999809265137</ele>
      </trkpt>
      <trkpt lat="52.70847927778959" lon="6.031659850850701">
        <ele>-10.399999618530273</ele>
      </trkpt>
      <trkpt lat="52.708490174263716" lon="6.031642248854041">
        <ele>-10.0</ele>
      </trkpt>
      <trkpt lat="52.70850459113717" lon="6.031626155599952">
        <ele>-10.199999809265137</ele>
      </trkpt>
      <trkpt lat="52.70851775072515" lon="6.031611571088433">
        <ele>-10.0</ele>
      </trkpt>
      <trkpt lat="52.70853174850345" lon="6.031596064567566">
        <ele>-10.199999809265137</ele>
      </trkpt>
      <trkpt lat="52.708544321358204" lon="6.031580390408635">
        <ele>-10.0</ele>
      </trkpt>
      <trkpt lat="52.70855681039393" lon="6.031563375145197">
        <ele>-10.0</ele>
      </trkpt>
      <trkpt lat="52.70856896415353" lon="6.0315493773669">
        <ele>-10.0</ele>
      </trkpt>
      <trkpt lat="52.70857969298959" lon="6.031533200293779">
        <ele>-10.199999809265137</ele>
      </trkpt>
      <trkpt lat="52.7085910923779" lon="6.031517442315817">
        <ele>-10.0</ele>
      </trkpt>
      <trkpt lat="52.70860265940428" lon="6.031500259414315">
        <ele>-10.199999809265137</ele>
      </trkpt>
      <trkpt lat="52.708615735173225" lon="6.0314857587218285">
        <ele>-10.0</ele>
      </trkpt>
      <trkpt lat="52.70862780511379" lon="6.031470000743866">
        <ele>-10.0</ele>
      </trkpt>
      <trkpt lat="52.70864138379693" lon="6.031455080956221">
        <ele>-10.0</ele>
      </trkpt>
      <trkpt lat="52.70865077152848" lon="6.0314359702169895">
        <ele>-10.0</ele>
      </trkpt>
      <trkpt lat="52.70866418257356" lon="6.031421637162566">
        <ele>-9.800000190734863</ele>
      </trkpt>
      <trkpt lat="52.708673318848014" lon="6.031403196975589">
        <ele>-9.800000190734863</ele>
      </trkpt>
      <trkpt lat="52.708686143159866" lon="6.031388193368912">
        <ele>-9.800000190734863</ele>
      </trkpt>
      <trkpt lat="52.70869771018624" lon="6.03137050755322">
        <ele>-9.800000190734863</ele>
      </trkpt>
      <trkpt lat="52.708711959421635" lon="6.031354917213321">
        <ele>-9.800000190734863</ele>
      </trkpt>
      <trkpt lat="52.70872352644801" lon="6.0313373152166605">
        <ele>-9.800000190734863</ele>
      </trkpt>
      <trkpt lat="52.70873752422631" lon="6.031321976333857">
        <ele>-9.800000190734863</ele>
      </trkpt>
      <trkpt lat="52.708748672157526" lon="6.031303117051721">
        <ele>-9.800000190734863</ele>
      </trkpt>
      <trkpt lat="52.70876158028841" lon="6.031286017969251">
        <ele>-9.800000190734863</ele>
      </trkpt>
      <trkpt lat="52.70877088420093" lon="6.031266823410988">
        <ele>-9.800000190734863</ele>
      </trkpt>
      <trkpt lat="52.70878312177956" lon="6.03124980814755">
        <ele>-9.800000190734863</ele>
      </trkpt>
      <trkpt lat="52.70879468880594" lon="6.031232541427016">
        <ele>-9.800000190734863</ele>
      </trkpt>
      <trkpt lat="52.70880751311779" lon="6.0312162805348635">
        <ele>-9.800000190734863</ele>
      </trkpt>
      <trkpt lat="52.70881882868707" lon="6.03119851090014">
        <ele>-9.800000190734863</ele>
      </trkpt>
      <trkpt lat="52.708841962739825" lon="6.031163474544883">
        <ele>-9.800000190734863</ele>
      </trkpt>
      <trkpt lat="52.708841962739825" lon="6.031163474544883">
        <ele>-9.600000381469727</ele>
      </trkpt>
      <trkpt lat="52.7088572178036" lon="6.03114671073854">
        <ele>-9.800000190734863</ele>
      </trkpt>
      <trkpt lat="52.708867862820625" lon="6.031128773465753">
        <ele>-9.800000190734863</ele>
      </trkpt>
      <trkpt lat="52.70888119004667" lon="6.0311102494597435">
        <ele>-10.199999809265137</ele>
      </trkpt>
      <trkpt lat="52.70888923667371" lon="6.03108954615891">
        <ele>-10.0</ele>
      </trkpt>
      <trkpt lat="52.70890390500426" lon="6.031072111800313">
        <ele>-10.199999809265137</ele>
      </trkpt>
      <trkpt lat="52.70891111344099" lon="6.031050737947226">
        <ele>-10.0</ele>
      </trkpt>
      <trkpt lat="52.70892511121929" lon="6.031030537560582">
        <ele>-10.199999809265137</ele>
      </trkpt>
      <trkpt lat="52.70893458276987" lon="6.031011175364256">
        <ele>-10.0</ele>
      </trkpt>
      <trkpt lat="52.70894874818623" lon="6.030992986634374">
        <ele>-10.199999809265137</ele>
      </trkpt>
      <trkpt lat="52.70895813591778" lon="6.030973959714174">
        <ele>-10.199999809265137</ele>
      </trkpt>
      <trkpt lat="52.70897154696286" lon="6.030956860631704">
        <ele>-10.199999809265137</ele>
      </trkpt>
      <trkpt lat="52.70898135378957" lon="6.03093858808279">
        <ele>-10.199999809265137</ele>
      </trkpt>
      <trkpt lat="52.70899761468172" lon="6.030922830104828">
        <ele>-10.399999618530273</ele>
      </trkpt>
      <trkpt lat="52.70900825969875" lon="6.030904892832041">
        <ele>-10.399999618530273</ele>
      </trkpt>
      <trkpt lat="52.70902158692479" lon="6.030887207016349">
        <ele>-10.600000381469727</ele>
      </trkpt>
      <trkpt lat="52.70903130993247" lon="6.030868347734213">
        <ele>-10.399999618530273</ele>
      </trkpt>
      <trkpt lat="52.70904455333948" lon="6.03084965609014">
        <ele>-10.600000381469727</ele>
      </trkpt>
      <trkpt lat="52.70905335433781" lon="6.03082912042737">
        <ele>-10.399999618530273</ele>
      </trkpt>
      <trkpt lat="52.70906609483063" lon="6.030810847878456">
        <ele>-11.0</ele>
      </trkpt>
      <trkpt lat="52.70907481200993" lon="6.030790060758591">
        <ele>-10.600000381469727</ele>
      </trkpt>
      <trkpt lat="52.70908713340759" lon="6.030771620571613">
        <ele>-11.0</ele>
      </trkpt>
      <trkpt lat="52.70909526385367" lon="6.030750581994653">
        <ele>-10.600000381469727</ele>
      </trkpt>
      <trkpt lat="52.709108255803585" lon="6.030732141807675">
        <ele>-10.800000190734863</ele>
      </trkpt>
      <trkpt lat="52.70911764353514" lon="6.030712528154254">
        <ele>-10.600000381469727</ele>
      </trkpt>
      <trkpt lat="52.709130719304085" lon="6.030695261433721">
        <ele>-10.800000190734863</ele>
      </trkpt>
      <trkpt lat="52.70913943648338" lon="6.030673636123538">
        <ele>-10.399999618530273</ele>
      </trkpt>
      <trkpt lat="52.709151674062014" lon="6.030654609203339">
        <ele>-10.800000190734863</ele>
      </trkpt>
      <trkpt lat="52.70915988832712" lon="6.0306331515312195">
        <ele>-10.399999618530273</ele>
      </trkpt>
      <trkpt lat="52.709171790629625" lon="6.0306131187826395">
        <ele>-10.600000381469727</ele>
      </trkpt>
      <trkpt lat="52.709178160876036" lon="6.030590487644076">
        <ele>-10.199999809265137</ele>
      </trkpt>
      <trkpt lat="52.70918914116919" lon="6.030569616705179">
        <ele>-10.399999618530273</ele>
      </trkpt>
      <trkpt lat="52.709196265786886" lon="6.030547069385648">
        <ele>-10.199999809265137</ele>
      </trkpt>
      <trkpt lat="52.709207413718104" lon="6.03052762337029">
        <ele>-10.0</ele>
      </trkpt>
      <trkpt lat="52.709215795621276" lon="6.030506836250424">
        <ele>-10.0</ele>
      </trkpt>
      <trkpt lat="52.709227027371526" lon="6.030486635863781">
        <ele>-10.0</ele>
      </trkpt>
      <trkpt lat="52.70923666656017" lon="6.030466686934233">
        <ele>-10.0</ele>
      </trkpt>
      <trkpt lat="52.70924613811076" lon="6.030444307252765">
        <ele>-10.0</ele>
      </trkpt>
      <trkpt lat="52.70925493910909" lon="6.03042259812355">
        <ele>-10.0</ele>
      </trkpt>
      <trkpt lat="52.709264075383544" lon="6.030400302261114">
        <ele>-10.0</ele>
      </trkpt>
      <trkpt lat="52.709271954372525" lon="6.030380101874471">
        <ele>-10.199999809265137</ele>
      </trkpt>
      <trkpt lat="52.70928016863763" lon="6.0303561296314">
        <ele>-10.199999809265137</ele>
      </trkpt>
      <trkpt lat="52.709288550540805" lon="6.030335174873471">
        <ele>-10.0</ele>
      </trkpt>
      <trkpt lat="52.70929617807269" lon="6.030312040820718">
        <ele>-10.0</ele>
      </trkpt>
      <trkpt lat="52.709304643794894" lon="6.030290583148599">
        <ele>-10.0</ele>
      </trkpt>
      <trkpt lat="52.70931160077453" lon="6.030266862362623">
        <ele>-10.0</ele>
      </trkpt>
      <trkpt lat="52.70931847393513" lon="6.0302449855953455">
        <ele>-10.0</ele>
      </trkpt>
      <trkpt lat="52.709324173629284" lon="6.030221097171307">
        <ele>-10.0</ele>
      </trkpt>
      <trkpt lat="52.70933238789439" lon="6.030200310051441">
        <ele>-10.0</ele>
      </trkpt>
      <trkpt lat="52.709340350702405" lon="6.0301772598177195">
        <ele>-10.0</ele>
      </trkpt>
      <trkpt lat="52.70934873260558" lon="6.030155634507537">
        <ele>-10.0</ele>
      </trkpt>
      <trkpt lat="52.70935325883329" lon="6.030128980055451">
        <ele>-9.800000190734863</ele>
      </trkpt>
      <trkpt lat="52.709359880536795" lon="6.030106600373983">
        <ele>-9.800000190734863</ele>
      </trkpt>
      <trkpt lat="52.709364742040634" lon="6.030080448836088">
        <ele>-9.800000190734863</ele>
      </trkpt>
      <trkpt lat="52.709374129772186" lon="6.0300585720688105">
        <ele>-9.800000190734863</ele>
      </trkpt>
      <trkpt lat="52.709380416199565" lon="6.030035940930247">
        <ele>-9.800000190734863</ele>
      </trkpt>
      <trkpt lat="52.70939030684531" lon="6.030016243457794">
        <ele>-9.600000381469727</ele>
      </trkpt>
      <trkpt lat="52.70939541980624" lon="6.029992019757628">
        <ele>-9.600000381469727</ele>
      </trkpt>
      <trkpt lat="52.709412602707744" lon="6.029948685318232">
        <ele>-9.800000190734863</ele>
      </trkpt>
      <trkpt lat="52.709412602707744" lon="6.029948685318232">
        <ele>-9.800000190734863</ele>
      </trkpt>
      <trkpt lat="52.709421906620264" lon="6.029928233474493">
        <ele>-9.800000190734863</ele>
      </trkpt>
      <trkpt lat="52.70942903123796" lon="6.029904345050454">
        <ele>-10.0</ele>
      </trkpt>
      <trkpt lat="52.70944026298821" lon="6.029883977025747">
        <ele>-10.0</ele>
      </trkpt>
      <trkpt lat="52.709446381777525" lon="6.0298597533255816">
        <ele>-10.0</ele>
      </trkpt>
      <trkpt lat="52.70945627242327" lon="6.029837457463145">
        <ele>-10.199999809265137</ele>
      </trkpt>
      <trkpt lat="52.70946356467903" lon="6.029814826324582">
        <ele>-10.199999809265137</ele>
      </trkpt>
      <trkpt lat="52.70947412587702" lon="6.029793536290526">
        <ele>-10.199999809265137</ele>
      </trkpt>
      <trkpt lat="52.7094806637615" lon="6.029770318418741">
        <ele>-10.199999809265137</ele>
      </trkpt>
      <trkpt lat="52.709492314606905" lon="6.0297496151179075">
        <ele>-10.399999618530273</ele>
      </trkpt>
      <trkpt lat="52.70949709229171" lon="6.029725559055805">
        <ele>-10.399999618530273</ele>
      </trkpt>
      <trkpt lat="52.709507402032614" lon="6.029703263193369">
        <ele>-10.399999618530273</ele>
      </trkpt>
      <trkpt lat="52.70951259881258" lon="6.029678620398045">
        <ele>-10.399999618530273</ele>
      </trkpt>
      <trkpt lat="52.70952366292477" lon="6.02965883910656">
        <ele>-10.800000190734863</ele>
      </trkpt>
      <trkpt lat="52.70952885970473" lon="6.029634950682521">
        <ele>-10.399999618530273</ele>
      </trkpt>
      <trkpt lat="52.70953858271241" lon="6.0296141635626554">
        <ele>-10.600000381469727</ele>
      </trkpt>
      <trkpt lat="52.70954235456884" lon="6.029591113328934">
        <ele>-10.199999809265137</ele>
      </trkpt>
      <trkpt lat="52.709550401195884" lon="6.029568482190371">
        <ele>-10.199999809265137</ele>
      </trkpt>
      <trkpt lat="52.70955643616617" lon="6.029547192156315">
        <ele>-9.800000190734863</ele>
      </trkpt>
      <trkpt lat="52.70956079475582" lon="6.029525399208069">
        <ele>-10.0</ele>
      </trkpt>
      <trkpt lat="52.70956741645932" lon="6.029506120830774">
        <ele>-9.800000190734863</ele>
      </trkpt>
      <trkpt lat="52.70957076922059" lon="6.029482316225767">
        <ele>-9.600000381469727</ele>
      </trkpt>
      <trkpt lat="52.70957806147635" lon="6.029461277648807">
        <ele>-9.600000381469727</ele>
      </trkpt>
      <trkpt lat="52.709582420066" lon="6.029442250728607">
        <ele>-10.0</ele>
      </trkpt>
      <trkpt lat="52.709590466693044" lon="6.029422469437122">
        <ele>-10.199999809265137</ele>
      </trkpt>
      <trkpt lat="52.70959717221558" lon="6.029403358697891">
        <ele>-10.399999618530273</ele>
      </trkpt>
      <trkpt lat="52.7096030395478" lon="6.029385924339294">
        <ele>-10.199999809265137</ele>
      </trkpt>
      <trkpt lat="52.70960932597518" lon="6.0293699987232685">
        <ele>-10.199999809265137</ele>
      </trkpt>
      <trkpt lat="52.70961410365999" lon="6.029354827478528">
        <ele>-10.0</ele>
      </trkpt>
      <trkpt lat="52.70961904898286" lon="6.029339991509914">
        <ele>-10.0</ele>
      </trkpt>
      <trkpt lat="52.70962340757251" lon="6.029325323179364">
        <ele>-10.0</ele>
      </trkpt>
      <trkpt lat="52.709626257419586" lon="6.029314259067178">
        <ele>-10.0</ele>
      </trkpt>
      <trkpt lat="52.709628688171506" lon="6.029303781688213">
        <ele>-10.0</ele>
      </trkpt>
      <trkpt lat="52.709631035104394" lon="6.029292969033122">
        <ele>-10.199999809265137</ele>
      </trkpt>
      <trkpt lat="52.70963287912309" lon="6.0292828269302845">
        <ele>-10.199999809265137</ele>
      </trkpt>
      <trkpt lat="52.70963363349438" lon="6.029275953769684">
        <ele>-10.399999618530273</ele>
      </trkpt>
      <trkpt lat="52.70963463932276" lon="6.029269248247147">
        <ele>-10.399999618530273</ele>
      </trkpt>
      <trkpt lat="52.70963732153177" lon="6.029263883829117">
        <ele>-10.399999618530273</ele>
      </trkpt>
      <trkpt lat="52.70964117720723" lon="6.029259776696563">
        <ele>-10.399999618530273</ele>
      </trkpt>
      <trkpt lat="52.70964302122593" lon="6.029253154993057">
        <ele>-10.199999809265137</ele>
      </trkpt>
      <trkpt lat="52.70964436233044" lon="6.02924938313663">
        <ele>-10.0</ele>
      </trkpt>
      <trkpt lat="52.709645200520754" lon="6.029247622936964">
        <ele>-9.399999618530273</ele>
      </trkpt>
      <trkpt lat="52.70964587107301" lon="6.029248125851154">
        <ele>-9.399999618530273</ele>
      </trkpt>
      <trkpt lat="52.70964662544429" lon="6.029250556603074">
        <ele>-9.399999618530273</ele>
      </trkpt>
      <trkpt lat="52.709648637101054" lon="6.029252065345645">
        <ele>-9.399999618530273</ele>
      </trkpt>
      <trkpt lat="52.709651570767164" lon="6.02925281971693">
        <ele>-9.399999618530273</ele>
      </trkpt>
      <trkpt lat="52.70965232513845" lon="6.029254077002406">
        <ele>-9.399999618530273</ele>
      </trkpt>
      <trkpt lat="52.70965073257685" lon="6.029255166649818">
        <ele>-9.399999618530273</ele>
      </trkpt>
      <trkpt lat="52.70965173840523" lon="6.029256172478199">
        <ele>-9.399999618530273</ele>
      </trkpt>
      <trkpt lat="52.70965198986232" lon="6.029258938506246">
        <ele>-9.399999618530273</ele>
      </trkpt>
      <trkpt lat="52.709652157500386" lon="6.029258938506246">
        <ele>-9.399999618530273</ele>
      </trkpt>
      <trkpt lat="52.70965123549104" lon="6.029254077002406">
        <ele>-9.399999618530273</ele>
      </trkpt>
      <trkpt lat="52.70965090021491" lon="6.0292542446404696">
        <ele>-9.399999618530273</ele>
      </trkpt>
      <trkpt lat="52.709650145843625" lon="6.029252568259835">
        <ele>-9.399999618530273</ele>
      </trkpt>
      <trkpt lat="52.709651570767164" lon="6.029246198013425">
        <ele>-9.399999618530273</ele>
      </trkpt>
      <trkpt lat="52.709658024832606" lon="6.0292427614331245">
        <ele>-9.399999618530273</ele>
      </trkpt>
      <trkpt lat="52.7096654009074" lon="6.029237899929285">
        <ele>-9.399999618530273</ele>
      </trkpt>
      <trkpt lat="52.70967520773411" lon="6.029230859130621">
        <ele>-9.399999618530273</ele>
      </trkpt>
      <trkpt lat="52.709685768932104" lon="6.029222896322608">
        <ele>-9.399999618530273</ele>
      </trkpt>
      <trkpt lat="52.709708316251636" lon="6.029208227992058">
        <ele>-9.399999618530273</ele>
      </trkpt>
      <trkpt lat="52.709708316251636" lon="6.029208227992058">
        <ele>-9.399999618530273</ele>
      </trkpt>
      <trkpt lat="52.70972139202058" lon="6.029200851917267">
        <ele>-9.399999618530273</ele>
      </trkpt>
      <trkpt lat="52.70973647944629" lon="6.029195822775364">
        <ele>-9.399999618530273</ele>
      </trkpt>
      <trkpt lat="52.709751315414906" lon="6.029190877452493">
        <ele>-9.399999618530273</ele>
      </trkpt>
      <trkpt lat="52.70976631902158" lon="6.029186435043812">
        <ele>-9.399999618530273</ele>
      </trkpt>
      <trkpt lat="52.70978224463761" lon="6.029181238263845">
        <ele>-9.399999618530273</ele>
      </trkpt>
      <trkpt lat="52.709798170253634" lon="6.029179478064179">
        <ele>-9.399999618530273</ele>
      </trkpt>
      <trkpt lat="52.70981652662158" lon="6.029182327911258">
        <ele>-9.399999618530273</ele>
      </trkpt>
      <trkpt lat="52.709833374246955" lon="6.029184842482209">
        <ele>-9.199999809265137</ele>
      </trkpt>
      <trkpt lat="52.70985064096749" lon="6.0291888657957315">
        <ele>-9.199999809265137</ele>
      </trkpt>
      <trkpt lat="52.70986681804061" lon="6.029191799461842">
        <ele>-9.199999809265137</ele>
      </trkpt>
      <trkpt lat="52.70988232456148" lon="6.0291980020701885">
        <ele>-9.199999809265137</ele>
      </trkpt>
      <trkpt lat="52.70989657379687" lon="6.029206216335297">
        <ele>-9.199999809265137</ele>
      </trkpt>
      <trkpt lat="52.70991032011807" lon="6.029215855523944">
        <ele>-9.199999809265137</ele>
      </trkpt>
      <trkpt lat="52.70992515608668" lon="6.029222728684545">
        <ele>-9.600000381469727</ele>
      </trkpt>
      <trkpt lat="52.7099381480366" lon="6.0292254108935595">
        <ele>-9.800000190734863</ele>
      </trkpt>
      <trkpt lat="52.7099484577775" lon="6.029229015111923">
        <ele>-9.800000190734863</ele>
      </trkpt>
      <trkpt lat="52.70996547304094" lon="6.029238486662507">
        <ele>-9.600000381469727</ele>
      </trkpt>
      <trkpt lat="52.709977040067315" lon="6.029247874394059">
        <ele>-9.600000381469727</ele>
      </trkpt>
      <trkpt lat="52.709984416142106" lon="6.029238989576697">
        <ele>-9.600000381469727</ele>
      </trkpt>
      <trkpt lat="52.710000425577164" lon="6.029244940727949">
        <ele>-9.600000381469727</ele>
      </trkpt>
      <trkpt lat="52.71001090295613" lon="6.029248544946313">
        <ele>-9.600000381469727</ele>
      </trkpt>
      <trkpt lat="52.71002230234444" lon="6.029247706755996">
        <ele>-9.399999618530273</ele>
      </trkpt>
      <trkpt lat="52.71003546193242" lon="6.029251730069518">
        <ele>-9.399999618530273</ele>
      </trkpt>
      <trkpt lat="52.71004912443459" lon="6.029260698705912">
        <ele>-9.399999618530273</ele>
      </trkpt>
      <trkpt lat="52.71006035618484" lon="6.02926597930491">
        <ele>-9.399999618530273</ele>
      </trkpt>
      <trkpt lat="52.71007502451539" lon="6.029280731454492">
        <ele>-9.600000381469727</ele>
      </trkpt>
      <trkpt lat="52.71008717827499" lon="6.029293639585376">
        <ele>-9.600000381469727</ele>
      </trkpt>
      <trkpt lat="52.71009790711105" lon="6.029303949326277">
        <ele>-9.600000381469727</ele>
      </trkpt>
      <trkpt lat="52.71010863594711" lon="6.029322138056159">
        <ele>-9.600000381469727</ele>
      </trkpt>
      <trkpt lat="52.71012137643993" lon="6.029342589899898">
        <ele>-9.600000381469727</ele>
      </trkpt>
      <trkpt lat="52.71013428457081" lon="6.029359772801399">
        <ele>-9.600000381469727</ele>
      </trkpt>
      <trkpt lat="52.71014551632106" lon="6.029376452788711">
        <ele>-9.600000381469727</ele>
      </trkpt>
      <trkpt lat="52.71015482023358" lon="6.029388690367341">
        <ele>-9.399999618530273</ele>
      </trkpt>
      <trkpt lat="52.71016295067966" lon="6.029404699802399">
        <ele>-9.399999618530273</ele>
      </trkpt>
      <trkpt lat="52.71016479469836" lon="6.029422888532281">
        <ele>-9.399999618530273</ele>
      </trkpt>
      <trkpt lat="52.71016789600253" lon="6.029445519670844">
        <ele>-9.399999618530273</ele>
      </trkpt>
      <trkpt lat="52.71017158403993" lon="6.029465049505234">
        <ele>-9.399999618530273</ele>
      </trkpt>
      <trkpt lat="52.710172925144434" lon="6.0294880997389555">
        <ele>-9.600000381469727</ele>
      </trkpt>
      <trkpt lat="52.71017233841121" lon="6.029509725049138">
        <ele>-9.800000190734863</ele>
      </trkpt>
      <trkpt lat="52.71017183549702" lon="6.029532104730606">
        <ele>-9.800000190734863</ele>
      </trkpt>
      <trkpt lat="52.710167141631246" lon="6.029557920992374">
        <ele>-9.800000190734863</ele>
      </trkpt>
      <trkpt lat="52.71016353741288" lon="6.029578456655145">
        <ele>-9.600000381469727</ele>
      </trkpt>
      <trkpt lat="52.71015892736614" lon="6.029602345079184">
        <ele>-9.600000381469727</ele>
      </trkpt>
      <trkpt lat="52.71015255711973" lon="6.029626484960318">
        <ele>-9.600000381469727</ele>
      </trkpt>
      <trkpt lat="52.7101503778249" lon="6.0296544805169106">
        <ele>-9.600000381469727</ele>
      </trkpt>
      <trkpt lat="52.71014107391238" lon="6.029679961502552">
        <ele>-9.600000381469727</ele>
      </trkpt>
      <trkpt lat="52.7101366315037" lon="6.029704352840781">
        <ele>-9.600000381469727</ele>
      </trkpt>
      <trkpt lat="52.71013009361923" lon="6.02973310276866">
        <ele>-9.800000190734863</ele>
      </trkpt>
      <trkpt lat="52.71012523211539" lon="6.029760595411062">
        <ele>-9.800000190734863</ele>
      </trkpt>
      <trkpt lat="52.71011995151639" lon="6.029789764434099">
        <ele>-9.800000190734863</ele>
      </trkpt>
      <trkpt lat="52.710114335641265" lon="6.029815915971994">
        <ele>-9.600000381469727</ele>
      </trkpt>
      <trkpt lat="52.710107965394855" lon="6.029841396957636">
        <ele>-9.800000190734863</ele>
      </trkpt>
      <trkpt lat="52.710102181881666" lon="6.029867297038436">
        <ele>-9.800000190734863</ele>
      </trkpt>
      <trkpt lat="52.710098158568144" lon="6.029894202947617">
        <ele>-9.800000190734863</ele>
      </trkpt>
      <trkpt lat="52.710091872140765" lon="6.029920605942607">
        <ele>-9.800000190734863</ele>
      </trkpt>
      <trkpt lat="52.71008952520788" lon="6.029945919290185">
        <ele>-9.800000190734863</ele>
      </trkpt>
      <trkpt lat="52.71008424460888" lon="6.029971484094858">
        <ele>-9.800000190734863</ele>
      </trkpt>
      <trkpt lat="52.71007988601923" lon="6.029994785785675">
        <ele>-9.800000190734863</ele>
      </trkpt>
      <trkpt lat="52.710073767229915" lon="6.030049603432417">
        <ele>-9.600000381469727</ele>
      </trkpt>
      <trkpt lat="52.710073767229915" lon="6.030049603432417">
        <ele>-9.600000381469727</ele>
      </trkpt>
      <trkpt lat="52.710072845220566" lon="6.030077934265137">
        <ele>-9.600000381469727</ele>
      </trkpt>
      <trkpt lat="52.71006714552641" lon="6.030101403594017">
        <ele>-9.600000381469727</ele>
      </trkpt>
      <trkpt lat="52.7100658044219" lon="6.030127890408039">
        <ele>-9.600000381469727</ele>
      </trkpt>
      <trkpt lat="52.71006035618484" lon="6.030153203755617">
        <ele>-9.600000381469727</ele>
      </trkpt>
      <trkpt lat="52.71005582995713" lon="6.030178349465132">
        <ele>-9.600000381469727</ele>
      </trkpt>
      <trkpt lat="52.71005214191973" lon="6.030209111049771">
        <ele>-9.600000381469727</ele>
      </trkpt>
      <trkpt lat="52.71004820242524" lon="6.030235597863793">
        <ele>-9.399999618530273</ele>
      </trkpt>
      <trkpt lat="52.71005482412875" lon="6.0302697122097015">
        <ele>-9.399999618530273</ele>
      </trkpt>
      <trkpt lat="52.71005314774811" lon="6.030300473794341">
        <ele>-9.600000381469727</ele>
      </trkpt>
      <trkpt lat="52.71005633287132" lon="6.030330564826727">
        <ele>-9.600000381469727</ele>
      </trkpt>
      <trkpt lat="52.7100536506623" lon="6.0303607396781445">
        <ele>-9.800000190734863</ele>
      </trkpt>
      <trkpt lat="52.71005532704294" lon="6.030390076339245">
        <ele>-10.0</ele>
      </trkpt>
      <trkpt lat="52.71005197428167" lon="6.0304187424480915">
        <ele>-10.0</ele>
      </trkpt>
      <trkpt lat="52.710048872977495" lon="6.030444810166955">
        <ele>-10.0</ele>
      </trkpt>
      <trkpt lat="52.71004619076848" lon="6.03047389537096">
        <ele>-10.0</ele>
      </trkpt>
      <trkpt lat="52.71004317328334" lon="6.030501304194331">
        <ele>-10.0</ele>
      </trkpt>
      <trkpt lat="52.71004376001656" lon="6.030532065778971">
        <ele>-10.0</ele>
      </trkpt>
      <trkpt lat="52.710042083635926" lon="6.030564336106181">
        <ele>-10.0</ele>
      </trkpt>
      <trkpt lat="52.71003965288401" lon="6.030590990558267">
        <ele>-10.0</ele>
      </trkpt>
      <trkpt lat="52.71003546193242" lon="6.030620075762272">
        <ele>-10.0</ele>
      </trkpt>
      <trkpt lat="52.71003160625696" lon="6.030644299462438">
        <ele>-10.0</ele>
      </trkpt>
      <trkpt lat="52.710028840228915" lon="6.030672965571284">
        <ele>-10.0</ele>
      </trkpt>
      <trkpt lat="52.71002255380154" lon="6.030697608366609">
        <ele>-10.0</ele>
      </trkpt>
      <trkpt lat="52.71001920104027" lon="6.030725603923202">
        <ele>-10.0</ele>
      </trkpt>
      <trkpt lat="52.71001433953643" lon="6.030754437670112">
        <ele>-10.0</ele>
      </trkpt>
      <trkpt lat="52.71001132205129" lon="6.030783103778958">
        <ele>-10.0</ele>
      </trkpt>
      <trkpt lat="52.71000520326197" lon="6.030812272801995">
        <ele>-10.0</ele>
      </trkpt>
      <trkpt lat="52.71000218577683" lon="6.030839094892144">
        <ele>-10.0</ele>
      </trkpt>
      <trkpt lat="52.70999715663493" lon="6.030868012458086">
        <ele>-10.0</ele>
      </trkpt>
      <trkpt lat="52.70999388769269" lon="6.030894247815013">
        <ele>-10.199999809265137</ele>
      </trkpt>
      <trkpt lat="52.709989193826914" lon="6.030922327190638">
        <ele>-10.199999809265137</ele>
      </trkpt>
      <trkpt lat="52.70998517051339" lon="6.030948646366596">
        <ele>-10.0</ele>
      </trkpt>
      <trkpt lat="52.70998014137149" lon="6.03097571991384">
        <ele>-10.0</ele>
      </trkpt>
      <trkpt lat="52.70997427403927" lon="6.031005475670099">
        <ele>-10.0</ele>
      </trkpt>
      <trkpt lat="52.709971675649285" lon="6.031032716855407">
        <ele>-10.0</ele>
      </trkpt>
      <trkpt lat="52.70996597595513" lon="6.031062137335539">
        <ele>-10.0</ele>
      </trkpt>
      <trkpt lat="52.709961868822575" lon="6.031090384349227">
        <ele>-9.800000190734863</ele>
      </trkpt>
      <trkpt lat="52.709957929328084" lon="6.031119050458074">
        <ele>-9.800000190734863</ele>
      </trkpt>
      <trkpt lat="52.709954073652625" lon="6.031149812042713">
        <ele>-9.800000190734863</ele>
      </trkpt>
      <trkpt lat="52.70995340310037" lon="6.031178729608655">
        <ele>-9.800000190734863</ele>
      </trkpt>
      <trkpt lat="52.7099484577775" lon="6.03121024556458">
        <ele>-9.800000190734863</ele>
      </trkpt>
      <trkpt lat="52.709946781396866" lon="6.031236983835697">
        <ele>-9.800000190734863</ele>
      </trkpt>
      <trkpt lat="52.709943344816566" lon="6.031265901401639">
        <ele>-9.800000190734863</ele>
      </trkpt>
      <trkpt lat="52.70993982441723" lon="6.0312913823872805">
        <ele>-9.800000190734863</ele>
      </trkpt>
      <trkpt lat="52.70993689075112" lon="6.031318958848715">
        <ele>-9.800000190734863</ele>
      </trkpt>
      <trkpt lat="52.7099328674376" lon="6.031345780938864">
        <ele>-9.800000190734863</ele>
      </trkpt>
      <trkpt lat="52.70993052050471" lon="6.031372603029013">
        <ele>-10.0</ele>
      </trkpt>
      <trkpt lat="52.70992658101022" lon="6.03140177205205">
        <ele>-10.0</ele>
      </trkpt>
      <trkpt lat="52.709926664829254" lon="6.031430438160896">
        <ele>-10.0</ele>
      </trkpt>
      <trkpt lat="52.7099225576967" lon="6.031459691002965">
        <ele>-10.0</ele>
      </trkpt>
      <trkpt lat="52.70992046222091" lon="6.031484920531511">
        <ele>-10.0</ele>
      </trkpt>
      <trkpt lat="52.709917444735765" lon="6.031512916088104">
        <ele>-10.0</ele>
      </trkpt>
      <trkpt lat="52.70991283468902" lon="6.031539738178253">
        <ele>-10.0</ele>
      </trkpt>
      <trkpt lat="52.70990948192775" lon="6.031567230820656">
        <ele>-9.800000190734863</ele>
      </trkpt>
      <trkpt lat="52.70990445278585" lon="6.031595561653376">
        <ele>-9.800000190734863</ele>
      </trkpt>
      <trkpt lat="52.7099019382149" lon="6.031622719019651">
        <ele>-9.800000190734863</ele>
      </trkpt>
      <trkpt lat="52.70989573560655" lon="6.031652558594942">
        <ele>-9.800000190734863</ele>
      </trkpt>
      <trkpt lat="52.709893053397536" lon="6.03167736902833">
        <ele>-9.800000190734863</ele>
      </trkpt>
      <trkpt lat="52.70988752134144" lon="6.03173453360796">
        <ele>-9.800000190734863</ele>
      </trkpt>
      <trkpt lat="52.70988752134144" lon="6.03173453360796">
        <ele>-9.800000190734863</ele>
      </trkpt>
      <trkpt lat="52.70988550968468" lon="6.031760768964887">
        <ele>-9.800000190734863</ele>
      </trkpt>
      <trkpt lat="52.70988190546632" lon="6.031789435073733">
        <ele>-9.800000190734863</ele>
      </trkpt>
      <trkpt lat="52.70987872034311" lon="6.031815754249692">
        <ele>-9.800000190734863</ele>
      </trkpt>
      <trkpt lat="52.70987561903894" lon="6.031843833625317">
        <ele>-9.800000190734863</ele>
      </trkpt>
      <trkpt lat="52.70987134426832" lon="6.031872248277068">
        <ele>-9.800000190734863</ele>
      </trkpt>
      <trkpt lat="52.709867153316736" lon="6.031899992376566">
        <ele>-9.800000190734863</ele>
      </trkpt>
      <trkpt lat="52.70986296236515" lon="6.031929915770888">
        <ele>-10.0</ele>
      </trkpt>
      <trkpt lat="52.70986103452742" lon="6.031957492232323">
        <ele>-10.199999809265137</ele>
      </trkpt>
      <trkpt lat="52.7098570112139" lon="6.031985906884074">
        <ele>-10.199999809265137</ele>
      </trkpt>
      <trkpt lat="52.70985558629036" lon="6.032012309879065">
        <ele>-10.199999809265137</ele>
      </trkpt>
      <trkpt lat="52.709852484986186" lon="6.032040221616626">
        <ele>-10.199999809265137</ele>
      </trkpt>
      <trkpt lat="52.709849551320076" lon="6.032068049535155">
        <ele>-10.199999809265137</ele>
      </trkpt>
      <trkpt lat="52.709846533834934" lon="6.03209562599659">
        <ele>-10.199999809265137</ele>
      </trkpt>
      <trkpt lat="52.70984334871173" lon="6.032124124467373">
        <ele>-10.199999809265137</ele>
      </trkpt>
      <trkpt lat="52.70984108559787" lon="6.032153042033315">
        <ele>-10.199999809265137</ele>
      </trkpt>
      <trkpt lat="52.70983714610338" lon="6.032185396179557">
        <ele>-10.199999809265137</ele>
      </trkpt>
      <trkpt lat="52.7098363917321" lon="6.032215906307101">
        <ele>-10.199999809265137</ele>
      </trkpt>
      <trkpt lat="52.70983329042792" lon="6.032245075330138">
        <ele>-10.199999809265137</ele>
      </trkpt>
      <trkpt lat="52.709830943495035" lon="6.032273238524795">
        <ele>-10.199999809265137</ele>
      </trkpt>
      <trkpt lat="52.709828428924084" lon="6.032303832471371">
        <ele>-10.199999809265137</ele>
      </trkpt>
      <trkpt lat="52.70982541143894" lon="6.0323321633040905">
        <ele>-10.199999809265137</ele>
      </trkpt>
      <trkpt lat="52.70982348360121" lon="6.032361248508096">
        <ele>-10.199999809265137</ele>
      </trkpt>
      <trkpt lat="52.709818705916405" lon="6.03239125572145">
        <ele>-10.0</ele>
      </trkpt>
      <trkpt lat="52.709820130839944" lon="6.0324205085635185">
        <ele>-10.0</ele>
      </trkpt>
      <trkpt lat="52.70981661044061" lon="6.032448755577207">
        <ele>-10.0</ele>
      </trkpt>
      <trkpt lat="52.709813844412565" lon="6.0324744042009115">
        <ele>-10.0</ele>
      </trkpt>
      <trkpt lat="52.70981107838452" lon="6.032502567395568">
        <ele>-9.800000190734863</ele>
      </trkpt>
      <trkpt lat="52.709807474166155" lon="6.0325300600379705">
        <ele>-9.800000190734863</ele>
      </trkpt>
      <trkpt lat="52.70980529487133" lon="6.032556630671024">
        <ele>-10.0</ele>
      </trkpt>
      <trkpt lat="52.70980051718652" lon="6.032585464417934">
        <ele>-10.0</ele>
      </trkpt>
      <trkpt lat="52.709798673167825" lon="6.032610442489386">
        <ele>-10.0</ele>
      </trkpt>
      <trkpt lat="52.70979414694011" lon="6.032637180760503">
        <ele>-10.0</ele>
      </trkpt>
      <trkpt lat="52.70979196764529" lon="6.032662913203239">
        <ele>-10.199999809265137</ele>
      </trkpt>
      <trkpt lat="52.709788447245955" lon="6.032690154388547">
        <ele>-10.199999809265137</ele>
      </trkpt>
      <trkpt lat="52.709783585742116" lon="6.032716473564506">
        <ele>-10.399999618530273</ele>
      </trkpt>
      <trkpt lat="52.70978182554245" lon="6.032743798568845">
        <ele>-10.399999618530273</ele>
      </trkpt>
      <trkpt lat="52.70977796986699" lon="6.03277338668704">
        <ele>-10.199999809265137</ele>
      </trkpt>
      <trkpt lat="52.70977486856282" lon="6.03279828093946">
        <ele>-10.0</ele>
      </trkpt>
      <trkpt lat="52.70977118052542" lon="6.032826108857989">
        <ele>-10.0</ele>
      </trkpt>
      <trkpt lat="52.709766905754805" lon="6.032850751653314">
        <ele>-10.0</ele>
      </trkpt>
      <trkpt lat="52.70976263098419" lon="6.032876819372177">
        <ele>-10.0</ele>
      </trkpt>
      <trkpt lat="52.70975701510906" lon="6.0329032223671675">
        <ele>-10.0</ele>
      </trkpt>
      <trkpt lat="52.709754165261984" lon="6.032928619533777">
        <ele>-10.0</ele>
      </trkpt>
      <trkpt lat="52.709749387577176" lon="6.03295661509037">
        <ele>-10.0</ele>
      </trkpt>
      <trkpt lat="52.709747375920415" lon="6.032981593161821">
        <ele>-10.0</ele>
      </trkpt>
      <trkpt lat="52.70974377170205" lon="6.033008247613907">
        <ele>-10.0</ele>
      </trkpt>
      <trkpt lat="52.70974041894078" lon="6.0330345667898655">
        <ele>-10.199999809265137</ele>
      </trkpt>
      <trkpt lat="52.70973731763661" lon="6.03305971249938">
        <ele>-10.199999809265137</ele>
      </trkpt>
      <trkpt lat="52.70973304286599" lon="6.033088210970163">
        <ele>-10.199999809265137</ele>
      </trkpt>
      <trkpt lat="52.70973111502826" lon="6.033112937584519">
        <ele>-10.199999809265137</ele>
      </trkpt>
      <trkpt lat="52.70972717553377" lon="6.033138167113066">
        <ele>-10.199999809265137</ele>
      </trkpt>
      <trkpt lat="52.70972524769604" lon="6.033163229003549">
        <ele>-10.399999618530273</ele>
      </trkpt>
      <trkpt lat="52.70972206257284" lon="6.033190554007888">
        <ele>-10.399999618530273</ele>
      </trkpt>
      <trkpt lat="52.70971862599254" lon="6.033217124640942">
        <ele>-10.399999618530273</ele>
      </trkpt>
      <trkpt lat="52.70971544086933" lon="6.033244952559471">
        <ele>-10.600000381469727</ele>
      </trkpt>
      <trkpt lat="52.70971141755581" lon="6.033274037763476">
        <ele>-10.600000381469727</ele>
      </trkpt>
      <trkpt lat="52.70970990881324" lon="6.03330060839653">
        <ele>-10.600000381469727</ele>
      </trkpt>
      <trkpt lat="52.70970596931875" lon="6.033330196514726">
        <ele>-10.600000381469727</ele>
      </trkpt>
      <trkpt lat="52.70970379002392" lon="6.033355845138431">
        <ele>-10.600000381469727</ele>
      </trkpt>
      <trkpt lat="52.709701443091035" lon="6.033386522904038">
        <ele>-10.600000381469727</ele>
      </trkpt>
      <trkpt lat="52.709699431434274" lon="6.0334147699177265">
        <ele>-10.600000381469727</ele>
      </trkpt>
      <trkpt lat="52.70969775505364" lon="6.0334439389407635">
        <ele>-10.600000381469727</ele>
      </trkpt>
      <trkpt lat="52.709696497768164" lon="6.033473778516054">
        <ele>-10.399999618530273</ele>
      </trkpt>
      <trkpt lat="52.70969582721591" lon="6.033502025529742">
        <ele>-10.399999618530273</ele>
      </trkpt>
      <trkpt lat="52.70969490520656" lon="6.033532535657287">
        <ele>-10.399999618530273</ele>
      </trkpt>
      <trkpt lat="52.709697503596544" lon="6.033559190109372">
        <ele>-10.399999618530273</ele>
      </trkpt>
      <trkpt lat="52.7096981741488" lon="6.0335867665708065">
        <ele>-10.399999618530273</ele>
      </trkpt>
      <trkpt lat="52.7096997667104" lon="6.03361233137548">
        <ele>-10.399999618530273</ele>
      </trkpt>
      <trkpt lat="52.7097016107291" lon="6.033640829846263">
        <ele>-10.199999809265137</ele>
      </trkpt>
      <trkpt lat="52.709702951833606" lon="6.033667735755444">
        <ele>-10.199999809265137</ele>
      </trkpt>
      <trkpt lat="52.70970714278519" lon="6.033697826787829">
        <ele>-10.199999809265137</ele>
      </trkpt>
      <trkpt lat="52.70971208810806" lon="6.033724984154105">
        <ele>-10.199999809265137</ele>
      </trkpt>
      <trkpt lat="52.709714183583856" lon="6.033750297501683">
        <ele>-10.199999809265137</ele>
      </trkpt>
      <trkpt lat="52.709718039259315" lon="6.033778376877308">
        <ele>-10.199999809265137</ele>
      </trkpt>
      <trkpt lat="52.709721056744456" lon="6.033804444596171">
        <ele>-10.199999809265137</ele>
      </trkpt>
      <trkpt lat="52.709722900763154" lon="6.033832859247923">
        <ele>-10.199999809265137</ele>
      </trkpt>
      <trkpt lat="52.70972549915314" lon="6.033858759328723">
        <ele>-10.199999809265137</ele>
      </trkpt>
      <trkpt lat="52.709725834429264" lon="6.033885916694999">
        <ele>-10.399999618530273</ele>
      </trkpt>
      <trkpt lat="52.709727343171835" lon="6.033912235870957">
        <ele>-10.399999618530273</ele>
      </trkpt>
      <trkpt lat="52.70972658880055" lon="6.033938806504011">
        <ele>-10.399999618530273</ele>
      </trkpt>
      <trkpt lat="52.709726924076676" lon="6.03396512567997">
        <ele>-10.399999618530273</ele>
      </trkpt>
      <trkpt lat="52.70972575061023" lon="6.03399102576077">
        <ele>-10.399999618530273</ele>
      </trkpt>
      <trkpt lat="52.70972365513444" lon="6.03401642292738">
        <ele>-10.399999618530273</ele>
      </trkpt>
      <trkpt lat="52.70972080528736" lon="6.0340391378849745">
        <ele>-10.399999618530273</ele>
      </trkpt>
      <trkpt lat="52.709716111421585" lon="6.0340662114322186">
        <ele>-10.399999618530273</ele>
      </trkpt>
      <trkpt lat="52.709714183583856" lon="6.034088591113687">
        <ele>-10.600000381469727</ele>
      </trkpt>
      <trkpt lat="52.70971150137484" lon="6.034114742651582">
        <ele>-10.600000381469727</ele>
      </trkpt>
      <trkpt lat="52.70971049554646" lon="6.034142151474953">
        <ele>-10.800000190734863</ele>
      </trkpt>
      <trkpt lat="52.70971192047" lon="6.034167967736721">
        <ele>-10.800000190734863</ele>
      </trkpt>
      <trkpt lat="52.70970999263227" lon="6.034195460379124">
        <ele>-10.800000190734863</ele>
      </trkpt>
      <trkpt lat="52.709708316251636" lon="6.034220522269607">
        <ele>-10.600000381469727</ele>
      </trkpt>
      <trkpt lat="52.709705801680684" lon="6.0342467576265335">
        <ele>-10.600000381469727</ele>
      </trkpt>
      <trkpt lat="52.70970303565264" lon="6.034276094287634">
        <ele>-10.399999618530273</ele>
      </trkpt>
      <trkpt lat="52.70970278419554" lon="6.034304006025195">
        <ele>-10.199999809265137</ele>
      </trkpt>
      <trkpt lat="52.709698509424925" lon="6.034331163391471">
        <ele>-10.199999809265137</ele>
      </trkpt>
      <trkpt lat="52.70969716832042" lon="6.034359326586127">
        <ele>-10.199999809265137</ele>
      </trkpt>
      <trkpt lat="52.709695575758815" lon="6.034387741237879">
        <ele>-10.0</ele>
      </trkpt>
      <trkpt lat="52.709694653749466" lon="6.034414647147059">
        <ele>-10.0</ele>
      </trkpt>
      <trkpt lat="52.70969423465431" lon="6.03444205597043">
        <ele>-10.0</ele>
      </trkpt>
      <trkpt lat="52.70969197154045" lon="6.0344691295176744">
        <ele>-10.0</ele>
      </trkpt>
      <trkpt lat="52.709691636264324" lon="6.034498298540711">
        <ele>-10.199999809265137</ele>
      </trkpt>
      <trkpt lat="52.70968903787434" lon="6.034526629373431">
        <ele>-10.399999618530273</ele>
      </trkpt>
      <trkpt lat="52.709688786417246" lon="6.034554624930024">
        <ele>-10.399999618530273</ele>
      </trkpt>
      <trkpt lat="52.70968358963728" lon="6.034580525010824">
        <ele>-10.399999618530273</ele>
      </trkpt>
      <trkpt lat="52.70967956632376" lon="6.034604329615831">
        <ele>-10.399999618530273</ele>
      </trkpt>
      <trkpt lat="52.70967428572476" lon="6.034628804773092">
        <ele>-10.399999618530273</ele>
      </trkpt>
      <trkpt lat="52.70967177115381" lon="6.034653531387448">
        <ele>-10.399999618530273</ele>
      </trkpt>
      <trkpt lat="52.70966850221157" lon="6.03467901237309">
        <ele>-10.199999809265137</ele>
      </trkpt>
      <trkpt lat="52.709667664021254" lon="6.0347076784819365">
        <ele>-10.0</ele>
      </trkpt>
      <trkpt lat="52.70966657437384" lon="6.034733662381768">
        <ele>-10.0</ele>
      </trkpt>
      <trkpt lat="52.70966640673578" lon="6.034763753414154">
        <ele>-10.0</ele>
      </trkpt>
      <trkpt lat="52.709665317088366" lon="6.034788899123669">
        <ele>-10.0</ele>
      </trkpt>
      <trkpt lat="52.709665820002556" lon="6.0348178166896105">
        <ele>-10.0</ele>
      </trkpt>
      <trkpt lat="52.70966607145965" lon="6.034844052046537">
        <ele>-10.0</ele>
      </trkpt>
      <trkpt lat="52.70966615527868" lon="6.034872550517321">
        <ele>-10.0</ele>
      </trkpt>
      <trkpt lat="52.709665317088366" lon="6.034904234111309">
        <ele>-10.0</ele>
      </trkpt>
      <trkpt lat="52.70966498181224" lon="6.034929798915982">
        <ele>-10.0</ele>
      </trkpt>
      <trkpt lat="52.709664311259985" lon="6.034953016787767">
        <ele>-10.0</ele>
      </trkpt>
      <trkpt lat="52.70966447889805" lon="6.0349744744598866">
        <ele>-10.0</ele>
      </trkpt>
      <trkpt lat="52.7096619643271" lon="6.035001128911972">
        <ele>-9.800000190734863</ele>
      </trkpt>
      <trkpt lat="52.70966129377484" lon="6.035024933516979">
        <ele>-9.800000190734863</ele>
      </trkpt>
      <trkpt lat="52.7096601203084" lon="6.035051252692938">
        <ele>-9.800000190734863</ele>
      </trkpt>
      <trkpt lat="52.70965777337551" lon="6.035076482221484">
        <ele>-9.800000190734863</ele>
      </trkpt>
      <trkpt lat="52.709657019004226" lon="6.035102549940348">
        <ele>-9.800000190734863</ele>
      </trkpt>
      <trkpt lat="52.709655510261655" lon="6.035131886601448">
        <ele>-9.800000190734863</ele>
      </trkpt>
      <trkpt lat="52.70965685136616" lon="6.0351573675870895">
        <ele>-9.800000190734863</ele>
      </trkpt>
      <trkpt lat="52.70965685136616" lon="6.035185614600778">
        <ele>-9.800000190734863</ele>
      </trkpt>
      <trkpt lat="52.70965525880456" lon="6.035209000110626">
        <ele>-9.800000190734863</ele>
      </trkpt>
      <trkpt lat="52.70965609699488" lon="6.035236408933997">
        <ele>-9.800000190734863</ele>
      </trkpt>
      <trkpt lat="52.70965416915715" lon="6.035260800272226">
        <ele>-10.199999809265137</ele>
      </trkpt>
      <trkpt lat="52.70965685136616" lon="6.035287287086248">
        <ele>-10.0</ele>
      </trkpt>
      <trkpt lat="52.70965659990907" lon="6.035310504958034">
        <ele>-10.0</ele>
      </trkpt>
      <trkpt lat="52.70966171287" lon="6.035336321219802">
        <ele>-10.0</ele>
      </trkpt>
      <trkpt lat="52.70966590382159" lon="6.035360461100936">
        <ele>-10.0</ele>
      </trkpt>
      <trkpt lat="52.70967294462025" lon="6.035386864095926">
        <ele>-9.800000190734863</ele>
      </trkpt>
      <trkpt lat="52.7096791472286" lon="6.035410752519965">
        <ele>-9.800000190734863</ele>
      </trkpt>
      <trkpt lat="52.70968752913177" lon="6.03543296456337">
        <ele>-9.600000381469727</ele>
      </trkpt>
      <trkpt lat="52.70969423465431" lon="6.035454757511616">
        <ele>-9.600000381469727</ele>
      </trkpt>
      <trkpt lat="52.70970177836716" lon="6.035473365336657">
        <ele>-9.800000190734863</ele>
      </trkpt>
      <trkpt lat="52.709713177755475" lon="6.035495661199093">
        <ele>-10.0</ele>
      </trkpt>
      <trkpt lat="52.709724409505725" lon="6.035513849928975">
        <ele>-10.199999809265137</ele>
      </trkpt>
      <trkpt lat="52.70973547361791" lon="6.035529607906938">
        <ele>-10.199999809265137</ele>
      </trkpt>
      <trkpt lat="52.709746453911066" lon="6.035545030608773">
        <ele>-10.199999809265137</ele>
      </trkpt>
      <trkpt lat="52.709760116413236" lon="6.0355614591389894">
        <ele>-10.199999809265137</ele>
      </trkpt>
      <trkpt lat="52.70977268926799" lon="6.035575959831476">
        <ele>-10.199999809265137</ele>
      </trkpt>
      <trkpt lat="52.70978819578886" lon="6.035589622333646">
        <ele>-10.199999809265137</ele>
      </trkpt>
      <trkpt lat="52.70979884080589" lon="6.035598171874881">
        <ele>-10.199999809265137</ele>
      </trkpt>
      <trkpt lat="52.709811413660645" lon="6.035608984529972">
        <ele>-10.199999809265137</ele>
      </trkpt>
      <trkpt lat="52.70982130430639" lon="6.035618623718619">
        <ele>-10.199999809265137</ele>
      </trkpt>
      <trkpt lat="52.70983521826565" lon="6.035629687830806">
        <ele>-10.199999809265137</ele>
      </trkpt>
      <trkpt lat="52.70985030569136" lon="6.035639829933643">
        <ele>-10.199999809265137</ele>
      </trkpt>
      <trkpt lat="52.70986489020288" lon="6.0356480441987514">
        <ele>-10.0</ele>
      </trkpt>
      <trkpt lat="52.70988014526665" lon="6.035658353939652">
        <ele>-10.0</ele>
      </trkpt>
      <trkpt lat="52.70989573560655" lon="6.035666819661856">
        <ele>-10.0</ele>
      </trkpt>
      <trkpt lat="52.70991325378418" lon="6.035678638145328">
        <ele>-10.0</ele>
      </trkpt>
      <trkpt lat="52.70992976613343" lon="6.035688444972038">
        <ele>-10.0</ele>
      </trkpt>
      <trkpt lat="52.7099468652159" lon="6.035699341446161">
        <ele>-10.0</ele>
      </trkpt>
      <trkpt lat="52.70996203646064" lon="6.035710573196411">
        <ele>-10.199999809265137</ele>
      </trkpt>
      <trkpt lat="52.709978045895696" lon="6.035723565146327">
        <ele>-10.399999618530273</ele>
      </trkpt>
      <trkpt lat="52.70999204367399" lon="6.035735132172704">
        <ele>-10.399999618530273</ele>
      </trkpt>
      <trkpt lat="52.710010232403874" lon="6.035745358094573">
        <ele>-10.399999618530273</ele>
      </trkpt>
      <trkpt lat="52.71002515219152" lon="6.0357531532645226">
        <ele>-10.399999618530273</ele>
      </trkpt>
      <trkpt lat="52.710040491074324" lon="6.035758350044489">
        <ele>-10.399999618530273</ele>
      </trkpt>
      <trkpt lat="52.71005683578551" lon="6.035764804109931">
        <ele>-10.399999618530273</ele>
      </trkpt>
      <trkpt lat="52.7100726775825" lon="6.0357725992798805">
        <ele>-10.399999618530273</ele>
      </trkpt>
      <trkpt lat="52.71008776500821" lon="6.035783244296908">
        <ele>-10.399999618530273</ele>
      </trkpt>
      <trkpt lat="52.710100421682" lon="6.035791793838143">
        <ele>-10.399999618530273</ele>
      </trkpt>
      <trkpt lat="52.71011467091739" lon="6.035800343379378">
        <ele>-10.399999618530273</ele>
      </trkpt>
      <trkpt lat="52.710126573219895" lon="6.03580872528255">
        <ele>-10.199999809265137</ele>
      </trkpt>
      <trkpt lat="52.71014082245529" lon="6.035816604271531">
        <ele>-10.0</ele>
      </trkpt>
      <trkpt lat="52.710156412795186" lon="6.035828422755003">
        <ele>-10.0</ele>
      </trkpt>
      <trkpt lat="52.71017082966864" lon="6.0358373913913965">
        <ele>-10.0</ele>
      </trkpt>
      <trkpt lat="52.710186168551445" lon="6.035847449675202">
        <ele>-10.199999809265137</ele>
      </trkpt>
      <trkpt lat="52.71020108833909" lon="6.03585415519774">
        <ele>-10.199999809265137</ele>
      </trkpt>
      <trkpt lat="52.71021751686931" lon="6.035861866548657">
        <ele>-10.199999809265137</ele>
      </trkpt>
      <trkpt lat="52.71023000590503" lon="6.0358671471476555">
        <ele>-10.399999618530273</ele>
      </trkpt>
      <trkpt lat="52.71024467423558" lon="6.03587226010859">
        <ele>-10.399999618530273</ele>
      </trkpt>
      <trkpt lat="52.71025724709034" lon="6.035875277593732">
        <ele>-10.399999618530273</ele>
      </trkpt>
      <trkpt lat="52.710269568488" lon="6.035878211259842">
        <ele>-10.399999618530273</ele>
      </trkpt>
      <trkpt lat="52.71028222516179" lon="6.0358809772878885">
        <ele>-10.399999618530273</ele>
      </trkpt>
      <trkpt lat="52.710294714197516" lon="6.035883910953999">
        <ele>-10.399999618530273</ele>
      </trkpt>
      <trkpt lat="52.71030359901488" lon="6.035892209038138">
        <ele>-10.399999618530273</ele>
      </trkpt>
      <trkpt lat="52.710314663127065" lon="6.0358976572752">
        <ele>-10.199999809265137</ele>
      </trkpt>
      <trkpt lat="52.71032522432506" lon="6.03590352460742">
        <ele>-10.199999809265137</ele>
      </trkpt>
      <trkpt lat="52.710334276780486" lon="6.0359089728444815">
        <ele>-10.0</ele>
      </trkpt>
      <trkpt lat="52.71034332923591" lon="6.035912912338972">
        <ele>-10.0</ele>
      </trkpt>
      <trkpt lat="52.710350789129734" lon="6.035914169624448">
        <ele>-10.0</ele>
      </trkpt>
      <trkpt lat="52.710356656461954" lon="6.0359154269099236">
        <ele>-10.0</ele>
      </trkpt>
      <trkpt lat="52.710359673947096" lon="6.035917522385716">
        <ele>-10.0</ele>
      </trkpt>
      <trkpt lat="52.71036185324192" lon="6.035919198766351">
        <ele>-10.0</ele>
      </trkpt>
      <trkpt lat="52.71036193706095" lon="6.035921378061175">
        <ele>-10.0</ele>
      </trkpt>
      <trkpt lat="52.71036235615611" lon="6.035924144089222">
        <ele>-10.199999809265137</ele>
      </trkpt>
      <trkpt lat="52.71036168560386" lon="6.035925652831793">
        <ele>-10.199999809265137</ele>
      </trkpt>
      <trkpt lat="52.7103612665087" lon="6.035926574841142">
        <ele>-10.199999809265137</ele>
      </trkpt>
      <trkpt lat="52.71035992540419" lon="6.0359245631843805">
        <ele>-10.199999809265137</ele>
      </trkpt>
      <trkpt lat="52.71035891957581" lon="6.035922383889556">
        <ele>-10.199999809265137</ele>
      </trkpt>
      <trkpt lat="52.71035606972873" lon="6.035922467708588">
        <ele>-10.199999809265137</ele>
      </trkpt>
      <trkpt lat="52.7103559859097" lon="6.035922970622778">
        <ele>-10.199999809265137</ele>
      </trkpt>
      <trkpt lat="52.710355734452605" lon="6.035921880975366">
        <ele>-10.199999809265137</ele>
      </trkpt>
      <trkpt lat="52.710354812443256" lon="6.035922383889556">
        <ele>-10.199999809265137</ele>
      </trkpt>
      <trkpt lat="52.71035347133875" lon="6.0359216295182705">
        <ele>-10.199999809265137</ele>
      </trkpt>
      <trkpt lat="52.71035338751972" lon="6.035920958966017">
        <ele>-10.199999809265137</ele>
      </trkpt>
      <trkpt lat="52.710353303700686" lon="6.035920707508922">
        <ele>-10.399999618530273</ele>
      </trkpt>
      <trkpt lat="52.71035363897681" lon="6.035920958966017">
        <ele>-10.399999618530273</ele>
      </trkpt>
      <trkpt lat="52.7103543933481" lon="6.03592112660408">
        <ele>-10.399999618530273</ele>
      </trkpt>
      <trkpt lat="52.71035397425294" lon="6.035920707508922">
        <ele>-10.399999618530273</ele>
      </trkpt>
      <trkpt lat="52.71035456098616" lon="6.035918947309256">
        <ele>-10.399999618530273</ele>
      </trkpt>
      <trkpt lat="52.71035791374743" lon="6.035918528214097">
        <ele>-10.399999618530273</ele>
      </trkpt>
      <trkpt lat="52.710358584299684" lon="6.035918863490224">
        <ele>-10.399999618530273</ele>
      </trkpt>
      <trkpt lat="52.710359590128064" lon="6.035919785499573">
        <ele>-10.199999809265137</ele>
      </trkpt>
      <trkpt lat="52.71035992540419" lon="6.035920036956668">
        <ele>-10.199999809265137</ele>
      </trkpt>
      <trkpt lat="52.71036000922322" lon="6.035920204594731">
        <ele>-10.0</ele>
      </trkpt>
      <trkpt lat="52.71036026068032" lon="6.035920539870858">
        <ele>-10.0</ele>
      </trkpt>
      <trkpt lat="52.71036034449935" lon="6.035920707508922">
        <ele>-10.0</ele>
      </trkpt>
      <trkpt lat="52.710360595956445" lon="6.0359210427850485">
        <ele>-10.0</ele>
      </trkpt>
      <trkpt lat="52.71036067977548" lon="6.035921545699239">
        <ele>-10.199999809265137</ele>
      </trkpt>
      <trkpt lat="52.71036076359451" lon="6.035921378061175">
        <ele>-10.399999618530273</ele>
      </trkpt>
      <trkpt lat="52.71036076359451" lon="6.035920204594731">
        <ele>-10.399999618530273</ele>
      </trkpt>
      <trkpt lat="52.71036084741354" lon="6.035919701680541">
        <ele>-10.399999618530273</ele>
      </trkpt>
      <trkpt lat="52.71036084741354" lon="6.035919953137636">
        <ele>-10.399999618530273</ele>
      </trkpt>
      <trkpt lat="52.71036084741354" lon="6.035919953137636">
        <ele>-10.399999618530273</ele>
      </trkpt>
      <trkpt lat="52.71036118268967" lon="6.035920791327953">
        <ele>-10.399999618530273</ele>
      </trkpt>
      <trkpt lat="52.710361517965794" lon="6.0359216295182705">
        <ele>-10.399999618530273</ele>
      </trkpt>
      <trkpt lat="52.710361601784825" lon="6.035922048613429">
        <ele>-10.199999809265137</ele>
      </trkpt>
      <trkpt lat="52.71036478690803" lon="6.035924982279539">
        <ele>-10.199999809265137</ele>
      </trkpt>
      <trkpt lat="52.71036520600319" lon="6.035924898460507">
        <ele>-10.199999809265137</ele>
      </trkpt>
      <trkpt lat="52.710365541279316" lon="6.035924898460507">
        <ele>-10.199999809265137</ele>
      </trkpt>
      <trkpt lat="52.71036562509835" lon="6.035925401374698">
        <ele>-10.199999809265137</ele>
      </trkpt>
      <trkpt lat="52.71036570891738" lon="6.03592598810792">
        <ele>-10.199999809265137</ele>
      </trkpt>
      <trkpt lat="52.71036579273641" lon="6.03592649102211">
        <ele>-10.199999809265137</ele>
      </trkpt>
      <trkpt lat="52.71036587655544" lon="6.035926826298237">
        <ele>-10.199999809265137</ele>
      </trkpt>
      <trkpt lat="52.71036579273641" lon="6.0359269939363">
        <ele>-10.199999809265137</ele>
      </trkpt>
      <trkpt lat="52.71036579273641" lon="6.035927077755332">
        <ele>-10.199999809265137</ele>
      </trkpt>
      <trkpt lat="52.71036570891738" lon="6.035927161574364">
        <ele>-10.199999809265137</ele>
      </trkpt>
      <trkpt lat="52.71036570891738" lon="6.035927245393395">
        <ele>-10.199999809265137</ele>
      </trkpt>
      <trkpt lat="52.71036562509835" lon="6.035927245393395">
        <ele>-10.199999809265137</ele>
      </trkpt>
      <trkpt lat="52.710365541279316" lon="6.035927077755332">
        <ele>-10.199999809265137</ele>
      </trkpt>
      <trkpt lat="52.710365541279316" lon="6.035927077755332">
        <ele>-10.399999618530273</ele>
      </trkpt>
      <trkpt lat="52.710365457460284" lon="6.035926910117269">
        <ele>-10.199999809265137</ele>
      </trkpt>
      <trkpt lat="52.71036537364125" lon="6.035926742479205">
        <ele>-10.399999618530273</ele>
      </trkpt>
      <trkpt lat="52.71036562509835" lon="6.035926574841142">
        <ele>-10.399999618530273</ele>
      </trkpt>
      <trkpt lat="52.71036562509835" lon="6.0359269939363">
        <ele>-10.399999618530273</ele>
      </trkpt>
      <trkpt lat="52.71036562509835" lon="6.035928083583713">
        <ele>-10.399999618530273</ele>
      </trkpt>
      <trkpt lat="52.71036562509835" lon="6.035928502678871">
        <ele>-10.399999618530273</ele>
      </trkpt>
      <trkpt lat="52.71036570891738" lon="6.035928335040808">
        <ele>-10.399999618530273</ele>
      </trkpt>
      <trkpt lat="52.710365541279316" lon="6.035928670316935">
        <ele>-10.399999618530273</ele>
      </trkpt>
      <trkpt lat="52.71036562509835" lon="6.035929257050157">
        <ele>-10.399999618530273</ele>
      </trkpt>
      <trkpt lat="52.71036528982222" lon="6.035928167402744">
        <ele>-10.399999618530273</ele>
      </trkpt>
      <trkpt lat="52.710364032536745" lon="6.035926910117269">
        <ele>-10.199999809265137</ele>
      </trkpt>
      <trkpt lat="52.71036235615611" lon="6.035924311727285">
        <ele>-10.0</ele>
      </trkpt>
      <trkpt lat="52.71036135032773" lon="6.035921545699239">
        <ele>-10.0</ele>
      </trkpt>
      <trkpt lat="52.71036319434643" lon="6.035919953137636">
        <ele>-10.0</ele>
      </trkpt>
      <trkpt lat="52.71036528982222" lon="6.035919366404414">
        <ele>-9.800000190734863</ele>
      </trkpt>
      <trkpt lat="52.71036881022155" lon="6.035918863490224">
        <ele>-9.600000381469727</ele>
      </trkpt>
      <trkpt lat="52.71037300117314" lon="6.035916516557336">
        <ele>-9.800000190734863</ele>
      </trkpt>
      <trkpt lat="52.71037735976279" lon="6.035916935652494">
        <ele>-10.0</ele>
      </trkpt>
      <trkpt lat="52.710383143275976" lon="6.035916600376368">
        <ele>-10.0</ele>
      </trkpt>
      <trkpt lat="52.71039320155978" lon="6.035920372232795">
        <ele>-10.0</ele>
      </trkpt>
      <trkpt lat="52.710399739444256" lon="6.035920288413763">
        <ele>-10.0</ele>
      </trkpt>
      <trkpt lat="52.710410971194506" lon="6.0359269939363">
        <ele>-10.0</ele>
      </trkpt>
      <trkpt lat="52.7104233764112" lon="6.0359331127256155">
        <ele>-10.0</ele>
      </trkpt>
      <trkpt lat="52.71043620072305" lon="6.035941997542977">
        <ele>-10.0</ele>
      </trkpt>
      <trkpt lat="52.71044885739684" lon="6.035953313112259">
        <ele>-10.0</ele>
      </trkpt>
      <trkpt lat="52.71046553738415" lon="6.035964209586382">
        <ele>-10.0</ele>
      </trkpt>
      <trkpt lat="52.71047811023891" lon="6.035977704450488">
        <ele>-10.0</ele>
      </trkpt>
      <trkpt lat="52.710489090532064" lon="6.035992372781038">
        <ele>-10.0</ele>
      </trkpt>
      <trkpt lat="52.71050258539617" lon="6.036012573167682">
        <ele>-10.0</ele>
      </trkpt>
      <trkpt lat="52.71051339805126" lon="6.03602908551693">
        <ele>-10.199999809265137</ele>
      </trkpt>
      <trkpt lat="52.710528150200844" lon="6.036051549017429">
        <ele>-10.199999809265137</ele>
      </trkpt>
      <trkpt lat="52.71053954958916" lon="6.036072168499231">
        <ele>-10.199999809265137</ele>
      </trkpt>
      <trkpt lat="52.71055304445326" lon="6.036094548180699">
        <ele>-10.199999809265137</ele>
      </trkpt>
      <trkpt lat="52.710566790774465" lon="6.036116257309914">
        <ele>-10.199999809265137</ele>
      </trkpt>
      <trkpt lat="52.71058280020952" lon="6.036138134077191">
        <ele>-10.199999809265137</ele>
      </trkpt>
      <trkpt lat="52.71059880964458" lon="6.036160094663501">
        <ele>-10.199999809265137</ele>
      </trkpt>
      <trkpt lat="52.71061389707029" lon="6.036180881783366">
        <ele>-10.199999809265137</ele>
      </trkpt>
      <trkpt lat="52.71062655374408" lon="6.036202171817422">
        <ele>-10.199999809265137</ele>
      </trkpt>
      <trkpt lat="52.710638204589486" lon="6.036217845976353">
        <ele>-10.199999809265137</ele>
      </trkpt>
      <trkpt lat="52.710653794929385" lon="6.036238130182028">
        <ele>-10.199999809265137</ele>
      </trkpt>
      <trkpt lat="52.710669888183475" lon="6.036255229264498">
        <ele>-10.0</ele>
      </trkpt>
      <trkpt lat="52.710686065256596" lon="6.036275262013078">
        <ele>-10.0</ele>
      </trkpt>
      <trkpt lat="52.71069939248264" lon="6.036289092153311">
        <ele>-10.0</ele>
      </trkpt>
      <trkpt lat="52.71071716211736" lon="6.036307280883193">
        <ele>-10.0</ele>
      </trkpt>
      <trkpt lat="52.71073157899082" lon="6.036320524290204">
        <ele>-10.0</ele>
      </trkpt>
      <trkpt lat="52.71075119264424" lon="6.036339635029435">
        <ele>-10.0</ele>
      </trkpt>
      <trkpt lat="52.710769549012184" lon="6.036354890093207">
        <ele>-10.0</ele>
      </trkpt>
      <trkpt lat="52.71078882738948" lon="6.036370983347297">
        <ele>-10.199999809265137</ele>
      </trkpt>
      <trkpt lat="52.71080450154841" lon="6.0363828856498">
        <ele>-10.199999809265137</ele>
      </trkpt>
      <trkpt lat="52.710820846259594" lon="6.03639604523778">
        <ele>-10.199999809265137</ele>
      </trkpt>
      <trkpt lat="52.71083811298013" lon="6.036410126835108">
        <ele>-10.199999809265137</ele>
      </trkpt>
      <trkpt lat="52.710857978090644" lon="6.036423118785024">
        <ele>-10.0</ele>
      </trkpt>
      <trkpt lat="52.7108723949641" lon="6.036433428525925">
        <ele>-10.0</ele>
      </trkpt>
      <trkpt lat="52.71089200861752" lon="6.036442648619413">
        <ele>-10.0</ele>
      </trkpt>
      <trkpt lat="52.71090759895742" lon="6.036450359970331">
        <ele>-10.0</ele>
      </trkpt>
      <trkpt lat="52.7109260391444" lon="6.036460921168327">
        <ele>-10.0</ele>
      </trkpt>
      <trkpt lat="52.710941545665264" lon="6.0364714823663235">
        <ele>-10.0</ele>
      </trkpt>
      <trkpt lat="52.71096149459481" lon="6.036484474316239">
        <ele>-10.0</ele>
      </trkpt>
      <trkpt lat="52.71099669858813" lon="6.036510625854135">
        <ele>-10.199999809265137</ele>
      </trkpt>
      <trkpt lat="52.71099669858813" lon="6.036510625854135">
        <ele>-10.199999809265137</ele>
      </trkpt>
      <trkpt lat="52.711012456566095" lon="6.036524036899209">
        <ele>-10.199999809265137</ele>
      </trkpt>
      <trkpt lat="52.71103081293404" lon="6.036535017192364">
        <ele>-10.199999809265137</ele>
      </trkpt>
      <trkpt lat="52.711049504578114" lon="6.036550356075168">
        <ele>-10.0</ele>
      </trkpt>
      <trkpt lat="52.71106752566993" lon="6.036560079082847">
        <ele>-10.0</ele>
      </trkpt>
      <trkpt lat="52.71108496002853" lon="6.036572651937604">
        <ele>-10.199999809265137</ele>
      </trkpt>
      <trkpt lat="52.71110398694873" lon="6.036585979163647">
        <ele>-10.199999809265137</ele>
      </trkpt>
      <trkpt lat="52.71112167276442" lon="6.036601318046451">
        <ele>-10.199999809265137</ele>
      </trkpt>
      <trkpt lat="52.711139442399144" lon="6.036612298339605">
        <ele>-10.199999809265137</ele>
      </trkpt>
      <trkpt lat="52.71115637384355" lon="6.036624368280172">
        <ele>-10.199999809265137</ele>
      </trkpt>
      <trkpt lat="52.71117255091667" lon="6.0366337560117245">
        <ele>-10.399999618530273</ele>
      </trkpt>
      <trkpt lat="52.71118897944689" lon="6.036643395200372">
        <ele>-10.399999618530273</ele>
      </trkpt>
      <trkpt lat="52.71120674908161" lon="6.036653202027082">
        <ele>-10.399999618530273</ele>
      </trkpt>
      <trkpt lat="52.711226027458906" lon="6.0366640985012054">
        <ele>-10.399999618530273</ele>
      </trkpt>
      <trkpt lat="52.71124631166458" lon="6.0366761684417725">
        <ele>-10.399999618530273</ele>
      </trkpt>
      <trkpt lat="52.71126676350832" lon="6.0366894118487835">
        <ele>-10.199999809265137</ele>
      </trkpt>
      <trkpt lat="52.71128453314304" lon="6.036699386313558">
        <ele>-10.0</ele>
      </trkpt>
      <trkpt lat="52.71130347624421" lon="6.036710701882839">
        <ele>-10.0</ele>
      </trkpt>
      <trkpt lat="52.71132065914571" lon="6.0367209278047085">
        <ele>-10.0</ele>
      </trkpt>
      <trkpt lat="52.711338344961405" lon="6.036731656640768">
        <ele>-10.0</ele>
      </trkpt>
      <trkpt lat="52.711353516206145" lon="6.036740206182003">
        <ele>-10.0</ele>
      </trkpt>
      <trkpt lat="52.7113697770983" lon="6.036748252809048">
        <ele>-10.0</ele>
      </trkpt>
      <trkpt lat="52.711388217285275" lon="6.036759316921234">
        <ele>-10.0</ele>
      </trkpt>
      <trkpt lat="52.71140716038644" lon="6.03676887229085">
        <ele>-10.0</ele>
      </trkpt>
      <trkpt lat="52.711424846202135" lon="6.03677767328918">
        <ele>-10.0</ele>
      </trkpt>
      <trkpt lat="52.71144479513168" lon="6.036785887554288">
        <ele>-10.0</ele>
      </trkpt>
      <trkpt lat="52.71146365441382" lon="6.036791671067476">
        <ele>-10.0</ele>
      </trkpt>
      <trkpt lat="52.711483435705304" lon="6.03679871186614">
        <ele>-9.800000190734863</ele>
      </trkpt>
      <trkpt lat="52.71150045096874" lon="6.036804663017392">
        <ele>-10.0</ele>
      </trkpt>
      <trkpt lat="52.711517717689276" lon="6.036809608340263">
        <ele>-10.0</ele>
      </trkpt>
      <trkpt lat="52.71153464913368" lon="6.036812458187342">
        <ele>-10.0</ele>
      </trkpt>
      <trkpt lat="52.71155342459679" lon="6.036818576976657">
        <ele>-10.0</ele>
      </trkpt>
      <trkpt lat="52.711571948602796" lon="6.03682897053659">
        <ele>-10.199999809265137</ele>
      </trkpt>
      <trkpt lat="52.71159038878977" lon="6.036837603896856">
        <ele>-10.199999809265137</ele>
      </trkpt>
      <trkpt lat="52.71160824224353" lon="6.036843974143267">
        <ele>-10.199999809265137</ele>
      </trkpt>
      <trkpt lat="52.711626095697284" lon="6.036850260570645">
        <ele>-10.199999809265137</ele>
      </trkpt>
      <trkpt lat="52.71164445206523" lon="6.036857552826405">
        <ele>-10.199999809265137</ele>
      </trkpt>
      <trkpt lat="52.71166406571865" lon="6.036865431815386">
        <ele>-10.0</ele>
      </trkpt>
      <trkpt lat="52.711682841181755" lon="6.036871215328574">
        <ele>-10.0</ele>
      </trkpt>
      <trkpt lat="52.71170061081648" lon="6.036876663565636">
        <ele>-10.0</ele>
      </trkpt>
      <trkpt lat="52.711719051003456" lon="6.036880519241095">
        <ele>-10.0</ele>
      </trkpt>
      <trkpt lat="52.711738580837846" lon="6.036885213106871">
        <ele>-10.199999809265137</ele>
      </trkpt>
      <trkpt lat="52.7117564342916" lon="6.036885883659124">
        <ele>-10.199999809265137</ele>
      </trkpt>
      <trkpt lat="52.71177479065955" lon="6.036889152601361">
        <ele>-10.199999809265137</ele>
      </trkpt>
      <trkpt lat="52.711794488132" lon="6.036894433200359">
        <ele>-10.199999809265137</ele>
      </trkpt>
      <trkpt lat="52.711813347414136" lon="6.036902563646436">
        <ele>-10.199999809265137</ele>
      </trkpt>
      <trkpt lat="52.711832793429494" lon="6.0369096044451">
        <ele>-10.199999809265137</ele>
      </trkpt>
      <trkpt lat="52.711852323263884" lon="6.03691890835762">
        <ele>-10.199999809265137</ele>
      </trkpt>
      <trkpt lat="52.711871014907956" lon="6.0369279608130455">
        <ele>-10.199999809265137</ele>
      </trkpt>
      <trkpt lat="52.711889035999775" lon="6.036934079602361">
        <ele>-10.199999809265137</ele>
      </trkpt>
      <trkpt lat="52.71190831437707" lon="6.036941455677152">
        <ele>-10.199999809265137</ele>
      </trkpt>
      <trkpt lat="52.71192675456405" lon="6.03694966994226">
        <ele>-10.199999809265137</ele>
      </trkpt>
      <trkpt lat="52.71194636821747" lon="6.036958638578653">
        <ele>-10.0</ele>
      </trkpt>
      <trkpt lat="52.711965814232826" lon="6.036966014653444">
        <ele>-10.0</ele>
      </trkpt>
      <trkpt lat="52.7119863498956" lon="6.036974648013711">
        <ele>-10.0</ele>
      </trkpt>
      <trkpt lat="52.71200554445386" lon="6.036979677155614">
        <ele>-9.800000190734863</ele>
      </trkpt>
      <trkpt lat="52.712021972984076" lon="6.036983449012041">
        <ele>-9.800000190734863</ele>
      </trkpt>
      <trkpt lat="52.71203823387623" lon="6.0369873046875">
        <ele>-9.800000190734863</ele>
      </trkpt>
      <trkpt lat="52.71207360550761" lon="6.036997865885496">
        <ele>-9.800000190734863</ele>
      </trkpt>
      <trkpt lat="52.71207360550761" lon="6.036997865885496">
        <ele>-9.800000190734863</ele>
      </trkpt>
      <trkpt lat="52.71209271624684" lon="6.036998620256782">
        <ele>-9.800000190734863</ele>
      </trkpt>
      <trkpt lat="52.71211048588157" lon="6.037005912512541">
        <ele>-9.800000190734863</ele>
      </trkpt>
      <trkpt lat="52.712127501145005" lon="6.037011444568634">
        <ele>-9.800000190734863</ele>
      </trkpt>
      <trkpt lat="52.71214342676103" lon="6.037019155919552">
        <ele>-9.800000190734863</ele>
      </trkpt>
      <trkpt lat="52.71215960383415" lon="6.037024017423391">
        <ele>-10.0</ele>
      </trkpt>
      <trkpt lat="52.71217712201178" lon="6.037031393498182">
        <ele>-10.0</ele>
      </trkpt>
      <trkpt lat="52.712194472551346" lon="6.037040865048766">
        <ele>-10.0</ele>
      </trkpt>
      <trkpt lat="52.712210984900594" lon="6.037050085142255">
        <ele>-10.0</ele>
      </trkpt>
      <trkpt lat="52.71222942508757" lon="6.0370581317692995">
        <ele>-10.0</ele>
      </trkpt>
      <trkpt lat="52.712248619645834" lon="6.037066178396344">
        <ele>-10.199999809265137</ele>
      </trkpt>
      <trkpt lat="52.712266305461526" lon="6.037074727937579">
        <ele>-10.199999809265137</ele>
      </trkpt>
      <trkpt lat="52.712282901629806" lon="6.037084115669131">
        <ele>-10.199999809265137</ele>
      </trkpt>
      <trkpt lat="52.71229924634099" lon="6.037093503400683">
        <ele>-10.199999809265137</ele>
      </trkpt>
      <trkpt lat="52.7123161777854" lon="6.037103310227394">
        <ele>-10.399999618530273</ele>
      </trkpt>
      <trkpt lat="52.7123333606869" lon="6.037113033235073">
        <ele>-10.399999618530273</ele>
      </trkpt>
      <trkpt lat="52.712351297959685" lon="6.037122001871467">
        <ele>-10.399999618530273</ele>
      </trkpt>
      <trkpt lat="52.712369821965694" lon="6.037132143974304">
        <ele>-10.199999809265137</ele>
      </trkpt>
      <trkpt lat="52.71238876506686" lon="6.037143627181649">
        <ele>-10.199999809265137</ele>
      </trkpt>
      <trkpt lat="52.712404606863856" lon="6.0371544398367405">
        <ele>-10.199999809265137</ele>
      </trkpt>
      <trkpt lat="52.712421119213104" lon="6.037166006863117">
        <ele>-10.399999618530273</ele>
      </trkpt>
      <trkpt lat="52.71244031377137" lon="6.037178663536906">
        <ele>-10.399999618530273</ele>
      </trkpt>
      <trkpt lat="52.712458251044154" lon="6.0371900629252195">
        <ele>-10.399999618530273</ele>
      </trkpt>
      <trkpt lat="52.712475936859846" lon="6.037200707942247">
        <ele>-10.399999618530273</ele>
      </trkpt>
      <trkpt lat="52.71249236539006" lon="6.037208838388324">
        <ele>-10.399999618530273</ele>
      </trkpt>
      <trkpt lat="52.7125093806535" lon="6.037218142300844">
        <ele>-10.399999618530273</ele>
      </trkpt>
      <trkpt lat="52.71252823993564" lon="6.037228032946587">
        <ele>-10.399999618530273</ele>
      </trkpt>
      <trkpt lat="52.71254416555166" lon="6.037237085402012">
        <ele>-10.399999618530273</ele>
      </trkpt>
      <trkpt lat="52.71256294101477" lon="6.037246892228723">
        <ele>-10.199999809265137</ele>
      </trkpt>
      <trkpt lat="52.71257978864014" lon="6.037255944684148">
        <ele>-10.199999809265137</ele>
      </trkpt>
      <trkpt lat="52.71259822882712" lon="6.0372663382440805">
        <ele>-10.199999809265137</ele>
      </trkpt>
      <trkpt lat="52.71261675283313" lon="6.037278240546584">
        <ele>-10.199999809265137</ele>
      </trkpt>
      <trkpt lat="52.71263460628688" lon="6.037286873906851">
        <ele>-10.199999809265137</ele>
      </trkpt>
      <trkpt lat="52.71265245974064" lon="6.037297938019037">
        <ele>-10.399999618530273</ele>
      </trkpt>
      <trkpt lat="52.71267098374665" lon="6.037309756502509">
        <ele>-10.399999618530273</ele>
      </trkpt>
      <trkpt lat="52.71268825046718" lon="6.037323586642742">
        <ele>-10.199999809265137</ele>
      </trkpt>
      <trkpt lat="52.712706523016095" lon="6.037336410954595">
        <ele>-10.199999809265137</ele>
      </trkpt>
      <trkpt lat="52.71272328682244" lon="6.037350492551923">
        <ele>-10.399999618530273</ele>
      </trkpt>
      <trkpt lat="52.712742146104574" lon="6.0373644065111876">
        <ele>-10.399999618530273</ele>
      </trkpt>
      <trkpt lat="52.712759831920266" lon="6.037377063184977">
        <ele>-10.399999618530273</ele>
      </trkpt>
      <trkpt lat="52.71277793683112" lon="6.037391480058432">
        <ele>-10.399999618530273</ele>
      </trkpt>
      <trkpt lat="52.71279520355165" lon="6.0374056454747915">
        <ele>-10.399999618530273</ele>
      </trkpt>
      <trkpt lat="52.71281624212861" lon="6.037422576919198">
        <ele>-10.399999618530273</ele>
      </trkpt>
      <trkpt lat="52.71283560432494" lon="6.0374371614307165">
        <ele>-10.399999618530273</ele>
      </trkpt>
      <trkpt lat="52.712853038683534" lon="6.037450069561601">
        <ele>-10.399999618530273</ele>
      </trkpt>
      <trkpt lat="52.712870137766004" lon="6.037463061511517">
        <ele>-10.399999618530273</ele>
      </trkpt>
      <trkpt lat="52.71288220770657" lon="6.037473455071449">
        <ele>-10.399999618530273</ele>
      </trkpt>
      <trkpt lat="52.712896624580026" lon="6.037483680993319">
        <ele>-10.399999618530273</ele>
      </trkpt>
      <trkpt lat="52.71291355602443" lon="6.037498516961932">
        <ele>-10.399999618530273</ele>
      </trkpt>
      <trkpt lat="52.7129272185266" lon="6.037507150322199">
        <ele>-10.399999618530273</ele>
      </trkpt>
      <trkpt lat="52.71294113248587" lon="6.037516873329878">
        <ele>-10.399999618530273</ele>
      </trkpt>
      <trkpt lat="52.712956136092544" lon="6.037527015432715">
        <ele>-10.199999809265137</ele>
      </trkpt>
      <trkpt lat="52.71297248080373" lon="6.037540091201663">
        <ele>-10.199999809265137</ele>
      </trkpt>
      <trkpt lat="52.71298924461007" lon="6.037550652399659">
        <ele>-10.199999809265137</ele>
      </trkpt>
      <trkpt lat="52.71300575695932" lon="6.03756146505475">
        <ele>-10.0</ele>
      </trkpt>
      <trkpt lat="52.71302495151758" lon="6.037573032081127">
        <ele>-10.0</ele>
      </trkpt>
      <trkpt lat="52.713041296228766" lon="6.037583174183965">
        <ele>-10.0</ele>
      </trkpt>
      <trkpt lat="52.71306116133928" lon="6.037596585229039">
        <ele>-10.0</ele>
      </trkpt>
      <trkpt lat="52.71307775750756" lon="6.037607649341226">
        <ele>-10.0</ele>
      </trkpt>
      <trkpt lat="52.71309284493327" lon="6.0376171208918095">
        <ele>-10.199999809265137</ele>
      </trkpt>
      <trkpt lat="52.71310935728252" lon="6.037626676261425">
        <ele>-10.399999618530273</ele>
      </trkpt>
      <trkpt lat="52.71312310360372" lon="6.037637405097485">
        <ele>-10.399999618530273</ele>
      </trkpt>
      <trkpt lat="52.7131378557533" lon="6.037647211924195">
        <ele>-10.399999618530273</ele>
      </trkpt>
      <trkpt lat="52.713151602074504" lon="6.037659114226699">
        <ele>-10.399999618530273</ele>
      </trkpt>
      <trkpt lat="52.71316844969988" lon="6.0376698430627584">
        <ele>-10.399999618530273</ele>
      </trkpt>
      <trkpt lat="52.71318370476365" lon="6.037683002650738">
        <ele>-10.399999618530273</ele>
      </trkpt>
      <trkpt lat="52.71320130676031" lon="6.0376939829438925">
        <ele>-10.399999618530273</ele>
      </trkpt>
      <trkpt lat="52.71321639418602" lon="6.037705130875111">
        <ele>-10.199999809265137</ele>
      </trkpt>
      <trkpt lat="52.71323382854462" lon="6.03771535679698">
        <ele>-10.199999809265137</ele>
      </trkpt>
      <trkpt lat="52.713250424712896" lon="6.037725415080786">
        <ele>-10.199999809265137</ele>
      </trkpt>
      <trkpt lat="52.71327003836632" lon="6.037738658487797">
        <ele>-10.199999809265137</ele>
      </trkpt>
      <trkpt lat="52.71328671835363" lon="6.0377467051148415">
        <ele>-10.199999809265137</ele>
      </trkpt>
      <trkpt lat="52.71330423653126" lon="6.037754751741886">
        <ele>-10.199999809265137</ele>
      </trkpt>
      <trkpt lat="52.713321670889854" lon="6.037761876359582">
        <ele>-10.199999809265137</ele>
      </trkpt>
      <trkpt lat="52.71333952434361" lon="6.037769252434373">
        <ele>-10.199999809265137</ele>
      </trkpt>
      <trkpt lat="52.71335804834962" lon="6.037775538861752">
        <ele>-10.399999618530273</ele>
      </trkpt>
      <trkpt lat="52.713376907631755" lon="6.037782244384289">
        <ele>-10.199999809265137</ele>
      </trkpt>
      <trkpt lat="52.71339626982808" lon="6.037788195535541">
        <ele>-10.199999809265137</ele>
      </trkpt>
      <trkpt lat="52.7134161349386" lon="6.037795906886458">
        <ele>-10.199999809265137</ele>
      </trkpt>
      <trkpt lat="52.71343524567783" lon="6.037801438942552">
        <ele>-10.199999809265137</ele>
      </trkpt>
      <trkpt lat="52.71345326676965" lon="6.037806803360581">
        <ele>-10.199999809265137</ele>
      </trkpt>
      <trkpt lat="52.71347204223275" lon="6.037809904664755">
        <ele>-10.199999809265137</ele>
      </trkpt>
      <trkpt lat="52.71348914131522" lon="6.0378114972263575">
        <ele>-10.199999809265137</ele>
      </trkpt>
      <trkpt lat="52.71350657567382" lon="6.037810239940882">
        <ele>-10.399999618530273</ele>
      </trkpt>
      <trkpt lat="52.71352434530854" lon="6.0378114972263575">
        <ele>-10.399999618530273</ele>
      </trkpt>
      <trkpt lat="52.71354320459068" lon="6.037812922149897">
        <ele>-10.399999618530273</ele>
      </trkpt>
      <trkpt lat="52.71355804055929" lon="6.037810826674104">
        <ele>-10.399999618530273</ele>
      </trkpt>
      <trkpt lat="52.71357539109886" lon="6.037809401750565">
        <ele>-10.399999618530273</ele>
      </trkpt>
      <trkpt lat="52.713593412190676" lon="6.037808060646057">
        <ele>-10.399999618530273</ele>
      </trkpt>
      <trkpt lat="52.713612942025065" lon="6.037805210798979">
        <ele>-10.399999618530273</ele>
      </trkpt>
      <trkpt lat="52.71363129839301" lon="6.0378035344183445">
        <ele>-10.399999618530273</ele>
      </trkpt>
      <trkpt lat="52.71364848129451" lon="6.037804204970598">
        <ele>-10.399999618530273</ele>
      </trkpt>
      <trkpt lat="52.713665664196014" lon="6.037805462256074">
        <ele>-10.399999618530273</ele>
      </trkpt>
      <trkpt lat="52.7136836014688" lon="6.037804540246725">
        <ele>-10.600000381469727</ele>
      </trkpt>
      <trkpt lat="52.71369952708483" lon="6.03780378587544">
        <ele>-10.600000381469727</ele>
      </trkpt>
      <trkpt lat="52.7137147821486" lon="6.0378041211515665">
        <ele>-10.600000381469727</ele>
      </trkpt>
      <trkpt lat="52.713731629773974" lon="6.0378058813512325">
        <ele>-10.600000381469727</ele>
      </trkpt>
      <trkpt lat="52.71374763920903" lon="6.037806300446391">
        <ele>-10.600000381469727</ele>
      </trkpt>
      <trkpt lat="52.71376364864409" lon="6.037803450599313">
        <ele>-10.600000381469727</ele>
      </trkpt>
      <trkpt lat="52.71378083154559" lon="6.03780185803771">
        <ele>-10.600000381469727</ele>
      </trkpt>
      <trkpt lat="52.71379826590419" lon="6.037797499448061">
        <ele>-10.399999618530273</ele>
      </trkpt>
      <trkpt lat="52.713815700262785" lon="6.037794817239046">
        <ele>-10.399999618530273</ele>
      </trkpt>
      <trkpt lat="52.713833805173635" lon="6.037792386487126">
        <ele>-10.199999809265137</ele>
      </trkpt>
      <trkpt lat="52.71385258063674" lon="6.037792386487126">
        <ele>-10.0</ele>
      </trkpt>
      <trkpt lat="52.713871859014034" lon="6.037789955735207">
        <ele>-10.0</ele>
      </trkpt>
      <trkpt lat="52.71389055065811" lon="6.037791883572936">
        <ele>-10.0</ele>
      </trkpt>
      <trkpt lat="52.71390882320702" lon="6.0377908777445555">
        <ele>-10.0</ele>
      </trkpt>
      <trkpt lat="52.71392743103206" lon="6.037793727591634">
        <ele>-10.0</ele>
      </trkpt>
      <trkpt lat="52.71394578740001" lon="6.037793308496475">
        <ele>-10.399999618530273</ele>
      </trkpt>
      <trkpt lat="52.71396313793957" lon="6.0377943981438875">
        <ele>-10.600000381469727</ele>
      </trkpt>
      <trkpt lat="52.713980320841074" lon="6.037793476134539">
        <ele>-10.600000381469727</ele>
      </trkpt>
      <trkpt lat="52.713998928666115" lon="6.037795236334205">
        <ele>-10.800000190734863</ele>
      </trkpt>
      <trkpt lat="52.71401619538665" lon="6.037792386487126">
        <ele>-10.800000190734863</ele>
      </trkpt>
      <trkpt lat="52.71403388120234" lon="6.037792135030031">
        <ele>-10.600000381469727</ele>
      </trkpt>
      <trkpt lat="52.71405139937997" lon="6.037792218849063">
        <ele>-10.600000381469727</ele>
      </trkpt>
      <trkpt lat="52.714069336652756" lon="6.037792805582285">
        <ele>-10.399999618530273</ele>
      </trkpt>
      <trkpt lat="52.71408618427813" lon="6.037794314324856">
        <ele>-10.399999618530273</ele>
      </trkpt>
      <trkpt lat="52.71410387009382" lon="6.037795236334205">
        <ele>-10.399999618530273</ele>
      </trkpt>
      <trkpt lat="52.71413907408714" lon="6.03779255412519">
        <ele>-10.399999618530273</ele>
      </trkpt>
      <trkpt lat="52.71413907408714" lon="6.03779255412519">
        <ele>-10.399999618530273</ele>
      </trkpt>
      <trkpt lat="52.714156256988645" lon="6.037792470306158">
        <ele>-10.399999618530273</ele>
      </trkpt>
      <trkpt lat="52.7141722664237" lon="6.037791213020682">
        <ele>-10.199999809265137</ele>
      </trkpt>
      <trkpt lat="52.71418886259198" lon="6.037792386487126">
        <ele>-10.0</ele>
      </trkpt>
      <trkpt lat="52.714207051321864" lon="6.0377914644777775">
        <ele>-10.0</ele>
      </trkpt>
      <trkpt lat="52.7142275031656" lon="6.037795655429363">
        <ele>-10.0</ele>
      </trkpt>
      <trkpt lat="52.71424627862871" lon="6.0377938114106655">
        <ele>-10.199999809265137</ele>
      </trkpt>
      <trkpt lat="52.71426564082503" lon="6.037796409800649">
        <ele>-10.199999809265137</ele>
      </trkpt>
      <trkpt lat="52.714283326640725" lon="6.03779599070549">
        <ele>-10.199999809265137</ele>
      </trkpt>
      <trkpt lat="52.714301347732544" lon="6.037797247990966">
        <ele>-10.199999809265137</ele>
      </trkpt>
      <trkpt lat="52.71431869827211" lon="6.037798337638378">
        <ele>-10.399999618530273</ele>
      </trkpt>
      <trkpt lat="52.71433688700199" lon="6.03780135512352">
        <ele>-10.399999618530273</ele>
      </trkpt>
      <trkpt lat="52.71435482427478" lon="6.037802696228027">
        <ele>-10.399999618530273</ele>
      </trkpt>
      <trkpt lat="52.71437292918563" lon="6.037802277132869">
        <ele>-10.399999618530273</ele>
      </trkpt>
      <trkpt lat="52.71439103409648" lon="6.0378052946180105">
        <ele>-10.600000381469727</ele>
      </trkpt>
      <trkpt lat="52.71440855227411" lon="6.037807473912835">
        <ele>-10.800000190734863</ele>
      </trkpt>
      <trkpt lat="52.714426992461085" lon="6.037811832502484">
        <ele>-11.0</ele>
      </trkpt>
      <trkpt lat="52.71444518119097" lon="6.037814933806658">
        <ele>-10.800000190734863</ele>
      </trkpt>
      <trkpt lat="52.714464124292135" lon="6.037821136415005">
        <ele>-10.800000190734863</ele>
      </trkpt>
      <trkpt lat="52.71448197774589" lon="6.037826165556908">
        <ele>-10.800000190734863</ele>
      </trkpt>
      <trkpt lat="52.71449790336192" lon="6.037830859422684">
        <ele>-10.800000190734863</ele>
      </trkpt>
      <trkpt lat="52.714514499530196" lon="6.0378362238407135">
        <ele>-10.800000190734863</ele>
      </trkpt>
      <trkpt lat="52.714530592784286" lon="6.037841672077775">
        <ele>-10.600000381469727</ele>
      </trkpt>
      <trkpt lat="52.71454844623804" lon="6.0378465335816145">
        <ele>-10.600000381469727</ele>
      </trkpt>
      <trkpt lat="52.71456537768245" lon="6.037849215790629">
        <ele>-10.399999618530273</ele>
      </trkpt>
      <trkpt lat="52.71458398550749" lon="6.037852233275771">
        <ele>-10.600000381469727</ele>
      </trkpt>
      <trkpt lat="52.7146025095135" lon="6.037857010960579">
        <ele>-10.399999618530273</ele>
      </trkpt>
      <trkpt lat="52.714622961357236" lon="6.037863381206989">
        <ele>-10.600000381469727</ele>
      </trkpt>
      <trkpt lat="52.714639054611325" lon="6.037865225225687">
        <ele>-10.399999618530273</ele>
      </trkpt>
      <trkpt lat="52.71465850062668" lon="6.0378706734627485">
        <ele>-10.600000381469727</ele>
      </trkpt>
      <trkpt lat="52.71467627026141" lon="6.0378731880337">
        <ele>-10.600000381469727</ele>
      </trkpt>
      <trkpt lat="52.714694291353226" lon="6.037875032052398">
        <ele>-10.399999618530273</ele>
      </trkpt>
      <trkpt lat="52.714712815359235" lon="6.037876540794969">
        <ele>-10.399999618530273</ele>
      </trkpt>
      <trkpt lat="52.71473251283169" lon="6.037879306823015">
        <ele>-10.399999618530273</ele>
      </trkpt>
      <trkpt lat="52.71475254558027" lon="6.037879725918174">
        <ele>-10.399999618530273</ele>
      </trkpt>
      <trkpt lat="52.71477031521499" lon="6.037880228832364">
        <ele>-10.399999618530273</ele>
      </trkpt>
      <trkpt lat="52.714789006859064" lon="6.037881402298808">
        <ele>-10.399999618530273</ele>
      </trkpt>
      <trkpt lat="52.7148060221225" lon="6.03788148611784">
        <ele>-10.399999618530273</ele>
      </trkpt>
      <trkpt lat="52.71482555195689" lon="6.03788198903203">
        <ele>-10.600000381469727</ele>
      </trkpt>
      <trkpt lat="52.7148424834013" lon="6.037881905212998">
        <ele>-10.800000190734863</ele>
      </trkpt>
      <trkpt lat="52.714863270521164" lon="6.03788785636425">
        <ele>-10.800000190734863</ele>
      </trkpt>
      <trkpt lat="52.71487877704203" lon="6.037885090336204">
        <ele>-11.0</ele>
      </trkpt>
      <trkpt lat="52.7148942835629" lon="6.037882408127189">
        <ele>-11.0</ele>
      </trkpt>
      <trkpt lat="52.71490903571248" lon="6.0378786362707615">
        <ele>-11.0</ele>
      </trkpt>
      <trkpt lat="52.714928733184934" lon="6.037880145013332">
        <ele>-11.0</ele>
      </trkpt>
      <trkpt lat="52.71494658663869" lon="6.037878217175603">
        <ele>-11.0</ele>
      </trkpt>
      <trkpt lat="52.7149616740644" lon="6.0378724336624146">
        <ele>-11.0</ele>
      </trkpt>
      <trkpt lat="52.7149770129472" lon="6.0378648061305285">
        <ele>-11.0</ele>
      </trkpt>
      <trkpt lat="52.71499117836356" lon="6.03785365819931">
        <ele>-11.0</ele>
      </trkpt>
      <trkpt lat="52.71500970236957" lon="6.037849634885788">
        <ele>-11.0</ele>
      </trkpt>
      <trkpt lat="52.71502780728042" lon="6.037845192477107">
        <ele>-11.0</ele>
      </trkpt>
      <trkpt lat="52.7150459960103" lon="6.037845863029361">
        <ele>-11.0</ele>
      </trkpt>
      <trkpt lat="52.71506443619728" lon="6.037846365943551">
        <ele>-11.0</ele>
      </trkpt>
      <trkpt lat="52.71508287638426" lon="6.037849048152566">
        <ele>-10.800000190734863</ele>
      </trkpt>
      <trkpt lat="52.715099807828665" lon="6.0378494672477245">
        <ele>-10.800000190734863</ele>
      </trkpt>
      <trkpt lat="52.71511824801564" lon="6.0378568433225155">
        <ele>-11.0</ele>
      </trkpt>
      <trkpt lat="52.71513660438359" lon="6.037858268246055">
        <ele>-10.800000190734863</ele>
      </trkpt>
      <trkpt lat="52.71515613421798" lon="6.03786488994956">
        <ele>-11.0</ele>
      </trkpt>
      <trkpt lat="52.71517616696656" lon="6.037869919091463">
        <ele>-11.0</ele>
      </trkpt>
      <trkpt lat="52.715195529162884" lon="6.037878133356571">
        <ele>-11.0</ele>
      </trkpt>
      <trkpt lat="52.71521388553083" lon="6.037883749231696">
        <ele>-11.0</ele>
      </trkpt>
      <trkpt lat="52.71523450501263" lon="6.037893388420343">
        <ele>-11.0</ele>
      </trkpt>
      <trkpt lat="52.715253280475736" lon="6.037901937961578">
        <ele>-11.0</ele>
      </trkpt>
      <trkpt lat="52.71527197211981" lon="6.037913421168923">
        <ele>-10.800000190734863</ele>
      </trkpt>
      <trkpt lat="52.71528856828809" lon="6.037924401462078">
        <ele>-10.800000190734863</ele>
      </trkpt>
      <trkpt lat="52.71530482918024" lon="6.037937477231026">
        <ele>-11.0</ele>
      </trkpt>
      <trkpt lat="52.71531882695854" lon="6.0379519779235125">
        <ele>-11.0</ele>
      </trkpt>
      <trkpt lat="52.71533316001296" lon="6.037966813892126">
        <ele>-11.0</ele>
      </trkpt>
      <trkpt lat="52.71534288302064" lon="6.037980644032359">
        <ele>-11.0</ele>
      </trkpt>
      <trkpt lat="52.715356294065714" lon="6.0379949770867825">
        <ele>-11.0</ele>
      </trkpt>
      <trkpt lat="52.71536828018725" lon="6.038014004006982">
        <ele>-11.199999809265137</ele>
      </trkpt>
      <trkpt lat="52.71538001485169" lon="6.038032611832023">
        <ele>-11.399999618530273</ele>
      </trkpt>
      <trkpt lat="52.715392084792256" lon="6.0380547400563955">
        <ele>-11.199999809265137</ele>
      </trkpt>
      <trkpt lat="52.715402813628316" lon="6.0380753595381975">
        <ele>-11.199999809265137</ele>
      </trkpt>
      <trkpt lat="52.71541320718825" lon="6.0380983259528875">
        <ele>-11.0</ele>
      </trkpt>
      <trkpt lat="52.71542267873883" lon="6.038121376186609">
        <ele>-11.199999809265137</ele>
      </trkpt>
      <trkpt lat="52.715435503050685" lon="6.0381475277245045">
        <ele>-11.0</ele>
      </trkpt>
      <trkpt lat="52.71544807590544" lon="6.038175523281097">
        <ele>-10.800000190734863</ele>
      </trkpt>
      <trkpt lat="52.71546006202698" lon="6.038201842457056">
        <ele>-10.800000190734863</ele>
      </trkpt>
      <trkpt lat="52.71547129377723" lon="6.038229502737522">
        <ele>-11.0</ele>
      </trkpt>
      <trkpt lat="52.71548210643232" lon="6.038257414475083">
        <ele>-11.199999809265137</ele>
      </trkpt>
      <trkpt lat="52.71549182944" lon="6.038285996764898">
        <ele>-11.399999618530273</ele>
      </trkpt>
      <trkpt lat="52.715501049533486" lon="6.0383121483027935">
        <ele>-11.199999809265137</ele>
      </trkpt>
      <trkpt lat="52.71550917997956" lon="6.038339138031006">
        <ele>-11.199999809265137</ele>
      </trkpt>
      <trkpt lat="52.71551647223532" lon="6.038364199921489">
        <ele>-11.199999809265137</ele>
      </trkpt>
      <trkpt lat="52.7155243512243" lon="6.038391524925828">
        <ele>-11.199999809265137</ele>
      </trkpt>
      <trkpt lat="52.715531475842" lon="6.038417173549533">
        <ele>-11.199999809265137</ele>
      </trkpt>
      <trkpt lat="52.71553943865001" lon="6.038445420563221">
        <ele>-11.199999809265137</ele>
      </trkpt>
      <trkpt lat="52.71554748527706" lon="6.038469979539514">
        <ele>-11.199999809265137</ele>
      </trkpt>
      <trkpt lat="52.71555502898991" lon="6.038495963439345">
        <ele>-11.199999809265137</ele>
      </trkpt>
      <trkpt lat="52.7155626565218" lon="6.038522031158209">
        <ele>-11.199999809265137</ele>
      </trkpt>
      <trkpt lat="52.71557170897722" lon="6.038550361990929">
        <ele>-11.199999809265137</ele>
      </trkpt>
      <trkpt lat="52.71557933650911" lon="6.038577938452363">
        <ele>-11.199999809265137</ele>
      </trkpt>
      <trkpt lat="52.71558922715485" lon="6.038607861846685">
        <ele>-11.199999809265137</ele>
      </trkpt>
      <trkpt lat="52.71559635177255" lon="6.0386366955935955">
        <ele>-11.600000381469727</ele>
      </trkpt>
      <trkpt lat="52.71560439839959" lon="6.038665696978569">
        <ele>-11.600000381469727</ele>
      </trkpt>
      <trkpt lat="52.715611858293414" lon="6.03869553655386">
        <ele>-11.800000190734863</ele>
      </trkpt>
      <trkpt lat="52.715621246024966" lon="6.038727723062038">
        <ele>-11.800000190734863</ele>
      </trkpt>
      <trkpt lat="52.71563013084233" lon="6.038761166855693">
        <ele>-12.0</ele>
      </trkpt>
      <trkpt lat="52.715637339279056" lon="6.038791928440332">
        <ele>-11.800000190734863</ele>
      </trkpt>
      <trkpt lat="52.71564546972513" lon="6.038822270929813">
        <ele>-11.800000190734863</ele>
      </trkpt>
      <trkpt lat="52.71565033122897" lon="6.0388511046767235">
        <ele>-11.600000381469727</ele>
      </trkpt>
      <trkpt lat="52.71565846167505" lon="6.038882369175553">
        <ele>-11.600000381469727</ele>
      </trkpt>
      <trkpt lat="52.71566634066403" lon="6.038910783827305">
        <ele>-11.399999618530273</ele>
      </trkpt>
      <trkpt lat="52.715674387291074" lon="6.038940288126469">
        <ele>-11.199999809265137</ele>
      </trkpt>
      <trkpt lat="52.715681763365865" lon="6.038967529311776">
        <ele>-11.0</ele>
      </trkpt>
      <trkpt lat="52.71569140255451" lon="6.038996111601591">
        <ele>-11.0</ele>
      </trkpt>
      <trkpt lat="52.715707160532475" lon="6.039049839600921">
        <ele>-11.0</ele>
      </trkpt>
      <trkpt lat="52.715707160532475" lon="6.039049839600921">
        <ele>-11.0</ele>
      </trkpt>
      <trkpt lat="52.71571638062596" lon="6.039076745510101">
        <ele>-11.0</ele>
      </trkpt>
      <trkpt lat="52.71572501398623" lon="6.039103986695409">
        <ele>-10.800000190734863</ele>
      </trkpt>
      <trkpt lat="52.71573389880359" lon="6.039130976423621">
        <ele>-10.800000190734863</ele>
      </trkpt>
      <trkpt lat="52.71574077196419" lon="6.0391567926853895">
        <ele>-11.0</ele>
      </trkpt>
      <trkpt lat="52.715746220201254" lon="6.03918076492846">
        <ele>-10.800000190734863</ele>
      </trkpt>
      <trkpt lat="52.71575368009508" lon="6.03920616209507">
        <ele>-10.800000190734863</ele>
      </trkpt>
      <trkpt lat="52.715760972350836" lon="6.039231391623616">
        <ele>-10.800000190734863</ele>
      </trkpt>
      <trkpt lat="52.71577002480626" lon="6.03925846517086">
        <ele>-10.800000190734863</ele>
      </trkpt>
      <trkpt lat="52.715777568519115" lon="6.039283191785216">
        <ele>-10.800000190734863</ele>
      </trkpt>
      <trkpt lat="52.71578645333648" lon="6.039308086037636">
        <ele>-10.800000190734863</ele>
      </trkpt>
      <trkpt lat="52.71579433232546" lon="6.039332561194897">
        <ele>-10.800000190734863</ele>
      </trkpt>
      <trkpt lat="52.715802965685725" lon="6.039354354143143">
        <ele>-10.800000190734863</ele>
      </trkpt>
      <trkpt lat="52.71581302396953" lon="6.039377320557833">
        <ele>-10.800000190734863</ele>
      </trkpt>
      <trkpt lat="52.71582408808172" lon="6.039398526772857">
        <ele>-11.0</ele>
      </trkpt>
      <trkpt lat="52.71583364345133" lon="6.039419062435627">
        <ele>-11.0</ele>
      </trkpt>
      <trkpt lat="52.71584277972579" lon="6.039439179003239">
        <ele>-11.0</ele>
      </trkpt>
      <trkpt lat="52.71585367619991" lon="6.0394601337611675">
        <ele>-11.0</ele>
      </trkpt>
      <trkpt lat="52.715865997597575" lon="6.039481842890382">
        <ele>-11.0</ele>
      </trkpt>
      <trkpt lat="52.715877229347825" lon="6.039502881467342">
        <ele>-11.0</ele>
      </trkpt>
      <trkpt lat="52.715890891849995" lon="6.0395190585404634">
        <ele>-11.0</ele>
      </trkpt>
      <trkpt lat="52.715904638171196" lon="6.039535570889711">
        <ele>-11.0</ele>
      </trkpt>
      <trkpt lat="52.715916791930795" lon="6.039549233391881">
        <ele>-11.0</ele>
      </trkpt>
      <trkpt lat="52.71593112498522" lon="6.039564153179526">
        <ele>-11.0</ele>
      </trkpt>
      <trkpt lat="52.71594495512545" lon="6.039576893672347">
        <ele>-11.0</ele>
      </trkpt>
      <trkpt lat="52.7159630600363" lon="6.039590472355485">
        <ele>-11.0</ele>
      </trkpt>
      <trkpt lat="52.71598108112812" lon="6.039604051038623">
        <ele>-11.0</ele>
      </trkpt>
      <trkpt lat="52.71599851548672" lon="6.039620814844966">
        <ele>-11.0</ele>
      </trkpt>
      <trkpt lat="52.716014022007585" lon="6.039633471518755">
        <ele>-11.199999809265137</ele>
      </trkpt>
      <trkpt lat="52.71603279747069" lon="6.039647301658988">
        <ele>-11.199999809265137</ele>
      </trkpt>
      <trkpt lat="52.71604998037219" lon="6.039659371599555">
        <ele>-11.199999809265137</ele>
      </trkpt>
      <trkpt lat="52.71607202477753" lon="6.039672866463661">
        <ele>-11.199999809265137</ele>
      </trkpt>
      <trkpt lat="52.71608920767903" lon="6.03968451730907">
        <ele>-11.0</ele>
      </trkpt>
      <trkpt lat="52.71611058153212" lon="6.0396951623260975">
        <ele>-11.199999809265137</ele>
      </trkpt>
      <trkpt lat="52.71612751297653" lon="6.039705220609903">
        <ele>-11.0</ele>
      </trkpt>
      <trkpt lat="52.71614612080157" lon="6.039717458188534">
        <ele>-11.0</ele>
      </trkpt>
      <trkpt lat="52.71616288460791" lon="6.0397307854145765">
        <ele>-11.0</ele>
      </trkpt>
      <trkpt lat="52.71617830730975" lon="6.039744112640619">
        <ele>-11.0</ele>
      </trkpt>
      <trkpt lat="52.716193813830614" lon="6.039755092933774">
        <ele>-11.0</ele>
      </trkpt>
      <trkpt lat="52.71621074527502" lon="6.039762552827597">
        <ele>-11.0</ele>
      </trkpt>
      <trkpt lat="52.71622600033879" lon="6.0397675819695">
        <ele>-11.0</ele>
      </trkpt>
      <trkpt lat="52.71624150685966" lon="6.039771689102054">
        <ele>-11.0</ele>
      </trkpt>
      <trkpt lat="52.71625961177051" lon="6.03977931663394">
        <ele>-11.199999809265137</ele>
      </trkpt>
      <trkpt lat="52.71627863869071" lon="6.039785519242287">
        <ele>-11.0</ele>
      </trkpt>
      <trkpt lat="52.716297917068005" lon="6.03979448787868">
        <ele>-11.0</ele>
      </trkpt>
      <trkpt lat="52.71631484851241" lon="6.039802534505725">
        <ele>-11.0</ele>
      </trkpt>
      <trkpt lat="52.71633127704263" lon="6.039810832589865">
        <ele>-11.0</ele>
      </trkpt>
      <trkpt lat="52.71635030396283" lon="6.039815694093704">
        <ele>-11.199999809265137</ele>
      </trkpt>
      <trkpt lat="52.71636907942593" lon="6.039821393787861">
        <ele>-11.199999809265137</ele>
      </trkpt>
      <trkpt lat="52.716389363631606" lon="6.039824243634939">
        <ele>-11.199999809265137</ele>
      </trkpt>
      <trkpt lat="52.71640872582793" lon="6.039831452071667">
        <ele>-11.199999809265137</ele>
      </trkpt>
      <trkpt lat="52.71642574109137" lon="6.039834972470999">
        <ele>-11.199999809265137</ele>
      </trkpt>
      <trkpt lat="52.71644376218319" lon="6.039840169250965">
        <ele>-11.199999809265137</ele>
      </trkpt>
      <trkpt lat="52.71646371111274" lon="6.039842516183853">
        <ele>-11.199999809265137</ele>
      </trkpt>
      <trkpt lat="52.716481648385525" lon="6.03984821587801">
        <ele>-11.199999809265137</ele>
      </trkpt>
      <trkpt lat="52.716500675305724" lon="6.039849556982517">
        <ele>-11.199999809265137</ele>
      </trkpt>
      <trkpt lat="52.71651760675013" lon="6.039853999391198">
        <ele>-11.199999809265137</ele>
      </trkpt>
      <trkpt lat="52.71653621457517" lon="6.039856933057308">
        <ele>-11.399999618530273</ele>
      </trkpt>
      <trkpt lat="52.716553481295705" lon="6.0398615431040525">
        <ele>-11.399999618530273</ele>
      </trkpt>
      <trkpt lat="52.71658633835614" lon="6.039869338274002">
        <ele>-11.600000381469727</ele>
      </trkpt>
      <trkpt lat="52.71658633835614" lon="6.039869338274002">
        <ele>-11.800000190734863</ele>
      </trkpt>
      <trkpt lat="52.71660318598151" lon="6.039873864501715">
        <ele>-11.800000190734863</ele>
      </trkpt>
      <trkpt lat="52.71662212908268" lon="6.0398804023861885">
        <ele>-11.800000190734863</ele>
      </trkpt>
      <trkpt lat="52.716641407459974" lon="6.039883084595203">
        <ele>-11.800000190734863</ele>
      </trkpt>
      <trkpt lat="52.71666160784662" lon="6.03988928720355">
        <ele>-11.800000190734863</ele>
      </trkpt>
      <trkpt lat="52.716681472957134" lon="6.039894400164485">
        <ele>-11.800000190734863</ele>
      </trkpt>
      <trkpt lat="52.71670083515346" lon="6.039899094030261">
        <ele>-11.800000190734863</ele>
      </trkpt>
      <trkpt lat="52.716715671122074" lon="6.0399005189538">
        <ele>-11.600000381469727</ele>
      </trkpt>
      <trkpt lat="52.716729836538434" lon="6.039900267496705">
        <ele>-11.600000381469727</ele>
      </trkpt>
      <trkpt lat="52.716745091602206" lon="6.039901860058308">
        <ele>-11.399999618530273</ele>
      </trkpt>
      <trkpt lat="52.71676101721823" lon="6.0399010218679905">
        <ele>-11.199999809265137</ele>
      </trkpt>
      <trkpt lat="52.71677954122424" lon="6.039902614429593">
        <ele>-11.199999809265137</ele>
      </trkpt>
      <trkpt lat="52.716796305030584" lon="6.03990345261991">
        <ele>-11.199999809265137</ele>
      </trkpt>
      <trkpt lat="52.71681214682758" lon="6.039906721562147">
        <ele>-11.199999809265137</ele>
      </trkpt>
      <trkpt lat="52.7168299164623" lon="6.03990831412375">
        <ele>-11.199999809265137</ele>
      </trkpt>
      <trkpt lat="52.71684969775379" lon="6.039911415427923">
        <ele>-11.399999618530273</ele>
      </trkpt>
      <trkpt lat="52.71686931140721" lon="6.039911834523082">
        <ele>-11.600000381469727</ele>
      </trkpt>
      <trkpt lat="52.71689135581255" lon="6.039913510903716">
        <ele>-11.800000190734863</ele>
      </trkpt>
      <trkpt lat="52.71691222675145" lon="6.0399142652750015">
        <ele>-11.800000190734863</ele>
      </trkpt>
      <trkpt lat="52.71693209186196" lon="6.039918791502714">
        <ele>-11.800000190734863</ele>
      </trkpt>
      <trkpt lat="52.71695187315345" lon="6.0399204678833485">
        <ele>-11.800000190734863</ele>
      </trkpt>
      <trkpt lat="52.716971822082996" lon="6.039926167577505">
        <ele>-11.800000190734863</ele>
      </trkpt>
      <trkpt lat="52.71699110046029" lon="6.039927424862981">
        <ele>-11.600000381469727</ele>
      </trkpt>
      <trkpt lat="52.71700928919017" lon="6.039930023252964">
        <ele>-11.399999618530273</ele>
      </trkpt>
      <trkpt lat="52.71702814847231" lon="6.039933208376169">
        <ele>-11.399999618530273</ele>
      </trkpt>
      <trkpt lat="52.717046085745096" lon="6.03993421420455">
        <ele>-11.399999618530273</ele>
      </trkpt>
      <trkpt lat="52.717064525932074" lon="6.03993765078485">
        <ele>-11.399999618530273</ele>
      </trkpt>
      <trkpt lat="52.717082630842924" lon="6.039938405156136">
        <ele>-11.199999809265137</ele>
      </trkpt>
      <trkpt lat="52.717101741582155" lon="6.039941757917404">
        <ele>-11.199999809265137</ele>
      </trkpt>
      <trkpt lat="52.717119259759784" lon="6.039942344650626">
        <ele>-11.0</ele>
      </trkpt>
      <trkpt lat="52.71713946014643" lon="6.039944523945451">
        <ele>-11.0</ele>
      </trkpt>
      <trkpt lat="52.71715823560953" lon="6.039943601936102">
        <ele>-11.0</ele>
      </trkpt>
      <trkpt lat="52.71717634052038" lon="6.039944104850292">
        <ele>-11.0</ele>
      </trkpt>
      <trkpt lat="52.71719318814576" lon="6.039941171184182">
        <ele>-11.0</ele>
      </trkpt>
      <trkpt lat="52.71721095778048" lon="6.039939327165484">
        <ele>-11.199999809265137</ele>
      </trkpt>
      <trkpt lat="52.71722964942455" lon="6.0399372316896915">
        <ele>-11.199999809265137</ele>
      </trkpt>
      <trkpt lat="52.717246832326055" lon="6.039936980232596">
        <ele>-11.199999809265137</ele>
      </trkpt>
      <trkpt lat="52.71726476959884" lon="6.039936980232596">
        <ele>-11.399999618530273</ele>
      </trkpt>
      <trkpt lat="52.71728186868131" lon="6.039935722947121">
        <ele>-11.600000381469727</ele>
      </trkpt>
      <trkpt lat="52.71729854866862" lon="6.039934465661645">
        <ele>-11.600000381469727</ele>
      </trkpt>
      <trkpt lat="52.717313300818205" lon="6.03993178345263">
        <ele>-11.600000381469727</ele>
      </trkpt>
      <trkpt lat="52.717331824824214" lon="6.039930526167154">
        <ele>-11.399999618530273</ele>
      </trkpt>
      <trkpt lat="52.717349426820874" lon="6.039928765967488">
        <ele>-11.199999809265137</ele>
      </trkpt>
      <trkpt lat="52.71736761555076" lon="6.03992834687233">
        <ele>-11.199999809265137</ele>
      </trkpt>
      <trkpt lat="52.71738404408097" lon="6.039928179234266">
        <ele>-11.199999809265137</ele>
      </trkpt>
      <trkpt lat="52.717401226982474" lon="6.03992935270071">
        <ele>-11.199999809265137</ele>
      </trkpt>
      <trkpt lat="52.71741824224591" lon="6.039930023252964">
        <ele>-11.199999809265137</ele>
      </trkpt>
      <trkpt lat="52.717435425147414" lon="6.039928263053298">
        <ele>-11.199999809265137</ele>
      </trkpt>
      <trkpt lat="52.717454535886645" lon="6.039927508682013">
        <ele>-11.199999809265137</ele>
      </trkpt>
      <trkpt lat="52.717470712959766" lon="6.039926083758473">
        <ele>-11.0</ele>
      </trkpt>
      <trkpt lat="52.71748906932771" lon="6.039926083758473">
        <ele>-11.0</ele>
      </trkpt>
      <trkpt lat="52.717506838962436" lon="6.039921892806888">
        <ele>-10.800000190734863</ele>
      </trkpt>
      <trkpt lat="52.71752703934908" lon="6.039919042959809">
        <ele>-10.800000190734863</ele>
      </trkpt>
      <trkpt lat="52.717546317726374" lon="6.039918707683682">
        <ele>-10.800000190734863</ele>
      </trkpt>
      <trkpt lat="52.717565009370446" lon="6.039919713512063">
        <ele>-10.800000190734863</ele>
      </trkpt>
      <trkpt lat="52.717582527548075" lon="6.039920216426253">
        <ele>-11.0</ele>
      </trkpt>
      <trkpt lat="52.71759979426861" lon="6.039920132607222">
        <ele>-11.0</ele>
      </trkpt>
      <trkpt lat="52.71761689335108" lon="6.039918540045619">
        <ele>-11.199999809265137</ele>
      </trkpt>
      <trkpt lat="52.71763181313872" lon="6.039915103465319">
        <ele>-11.199999809265137</ele>
      </trkpt>
      <trkpt lat="52.71764723584056" lon="6.039914768189192">
        <ele>-11.0</ele>
      </trkpt>
      <trkpt lat="52.71766358055174" lon="6.039917282760143">
        <ele>-11.199999809265137</ele>
      </trkpt>
      <trkpt lat="52.71768135018647" lon="6.039917701855302">
        <ele>-11.199999809265137</ele>
      </trkpt>
      <trkpt lat="52.7176967728883" lon="6.0399148520082235">
        <ele>-11.199999809265137</ele>
      </trkpt>
      <trkpt lat="52.71771169267595" lon="6.039909990504384">
        <ele>-11.199999809265137</ele>
      </trkpt>
      <trkpt lat="52.717727115377784" lon="6.039909822866321">
        <ele>-11.199999809265137</ele>
      </trkpt>
      <trkpt lat="52.71774396300316" lon="6.039906553924084">
        <ele>-11.399999618530273</ele>
      </trkpt>
      <trkpt lat="52.71775737404823" lon="6.039904206991196">
        <ele>-11.399999618530273</ele>
      </trkpt>
      <trkpt lat="52.71777044981718" lon="6.039901189506054">
        <ele>-11.399999618530273</ele>
      </trkpt>
      <trkpt lat="52.717782855033875" lon="6.039896747097373">
        <ele>-11.399999618530273</ele>
      </trkpt>
      <trkpt lat="52.717796601355076" lon="6.0398883651942015">
        <ele>-11.399999618530273</ele>
      </trkpt>
      <trkpt lat="52.71780808456242" lon="6.0398809891194105">
        <ele>-11.399999618530273</ele>
      </trkpt>
      <trkpt lat="52.71782157942653" lon="6.039866236969829">
        <ele>-11.399999618530273</ele>
      </trkpt>
      <trkpt lat="52.71783784031868" lon="6.039854669943452">
        <ele>-11.399999618530273</ele>
      </trkpt>
      <trkpt lat="52.717853263020515" lon="6.039841426536441">
        <ele>-11.399999618530273</ele>
      </trkpt>
      <trkpt lat="52.717868434265256" lon="6.039830110967159">
        <ele>-11.399999618530273</ele>
      </trkpt>
      <trkpt lat="52.71788486279547" lon="6.0398241598159075">
        <ele>-11.399999618530273</ele>
      </trkpt>
      <trkpt lat="52.71790196187794" lon="6.039813933894038">
        <ele>-11.399999618530273</ele>
      </trkpt>
      <trkpt lat="52.71791998296976" lon="6.039806809276342">
        <ele>-11.399999618530273</ele>
      </trkpt>
      <trkpt lat="52.71793649531901" lon="6.039798762649298">
        <ele>-11.399999618530273</ele>
      </trkpt>
      <trkpt lat="52.717951918020844" lon="6.039791218936443">
        <ele>-11.399999618530273</ele>
      </trkpt>
      <trkpt lat="52.717967592179775" lon="6.039780238643289">
        <ele>-11.600000381469727</ele>
      </trkpt>
      <trkpt lat="52.7179835177958" lon="6.039767833426595">
        <ele>-11.600000381469727</ele>
      </trkpt>
      <trkpt lat="52.71799843758345" lon="6.039756936952472">
        <ele>-11.399999618530273</ele>
      </trkpt>
      <trkpt lat="52.71801268681884" lon="6.039746459573507">
        <ele>-11.199999809265137</ele>
      </trkpt>
      <trkpt lat="52.718026265501976" lon="6.039729528129101">
        <ele>-11.0</ele>
      </trkpt>
      <trkpt lat="52.718040347099304" lon="6.039707651361823">
        <ele>-11.0</ele>
      </trkpt>
      <trkpt lat="52.71805576980114" lon="6.0396939888596535">
        <ele>-11.0</ele>
      </trkpt>
      <trkpt lat="52.718072701245546" lon="6.039675967767835">
        <ele>-11.0</ele>
      </trkpt>
      <trkpt lat="52.71808703429997" lon="6.039660796523094">
        <ele>-11.0</ele>
      </trkpt>
      <trkpt lat="52.7180992718786" lon="6.039641685783863">
        <ele>-11.0</ele>
      </trkpt>
      <trkpt lat="52.7181148622185" lon="6.039631459861994">
        <ele>-11.0</ele>
      </trkpt>
      <trkpt lat="52.718130284920335" lon="6.039619976654649">
        <ele>-11.199999809265137</ele>
      </trkpt>
      <trkpt lat="52.718147384002805" lon="6.039610421285033">
        <ele>-11.199999809265137</ele>
      </trkpt>
      <trkpt lat="52.71816221997142" lon="6.039602039381862">
        <ele>-11.199999809265137</ele>
      </trkpt>
      <trkpt lat="52.7181753795594" lon="6.03959416039288">
        <ele>-11.399999618530273</ele>
      </trkpt>
      <trkpt lat="52.71818962879479" lon="6.039586700499058">
        <ele>-11.399999618530273</ele>
      </trkpt>
      <trkpt lat="52.718205051496625" lon="6.039578905329108">
        <ele>-11.600000381469727</ele>
      </trkpt>
      <trkpt lat="52.71822039037943" lon="6.039574630558491">
        <ele>-11.600000381469727</ele>
      </trkpt>
      <trkpt lat="52.71823514252901" lon="6.039568847045302">
        <ele>-11.600000381469727</ele>
      </trkpt>
      <trkpt lat="52.718255845829844" lon="6.039567422121763">
        <ele>-11.600000381469727</ele>
      </trkpt>
      <trkpt lat="52.71827721968293" lon="6.039564069360495">
        <ele>-11.600000381469727</ele>
      </trkpt>
      <trkpt lat="52.718298342078924" lon="6.039559962227941">
        <ele>-11.399999618530273</ele>
      </trkpt>
      <trkpt lat="52.71831485442817" lon="6.039556860923767">
        <ele>-11.600000381469727</ele>
      </trkpt>
      <trkpt lat="52.71832901984453" lon="6.039550574496388">
        <ele>-11.600000381469727</ele>
      </trkpt>
      <trkpt lat="52.71834519691765" lon="6.039547976106405">
        <ele>-11.600000381469727</ele>
      </trkpt>
      <trkpt lat="52.718360368162394" lon="6.039543617516756">
        <ele>-11.600000381469727</ele>
      </trkpt>
      <trkpt lat="52.71837336011231" lon="6.039540097117424">
        <ele>-11.600000381469727</ele>
      </trkpt>
      <trkpt lat="52.71838752552867" lon="6.039536744356155">
        <ele>-11.399999618530273</ele>
      </trkpt>
      <trkpt lat="52.718402529135346" lon="6.039537750184536">
        <ele>-11.600000381469727</ele>
      </trkpt>
      <trkpt lat="52.71841887384653" lon="6.0395369958132505">
        <ele>-11.399999618530273</ele>
      </trkpt>
      <trkpt lat="52.718434715643525" lon="6.039533810690045">
        <ele>-11.399999618530273</ele>
      </trkpt>
      <trkpt lat="52.71844846196473" lon="6.03953062556684">
        <ele>-11.399999618530273</ele>
      </trkpt>
      <trkpt lat="52.718463968485594" lon="6.039530457928777">
        <ele>-11.399999618530273</ele>
      </trkpt>
      <trkpt lat="52.71848341450095" lon="6.039529116824269">
        <ele>-11.399999618530273</ele>
      </trkpt>
      <trkpt lat="52.718504117801785" lon="6.039531799033284">
        <ele>-11.399999618530273</ele>
      </trkpt>
      <trkpt lat="52.71852289326489" lon="6.039530457928777">
        <ele>-11.399999618530273</ele>
      </trkpt>
      <trkpt lat="52.71853722631931" lon="6.039530374109745">
        <ele>-11.399999618530273</ele>
      </trkpt>
      <trkpt lat="52.7185533195734" lon="6.0395299550145864">
        <ele>-11.199999809265137</ele>
      </trkpt>
      <trkpt lat="52.71856991574168" lon="6.039531463757157">
        <ele>-11.199999809265137</ele>
      </trkpt>
      <trkpt lat="52.71858927793801" lon="6.039530960842967">
        <ele>-11.0</ele>
      </trkpt>
      <trkpt lat="52.71860922686756" lon="6.0395323019474745">
        <ele>-11.0</ele>
      </trkpt>
      <trkpt lat="52.718629678711295" lon="6.039531882852316">
        <ele>-11.199999809265137</ele>
      </trkpt>
      <trkpt lat="52.71865239366889" lon="6.0395317152142525">
        <ele>-11.199999809265137</ele>
      </trkpt>
      <trkpt lat="52.718670163303614" lon="6.03952961973846">
        <ele>-11.199999809265137</ele>
      </trkpt>
      <trkpt lat="52.718686340376735" lon="6.039526518434286">
        <ele>-11.399999618530273</ele>
      </trkpt>
      <trkpt lat="52.71870268508792" lon="6.039530038833618">
        <ele>-11.399999618530273</ele>
      </trkpt>
      <trkpt lat="52.718719113618135" lon="6.039526350796223">
        <ele>-11.399999618530273</ele>
      </trkpt>
      <trkpt lat="52.718734284862876" lon="6.039521070197225">
        <ele>-11.399999618530273</ele>
      </trkpt>
      <trkpt lat="52.71875054575503" lon="6.03951646015048">
        <ele>-11.399999618530273</ele>
      </trkpt>
      <trkpt lat="52.718766974285245" lon="6.039514783769846">
        <ele>-11.399999618530273</ele>
      </trkpt>
      <trkpt lat="52.718784827739" lon="6.039515286684036">
        <ele>-11.600000381469727</ele>
      </trkpt>
      <trkpt lat="52.71880192682147" lon="6.03951352648437">
        <ele>-11.399999618530273</ele>
      </trkpt>
      <trkpt lat="52.718817349523306" lon="6.039511011913419">
        <ele>-11.399999618530273</ele>
      </trkpt>
      <trkpt lat="52.71883176639676" lon="6.039508581161499">
        <ele>-11.399999618530273</ele>
      </trkpt>
      <trkpt lat="52.71884685382247" lon="6.039507407695055">
        <ele>-11.399999618530273</ele>
      </trkpt>
      <trkpt lat="52.71886018104851" lon="6.039506234228611">
        <ele>-11.399999618530273</ele>
      </trkpt>
      <trkpt lat="52.71887183189392" lon="6.039505312219262">
        <ele>-11.399999618530273</ele>
      </trkpt>
      <trkpt lat="52.7188815549016" lon="6.039503384381533">
        <ele>-11.199999809265137</ele>
      </trkpt>
      <trkpt lat="52.71888851188123" lon="6.039502378553152">
        <ele>-11.199999809265137</ele>
      </trkpt>
      <trkpt lat="52.718900833278894" lon="6.039501708000898">
        <ele>-11.0</ele>
      </trkpt>
      <trkpt lat="52.71890988573432" lon="6.039502713829279">
        <ele>-11.0</ele>
      </trkpt>
      <trkpt lat="52.71892011165619" lon="6.0395048931241035">
        <ele>-11.0</ele>
      </trkpt>
      <trkpt lat="52.71893058903515" lon="6.039506401866674">
        <ele>-11.0</ele>
      </trkpt>
      <trkpt lat="52.718939892947674" lon="6.039505731314421">
        <ele>-11.0</ele>
      </trkpt>
      <trkpt lat="52.718948191031814" lon="6.039503803476691">
        <ele>-11.199999809265137</ele>
      </trkpt>
      <trkpt lat="52.71895623765886" lon="6.0395013727247715">
        <ele>-11.199999809265137</ele>
      </trkpt>
      <trkpt lat="52.718964368104935" lon="6.0395001992583275">
        <ele>-11.399999618530273</ele>
      </trkpt>
      <trkpt lat="52.71897392347455" lon="6.039499863982201">
        <ele>-11.399999618530273</ele>
      </trkpt>
      <trkpt lat="52.71898230537772" lon="6.039497181773186">
        <ele>-11.399999618530273</ele>
      </trkpt>
      <trkpt lat="52.71898766979575" lon="6.0394939966499805">
        <ele>-11.399999618530273</ele>
      </trkpt>
      <trkpt lat="52.718991776928306" lon="6.039488883689046">
        <ele>-11.399999618530273</ele>
      </trkpt>
      <trkpt lat="52.71899621933699" lon="6.039488045498729">
        <ele>-11.600000381469727</ele>
      </trkpt>
      <trkpt lat="52.71900619380176" lon="6.039458457380533">
        <ele>-11.0</ele>
      </trkpt>
      <trkpt lat="52.719005942344666" lon="6.039459127932787">
        <ele>-11.0</ele>
      </trkpt>
      <trkpt lat="52.71900560706854" lon="6.039459798485041">
        <ele>-11.0</ele>
      </trkpt>
      <trkpt lat="52.71900535561144" lon="6.039462815970182">
        <ele>-11.199999809265137</ele>
      </trkpt>
      <trkpt lat="52.71900552324951" lon="6.039464073255658">
        <ele>-11.800000190734863</ele>
      </trkpt>
      <trkpt lat="52.719005858525634" lon="6.03946658782661">
        <ele>-12.199999809265137</ele>
      </trkpt>
      <trkpt lat="52.719007451087236" lon="6.039467342197895">
        <ele>-12.399999618530273</ele>
      </trkpt>
      <trkpt lat="52.719008792191744" lon="6.039466755464673">
        <ele>-12.600000381469727</ele>
      </trkpt>
      <trkpt lat="52.71901491098106" lon="6.039470359683037">
        <ele>-12.600000381469727</ele>
      </trkpt>
      <trkpt lat="52.71901968866587" lon="6.039470778778195">
        <ele>-12.600000381469727</ele>
      </trkpt>
      <trkpt lat="52.71902999840677" lon="6.03947245515883">
        <ele>-12.800000190734863</ele>
      </trkpt>
      <trkpt lat="52.71904081106186" lon="6.03947245515883">
        <ele>-12.800000190734863</ele>
      </trkpt>
      <trkpt lat="52.71905304864049" lon="6.039470611140132">
        <ele>-12.800000190734863</ele>
      </trkpt>
      <trkpt lat="52.719067549332976" lon="6.039468934759498">
        <ele>-12.800000190734863</ele>
      </trkpt>
      <trkpt lat="52.71908339112997" lon="6.039468599483371">
        <ele>-12.600000381469727</ele>
      </trkpt>
      <trkpt lat="52.71910040639341" lon="6.0394789930433035">
        <ele>-12.600000381469727</ele>
      </trkpt>
      <trkpt lat="52.71911691874266" lon="6.039485447108746">
        <ele>-12.600000381469727</ele>
      </trkpt>
      <trkpt lat="52.71913175471127" lon="6.039489135146141">
        <ele>-12.800000190734863</ele>
      </trkpt>
      <trkpt lat="52.719146171584725" lon="6.039491482079029">
        <ele>-12.800000190734863</ele>
      </trkpt>
      <trkpt lat="52.71915975026786" lon="6.039491817355156">
        <ele>-12.800000190734863</ele>
      </trkpt>
      <trkpt lat="52.7191751729697" lon="6.039495253935456">
        <ele>-12.800000190734863</ele>
      </trkpt>
      <trkpt lat="52.719189170747995" lon="6.039497517049313">
        <ele>-12.800000190734863</ele>
      </trkpt>
      <trkpt lat="52.719203755259514" lon="6.039495253935456">
        <ele>-12.800000190734863</ele>
      </trkpt>
      <trkpt lat="52.71921959705651" lon="6.0394972655922174">
        <ele>-12.600000381469727</ele>
      </trkpt>
      <trkpt lat="52.719235019758344" lon="6.039496008306742">
        <ele>-12.600000381469727</ele>
      </trkpt>
      <trkpt lat="52.71925086155534" lon="6.039496175944805">
        <ele>-12.600000381469727</ele>
      </trkpt>
      <trkpt lat="52.71926796063781" lon="6.0394910629838705">
        <ele>-12.600000381469727</ele>
      </trkpt>
      <trkpt lat="52.71928505972028" lon="6.039490392431617">
        <ele>-12.600000381469727</ele>
      </trkpt>
      <trkpt lat="52.71930081769824" lon="6.0394895542413">
        <ele>-12.600000381469727</ele>
      </trkpt>
      <trkpt lat="52.71931883879006" lon="6.0394904762506485">
        <ele>-12.600000381469727</ele>
      </trkpt>
      <trkpt lat="52.719333758577704" lon="6.0394910629838705">
        <ele>-12.600000381469727</ele>
      </trkpt>
      <trkpt lat="52.71934968419373" lon="6.039489973336458">
        <ele>-12.399999618530273</ele>
      </trkpt>
      <trkpt lat="52.71936611272395" lon="6.039490895345807">
        <ele>-12.600000381469727</ele>
      </trkpt>
      <trkpt lat="52.7193842176348" lon="6.039488380774856">
        <ele>-12.600000381469727</ele>
      </trkpt>
      <trkpt lat="52.71940181963146" lon="6.039483016356826">
        <ele>-12.600000381469727</ele>
      </trkpt>
      <trkpt lat="52.71942134946585" lon="6.0394813399761915">
        <ele>-12.600000381469727</ele>
      </trkpt>
      <trkpt lat="52.719440376386046" lon="6.039477065205574">
        <ele>-12.800000190734863</ele>
      </trkpt>
      <trkpt lat="52.719458397477865" lon="6.03947589173913">
        <ele>-12.600000381469727</ele>
      </trkpt>
      <trkpt lat="52.719476502388716" lon="6.039470275864005">
        <ele>-12.600000381469727</ele>
      </trkpt>
      <trkpt lat="52.71949569694698" lon="6.039469102397561">
        <ele>-12.399999618530273</ele>
      </trkpt>
      <trkpt lat="52.71951489150524" lon="6.039466671645641">
        <ele>-12.399999618530273</ele>
      </trkpt>
      <trkpt lat="52.71953542716801" lon="6.039464743807912">
        <ele>-12.399999618530273</ele>
      </trkpt>
      <trkpt lat="52.71955579519272" lon="6.039460804313421">
        <ele>-12.399999618530273</ele>
      </trkpt>
      <trkpt lat="52.71957440301776" lon="6.039456948637962">
        <ele>-12.399999618530273</ele>
      </trkpt>
      <trkpt lat="52.719593178480864" lon="6.039453092962503">
        <ele>-12.399999618530273</ele>
      </trkpt>
      <trkpt lat="52.71961195394397" lon="6.03944756090641">
        <ele>-12.399999618530273</ele>
      </trkpt>
      <trkpt lat="52.719629472121596" lon="6.039440520107746">
        <ele>-12.399999618530273</ele>
      </trkpt>
      <trkpt lat="52.719646068289876" lon="6.039433144032955">
        <ele>-12.399999618530273</ele>
      </trkpt>
      <trkpt lat="52.71966375410557" lon="6.039425013586879">
        <ele>-12.399999618530273</ele>
      </trkpt>
      <trkpt lat="52.71968143992126" lon="6.0394177213311195">
        <ele>-12.399999618530273</ele>
      </trkpt>
      <trkpt lat="52.71969803608954" lon="6.039410848170519">
        <ele>-12.600000381469727</ele>
      </trkpt>
      <trkpt lat="52.719715386629105" lon="6.039403975009918">
        <ele>-12.600000381469727</ele>
      </trkpt>
      <trkpt lat="52.71973223425448" lon="6.03939819149673">
        <ele>-12.600000381469727</ele>
      </trkpt>
      <trkpt lat="52.719748076051474" lon="6.039390983060002">
        <ele>-12.399999618530273</ele>
      </trkpt>
      <trkpt lat="52.71976693533361" lon="6.039386792108417">
        <ele>-12.399999618530273</ele>
      </trkpt>
      <trkpt lat="52.719786800444126" lon="6.039382601156831">
        <ele>-12.199999809265137</ele>
      </trkpt>
      <trkpt lat="52.71980658173561" lon="6.0393791645765305">
        <ele>-12.199999809265137</ele>
      </trkpt>
      <trkpt lat="52.7198245190084" lon="6.039376314729452">
        <ele>-12.0</ele>
      </trkpt>
      <trkpt lat="52.71984212100506" lon="6.039370112121105">
        <ele>-12.0</ele>
      </trkpt>
      <trkpt lat="52.71985947154462" lon="6.03936935774982">
        <ele>-12.0</ele>
      </trkpt>
      <trkpt lat="52.7198779117316" lon="6.039369609206915">
        <ele>-12.0</ele>
      </trkpt>
      <trkpt lat="52.719896184280515" lon="6.0393688548356295">
        <ele>-12.199999809265137</ele>
      </trkpt>
      <trkpt lat="52.71991127170622" lon="6.039365418255329">
        <ele>-12.199999809265137</ele>
      </trkpt>
      <trkpt lat="52.71992862224579" lon="6.039361311122775">
        <ele>-12.199999809265137</ele>
      </trkpt>
      <trkpt lat="52.719947984442115" lon="6.039356952533126">
        <ele>-12.199999809265137</ele>
      </trkpt>
      <trkpt lat="52.719966089352965" lon="6.0393499955534935">
        <ele>-12.199999809265137</ele>
      </trkpt>
      <trkpt lat="52.71998444572091" lon="6.0393458884209394">
        <ele>-12.199999809265137</ele>
      </trkpt>
      <trkpt lat="52.720002215355635" lon="6.0393385123461485">
        <ele>-12.199999809265137</ele>
      </trkpt>
      <trkpt lat="52.72001948207617" lon="6.039331555366516">
        <ele>-12.399999618530273</ele>
      </trkpt>
      <trkpt lat="52.72003683261573" lon="6.039322922006249">
        <ele>-12.399999618530273</ele>
      </trkpt>
      <trkpt lat="52.720054937526584" lon="6.039315378293395">
        <ele>-12.600000381469727</ele>
      </trkpt>
      <trkpt lat="52.72007195279002" lon="6.039306577295065">
        <ele>-12.600000381469727</ele>
      </trkpt>
      <trkpt lat="52.72008938714862" lon="6.039300542324781">
        <ele>-12.600000381469727</ele>
      </trkpt>
      <trkpt lat="52.72010564804077" lon="6.03929023258388">
        <ele>-12.600000381469727</ele>
      </trkpt>
      <trkpt lat="52.72012274712324" lon="6.03928436525166">
        <ele>-12.600000381469727</ele>
      </trkpt>
      <trkpt lat="52.72014135494828" lon="6.039276486262679">
        <ele>-12.600000381469727</ele>
      </trkpt>
      <trkpt lat="52.7201593760401" lon="6.0392719600349665">
        <ele>-12.399999618530273</ele>
      </trkpt>
      <trkpt lat="52.720176726579666" lon="6.039265003055334">
        <ele>-12.399999618530273</ele>
      </trkpt>
      <trkpt lat="52.72019508294761" lon="6.039258046075702">
        <ele>-12.399999618530273</ele>
      </trkpt>
      <trkpt lat="52.720211846753955" lon="6.039253938943148">
        <ele>-12.399999618530273</ele>
      </trkpt>
      <trkpt lat="52.72022970020771" lon="6.039247652515769">
        <ele>-12.399999618530273</ele>
      </trkpt>
      <trkpt lat="52.72024730220437" lon="6.039240946993232">
        <ele>-12.399999618530273</ele>
      </trkpt>
      <trkpt lat="52.72026523947716" lon="6.039236001670361">
        <ele>-12.399999618530273</ele>
      </trkpt>
      <trkpt lat="52.72027965635061" lon="6.039231726899743">
        <ele>-12.600000381469727</ele>
      </trkpt>
      <trkpt lat="52.720294492319226" lon="6.039223177358508">
        <ele>-12.600000381469727</ele>
      </trkpt>
      <trkpt lat="52.720307065173984" lon="6.039212699979544">
        <ele>-12.600000381469727</ele>
      </trkpt>
      <trkpt lat="52.72032248787582" lon="6.039201803505421">
        <ele>-12.399999618530273</ele>
      </trkpt>
      <trkpt lat="52.72033757530153" lon="6.0391924995929">
        <ele>-12.600000381469727</ele>
      </trkpt>
      <trkpt lat="52.7203528303653" lon="6.039183028042316">
        <ele>-12.600000381469727</ele>
      </trkpt>
      <trkpt lat="52.720372108742595" lon="6.039174059405923">
        <ele>-12.800000190734863</ele>
      </trkpt>
      <trkpt lat="52.72038694471121" lon="6.039165090769529">
        <ele>-12.600000381469727</ele>
      </trkpt>
      <trkpt lat="52.72040504962206" lon="6.039157044142485">
        <ele>-12.600000381469727</ele>
      </trkpt>
      <trkpt lat="52.72042231634259" lon="6.039145980030298">
        <ele>-12.800000190734863</ele>
      </trkpt>
      <trkpt lat="52.72044067271054" lon="6.039137262851">
        <ele>-12.800000190734863</ele>
      </trkpt>
      <trkpt lat="52.720458609983325" lon="6.039125192910433">
        <ele>-12.800000190734863</ele>
      </trkpt>
      <trkpt lat="52.72047679871321" lon="6.039117397740483">
        <ele>-12.800000190734863</ele>
      </trkpt>
      <trkpt lat="52.72049599327147" lon="6.039111781865358">
        <ele>-13.0</ele>
      </trkpt>
      <trkpt lat="52.72051359526813" lon="6.039103148505092">
        <ele>-13.0</ele>
      </trkpt>
      <trkpt lat="52.72053329274058" lon="6.03909719735384">
        <ele>-13.0</ele>
      </trkpt>
      <trkpt lat="52.72055039182305" lon="6.039086636155844">
        <ele>-13.0</ele>
      </trkpt>
      <trkpt lat="52.72056623362005" lon="6.039076829329133">
        <ele>-13.0</ele>
      </trkpt>
      <trkpt lat="52.720584170892835" lon="6.039060736075044">
        <ele>-12.800000190734863</ele>
      </trkpt>
      <trkpt lat="52.72060009650886" lon="6.039050677791238">
        <ele>-13.0</ele>
      </trkpt>
      <trkpt lat="52.720616860315204" lon="6.039039948955178">
        <ele>-12.800000190734863</ele>
      </trkpt>
      <trkpt lat="52.72063571959734" lon="6.039033578708768">
        <ele>-12.800000190734863</ele>
      </trkpt>
      <trkpt lat="52.7206514775753" lon="6.039025615900755">
        <ele>-12.800000190734863</ele>
      </trkpt>
      <trkpt lat="52.720668660476804" lon="6.039019245654345">
        <ele>-12.800000190734863</ele>
      </trkpt>
      <trkpt lat="52.72068458609283" lon="6.039008432999253">
        <ele>-12.800000190734863</ele>
      </trkpt>
      <trkpt lat="52.72070034407079" lon="6.039000554010272">
        <ele>-12.800000190734863</ele>
      </trkpt>
      <trkpt lat="52.72071492858231" lon="6.038990914821625">
        <ele>-12.600000381469727</ele>
      </trkpt>
      <trkpt lat="52.7207310218364" lon="6.038978593423963">
        <ele>-12.399999618530273</ele>
      </trkpt>
      <trkpt lat="52.72074652835727" lon="6.038966942578554">
        <ele>-12.399999618530273</ele>
      </trkpt>
      <trkpt lat="52.72076144814491" lon="6.038954788818955">
        <ele>-12.199999809265137</ele>
      </trkpt>
      <trkpt lat="52.72077645175159" lon="6.038941042497754">
        <ele>-12.199999809265137</ele>
      </trkpt>
      <trkpt lat="52.72079262882471" lon="6.038928302004933">
        <ele>-12.199999809265137</ele>
      </trkpt>
      <trkpt lat="52.72080821916461" lon="6.038915729150176">
        <ele>-12.199999809265137</ele>
      </trkpt>
      <trkpt lat="52.72082297131419" lon="6.038902401924133">
        <ele>-12.199999809265137</ele>
      </trkpt>
      <trkpt lat="52.72083889693022" lon="6.038890583440661">
        <ele>-12.199999809265137</ele>
      </trkpt>
      <trkpt lat="52.72085507400334" lon="6.038879184052348">
        <ele>-12.199999809265137</ele>
      </trkpt>
      <trkpt lat="52.72087041288614" lon="6.038867449387908">
        <ele>-12.399999618530273</ele>
      </trkpt>
      <trkpt lat="52.72088633850217" lon="6.0388563852757215">
        <ele>-12.199999809265137</ele>
      </trkpt>
      <trkpt lat="52.72090285085142" lon="6.0388431418687105">
        <ele>-12.199999809265137</ele>
      </trkpt>
      <trkpt lat="52.72092045284808" lon="6.038831910118461">
        <ele>-12.199999809265137</ele>
      </trkpt>
      <trkpt lat="52.720937971025705" lon="6.038820846006274">
        <ele>-12.199999809265137</ele>
      </trkpt>
      <trkpt lat="52.72095490247011" lon="6.038809530436993">
        <ele>-12.199999809265137</ele>
      </trkpt>
      <trkpt lat="52.72097300738096" lon="6.038798550143838">
        <ele>-12.199999809265137</ele>
      </trkpt>
      <trkpt lat="52.720990190282464" lon="6.038785809651017">
        <ele>-12.199999809265137</ele>
      </trkpt>
      <trkpt lat="52.7210090495646" lon="6.038774326443672">
        <ele>-12.399999618530273</ele>
      </trkpt>
      <trkpt lat="52.72102556191385" lon="6.038762424141169">
        <ele>-12.600000381469727</ele>
      </trkpt>
      <trkpt lat="52.72104475647211" lon="6.038752198219299">
        <ele>-12.800000190734863</ele>
      </trkpt>
      <trkpt lat="52.72106076590717" lon="6.03873903863132">
        <ele>-12.800000190734863</ele>
      </trkpt>
      <trkpt lat="52.72107895463705" lon="6.038727555423975">
        <ele>-12.800000190734863</ele>
      </trkpt>
      <trkpt lat="52.72109538316727" lon="6.038714814931154">
        <ele>-13.0</ele>
      </trkpt>
      <trkpt lat="52.72111214697361" lon="6.038703499361873">
        <ele>-13.0</ele>
      </trkpt>
      <trkpt lat="52.721128491684794" lon="6.0386911779642105">
        <ele>-13.0</ele>
      </trkpt>
      <trkpt lat="52.721144668757915" lon="6.0386802814900875">
        <ele>-13.0</ele>
      </trkpt>
      <trkpt lat="52.721160342916846" lon="6.038668463006616">
        <ele>-13.0</ele>
      </trkpt>
      <trkpt lat="52.72117651998997" lon="6.03865647688508">
        <ele>-13.0</ele>
      </trkpt>
      <trkpt lat="52.72119185887277" lon="6.038644406944513">
        <ele>-13.0</ele>
      </trkpt>
      <trkpt lat="52.721207197755575" lon="6.038632756099105">
        <ele>-13.0</ele>
      </trkpt>
      <trkpt lat="52.721222369000316" lon="6.038619512692094">
        <ele>-13.0</ele>
      </trkpt>
      <trkpt lat="52.721238881349564" lon="6.03860761038959">
        <ele>-12.800000190734863</ele>
      </trkpt>
      <trkpt lat="52.72125497460365" lon="6.038594953715801">
        <ele>-12.800000190734863</ele>
      </trkpt>
      <trkpt lat="52.72127198986709" lon="6.038581123575568">
        <ele>-12.600000381469727</ele>
      </trkpt>
      <trkpt lat="52.72128749638796" lon="6.038567628711462">
        <ele>-12.600000381469727</ele>
      </trkpt>
      <trkpt lat="52.721303505823016" lon="6.038552122190595">
        <ele>-12.600000381469727</ele>
      </trkpt>
      <trkpt lat="52.721318174153566" lon="6.038538962602615">
        <ele>-12.600000381469727</ele>
      </trkpt>
      <trkpt lat="52.72133309394121" lon="6.038523204624653">
        <ele>-12.600000381469727</ele>
      </trkpt>
      <trkpt lat="52.721347846090794" lon="6.038509039208293">
        <ele>-12.600000381469727</ele>
      </trkpt>
      <trkpt lat="52.72136234678328" lon="6.038493616506457">
        <ele>-12.600000381469727</ele>
      </trkpt>
      <trkpt lat="52.7213785238564" lon="6.038478948175907">
        <ele>-12.800000190734863</ele>
      </trkpt>
      <trkpt lat="52.72139260545373" lon="6.0384646989405155">
        <ele>-12.800000190734863</ele>
      </trkpt>
      <trkpt lat="52.721409536898136" lon="6.038451371714473">
        <ele>-12.800000190734863</ele>
      </trkpt>
      <trkpt lat="52.7214234508574" lon="6.038436032831669">
        <ele>-12.800000190734863</ele>
      </trkpt>
      <trkpt lat="52.72143954411149" lon="6.038424549624324">
        <ele>-12.800000190734863</ele>
      </trkpt>
      <trkpt lat="52.72145354188979" lon="6.0384113900363445">
        <ele>-12.800000190734863</ele>
      </trkpt>
      <trkpt lat="52.72146879695356" lon="6.038398817181587">
        <ele>-12.800000190734863</ele>
      </trkpt>
      <trkpt lat="52.72148447111249" lon="6.038386579602957">
        <ele>-12.800000190734863</ele>
      </trkpt>
      <trkpt lat="52.721498385071754" lon="6.038373336195946">
        <ele>-12.800000190734863</ele>
      </trkpt>
      <trkpt lat="52.72151414304972" lon="6.03836135007441">
        <ele>-12.800000190734863</ele>
      </trkpt>
      <trkpt lat="52.721530739218" lon="6.038349950686097">
        <ele>-12.800000190734863</ele>
      </trkpt>
      <trkpt lat="52.72154808975756" lon="6.038339305669069">
        <ele>-12.800000190734863</ele>
      </trkpt>
      <trkpt lat="52.72156225517392" lon="6.0383248049765825">
        <ele>-12.800000190734863</ele>
      </trkpt>
      <trkpt lat="52.7215772587806" lon="6.038309382274747">
        <ele>-12.800000190734863</ele>
      </trkpt>
      <trkpt lat="52.72159243002534" lon="6.038297228515148">
        <ele>-12.800000190734863</ele>
      </trkpt>
      <trkpt lat="52.72161011584103" lon="6.038285074755549">
        <ele>-12.600000381469727</ele>
      </trkpt>
      <trkpt lat="52.72162662819028" lon="6.038274094462395">
        <ele>-12.600000381469727</ele>
      </trkpt>
      <trkpt lat="52.7216446492821" lon="6.038264539092779">
        <ele>-12.600000381469727</ele>
      </trkpt>
      <trkpt lat="52.72166191600263" lon="6.03825431317091">
        <ele>-12.600000381469727</ele>
      </trkpt>
      <trkpt lat="52.72167993709445" lon="6.038243919610977">
        <ele>-12.600000381469727</ele>
      </trkpt>
      <trkpt lat="52.72169594652951" lon="6.038230592384934">
        <ele>-12.600000381469727</ele>
      </trkpt>
      <trkpt lat="52.7217120397836" lon="6.038219360634685">
        <ele>-12.600000381469727</ele>
      </trkpt>
      <trkpt lat="52.72172545082867" lon="6.0382049437612295">
        <ele>-12.800000190734863</ele>
      </trkpt>
      <trkpt lat="52.7217413764447" lon="6.03819421492517">
        <ele>-13.0</ele>
      </trkpt>
      <trkpt lat="52.72175529040396" lon="6.038181809708476">
        <ele>-13.0</ele>
      </trkpt>
      <trkpt lat="52.72177197039127" lon="6.038173343986273">
        <ele>-13.199999809265137</ele>
      </trkpt>
      <trkpt lat="52.72178739309311" lon="6.03816244751215">
        <ele>-13.0</ele>
      </trkpt>
      <trkpt lat="52.72180398926139" lon="6.038152389228344">
        <ele>-13.0</ele>
      </trkpt>
      <trkpt lat="52.721818489953876" lon="6.038143923506141">
        <ele>-13.0</ele>
      </trkpt>
      <trkpt lat="52.72183340974152" lon="6.03813461959362">
        <ele>-12.800000190734863</ele>
      </trkpt>
      <trkpt lat="52.72184992209077" lon="6.038124980404973">
        <ele>-12.800000190734863</ele>
      </trkpt>
      <trkpt lat="52.72186526097357" lon="6.038115089759231">
        <ele>-12.800000190734863</ele>
      </trkpt>
      <trkpt lat="52.72188261151314" lon="6.038105953484774">
        <ele>-12.800000190734863</ele>
      </trkpt>
      <trkpt lat="52.721897615119815" lon="6.038096901029348">
        <ele>-12.800000190734863</ele>
      </trkpt>
      <trkpt lat="52.72191488184035" lon="6.038089776411653">
        <ele>-12.800000190734863</ele>
      </trkpt>
      <trkpt lat="52.72193022072315" lon="6.038079969584942">
        <ele>-12.800000190734863</ele>
      </trkpt>
      <trkpt lat="52.72194614633918" lon="6.038071503862739">
        <ele>-13.0</ele>
      </trkpt>
      <trkpt lat="52.72196106612682" lon="6.038058931007981">
        <ele>-12.800000190734863</ele>
      </trkpt>
      <trkpt lat="52.721977746114135" lon="6.038048453629017">
        <ele>-13.0</ele>
      </trkpt>
      <trkpt lat="52.72199224680662" lon="6.03803638368845">
        <ele>-13.0</ele>
      </trkpt>
      <trkpt lat="52.722008507698774" lon="6.038025990128517">
        <ele>-13.199999809265137</ele>
      </trkpt>
      <trkpt lat="52.7220244333148" lon="6.038015261292458">
        <ele>-13.199999809265137</ele>
      </trkpt>
      <trkpt lat="52.722042202949524" lon="6.038007466122508">
        <ele>-13.199999809265137</ele>
      </trkpt>
      <trkpt lat="52.72205871529877" lon="6.03799631819129">
        <ele>-13.0</ele>
      </trkpt>
      <trkpt lat="52.72207514382899" lon="6.037983577698469">
        <ele>-13.0</ele>
      </trkpt>
      <trkpt lat="52.72209132090211" lon="6.03797142393887">
        <ele>-13.0</ele>
      </trkpt>
      <trkpt lat="52.72210749797523" lon="6.0379590187221766">
        <ele>-13.0</ele>
      </trkpt>
      <trkpt lat="52.722123339772224" lon="6.03794451802969">
        <ele>-13.0</ele>
      </trkpt>
      <trkpt lat="52.72213909775019" lon="6.0379313584417105">
        <ele>-12.800000190734863</ele>
      </trkpt>
      <trkpt lat="52.72215309552848" lon="6.037915851920843">
        <ele>-12.800000190734863</ele>
      </trkpt>
      <trkpt lat="52.72216726094484" lon="6.037903530523181">
        <ele>-13.0</ele>
      </trkpt>
      <trkpt lat="52.722182516008615" lon="6.0378907062113285">
        <ele>-13.0</ele>
      </trkpt>
      <trkpt lat="52.72219777107239" lon="6.037875786423683">
        <ele>-13.199999809265137</ele>
      </trkpt>
      <trkpt lat="52.722213696688414" lon="6.037862375378609">
        <ele>-13.199999809265137</ele>
      </trkpt>
      <trkpt lat="52.72222870029509" lon="6.037846617400646">
        <ele>-13.199999809265137</ele>
      </trkpt>
      <trkpt lat="52.722245045006275" lon="6.037832451984286">
        <ele>-13.199999809265137</ele>
      </trkpt>
      <trkpt lat="52.72225979715586" lon="6.037818035110831">
        <ele>-13.199999809265137</ele>
      </trkpt>
      <trkpt lat="52.72227446548641" lon="6.037803366780281">
        <ele>-13.199999809265137</ele>
      </trkpt>
      <trkpt lat="52.722289469093084" lon="6.0377891175448895">
        <ele>-13.199999809265137</ele>
      </trkpt>
      <trkpt lat="52.7223058976233" lon="6.037775874137878">
        <ele>-13.0</ele>
      </trkpt>
      <trkpt lat="52.72232140414417" lon="6.037760954350233">
        <ele>-13.0</ele>
      </trkpt>
      <trkpt lat="52.722336826846" lon="6.037745447829366">
        <ele>-13.0</ele>
      </trkpt>
      <trkpt lat="52.722351578995585" lon="6.037729941308498">
        <ele>-13.0</ele>
      </trkpt>
      <trkpt lat="52.72236742079258" lon="6.037714937701821">
        <ele>-13.0</ele>
      </trkpt>
      <trkpt lat="52.72238242439926" lon="6.037700269371271">
        <ele>-12.800000190734863</ele>
      </trkpt>
      <trkpt lat="52.72239969111979" lon="6.03768459521234">
        <ele>-12.800000190734863</ele>
      </trkpt>
      <trkpt lat="52.72241544909775" lon="6.037669004872441">
        <ele>-12.800000190734863</ele>
      </trkpt>
      <trkpt lat="52.72243129089475" lon="6.037654923275113">
        <ele>-12.800000190734863</ele>
      </trkpt>
      <trkpt lat="52.722446378320456" lon="6.037638494744897">
        <ele>-12.600000381469727</ele>
      </trkpt>
      <trkpt lat="52.722460543736815" lon="6.037622652947903">
        <ele>-12.600000381469727</ele>
      </trkpt>
      <trkpt lat="52.722475212067366" lon="6.037607733160257">
        <ele>-12.600000381469727</ele>
      </trkpt>
      <trkpt lat="52.72249214351177" lon="6.037594825029373">
        <ele>-12.600000381469727</ele>
      </trkpt>
      <trkpt lat="52.72251016460359" lon="6.0375805757939816">
        <ele>-12.600000381469727</ele>
      </trkpt>
      <trkpt lat="52.722527431324124" lon="6.037567248567939">
        <ele>-12.600000381469727</ele>
      </trkpt>
      <trkpt lat="52.72254469804466" lon="6.03755752556026">
        <ele>-12.800000190734863</ele>
      </trkpt>
      <trkpt lat="52.72255978547037" lon="6.037545623257756">
        <ele>-12.800000190734863</ele>
      </trkpt>
      <trkpt lat="52.722577303647995" lon="6.037534810602665">
        <ele>-12.800000190734863</ele>
      </trkpt>
      <trkpt lat="52.72259281016886" lon="6.037522908300161">
        <ele>-12.800000190734863</ele>
      </trkpt>
      <trkpt lat="52.72260932251811" lon="6.037510335445404">
        <ele>-13.0</ele>
      </trkpt>
      <trkpt lat="52.72262390702963" lon="6.037497594952583">
        <ele>-13.0</ele>
      </trkpt>
      <trkpt lat="52.722641760483384" lon="6.037484435364604">
        <ele>-13.0</ele>
      </trkpt>
      <trkpt lat="52.72265684790909" lon="6.0374725330621">
        <ele>-12.800000190734863</ele>
      </trkpt>
      <trkpt lat="52.722676042467356" lon="6.037460044026375">
        <ele>-13.0</ele>
      </trkpt>
      <trkpt lat="52.722690710797906" lon="6.037448812276125">
        <ele>-12.800000190734863</ele>
      </trkpt>
      <trkpt lat="52.72270646877587" lon="6.0374389216303825">
        <ele>-12.800000190734863</ele>
      </trkpt>
      <trkpt lat="52.722722394391894" lon="6.0374268516898155">
        <ele>-12.600000381469727</ele>
      </trkpt>
      <trkpt lat="52.722739577293396" lon="6.037411680445075">
        <ele>-12.600000381469727</ele>
      </trkpt>
      <trkpt lat="52.72275441326201" lon="6.037396006286144">
        <ele>-12.600000381469727</ele>
      </trkpt>
      <trkpt lat="52.72277092561126" lon="6.037379074841738">
        <ele>-12.600000381469727</ele>
      </trkpt>
      <trkpt lat="52.72278408519924" lon="6.037362730130553">
        <ele>-12.600000381469727</ele>
      </trkpt>
      <trkpt lat="52.72279556840658" lon="6.0373426135629416">
        <ele>-12.600000381469727</ele>
      </trkpt>
      <trkpt lat="52.7228085603565" lon="6.037326185032725">
        <ele>-12.600000381469727</ele>
      </trkpt>
      <trkpt lat="52.72282272577286" lon="6.037309756502509">
        <ele>-12.399999618530273</ele>
      </trkpt>
      <trkpt lat="52.72283714264631" lon="6.037294585257769">
        <ele>-12.399999618530273</ele>
      </trkpt>
      <trkpt lat="52.72285122424364" lon="6.037278659641743">
        <ele>-12.399999618530273</ele>
      </trkpt>
      <trkpt lat="52.722866144031286" lon="6.037266254425049">
        <ele>-12.399999618530273</ele>
      </trkpt>
      <trkpt lat="52.72288039326668" lon="6.03725359775126">
        <ele>-12.399999618530273</ele>
      </trkpt>
      <trkpt lat="52.72289615124464" lon="6.037241779267788">
        <ele>-12.399999618530273</ele>
      </trkpt>
      <trkpt lat="52.72291065193713" lon="6.037230212241411">
        <ele>-12.399999618530273</ele>
      </trkpt>
      <trkpt lat="52.7229277510196" lon="6.0372198186814785">
        <ele>-12.399999618530273</ele>
      </trkpt>
      <trkpt lat="52.72294359281659" lon="6.037207832559943">
        <ele>-12.199999809265137</ele>
      </trkpt>
      <trkpt lat="52.72295909933746" lon="6.037196181714535">
        <ele>-12.199999809265137</ele>
      </trkpt>
      <trkpt lat="52.72297468967736" lon="6.03718469850719">
        <ele>-12.199999809265137</ele>
      </trkpt>
      <trkpt lat="52.7229914534837" lon="6.037173718214035">
        <ele>-12.199999809265137</ele>
      </trkpt>
      <trkpt lat="52.72300721146166" lon="6.037162318825722">
        <ele>-12.199999809265137</ele>
      </trkpt>
      <trkpt lat="52.7230242267251" lon="6.037150416523218">
        <ele>-12.199999809265137</ele>
      </trkpt>
      <trkpt lat="52.72303964942694" lon="6.037138346582651">
        <ele>-12.399999618530273</ele>
      </trkpt>
      <trkpt lat="52.723056161776185" lon="6.037126611918211">
        <ele>-12.399999618530273</ele>
      </trkpt>
      <trkpt lat="52.72307191975415" lon="6.037113117054105">
        <ele>-12.800000190734863</ele>
      </trkpt>
      <trkpt lat="52.723088348284364" lon="6.037101214751601">
        <ele>-12.800000190734863</ele>
      </trkpt>
      <trkpt lat="52.7231021784246" lon="6.037088055163622">
        <ele>-13.0</ele>
      </trkpt>
      <trkpt lat="52.72311634384096" lon="6.037074727937579">
        <ele>-13.0</ele>
      </trkpt>
      <trkpt lat="52.72313117980957" lon="6.037059808149934">
        <ele>-13.0</ele>
      </trkpt>
      <trkpt lat="52.72314517758787" lon="6.037041367962956">
        <ele>-12.800000190734863</ele>
      </trkpt>
      <trkpt lat="52.72315699607134" lon="6.037025023251772">
        <ele>-12.600000381469727</ele>
      </trkpt>
      <trkpt lat="52.723173927515745" lon="6.037011947482824">
        <ele>-12.600000381469727</ele>
      </trkpt>
      <trkpt lat="52.72318775765598" lon="6.036998955532908">
        <ele>-12.600000381469727</ele>
      </trkpt>
      <trkpt lat="52.723204270005226" lon="6.036987053230405">
        <ele>-12.600000381469727</ele>
      </trkpt>
      <trkpt lat="52.72321667522192" lon="6.036975234746933">
        <ele>-12.399999618530273</ele>
      </trkpt>
      <trkpt lat="52.72323176264763" lon="6.036964002996683">
        <ele>-12.399999618530273</ele>
      </trkpt>
      <trkpt lat="52.72324550896883" lon="6.036950424313545">
        <ele>-12.600000381469727</ele>
      </trkpt>
      <trkpt lat="52.723260344937444" lon="6.036937013268471">
        <ele>-12.600000381469727</ele>
      </trkpt>
      <trkpt lat="52.72327576763928" lon="6.036924524232745">
        <ele>-12.600000381469727</ele>
      </trkpt>
      <trkpt lat="52.72328984923661" lon="6.036910945549607">
        <ele>-12.600000381469727</ele>
      </trkpt>
      <trkpt lat="52.72330560721457" lon="6.036900300532579">
        <ele>-12.800000190734863</ele>
      </trkpt>
      <trkpt lat="52.72331776097417" lon="6.036887560039759">
        <ele>-13.0</ele>
      </trkpt>
      <trkpt lat="52.72333041764796" lon="6.03687590919435">
        <ele>-13.0</ele>
      </trkpt>
      <trkpt lat="52.723342990502715" lon="6.036866270005703">
        <ele>-13.0</ele>
      </trkpt>
      <trkpt lat="52.723355144262314" lon="6.036857888102531">
        <ele>-13.0</ele>
      </trkpt>
      <trkpt lat="52.72336486726999" lon="6.036850931122899">
        <ele>-13.199999809265137</ele>
      </trkpt>
      <trkpt lat="52.7233746740967" lon="6.03684070520103">
        <ele>-12.800000190734863</ele>
      </trkpt>
      <trkpt lat="52.72338540293276" lon="6.036833748221397">
        <ele>-12.600000381469727</ele>
      </trkpt>
      <trkpt lat="52.72339504212141" lon="6.036825114861131">
        <ele>-12.600000381469727</ele>
      </trkpt>
      <trkpt lat="52.72340468131006" lon="6.036818493157625">
        <ele>-12.600000381469727</ele>
      </trkpt>
      <trkpt lat="52.72341356612742" lon="6.036809608340263">
        <ele>-12.399999618530273</ele>
      </trkpt>
      <trkpt lat="52.723423037678" lon="6.036810697987676">
        <ele>-12.199999809265137</ele>
      </trkpt>
      <trkpt lat="52.72343074902892" lon="6.036809775978327">
        <ele>-12.199999809265137</ele>
      </trkpt>
      <trkpt lat="52.723438711836934" lon="6.036807177588344">
        <ele>-12.399999618530273</ele>
      </trkpt>
      <trkpt lat="52.72344441153109" lon="6.036798041313887">
        <ele>-12.199999809265137</ele>
      </trkpt>
      <trkpt lat="52.72344566881657" lon="6.036791168153286">
        <ele>-12.199999809265137</ele>
      </trkpt>
      <trkpt lat="52.72344583645463" lon="6.03678303770721">
        <ele>-12.399999618530273</ele>
      </trkpt>
      <trkpt lat="52.72344776429236" lon="6.036775661632419">
        <ele>-12.399999618530273</ele>
      </trkpt>
      <trkpt lat="52.723451452329755" lon="6.036769123747945">
        <ele>-12.600000381469727</ele>
      </trkpt>
      <trkpt lat="52.72345455363393" lon="6.036761663854122">
        <ele>-12.600000381469727</ele>
      </trkpt>
      <trkpt lat="52.723456900566816" lon="6.036752192303538">
        <ele>-12.600000381469727</ele>
      </trkpt>
      <trkpt lat="52.723462767899036" lon="6.036735093221068">
        <ele>-12.600000381469727</ele>
      </trkpt>
      <trkpt lat="52.72346528246999" lon="6.03672000579536">
        <ele>-12.600000381469727</ele>
      </trkpt>
      <trkpt lat="52.72346913814545" lon="6.036705337464809">
        <ele>-12.600000381469727</ele>
      </trkpt>
      <trkpt lat="52.723476849496365" lon="6.0366894118487835">
        <ele>-12.600000381469727</ele>
      </trkpt>
      <trkpt lat="52.72348690778017" lon="6.036674492061138">
        <ele>-12.600000381469727</ele>
      </trkpt>
      <trkpt lat="52.723498307168484" lon="6.036665942519903">
        <ele>-12.600000381469727</ele>
      </trkpt>
      <trkpt lat="52.723512975499034" lon="6.036655381321907">
        <ele>-12.600000381469727</ele>
      </trkpt>
      <trkpt lat="52.72352890111506" lon="6.036649262532592">
        <ele>-12.199999809265137</ele>
      </trkpt>
      <trkpt lat="52.72354365326464" lon="6.036641551181674">
        <ele>-12.600000381469727</ele>
      </trkpt>
      <trkpt lat="52.723559914156795" lon="6.0366325825452805">
        <ele>-12.199999809265137</ele>
      </trkpt>
      <trkpt lat="52.72357567213476" lon="6.036619087681174">
        <ele>-12.199999809265137</ele>
      </trkpt>
      <trkpt lat="52.72359151393175" lon="6.036608777940273">
        <ele>-12.199999809265137</ele>
      </trkpt>
      <trkpt lat="52.723607858642936" lon="6.036598216742277">
        <ele>-12.199999809265137</ele>
      </trkpt>
      <trkpt lat="52.723625460639596" lon="6.03659151121974">
        <ele>-12.399999618530273</ele>
      </trkpt>
      <trkpt lat="52.723642475903034" lon="6.0365845542401075">
        <ele>-12.399999618530273</ele>
      </trkpt>
      <trkpt lat="52.72365689277649" lon="6.036575920879841">
        <ele>-12.399999618530273</ele>
      </trkpt>
      <trkpt lat="52.72367239929736" lon="6.0365677904337645">
        <ele>-12.399999618530273</ele>
      </trkpt>
      <trkpt lat="52.72368513979018" lon="6.036562342196703">
        <ele>-12.600000381469727</ele>
      </trkpt>
      <trkpt lat="52.72369469515979" lon="6.036555469036102">
        <ele>-12.600000381469727</ele>
      </trkpt>
      <trkpt lat="52.72370768710971" lon="6.036543902009726">
        <ele>-12.600000381469727</ele>
      </trkpt>
      <trkpt lat="52.723725037649274" lon="6.036535436287522">
        <ele>-12.800000190734863</ele>
      </trkpt>
      <trkpt lat="52.72374305874109" lon="6.036529736593366">
        <ele>-12.600000381469727</ele>
      </trkpt>
      <trkpt lat="52.72375764325261" lon="6.036526300013065">
        <ele>-12.800000190734863</ele>
      </trkpt>
      <trkpt lat="52.72377465851605" lon="6.036518923938274">
        <ele>-12.800000190734863</ele>
      </trkpt>
      <trkpt lat="52.72378974594176" lon="6.036511212587357">
        <ele>-13.0</ele>
      </trkpt>
      <trkpt lat="52.72380734793842" lon="6.036500902846456">
        <ele>-12.600000381469727</ele>
      </trkpt>
      <trkpt lat="52.72382654249668" lon="6.036491263657808">
        <ele>-13.0</ele>
      </trkpt>
      <trkpt lat="52.72384473122656" lon="6.036483719944954">
        <ele>-13.0</ele>
      </trkpt>
      <trkpt lat="52.72386325523257" lon="6.036475840955973">
        <ele>-13.0</ele>
      </trkpt>
      <trkpt lat="52.72388211451471" lon="6.036469805985689">
        <ele>-13.0</ele>
      </trkpt>
      <trkpt lat="52.723900973796844" lon="6.036461843177676">
        <ele>-13.0</ele>
      </trkpt>
      <trkpt lat="52.72391941398382" lon="6.036451868712902">
        <ele>-13.0</ele>
      </trkpt>
      <trkpt lat="52.72393592633307" lon="6.036440134048462">
        <ele>-13.0</ele>
      </trkpt>
      <trkpt lat="52.72395243868232" lon="6.036429405212402">
        <ele>-12.800000190734863</ele>
      </trkpt>
      <trkpt lat="52.723966436460614" lon="6.036418676376343">
        <ele>-12.600000381469727</ele>
      </trkpt>
      <trkpt lat="52.723984038457274" lon="6.036405432969332">
        <ele>-12.399999618530273</ele>
      </trkpt>
      <trkpt lat="52.72400038316846" lon="6.036392021924257">
        <ele>-12.399999618530273</ele>
      </trkpt>
      <trkpt lat="52.72401806898415" lon="6.0363804548978806">
        <ele>-12.199999809265137</ele>
      </trkpt>
      <trkpt lat="52.72404279559851" lon="6.03637307882309">
        <ele>-12.199999809265137</ele>
      </trkpt>
      <trkpt lat="52.72406433708966" lon="6.036365535110235">
        <ele>-12.199999809265137</ele>
      </trkpt>
      <trkpt lat="52.724083280190825" lon="6.036354135721922">
        <ele>-12.199999809265137</ele>
      </trkpt>
      <trkpt lat="52.72409903816879" lon="6.036342568695545">
        <ele>-12.199999809265137</ele>
      </trkpt>
      <trkpt lat="52.72411638870835" lon="6.036330163478851">
        <ele>-12.199999809265137</ele>
      </trkpt>
      <trkpt lat="52.72413298487663" lon="6.036319099366665">
        <ele>-12.199999809265137</ele>
      </trkpt>
      <trkpt lat="52.72414547391236" lon="6.03631054982543">
        <ele>-12.199999809265137</ele>
      </trkpt>
      <trkpt lat="52.72416173480451" lon="6.0362983122467995">
        <ele>-12.199999809265137</ele>
      </trkpt>
      <trkpt lat="52.724178498610854" lon="6.036285487934947">
        <ele>-12.199999809265137</ele>
      </trkpt>
      <trkpt lat="52.72419651970267" lon="6.036277860403061">
        <ele>-12.0</ele>
      </trkpt>
      <trkpt lat="52.724211271852255" lon="6.036265455186367">
        <ele>-11.800000190734863</ele>
      </trkpt>
      <trkpt lat="52.72422811947763" lon="6.036254474893212">
        <ele>-12.0</ele>
      </trkpt>
      <trkpt lat="52.72424488328397" lon="6.036240393295884">
        <ele>-12.199999809265137</ele>
      </trkpt>
      <trkpt lat="52.724261647090316" lon="6.036229664459825">
        <ele>-12.199999809265137</ele>
      </trkpt>
      <trkpt lat="52.72427748888731" lon="6.036214493215084">
        <ele>-12.199999809265137</ele>
      </trkpt>
      <trkpt lat="52.724293414503336" lon="6.036198902875185">
        <ele>-12.199999809265137</ele>
      </trkpt>
      <trkpt lat="52.72431009449065" lon="6.036182139068842">
        <ele>-12.199999809265137</ele>
      </trkpt>
      <trkpt lat="52.724326606839895" lon="6.03617032058537">
        <ele>-12.199999809265137</ele>
      </trkpt>
      <trkpt lat="52.72434437647462" lon="6.036157077178359">
        <ele>-12.199999809265137</ele>
      </trkpt>
      <trkpt lat="52.72435971535742" lon="6.036145258694887">
        <ele>-12.0</ele>
      </trkpt>
      <trkpt lat="52.724374467507005" lon="6.036136290058494">
        <ele>-12.199999809265137</ele>
      </trkpt>
      <trkpt lat="52.72438804619014" lon="6.036124303936958">
        <ele>-12.199999809265137</ele>
      </trkpt>
      <trkpt lat="52.72440204396844" lon="6.03611215017736">
        <ele>-12.399999618530273</ele>
      </trkpt>
      <trkpt lat="52.72441537119448" lon="6.036099744960666">
        <ele>-12.399999618530273</ele>
      </trkpt>
      <trkpt lat="52.72443322464824" lon="6.036091782152653">
        <ele>-12.600000381469727</ele>
      </trkpt>
      <trkpt lat="52.72444814443588" lon="6.0360815562307835">
        <ele>-12.399999618530273</ele>
      </trkpt>
      <trkpt lat="52.724464908242226" lon="6.03606965392828">
        <ele>-12.600000381469727</ele>
      </trkpt>
      <trkpt lat="52.72448075003922" lon="6.036057751625776">
        <ele>-12.399999618530273</ele>
      </trkpt>
      <trkpt lat="52.72449826821685" lon="6.036048699170351">
        <ele>-12.199999809265137</ele>
      </trkpt>
      <trkpt lat="52.72451352328062" lon="6.03603788651526">
        <ele>-12.199999809265137</ele>
      </trkpt>
      <trkpt lat="52.7245285268873" lon="6.036029336974025">
        <ele>-12.199999809265137</ele>
      </trkpt>
      <trkpt lat="52.72454269230366" lon="6.036020535975695">
        <ele>-12.0</ele>
      </trkpt>
      <trkpt lat="52.72455643862486" lon="6.036008466035128">
        <ele>-12.0</ele>
      </trkpt>
      <trkpt lat="52.72457018494606" lon="6.035996982827783">
        <ele>-11.800000190734863</ele>
      </trkpt>
      <trkpt lat="52.724585523828864" lon="6.035988600924611">
        <ele>-11.800000190734863</ele>
      </trkpt>
      <trkpt lat="52.72460086271167" lon="6.035979380831122">
        <ele>-11.800000190734863</ele>
      </trkpt>
      <trkpt lat="52.7246181294322" lon="6.035970412194729">
        <ele>-11.800000190734863</ele>
      </trkpt>
      <trkpt lat="52.724634474143386" lon="6.035960353910923">
        <ele>-12.0</ele>
      </trkpt>
      <trkpt lat="52.724650567397475" lon="6.035950044170022">
        <ele>-12.199999809265137</ele>
      </trkpt>
      <trkpt lat="52.72466657683253" lon="6.035938812419772">
        <ele>-12.199999809265137</ele>
      </trkpt>
      <trkpt lat="52.724682250991464" lon="6.035928502678871">
        <ele>-12.399999618530273</ele>
      </trkpt>
      <trkpt lat="52.72469817660749" lon="6.035916851833463">
        <ele>-12.399999618530273</ele>
      </trkpt>
      <trkpt lat="52.724710162729025" lon="6.0359033569693565">
        <ele>-12.399999618530273</ele>
      </trkpt>
      <trkpt lat="52.72472424432635" lon="6.035890281200409">
        <ele>-12.600000381469727</ele>
      </trkpt>
      <trkpt lat="52.72473790682852" lon="6.03587762452662">
        <ele>-12.600000381469727</ele>
      </trkpt>
      <trkpt lat="52.72475383244455" lon="6.035866308957338">
        <ele>-12.600000381469727</ele>
      </trkpt>
      <trkpt lat="52.72476816549897" lon="6.035854239016771">
        <ele>-12.600000381469727</ele>
      </trkpt>
      <trkpt lat="52.724784007295966" lon="6.035841330885887">
        <ele>-12.600000381469727</ele>
      </trkpt>
      <trkpt lat="52.72479901090264" lon="6.03582976385951">
        <ele>-12.399999618530273</ele>
      </trkpt>
      <trkpt lat="52.724815774708986" lon="6.035817777737975">
        <ele>-12.600000381469727</ele>
      </trkpt>
      <trkpt lat="52.72483002394438" lon="6.035804450511932">
        <ele>-12.399999618530273</ele>
      </trkpt>
      <trkpt lat="52.72484812885523" lon="6.0357943922281265">
        <ele>-12.399999618530273</ele>
      </trkpt>
      <trkpt lat="52.724863551557064" lon="6.0357823222875595">
        <ele>-12.600000381469727</ele>
      </trkpt>
      <trkpt lat="52.72487939335406" lon="6.035768995061517">
        <ele>-12.600000381469727</ele>
      </trkpt>
      <trkpt lat="52.72489406168461" lon="6.035756589844823">
        <ele>-12.600000381469727</ele>
      </trkpt>
      <trkpt lat="52.72491208277643" lon="6.03574812412262">
        <ele>-12.600000381469727</ele>
      </trkpt>
      <trkpt lat="52.724927170202136" lon="6.035738652572036">
        <ele>-12.600000381469727</ele>
      </trkpt>
      <trkpt lat="52.724944185465574" lon="6.0357301868498325">
        <ele>-12.600000381469727</ele>
      </trkpt>
      <trkpt lat="52.724978886544704" lon="6.035711914300919">
        <ele>-12.600000381469727</ele>
      </trkpt>
      <trkpt lat="52.724978886544704" lon="6.035711914300919">
        <ele>-12.800000190734863</ele>
      </trkpt>
      <trkpt lat="52.72499984130263" lon="6.035707723349333">
        <ele>-12.800000190734863</ele>
      </trkpt>
      <trkpt lat="52.7250153478235" lon="6.035701772198081">
        <ele>-12.800000190734863</ele>
      </trkpt>
      <trkpt lat="52.72502850741148" lon="6.035695485770702">
        <ele>-12.800000190734863</ele>
      </trkpt>
      <trkpt lat="52.725038984790444" lon="6.035692971199751">
        <ele>-13.0</ele>
      </trkpt>
      <trkpt lat="52.72505289874971" lon="6.035689199343324">
        <ele>-13.0</ele>
      </trkpt>
      <trkpt lat="52.725069746375084" lon="6.035683332011104">
        <ele>-13.0</ele>
      </trkpt>
      <trkpt lat="52.725082989782095" lon="6.035675536841154">
        <ele>-12.800000190734863</ele>
      </trkpt>
      <trkpt lat="52.72509581409395" lon="6.0356648080050945">
        <ele>-12.800000190734863</ele>
      </trkpt>
      <trkpt lat="52.72511098533869" lon="6.035655168816447">
        <ele>-12.800000190734863</ele>
      </trkpt>
      <trkpt lat="52.72512590512633" lon="6.035645110532641">
        <ele>-12.800000190734863</ele>
      </trkpt>
      <trkpt lat="52.72514124400914" lon="6.035635471343994">
        <ele>-12.600000381469727</ele>
      </trkpt>
      <trkpt lat="52.72515607997775" lon="6.035624574869871">
        <ele>-12.600000381469727</ele>
      </trkpt>
      <trkpt lat="52.72516647353768" lon="6.035613426938653">
        <ele>-12.399999618530273</ele>
      </trkpt>
      <trkpt lat="52.72517862729728" lon="6.03560496121645">
        <ele>-12.399999618530273</ele>
      </trkpt>
      <trkpt lat="52.72519262507558" lon="6.035594986751676">
        <ele>-12.399999618530273</ele>
      </trkpt>
      <trkpt lat="52.72520620375872" lon="6.035584509372711">
        <ele>-12.399999618530273</ele>
      </trkpt>
      <trkpt lat="52.725221710279584" lon="6.035575205460191">
        <ele>-12.399999618530273</ele>
      </trkpt>
      <trkpt lat="52.72523822262883" lon="6.035565314814448">
        <ele>-12.399999618530273</ele>
      </trkpt>
      <trkpt lat="52.72525481879711" lon="6.035556765273213">
        <ele>-12.399999618530273</ele>
      </trkpt>
      <trkpt lat="52.72527175024152" lon="6.035545952618122">
        <ele>-12.399999618530273</ele>
      </trkpt>
      <trkpt lat="52.72528884932399" lon="6.03553656488657">
        <ele>-12.399999618530273</ele>
      </trkpt>
      <trkpt lat="52.72530561313033" lon="6.0355260875076056">
        <ele>-12.399999618530273</ele>
      </trkpt>
      <trkpt lat="52.72532179020345" lon="6.035515442490578">
        <ele>-12.399999618530273</ele>
      </trkpt>
      <trkpt lat="52.72533788345754" lon="6.035503959283233">
        <ele>-12.399999618530273</ele>
      </trkpt>
      <trkpt lat="52.725351210683584" lon="6.035494152456522">
        <ele>-12.399999618530273</ele>
      </trkpt>
      <trkpt lat="52.7253642026335" lon="6.035481076687574">
        <ele>-12.600000381469727</ele>
      </trkpt>
      <trkpt lat="52.72537736222148" lon="6.0354674980044365">
        <ele>-12.600000381469727</ele>
      </trkpt>
      <trkpt lat="52.72539043799043" lon="6.0354560147970915">
        <ele>-12.600000381469727</ele>
      </trkpt>
      <trkpt lat="52.725404519587755" lon="6.035444615408778">
        <ele>-12.600000381469727</ele>
      </trkpt>
      <trkpt lat="52.72541734389961" lon="6.035436987876892">
        <ele>-12.600000381469727</ele>
      </trkpt>
      <trkpt lat="52.725434359163046" lon="6.035427181050181">
        <ele>-12.600000381469727</ele>
      </trkpt>
      <trkpt lat="52.72544978186488" lon="6.03541343472898">
        <ele>-12.399999618530273</ele>
      </trkpt>
      <trkpt lat="52.72546545602381" lon="6.035401029512286">
        <ele>-12.399999618530273</ele>
      </trkpt>
      <trkpt lat="52.72547953762114" lon="6.035386193543673">
        <ele>-12.600000381469727</ele>
      </trkpt>
      <trkpt lat="52.72549361921847" lon="6.035370687022805">
        <ele>-12.800000190734863</ele>
      </trkpt>
      <trkpt lat="52.725506694987416" lon="6.03535333648324">
        <ele>-12.800000190734863</ele>
      </trkpt>
      <trkpt lat="52.72551826201379" lon="6.035335818305612">
        <ele>-12.600000381469727</ele>
      </trkpt>
      <trkpt lat="52.72552873939276" lon="6.0353196412324905">
        <ele>-12.600000381469727</ele>
      </trkpt>
      <trkpt lat="52.725537372753024" lon="6.035300781950355">
        <ele>-12.600000381469727</ele>
      </trkpt>
      <trkpt lat="52.725546173751354" lon="6.035283515229821">
        <ele>-12.399999618530273</ele>
      </trkpt>
      <trkpt lat="52.72555623203516" lon="6.035265913233161">
        <ele>-12.399999618530273</ele>
      </trkpt>
      <trkpt lat="52.72556595504284" lon="6.035244707018137">
        <ele>-12.399999618530273</ele>
      </trkpt>
      <trkpt lat="52.72557492367923" lon="6.03522433899343">
        <ele>-12.399999618530273</ele>
      </trkpt>
      <trkpt lat="52.72559612989426" lon="6.035177232697606">
        <ele>-12.600000381469727</ele>
      </trkpt>
      <trkpt lat="52.72559612989426" lon="6.035177232697606">
        <ele>-12.600000381469727</ele>
      </trkpt>
      <trkpt lat="52.72560836747289" lon="6.0351550206542015">
        <ele>-12.399999618530273</ele>
      </trkpt>
      <trkpt lat="52.725623454898596" lon="6.035135323181748">
        <ele>-12.399999618530273</ele>
      </trkpt>
      <trkpt lat="52.72564122453332" lon="6.035114284604788">
        <ele>-12.199999809265137</ele>
      </trkpt>
      <trkpt lat="52.72565589286387" lon="6.035093329846859">
        <ele>-12.199999809265137</ele>
      </trkpt>
      <trkpt lat="52.725671315565705" lon="6.0350746382027864">
        <ele>-12.199999809265137</ele>
      </trkpt>
      <trkpt lat="52.72568766027689" lon="6.035056449472904">
        <ele>-12.199999809265137</ele>
      </trkpt>
      <trkpt lat="52.72570366971195" lon="6.035042200237513">
        <ele>-12.0</ele>
      </trkpt>
      <trkpt lat="52.725719679147005" lon="6.035026693716645">
        <ele>-12.0</ele>
      </trkpt>
      <trkpt lat="52.72573619149625" lon="6.035015545785427">
        <ele>-12.0</ele>
      </trkpt>
      <trkpt lat="52.72575329057872" lon="6.035007080063224">
        <ele>-12.0</ele>
      </trkpt>
      <trkpt lat="52.725770473480225" lon="6.035001128911972">
        <ele>-12.199999809265137</ele>
      </trkpt>
      <trkpt lat="52.72578799165785" lon="6.034996937960386">
        <ele>-12.399999618530273</ele>
      </trkpt>
      <trkpt lat="52.725804168730974" lon="6.034994004294276">
        <ele>-12.399999618530273</ele>
      </trkpt>
      <trkpt lat="52.72582042962313" lon="6.034991992637515">
        <ele>-12.399999618530273</ele>
      </trkpt>
      <trkpt lat="52.72583660669625" lon="6.034989394247532">
        <ele>-12.399999618530273</ele>
      </trkpt>
      <trkpt lat="52.725853538140655" lon="6.034986795857549">
        <ele>-12.399999618530273</ele>
      </trkpt>
      <trkpt lat="52.725869128480554" lon="6.034982018172741">
        <ele>-12.399999618530273</ele>
      </trkpt>
      <trkpt lat="52.72588396444917" lon="6.034977240487933">
        <ele>-12.399999618530273</ele>
      </trkpt>
      <trkpt lat="52.725899973884225" lon="6.034974390640855">
        <ele>-12.399999618530273</ele>
      </trkpt>
      <trkpt lat="52.72591397166252" lon="6.034973049536347">
        <ele>-12.399999618530273</ele>
      </trkpt>
      <trkpt lat="52.725927382707596" lon="6.034967685118318">
        <ele>-12.199999809265137</ele>
      </trkpt>
      <trkpt lat="52.725939117372036" lon="6.034963494166732">
        <ele>-12.399999618530273</ele>
      </trkpt>
      <trkpt lat="52.72595068439841" lon="6.034955447539687">
        <ele>-12.199999809265137</ele>
      </trkpt>
      <trkpt lat="52.725967867299914" lon="6.034951340407133">
        <ele>-12.199999809265137</ele>
      </trkpt>
      <trkpt lat="52.72598714567721" lon="6.03494823910296">
        <ele>-12.399999618530273</ele>
      </trkpt>
      <trkpt lat="52.72600634023547" lon="6.034944048151374">
        <ele>-12.399999618530273</ele>
      </trkpt>
      <trkpt lat="52.726025115698576" lon="6.0349406115710735">
        <ele>-12.399999618530273</ele>
      </trkpt>
      <trkpt lat="52.72604062221944" lon="6.034936672076583">
        <ele>-12.399999618530273</ele>
      </trkpt>
      <trkpt lat="52.72605814039707" lon="6.034930637106299">
        <ele>-12.399999618530273</ele>
      </trkpt>
      <trkpt lat="52.72607515566051" lon="6.034919070079923">
        <ele>-12.399999618530273</ele>
      </trkpt>
      <trkpt lat="52.72609259001911" lon="6.034904904663563">
        <ele>-12.399999618530273</ele>
      </trkpt>
      <trkpt lat="52.72610834799707" lon="6.0348952654749155">
        <ele>-12.399999618530273</ele>
      </trkpt>
      <trkpt lat="52.72612502798438" lon="6.034885123372078">
        <ele>-12.399999618530273</ele>
      </trkpt>
      <trkpt lat="52.72614271380007" lon="6.034872969612479">
        <ele>-12.199999809265137</ele>
      </trkpt>
      <trkpt lat="52.72616006433964" lon="6.034860564395785">
        <ele>-12.399999618530273</ele>
      </trkpt>
      <trkpt lat="52.72617783397436" lon="6.034850254654884">
        <ele>-12.399999618530273</ele>
      </trkpt>
      <trkpt lat="52.72619342431426" lon="6.03484271094203">
        <ele>-12.600000381469727</ele>
      </trkpt>
      <trkpt lat="52.726212283596396" lon="6.034839441999793">
        <ele>-12.600000381469727</ele>
      </trkpt>
      <trkpt lat="52.726230304688215" lon="6.0348372627049685">
        <ele>-12.800000190734863</ele>
      </trkpt>
      <trkpt lat="52.72624765522778" lon="6.034830138087273">
        <ele>-12.800000190734863</ele>
      </trkpt>
      <trkpt lat="52.72626517340541" lon="6.034822259098291">
        <ele>-13.0</ele>
      </trkpt>
      <trkpt lat="52.72628042846918" lon="6.034813039004803">
        <ele>-12.800000190734863</ele>
      </trkpt>
      <trkpt lat="52.726295348256826" lon="6.0348051600158215">
        <ele>-12.800000190734863</ele>
      </trkpt>
      <trkpt lat="52.72630976513028" lon="6.0347966104745865">
        <ele>-12.800000190734863</ele>
      </trkpt>
      <trkpt lat="52.72632636129856" lon="6.034789737313986">
        <ele>-12.800000190734863</ele>
      </trkpt>
      <trkpt lat="52.726341700181365" lon="6.034780768677592">
        <ele>-12.800000190734863</ele>
      </trkpt>
      <trkpt lat="52.72636089473963" lon="6.034769704565406">
        <ele>-12.800000190734863</ele>
      </trkpt>
      <trkpt lat="52.726376820355654" lon="6.034757886081934">
        <ele>-12.800000190734863</ele>
      </trkpt>
      <trkpt lat="52.72639073431492" lon="6.034744810312986">
        <ele>-12.800000190734863</ele>
      </trkpt>
      <trkpt lat="52.72640749812126" lon="6.0347353387624025">
        <ele>-12.800000190734863</ele>
      </trkpt>
      <trkpt lat="52.72642392665148" lon="6.034727040678263">
        <ele>-12.600000381469727</ele>
      </trkpt>
      <trkpt lat="52.726440858095884" lon="6.034717820584774">
        <ele>-12.399999618530273</ele>
      </trkpt>
      <trkpt lat="52.72645929828286" lon="6.034708013758063">
        <ele>-12.199999809265137</ele>
      </trkpt>
      <trkpt lat="52.72647547535598" lon="6.034700553864241">
        <ele>-12.199999809265137</ele>
      </trkpt>
      <trkpt lat="52.72649249061942" lon="6.034696362912655">
        <ele>-12.0</ele>
      </trkpt>
      <trkpt lat="52.726508835330606" lon="6.034690327942371">
        <ele>-12.0</ele>
      </trkpt>
      <trkpt lat="52.726526437327266" lon="6.034685634076595">
        <ele>-12.0</ele>
      </trkpt>
      <trkpt lat="52.72654328495264" lon="6.034680772572756">
        <ele>-12.0</ele>
      </trkpt>
      <trkpt lat="52.72655837237835" lon="6.034674402326345">
        <ele>-12.0</ele>
      </trkpt>
      <trkpt lat="52.72657262161374" lon="6.034673396497965">
        <ele>-12.199999809265137</ele>
      </trkpt>
      <trkpt lat="52.72659055888653" lon="6.034668032079935">
        <ele>-12.199999809265137</ele>
      </trkpt>
      <trkpt lat="52.726606568321586" lon="6.034664008766413">
        <ele>-12.399999618530273</ele>
      </trkpt>
      <trkpt lat="52.72662249393761" lon="6.034659398719668">
        <ele>-12.399999618530273</ele>
      </trkpt>
      <trkpt lat="52.726638754829764" lon="6.034655123949051">
        <ele>-12.399999618530273</ele>
      </trkpt>
      <trkpt lat="52.72665501572192" lon="6.034649172797799">
        <ele>-12.399999618530273</ele>
      </trkpt>
      <trkpt lat="52.72667278535664" lon="6.034643389284611">
        <ele>-12.399999618530273</ele>
      </trkpt>
      <trkpt lat="52.72669072262943" lon="6.034636935219169">
        <ele>-12.399999618530273</ele>
      </trkpt>
      <trkpt lat="52.726707737892866" lon="6.034627296030521">
        <ele>-12.600000381469727</ele>
      </trkpt>
      <trkpt lat="52.726725758984685" lon="6.034615226089954">
        <ele>-12.600000381469727</ele>
      </trkpt>
      <trkpt lat="52.72674369625747" lon="6.034603826701641">
        <ele>-12.600000381469727</ele>
      </trkpt>
      <trkpt lat="52.726761884987354" lon="6.034594438970089">
        <ele>-12.600000381469727</ele>
      </trkpt>
      <trkpt lat="52.726777978241444" lon="6.034583626314998">
        <ele>-12.600000381469727</ele>
      </trkpt>
      <trkpt lat="52.72679449059069" lon="6.03457348421216">
        <ele>-12.399999618530273</ele>
      </trkpt>
      <trkpt lat="52.72681058384478" lon="6.034562923014164">
        <ele>-12.199999809265137</ele>
      </trkpt>
      <trkpt lat="52.72682533599436" lon="6.034553619101644">
        <ele>-12.0</ele>
      </trkpt>
      <trkpt lat="52.72684193216264" lon="6.034545488655567">
        <ele>-12.0</ele>
      </trkpt>
      <trkpt lat="52.72685710340738" lon="6.034537525847554">
        <ele>-11.800000190734863</ele>
      </trkpt>
      <trkpt lat="52.72687361575663" lon="6.0345294792205095">
        <ele>-11.800000190734863</ele>
      </trkpt>
      <trkpt lat="52.72688954137266" lon="6.03452118113637">
        <ele>-11.800000190734863</ele>
      </trkpt>
      <trkpt lat="52.726905634626746" lon="6.034512631595135">
        <ele>-11.800000190734863</ele>
      </trkpt>
      <trkpt lat="52.72692097350955" lon="6.034505423158407">
        <ele>-12.0</ele>
      </trkpt>
      <trkpt lat="52.72693664766848" lon="6.0344979632645845">
        <ele>-12.0</ele>
      </trkpt>
      <trkpt lat="52.72695257328451" lon="6.034488743171096">
        <ele>-12.199999809265137</ele>
      </trkpt>
      <trkpt lat="52.72696699015796" lon="6.034480277448893">
        <ele>-12.199999809265137</ele>
      </trkpt>
      <trkpt lat="52.7269821614027" lon="6.03447038680315">
        <ele>-12.199999809265137</ele>
      </trkpt>
      <trkpt lat="52.726996913552284" lon="6.0344599932432175">
        <ele>-12.199999809265137</ele>
      </trkpt>
      <trkpt lat="52.72701485082507" lon="6.034450102597475">
        <ele>-12.199999809265137</ele>
      </trkpt>
      <trkpt lat="52.72702943533659" lon="6.034446666017175">
        <ele>-12.399999618530273</ele>
      </trkpt>
      <trkpt lat="52.72704469040036" lon="6.034442475065589">
        <ele>-12.600000381469727</ele>
      </trkpt>
      <trkpt lat="52.72706396877766" lon="6.034434176981449">
        <ele>-12.600000381469727</ele>
      </trkpt>
      <trkpt lat="52.727082492783666" lon="6.034421771764755">
        <ele>-12.800000190734863</ele>
      </trkpt>
      <trkpt lat="52.72710034623742" lon="6.034411042928696">
        <ele>-12.800000190734863</ele>
      </trkpt>
      <trkpt lat="52.72711610421538" lon="6.034400733187795">
        <ele>-12.800000190734863</ele>
      </trkpt>
      <trkpt lat="52.727131778374314" lon="6.034393776208162">
        <ele>-12.800000190734863</ele>
      </trkpt>
      <trkpt lat="52.72714326158166" lon="6.034382879734039">
        <ele>-12.600000381469727</ele>
      </trkpt>
      <trkpt lat="52.727159606292844" lon="6.034377263858914">
        <ele>-12.600000381469727</ele>
      </trkpt>
      <trkpt lat="52.72717796266079" lon="6.034370642155409">
        <ele>-12.600000381469727</ele>
      </trkpt>
      <trkpt lat="52.72719346918166" lon="6.034358153119683">
        <ele>-12.600000381469727</ele>
      </trkpt>
      <trkpt lat="52.72721174173057" lon="6.034347424283624">
        <ele>-12.600000381469727</ele>
      </trkpt>
      <trkpt lat="52.72723068483174" lon="6.034337868914008">
        <ele>-12.600000381469727</ele>
      </trkpt>
      <trkpt lat="52.727254908531904" lon="6.0343333426862955">
        <ele>-12.600000381469727</ele>
      </trkpt>
      <trkpt lat="52.7272741869092" lon="6.03432429023087">
        <ele>-12.600000381469727</ele>
      </trkpt>
      <trkpt lat="52.727294806391" lon="6.034318255260587">
        <ele>-12.600000381469727</ele>
      </trkpt>
      <trkpt lat="52.72731274366379" lon="6.034312304109335">
        <ele>-12.399999618530273</ele>
      </trkpt>
      <trkpt lat="52.727331686764956" lon="6.034305263310671">
        <ele>-12.399999618530273</ele>
      </trkpt>
      <trkpt lat="52.727349707856774" lon="6.034295372664928">
        <ele>-12.199999809265137</ele>
      </trkpt>
      <trkpt lat="52.727370327338576" lon="6.034289253875613">
        <ele>-12.399999618530273</ele>
      </trkpt>
      <trkpt lat="52.72738767787814" lon="6.034278776496649">
        <ele>-12.199999809265137</ele>
      </trkpt>
      <trkpt lat="52.72740620188415" lon="6.034271316602826">
        <ele>-12.199999809265137</ele>
      </trkpt>
      <trkpt lat="52.727421540766954" lon="6.034262683242559">
        <ele>-12.199999809265137</ele>
      </trkpt>
      <trkpt lat="52.72743847221136" lon="6.034253882244229">
        <ele>-12.199999809265137</ele>
      </trkpt>
      <trkpt lat="52.72745171561837" lon="6.0342444106936455">
        <ele>-12.0</ele>
      </trkpt>
      <trkpt lat="52.72747032344341" lon="6.0342387948185205">
        <ele>-12.0</ele>
      </trkpt>
      <trkpt lat="52.72748742252588" lon="6.034232173115015">
        <ele>-12.0</ele>
      </trkpt>
      <trkpt lat="52.72750494070351" lon="6.0342249646782875">
        <ele>-12.0</ele>
      </trkpt>
      <trkpt lat="52.72752279415727" lon="6.03421532548964">
        <ele>-12.0</ele>
      </trkpt>
      <trkpt lat="52.72753964178264" lon="6.034205602481961">
        <ele>-12.199999809265137</ele>
      </trkpt>
      <trkpt lat="52.727554896846414" lon="6.0341952089220285">
        <ele>-12.199999809265137</ele>
      </trkpt>
      <trkpt lat="52.72756746970117" lon="6.034181462600827">
        <ele>-12.199999809265137</ele>
      </trkpt>
      <trkpt lat="52.72758347913623" lon="6.034171404317021">
        <ele>-12.399999618530273</ele>
      </trkpt>
      <trkpt lat="52.72759957239032" lon="6.034162100404501">
        <ele>-12.399999618530273</ele>
      </trkpt>
      <trkpt lat="52.72761566564441" lon="6.034155730158091">
        <ele>-12.600000381469727</ele>
      </trkpt>
      <trkpt lat="52.72763092070818" lon="6.034147683531046">
        <ele>-12.600000381469727</ele>
      </trkpt>
      <trkpt lat="52.727647852152586" lon="6.034143241122365">
        <ele>-12.800000190734863</ele>
      </trkpt>
      <trkpt lat="52.72766310721636" lon="6.034135110676289">
        <ele>-12.800000190734863</ele>
      </trkpt>
      <trkpt lat="52.72768070921302" lon="6.034129662439227">
        <ele>-12.800000190734863</ele>
      </trkpt>
      <trkpt lat="52.727697221562266" lon="6.034121280536056">
        <ele>-12.800000190734863</ele>
      </trkpt>
      <trkpt lat="52.72771599702537" lon="6.034114072099328">
        <ele>-12.800000190734863</ele>
      </trkpt>
      <trkpt lat="52.72773225791752" lon="6.034101163968444">
        <ele>-12.800000190734863</ele>
      </trkpt>
      <trkpt lat="52.72774935699999" lon="6.0340880043804646">
        <ele>-12.800000190734863</ele>
      </trkpt>
      <trkpt lat="52.7277644444257" lon="6.0340771079063416">
        <ele>-12.600000381469727</ele>
      </trkpt>
      <trkpt lat="52.72778338752687" lon="6.034070989117026">
        <ele>-12.399999618530273</ele>
      </trkpt>
      <trkpt lat="52.72779914550483" lon="6.034060763195157">
        <ele>-12.399999618530273</ele>
      </trkpt>
      <trkpt lat="52.72783426567912" lon="6.034038215875626">
        <ele>-12.399999618530273</ele>
      </trkpt>
      <trkpt lat="52.72783426567912" lon="6.034038215875626">
        <ele>-12.199999809265137</ele>
      </trkpt>
      <trkpt lat="52.72785144858062" lon="6.034026816487312">
        <ele>-12.399999618530273</ele>
      </trkpt>
      <trkpt lat="52.72786586545408" lon="6.034013656899333">
        <ele>-12.399999618530273</ele>
      </trkpt>
      <trkpt lat="52.72788438946009" lon="6.0340032633394">
        <ele>-12.399999618530273</ele>
      </trkpt>
      <trkpt lat="52.727899979799986" lon="6.03399102576077">
        <ele>-12.399999618530273</ele>
      </trkpt>
      <trkpt lat="52.727918000891805" lon="6.033978788182139">
        <ele>-12.399999618530273</ele>
      </trkpt>
      <trkpt lat="52.72793526761234" lon="6.033968310803175">
        <ele>-12.399999618530273</ele>
      </trkpt>
      <trkpt lat="52.72795479744673" lon="6.033959342166781">
        <ele>-12.399999618530273</ele>
      </trkpt>
      <trkpt lat="52.72797315381467" lon="6.033946685492992">
        <ele>-12.399999618530273</ele>
      </trkpt>
      <trkpt lat="52.72799025289714" lon="6.033934699371457">
        <ele>-12.399999618530273</ele>
      </trkpt>
      <trkpt lat="52.72800634615123" lon="6.033920031040907">
        <ele>-12.399999618530273</ele>
      </trkpt>
      <trkpt lat="52.72802134975791" lon="6.033906117081642">
        <ele>-12.399999618530273</ele>
      </trkpt>
      <trkpt lat="52.72803694009781" lon="6.033895472064614">
        <ele>-12.399999618530273</ele>
      </trkpt>
      <trkpt lat="52.72805253043771" lon="6.033885916694999">
        <ele>-12.600000381469727</ele>
      </trkpt>
      <trkpt lat="52.72806979715824" lon="6.033877702429891">
        <ele>-12.600000381469727</ele>
      </trkpt>
      <trkpt lat="52.728083711117506" lon="6.033870242536068">
        <ele>-12.800000190734863</ele>
      </trkpt>
      <trkpt lat="52.728097289800644" lon="6.033861273899674">
        <ele>-13.0</ele>
      </trkpt>
      <trkpt lat="52.7281098626554" lon="6.0338512994349">
        <ele>-13.0</ele>
      </trkpt>
      <trkpt lat="52.72812235169113" lon="6.0338418278843164">
        <ele>-13.0</ele>
      </trkpt>
      <trkpt lat="52.72813375107944" lon="6.033831182867289">
        <ele>-13.0</ele>
      </trkpt>
      <trkpt lat="52.72814305499196" lon="6.033822214230895">
        <ele>-13.199999809265137</ele>
      </trkpt>
      <trkpt lat="52.728152107447386" lon="6.03381316177547">
        <ele>-13.199999809265137</ele>
      </trkpt>
      <trkpt lat="52.7281600702554" lon="6.033802768215537">
        <ele>-13.199999809265137</ele>
      </trkpt>
      <trkpt lat="52.72816635668278" lon="6.033794889226556">
        <ele>-13.199999809265137</ele>
      </trkpt>
      <trkpt lat="52.7281719725579" lon="6.033786507323384">
        <ele>-13.0</ele>
      </trkpt>
      <trkpt lat="52.728178007528186" lon="6.033776449039578">
        <ele>-13.0</ele>
      </trkpt>
      <trkpt lat="52.72818295285106" lon="6.03376823477447">
        <ele>-13.0</ele>
      </trkpt>
      <trkpt lat="52.728187730535865" lon="6.0337599366903305">
        <ele>-13.0</ele>
      </trkpt>
      <trkpt lat="52.72819762118161" lon="6.033747950568795">
        <ele>-12.600000381469727</ele>
      </trkpt>
      <trkpt lat="52.72820667363703" lon="6.033737389370799">
        <ele>-12.399999618530273</ele>
      </trkpt>
      <trkpt lat="52.72821664810181" lon="6.033725654706359">
        <ele>-12.399999618530273</ele>
      </trkpt>
      <trkpt lat="52.72822855040431" lon="6.0337163507938385">
        <ele>-12.600000381469727</ele>
      </trkpt>
      <trkpt lat="52.72824087180197" lon="6.033706795424223">
        <ele>-12.600000381469727</ele>
      </trkpt>
      <trkpt lat="52.72825436666608" lon="6.033699251711369">
        <ele>-12.600000381469727</ele>
      </trkpt>
      <trkpt lat="52.72826828062534" lon="6.033694474026561">
        <ele>-12.399999618530273</ele>
      </trkpt>
      <trkpt lat="52.728284457698464" lon="6.033686092123389">
        <ele>-12.600000381469727</ele>
      </trkpt>
      <trkpt lat="52.7282982878387" lon="6.03367879986763">
        <ele>-12.399999618530273</ele>
      </trkpt>
      <trkpt lat="52.72831488400698" lon="6.033674608916044">
        <ele>-12.600000381469727</ele>
      </trkpt>
      <trkpt lat="52.72832854650915" lon="6.033667903393507">
        <ele>-12.399999618530273</ele>
      </trkpt>
      <trkpt lat="52.728346064686775" lon="6.033661449328065">
        <ele>-12.399999618530273</ele>
      </trkpt>
      <trkpt lat="52.72837967611849" lon="6.03365289978683">
        <ele>-12.399999618530273</ele>
      </trkpt>
      <trkpt lat="52.72837967611849" lon="6.03365289978683">
        <ele>-12.800000190734863</ele>
      </trkpt>
      <trkpt lat="52.728393506258726" lon="6.033646110445261">
        <ele>-12.600000381469727</ele>
      </trkpt>
      <trkpt lat="52.72840834222734" lon="6.0336424224078655">
        <ele>-12.600000381469727</ele>
      </trkpt>
      <trkpt lat="52.72842242382467" lon="6.03363529779017">
        <ele>-12.600000381469727</ele>
      </trkpt>
      <trkpt lat="52.728438852354884" lon="6.033628676086664">
        <ele>-12.600000381469727</ele>
      </trkpt>
      <trkpt lat="52.72845486178994" lon="6.0336182825267315">
        <ele>-12.600000381469727</ele>
      </trkpt>
      <trkpt lat="52.72847321815789" lon="6.033616103231907">
        <ele>-12.600000381469727</ele>
      </trkpt>
      <trkpt lat="52.72848939523101" lon="6.033610152080655">
        <ele>-12.600000381469727</ele>
      </trkpt>
      <trkpt lat="52.72850800305605" lon="6.033605458214879">
        <ele>-12.600000381469727</ele>
      </trkpt>
      <trkpt lat="52.72852669470012" lon="6.0335982497781515">
        <ele>-12.399999618530273</ele>
      </trkpt>
      <trkpt lat="52.728546895086765" lon="6.033590873703361">
        <ele>-12.399999618530273</ele>
      </trkpt>
      <trkpt lat="52.72856558673084" lon="6.033584922552109">
        <ele>-12.399999618530273</ele>
      </trkpt>
      <trkpt lat="52.72858360782266" lon="6.0335776302963495">
        <ele>-12.199999809265137</ele>
      </trkpt>
      <trkpt lat="52.728602550923824" lon="6.033568410202861">
        <ele>-12.399999618530273</ele>
      </trkpt>
      <trkpt lat="52.728621577844024" lon="6.033562459051609">
        <ele>-12.199999809265137</ele>
      </trkpt>
      <trkpt lat="52.7286384254694" lon="6.033555921167135">
        <ele>-12.399999618530273</ele>
      </trkpt>
      <trkpt lat="52.728656362742186" lon="6.033550221472979">
        <ele>-12.199999809265137</ele>
      </trkpt>
      <trkpt lat="52.72867354564369" lon="6.033543599769473">
        <ele>-12.199999809265137</ele>
      </trkpt>
      <trkpt lat="52.72869274020195" lon="6.03353806771338">
        <ele>-12.199999809265137</ele>
      </trkpt>
      <trkpt lat="52.7287090010941" lon="6.033532954752445">
        <ele>-12.199999809265137</ele>
      </trkpt>
      <trkpt lat="52.72872660309076" lon="6.033525578677654">
        <ele>-12.199999809265137</ele>
      </trkpt>
      <trkpt lat="52.728741858154535" lon="6.033520717173815">
        <ele>-12.199999809265137</ele>
      </trkpt>
      <trkpt lat="52.728757951408625" lon="6.03351216763258">
        <ele>-12.0</ele>
      </trkpt>
      <trkpt lat="52.72877396084368" lon="6.033504037186503">
        <ele>-12.199999809265137</ele>
      </trkpt>
      <trkpt lat="52.72879248484969" lon="6.033499091863632">
        <ele>-12.199999809265137</ele>
      </trkpt>
      <trkpt lat="52.728811679407954" lon="6.033494062721729">
        <ele>-12.199999809265137</ele>
      </trkpt>
      <trkpt lat="52.72883020341396" lon="6.033488027751446">
        <ele>-12.399999618530273</ele>
      </trkpt>
      <trkpt lat="52.72884679958224" lon="6.033480819314718">
        <ele>-12.399999618530273</ele>
      </trkpt>
      <trkpt lat="52.72886708378792" lon="6.03347847238183">
        <ele>-12.399999618530273</ele>
      </trkpt>
      <trkpt lat="52.72888435050845" lon="6.033471431583166">
        <ele>-12.399999618530273</ele>
      </trkpt>
      <trkpt lat="52.728903042152524" lon="6.033464055508375">
        <ele>-12.600000381469727</ele>
      </trkpt>
      <trkpt lat="52.72891997359693" lon="6.033458523452282">
        <ele>-12.600000381469727</ele>
      </trkpt>
      <trkpt lat="52.728939671069384" lon="6.033453997224569">
        <ele>-12.600000381469727</ele>
      </trkpt>
      <trkpt lat="52.72895811125636" lon="6.033447124063969">
        <ele>-12.600000381469727</ele>
      </trkpt>
      <trkpt lat="52.72897764109075" lon="6.033440921455622">
        <ele>-12.600000381469727</ele>
      </trkpt>
      <trkpt lat="52.72899683564901" lon="6.033435137942433">
        <ele>-12.800000190734863</ele>
      </trkpt>
      <trkpt lat="52.729016030207276" lon="6.033428935334086">
        <ele>-13.0</ele>
      </trkpt>
      <trkpt lat="52.72903413511813" lon="6.033422816544771">
        <ele>-13.0</ele>
      </trkpt>
      <trkpt lat="52.72905232384801" lon="6.033418457955122">
        <ele>-13.0</ele>
      </trkpt>
      <trkpt lat="52.729069255292416" lon="6.033411584794521">
        <ele>-13.0</ele>
      </trkpt>
      <trkpt lat="52.729087863117456" lon="6.033408232033253">
        <ele>-13.0</ele>
      </trkpt>
      <trkpt lat="52.72912323474884" lon="6.033392557874322">
        <ele>-13.0</ele>
      </trkpt>
      <trkpt lat="52.72912323474884" lon="6.033392557874322">
        <ele>-13.0</ele>
      </trkpt>
      <trkpt lat="52.72914125584066" lon="6.033381829038262">
        <ele>-12.800000190734863</ele>
      </trkpt>
      <trkpt lat="52.72915936075151" lon="6.033376213163137">
        <ele>-12.800000190734863</ele>
      </trkpt>
      <trkpt lat="52.72917679511011" lon="6.033368920907378">
        <ele>-12.600000381469727</ele>
      </trkpt>
      <trkpt lat="52.72919666022062" lon="6.033363053575158">
        <ele>-12.800000190734863</ele>
      </trkpt>
      <trkpt lat="52.729215854778886" lon="6.033355090767145">
        <ele>-12.800000190734863</ele>
      </trkpt>
      <trkpt lat="52.72923546843231" lon="6.033348301425576">
        <ele>-13.0</ele>
      </trkpt>
      <trkpt lat="52.72925139404833" lon="6.0333401709795">
        <ele>-13.0</ele>
      </trkpt>
      <trkpt lat="52.729269582778215" lon="6.033334136009216">
        <ele>-13.0</ele>
      </trkpt>
      <trkpt lat="52.72928735241294" lon="6.033329777419567">
        <ele>-13.0</ele>
      </trkpt>
      <trkpt lat="52.72930545732379" lon="6.033320557326078">
        <ele>-13.0</ele>
      </trkpt>
      <trkpt lat="52.72932414896786" lon="6.033316450193524">
        <ele>-13.0</ele>
      </trkpt>
      <trkpt lat="52.72934250533581" lon="6.033309074118733">
        <ele>-13.0</ele>
      </trkpt>
      <trkpt lat="52.72935926914215" lon="6.03330111131072">
        <ele>-13.0</ele>
      </trkpt>
      <trkpt lat="52.72937779314816" lon="6.033295746892691">
        <ele>-13.0</ele>
      </trkpt>
      <trkpt lat="52.729393634945154" lon="6.033288035541773">
        <ele>-12.600000381469727</ele>
      </trkpt>
      <trkpt lat="52.72941106930375" lon="6.033282754942775">
        <ele>-13.0</ele>
      </trkpt>
      <trkpt lat="52.72942607291043" lon="6.033276384696364">
        <ele>-13.0</ele>
      </trkpt>
      <trkpt lat="52.729439148679376" lon="6.033267583698034">
        <ele>-12.600000381469727</ele>
      </trkpt>
      <trkpt lat="52.72945264354348" lon="6.033261464908719">
        <ele>-12.399999618530273</ele>
      </trkpt>
      <trkpt lat="52.729465048760176" lon="6.033253753557801">
        <ele>-12.800000190734863</ele>
      </trkpt>
      <trkpt lat="52.72947636432946" lon="6.033246628940105">
        <ele>-13.0</ele>
      </trkpt>
      <trkpt lat="52.72948709316552" lon="6.033239420503378">
        <ele>-13.0</ele>
      </trkpt>
      <trkpt lat="52.72949698381126" lon="6.033233385533094">
        <ele>-13.199999809265137</ele>
      </trkpt>
      <trkpt lat="52.72950536571443" lon="6.033232295885682">
        <ele>-13.199999809265137</ele>
      </trkpt>
      <trkpt lat="52.729516848921776" lon="6.033229362219572">
        <ele>-13.199999809265137</ele>
      </trkpt>
      <trkpt lat="52.729525147005916" lon="6.033224081620574">
        <ele>-13.199999809265137</ele>
      </trkpt>
      <trkpt lat="52.72953327745199" lon="6.033218298107386">
        <ele>-13.0</ele>
      </trkpt>
      <trkpt lat="52.72953864187002" lon="6.033207820728421">
        <ele>-12.800000190734863</ele>
      </trkpt>
      <trkpt lat="52.72954350337386" lon="6.033201953396201">
        <ele>-13.0</ele>
      </trkpt>
      <trkpt lat="52.729548616334796" lon="6.033194661140442">
        <ele>-12.800000190734863</ele>
      </trkpt>
      <trkpt lat="52.729568649083376" lon="6.033151829615235">
        <ele>-13.600000381469727</ele>
      </trkpt>
      <trkpt lat="52.729568565264344" lon="6.033151829615235">
        <ele>-13.600000381469727</ele>
      </trkpt>
      <trkpt lat="52.72956822998822" lon="6.033152248710394">
        <ele>-13.600000381469727</ele>
      </trkpt>
      <trkpt lat="52.72956839762628" lon="6.033152751624584">
        <ele>-13.600000381469727</ele>
      </trkpt>
      <trkpt lat="52.72956781089306" lon="6.03315451182425">
        <ele>-13.399999618530273</ele>
      </trkpt>
      <trkpt lat="52.729567559435964" lon="6.0331550147384405">
        <ele>-13.199999809265137</ele>
      </trkpt>
      <trkpt lat="52.729568062350154" lon="6.033158786594868">
        <ele>-13.0</ele>
      </trkpt>
      <trkpt lat="52.72956831380725" lon="6.0331618040800095">
        <ele>-13.0</ele>
      </trkpt>
      <trkpt lat="52.72956646978855" lon="6.033165827393532">
        <ele>-13.0</ele>
      </trkpt>
      <trkpt lat="52.72956588305533" lon="6.033167503774166">
        <ele>-13.0</ele>
      </trkpt>
      <trkpt lat="52.729564625769854" lon="6.033174712210894">
        <ele>-13.199999809265137</ele>
      </trkpt>
      <trkpt lat="52.72956361994147" lon="6.033176891505718">
        <ele>-13.199999809265137</ele>
      </trkpt>
      <trkpt lat="52.72956345230341" lon="6.033182088285685">
        <ele>-13.199999809265137</ele>
      </trkpt>
      <trkpt lat="52.72956202737987" lon="6.033183848485351">
        <ele>-13.199999809265137</ele>
      </trkpt>
      <trkpt lat="52.7295605186373" lon="6.033178903162479">
        <ele>-13.199999809265137</ele>
      </trkpt>
      <trkpt lat="52.72955842316151" lon="6.033176640048623">
        <ele>-13.199999809265137</ele>
      </trkpt>
      <trkpt lat="52.72955624386668" lon="6.033117212355137">
        <ele>-13.199999809265137</ele>
      </trkpt>
      <trkpt lat="52.72955431602895" lon="6.033107405528426">
        <ele>-13.199999809265137</ele>
      </trkpt>
      <trkpt lat="52.72955071181059" lon="6.033096089959145">
        <ele>-13.0</ele>
      </trkpt>
      <trkpt lat="52.72954878397286" lon="6.033084271475673">
        <ele>-13.0</ele>
      </trkpt>
      <trkpt lat="52.72954534739256" lon="6.033067172393203">
        <ele>-13.0</ele>
      </trkpt>
      <trkpt lat="52.72954140789807" lon="6.033050324767828">
        <ele>-13.0</ele>
      </trkpt>
      <trkpt lat="52.72953889332712" lon="6.033030292019248">
        <ele>-13.0</ele>
      </trkpt>
      <trkpt lat="52.729536797851324" lon="6.033008918166161">
        <ele>-13.0</ele>
      </trkpt>
      <trkpt lat="52.729536881670356" lon="6.032988214865327">
        <ele>-13.0</ele>
      </trkpt>
      <trkpt lat="52.72953864187002" lon="6.032966002821922">
        <ele>-13.0</ele>
      </trkpt>
      <trkpt lat="52.72953755222261" lon="6.032940270379186">
        <ele>-13.0</ele>
      </trkpt>
      <trkpt lat="52.729542749002576" lon="6.032920992001891">
        <ele>-13.0</ele>
      </trkpt>
      <trkpt lat="52.72954249754548" lon="6.032894337549806">
        <ele>-13.0</ele>
      </trkpt>
      <trkpt lat="52.72954258136451" lon="6.032867096364498">
        <ele>-13.0</ele>
      </trkpt>
      <trkpt lat="52.72954425774515" lon="6.032840441912413">
        <ele>-13.0</ele>
      </trkpt>
      <trkpt lat="52.72954744286835" lon="6.032812530174851">
        <ele>-13.0</ele>
      </trkpt>
      <trkpt lat="52.72955029271543" lon="6.0327857080847025">
        <ele>-13.199999809265137</ele>
      </trkpt>
      <trkpt lat="52.729554902762175" lon="6.032759053632617">
        <ele>-13.199999809265137</ele>
      </trkpt>
      <trkpt lat="52.729559345170856" lon="6.0327329859137535">
        <ele>-13.199999809265137</ele>
      </trkpt>
      <trkpt lat="52.729564709588885" lon="6.0327064152807">
        <ele>-13.199999809265137</ele>
      </trkpt>
      <trkpt lat="52.729567559435964" lon="6.03267858736217">
        <ele>-13.199999809265137</ele>
      </trkpt>
      <trkpt lat="52.729573007673025" lon="6.0326537769287825">
        <ele>-13.199999809265137</ele>
      </trkpt>
      <trkpt lat="52.729576863348484" lon="6.032627038657665">
        <ele>-13.199999809265137</ele>
      </trkpt>
      <trkpt lat="52.72958147339523" lon="6.03260038420558">
        <ele>-13.199999809265137</ele>
      </trkpt>
      <trkpt lat="52.729585748165846" lon="6.032573897391558">
        <ele>-13.199999809265137</ele>
      </trkpt>
      <trkpt lat="52.729593459516764" lon="6.032548416405916">
        <ele>-13.199999809265137</ele>
      </trkpt>
      <trkpt lat="52.729599829763174" lon="6.032522432506084">
        <ele>-13.199999809265137</ele>
      </trkpt>
      <trkpt lat="52.72960636764765" lon="6.032497873529792">
        <ele>-13.399999618530273</ele>
      </trkpt>
      <trkpt lat="52.72961148060858" lon="6.032469542697072">
        <ele>-13.199999809265137</ele>
      </trkpt>
      <trkpt lat="52.72961659356952" lon="6.032441379502416">
        <ele>-13.199999809265137</ele>
      </trkpt>
      <trkpt lat="52.729619443416595" lon="6.0324113722890615">
        <ele>-13.0</ele>
      </trkpt>
      <trkpt lat="52.72962438873947" lon="6.032384969294071">
        <ele>-13.0</ele>
      </trkpt>
      <trkpt lat="52.729627238586545" lon="6.032357895746827">
        <ele>-13.0</ele>
      </trkpt>
      <trkpt lat="52.72962992079556" lon="6.032329648733139">
        <ele>-13.0</ele>
      </trkpt>
      <trkpt lat="52.72963201627135" lon="6.032301653176546">
        <ele>-12.800000190734863</ele>
      </trkpt>
      <trkpt lat="52.72963914088905" lon="6.032279189676046">
        <ele>-13.0</ele>
      </trkpt>
      <trkpt lat="52.72964182309806" lon="6.032250607386231">
        <ele>-12.800000190734863</ele>
      </trkpt>
      <trkpt lat="52.72964358329773" lon="6.032221186906099">
        <ele>-12.800000190734863</ele>
      </trkpt>
      <trkpt lat="52.729643918573856" lon="6.0321899224072695">
        <ele>-12.600000381469727</ele>
      </trkpt>
      <trkpt lat="52.72964366711676" lon="6.03215865790844">
        <ele>-12.600000381469727</ele>
      </trkpt>
      <trkpt lat="52.72964266128838" lon="6.032129572704434">
        <ele>-12.600000381469727</ele>
      </trkpt>
      <trkpt lat="52.72964215837419" lon="6.032101744785905">
        <ele>-12.600000381469727</ele>
      </trkpt>
      <trkpt lat="52.729638470336795" lon="6.03206972591579">
        <ele>-12.600000381469727</ele>
      </trkpt>
      <trkpt lat="52.72963712923229" lon="6.032043993473053">
        <ele>-12.600000381469727</ele>
      </trkpt>
      <trkpt lat="52.729633105918765" lon="6.03201599791646">
        <ele>-12.600000381469727</ele>
      </trkpt>
      <trkpt lat="52.72963075898588" lon="6.0319881699979305">
        <ele>-12.800000190734863</ele>
      </trkpt>
      <trkpt lat="52.72962648421526" lon="6.031960342079401">
        <ele>-12.800000190734863</ele>
      </trkpt>
      <trkpt lat="52.729623885825276" lon="6.0319348610937595">
        <ele>-12.800000190734863</ele>
      </trkpt>
      <trkpt lat="52.72962028160691" lon="6.031907368451357">
        <ele>-13.0</ele>
      </trkpt>
      <trkpt lat="52.72961877286434" lon="6.03188456967473">
        <ele>-13.0</ele>
      </trkpt>
      <trkpt lat="52.72961525246501" lon="6.031858837231994">
        <ele>-12.800000190734863</ele>
      </trkpt>
      <trkpt lat="52.729613492265344" lon="6.031835451722145">
        <ele>-12.800000190734863</ele>
      </trkpt>
      <trkpt lat="52.72960997186601" lon="6.031811060383916">
        <ele>-12.800000190734863</ele>
      </trkpt>
      <trkpt lat="52.72960796020925" lon="6.031787758693099">
        <ele>-12.600000381469727</ele>
      </trkpt>
      <trkpt lat="52.72960494272411" lon="6.03176043368876">
        <ele>-12.600000381469727</ele>
      </trkpt>
      <trkpt lat="52.729603350162506" lon="6.031736545264721">
        <ele>-12.600000381469727</ele>
      </trkpt>
      <trkpt lat="52.72960075177252" lon="6.031709974631667">
        <ele>-12.600000381469727</ele>
      </trkpt>
      <trkpt lat="52.72959874011576" lon="6.031687511131167">
        <ele>-12.399999618530273</ele>
      </trkpt>
      <trkpt lat="52.72959521971643" lon="6.031661778688431">
        <ele>-12.199999809265137</ele>
      </trkpt>
      <trkpt lat="52.72959387861192" lon="6.031638057902455">
        <ele>-12.199999809265137</ele>
      </trkpt>
      <trkpt lat="52.729590525850654" lon="6.031610816717148">
        <ele>-12.199999809265137</ele>
      </trkpt>
      <trkpt lat="52.729588178917766" lon="6.0315879341214895">
        <ele>-12.0</ele>
      </trkpt>
      <trkpt lat="52.729584742337465" lon="6.031561866402626">
        <ele>-12.0</ele>
      </trkpt>
      <trkpt lat="52.729581305757165" lon="6.031537475064397">
        <ele>-12.0</ele>
      </trkpt>
      <trkpt lat="52.729576947167516" lon="6.031511910259724">
        <ele>-12.0</ele>
      </trkpt>
      <trkpt lat="52.72957384586334" lon="6.03148877620697">
        <ele>-12.0</ele>
      </trkpt>
      <trkpt lat="52.72956940345466" lon="6.031463462859392">
        <ele>-12.0</ele>
      </trkpt>
      <trkpt lat="52.72956588305533" lon="6.031439825892448">
        <ele>-12.0</ele>
      </trkpt>
      <trkpt lat="52.72955942898989" lon="6.031414428725839">
        <ele>-12.0</ele>
      </trkpt>
      <trkpt lat="52.72955574095249" lon="6.031389534473419">
        <ele>-12.199999809265137</ele>
      </trkpt>
      <trkpt lat="52.7295502088964" lon="6.031364724040031">
        <ele>-12.199999809265137</ele>
      </trkpt>
      <trkpt lat="52.72954719141126" lon="6.03133924305439">
        <ele>-12.0</ele>
      </trkpt>
      <trkpt lat="52.72954048588872" lon="6.03131334297359">
        <ele>-12.199999809265137</ele>
      </trkpt>
      <trkpt lat="52.72953746840358" lon="6.0312863532453775">
        <ele>-12.199999809265137</ele>
      </trkpt>
      <trkpt lat="52.729531433433294" lon="6.031261710450053">
        <ele>-12.199999809265137</ele>
      </trkpt>
      <trkpt lat="52.72952841594815" lon="6.031235810369253">
        <ele>-12.0</ele>
      </trkpt>
      <trkpt lat="52.729522129520774" lon="6.031208988279104">
        <ele>-12.0</ele>
      </trkpt>
      <trkpt lat="52.72951911203563" lon="6.031182585284114">
        <ele>-12.0</ele>
      </trkpt>
      <trkpt lat="52.72951357997954" lon="6.0311555955559015">
        <ele>-12.0</ele>
      </trkpt>
      <trkpt lat="52.729511400684714" lon="6.031128354370594">
        <ele>-12.0</ele>
      </trkpt>
      <trkpt lat="52.72950720973313" lon="6.031102454289794">
        <ele>-12.0</ele>
      </trkpt>
      <trkpt lat="52.72950419224799" lon="6.031076051294804">
        <ele>-12.0</ele>
      </trkpt>
      <trkpt lat="52.72949891164899" lon="6.03104998357594">
        <ele>-11.600000381469727</ele>
      </trkpt>
      <trkpt lat="52.729495307430625" lon="6.031021736562252">
        <ele>-11.800000190734863</ele>
      </trkpt>
      <trkpt lat="52.72949120029807" lon="6.030995920300484">
        <ele>-11.800000190734863</ele>
      </trkpt>
      <trkpt lat="52.729487512260675" lon="6.030969014391303">
        <ele>-12.0</ele>
      </trkpt>
      <trkpt lat="52.72948290221393" lon="6.030942443758249">
        <ele>-12.0</ele>
      </trkpt>
      <trkpt lat="52.729479633271694" lon="6.03091511875391">
        <ele>-12.0</ele>
      </trkpt>
      <trkpt lat="52.729475274682045" lon="6.030889302492142">
        <ele>-12.199999809265137</ele>
      </trkpt>
      <trkpt lat="52.72946999408305" lon="6.030861809849739">
        <ele>-12.199999809265137</ele>
      </trkpt>
      <trkpt lat="52.729464545845985" lon="6.030833562836051">
        <ele>-12.199999809265137</ele>
      </trkpt>
      <trkpt lat="52.72946001961827" lon="6.0308063216507435">
        <ele>-12.0</ele>
      </trkpt>
      <trkpt lat="52.72945540957153" lon="6.030780421569943">
        <ele>-11.800000190734863</ele>
      </trkpt>
      <trkpt lat="52.7294497936964" lon="6.0307518392801285">
        <ele>-11.600000381469727</ele>
      </trkpt>
      <trkpt lat="52.729444429278374" lon="6.030724765732884">
        <ele>-11.600000381469727</ele>
      </trkpt>
      <trkpt lat="52.72944090887904" lon="6.030697859823704">
        <ele>-11.600000381469727</ele>
      </trkpt>
      <trkpt lat="52.72943738847971" lon="6.030671624466777">
        <ele>-11.600000381469727</ele>
      </trkpt>
      <trkpt lat="52.729432275518775" lon="6.030644718557596">
        <ele>-11.600000381469727</ele>
      </trkpt>
      <trkpt lat="52.72942925803363" lon="6.030619153752923">
        <ele>-11.600000381469727</ele>
      </trkpt>
      <trkpt lat="52.729422301054" lon="6.030593756586313">
        <ele>-11.600000381469727</ele>
      </trkpt>
      <trkpt lat="52.7294188644737" lon="6.0305677726864815">
        <ele>-12.199999809265137</ele>
      </trkpt>
      <trkpt lat="52.7294135838747" lon="6.030541453510523">
        <ele>-12.399999618530273</ele>
      </trkpt>
      <trkpt lat="52.72940964438021" lon="6.030515385791659">
        <ele>-12.600000381469727</ele>
      </trkpt>
      <trkpt lat="52.72940402850509" lon="6.030490240082145">
        <ele>-12.600000381469727</ele>
      </trkpt>
      <trkpt lat="52.7293998375535" lon="6.030464004725218">
        <ele>-12.600000381469727</ele>
      </trkpt>
      <trkpt lat="52.729394221678376" lon="6.030438859015703">
        <ele>-12.600000381469727</ele>
      </trkpt>
      <trkpt lat="52.72939095273614" lon="6.030414383858442">
        <ele>-12.600000381469727</ele>
      </trkpt>
      <trkpt lat="52.729385839775205" lon="6.030391752719879">
        <ele>-12.600000381469727</ele>
      </trkpt>
      <trkpt lat="52.729382989928126" lon="6.030366187915206">
        <ele>-12.199999809265137</ele>
      </trkpt>
      <trkpt lat="52.729379050433636" lon="6.030342383310199">
        <ele>-12.199999809265137</ele>
      </trkpt>
      <trkpt lat="52.72937620058656" lon="6.030315477401018">
        <ele>-12.199999809265137</ele>
      </trkpt>
      <trkpt lat="52.72937226109207" lon="6.030289996415377">
        <ele>-12.0</ele>
      </trkpt>
      <trkpt lat="52.7293689083308" lon="6.030262922868133">
        <ele>-12.0</ele>
      </trkpt>
      <trkpt lat="52.729364885017276" lon="6.030239034444094">
        <ele>-12.0</ele>
      </trkpt>
      <trkpt lat="52.72936027497053" lon="6.0302140563726425">
        <ele>-12.0</ele>
      </trkpt>
      <trkpt lat="52.729355581104755" lon="6.030189078301191">
        <ele>-12.0</ele>
      </trkpt>
      <trkpt lat="52.72935155779123" lon="6.030163932591677">
        <ele>-12.0</ele>
      </trkpt>
      <trkpt lat="52.729347702115774" lon="6.030140044167638">
        <ele>-11.800000190734863</ele>
      </trkpt>
      <trkpt lat="52.729342421516776" lon="6.030115066096187">
        <ele>-12.0</ele>
      </trkpt>
      <trkpt lat="52.72933789528906" lon="6.030089585110545">
        <ele>-12.0</ele>
      </trkpt>
      <trkpt lat="52.729334039613605" lon="6.030063014477491">
        <ele>-12.199999809265137</ele>
      </trkpt>
      <trkpt lat="52.72932892665267" lon="6.030037114396691">
        <ele>-12.199999809265137</ele>
      </trkpt>
      <trkpt lat="52.72932364605367" lon="6.030012555420399">
        <ele>-12.199999809265137</ele>
      </trkpt>
      <trkpt lat="52.7293171081692" lon="6.0299869906157255">
        <ele>-12.199999809265137</ele>
      </trkpt>
      <trkpt lat="52.72931140847504" lon="6.029961844906211">
        <ele>-12.199999809265137</ele>
      </trkpt>
      <trkpt lat="52.729307217523456" lon="6.029935693368316">
        <ele>-12.199999809265137</ele>
      </trkpt>
      <trkpt lat="52.7293015178293" lon="6.0299101285636425">
        <ele>-12.199999809265137</ele>
      </trkpt>
      <trkpt lat="52.7292962372303" lon="6.029883306473494">
        <ele>-12.199999809265137</ele>
      </trkpt>
      <trkpt lat="52.7292877715081" lon="6.02985966950655">
        <ele>-12.199999809265137</ele>
      </trkpt>
      <trkpt lat="52.729280730709434" lon="6.029831590130925">
        <ele>-12.199999809265137</ele>
      </trkpt>
      <trkpt lat="52.72927226498723" lon="6.02980300784111">
        <ele>-12.199999809265137</ele>
      </trkpt>
      <trkpt lat="52.72926740348339" lon="6.029775179922581">
        <ele>-12.0</ele>
      </trkpt>
      <trkpt lat="52.729261787608266" lon="6.029751040041447">
        <ele>-12.0</ele>
      </trkpt>
      <trkpt lat="52.72925910539925" lon="6.029725642874837">
        <ele>-12.0</ele>
      </trkpt>
      <trkpt lat="52.72925508208573" lon="6.029702927917242">
        <ele>-12.0</ele>
      </trkpt>
      <trkpt lat="52.72925172932446" lon="6.029677195474505">
        <ele>-12.0</ele>
      </trkpt>
      <trkpt lat="52.729247119277716" lon="6.029652301222086">
        <ele>-12.0</ele>
      </trkpt>
      <trkpt lat="52.72924309596419" lon="6.0296256467700005">
        <ele>-11.800000190734863</ele>
      </trkpt>
      <trkpt lat="52.72923999466002" lon="6.029599579051137">
        <ele>-11.800000190734863</ele>
      </trkpt>
      <trkpt lat="52.729235887527466" lon="6.0295711643993855">
        <ele>-11.800000190734863</ele>
      </trkpt>
      <trkpt lat="52.72923186421394" lon="6.029546605423093">
        <ele>-11.600000381469727</ele>
      </trkpt>
      <trkpt lat="52.72922825999558" lon="6.029522884637117">
        <ele>-11.600000381469727</ele>
      </trkpt>
      <trkpt lat="52.72922524251044" lon="6.029500002041459">
        <ele>-11.600000381469727</ele>
      </trkpt>
      <trkpt lat="52.72922130301595" lon="6.029476281255484">
        <ele>-11.600000381469727</ele>
      </trkpt>
      <trkpt lat="52.729217698797584" lon="6.0294492077082396">
        <ele>-11.600000381469727</ele>
      </trkpt>
      <trkpt lat="52.729212418198586" lon="6.029425235465169">
        <ele>-11.600000381469727</ele>
      </trkpt>
      <trkpt lat="52.72920856252313" lon="6.029401011765003">
        <ele>-11.600000381469727</ele>
      </trkpt>
      <trkpt lat="52.7292013540864" lon="6.02937787771225">
        <ele>-11.800000190734863</ele>
      </trkpt>
      <trkpt lat="52.72919716313481" lon="6.029350887984037">
        <ele>-11.800000190734863</ele>
      </trkpt>
      <trkpt lat="52.729189367964864" lon="6.029325155541301">
        <ele>-11.800000190734863</ele>
      </trkpt>
      <trkpt lat="52.729185009375215" lon="6.029297076165676">
        <ele>-11.800000190734863</ele>
      </trkpt>
      <trkpt lat="52.729179142042994" lon="6.02926891297102">
        <ele>-12.0</ele>
      </trkpt>
      <trkpt lat="52.72917453199625" lon="6.029240246862173">
        <ele>-12.0</ele>
      </trkpt>
      <trkpt lat="52.72916883230209" lon="6.029213424772024">
        <ele>-11.800000190734863</ele>
      </trkpt>
      <trkpt lat="52.729164473712444" lon="6.029184842482209">
        <ele>-11.800000190734863</ele>
      </trkpt>
      <trkpt lat="52.729159612208605" lon="6.029158439487219">
        <ele>-11.800000190734863</ele>
      </trkpt>
      <trkpt lat="52.72915315814316" lon="6.029130946844816">
        <ele>-11.800000190734863</ele>
      </trkpt>
      <trkpt lat="52.72914947010577" lon="6.029104208573699">
        <ele>-11.800000190734863</ele>
      </trkpt>
      <trkpt lat="52.72914335131645" lon="6.029079565778375">
        <ele>-11.800000190734863</ele>
      </trkpt>
      <trkpt lat="52.72914025001228" lon="6.029053078964353">
        <ele>-11.800000190734863</ele>
      </trkpt>
      <trkpt lat="52.72913262248039" lon="6.029028184711933">
        <ele>-11.800000190734863</ele>
      </trkpt>
      <trkpt lat="52.72912943735719" lon="6.029000859707594">
        <ele>-12.0</ele>
      </trkpt>
      <trkpt lat="52.72912625223398" lon="6.028977893292904">
        <ele>-12.0</ele>
      </trkpt>
      <trkpt lat="52.72912315092981" lon="6.028952160850167">
        <ele>-12.0</ele>
      </trkpt>
      <trkpt lat="52.7291202172637" lon="6.028928272426128">
        <ele>-12.0</ele>
      </trkpt>
      <trkpt lat="52.729115691035986" lon="6.028902372345328">
        <ele>-12.0</ele>
      </trkpt>
      <trkpt lat="52.72911057807505" lon="6.028877310454845">
        <ele>-12.0</ele>
      </trkpt>
      <trkpt lat="52.72910471074283" lon="6.028851494193077">
        <ele>-12.0</ele>
      </trkpt>
      <trkpt lat="52.72910077124834" lon="6.0288245882838964">
        <ele>-12.0</ele>
      </trkpt>
      <trkpt lat="52.729092724621296" lon="6.02879885584116">
        <ele>-12.199999809265137</ele>
      </trkpt>
      <trkpt lat="52.72908895276487" lon="6.028771195560694">
        <ele>-12.399999618530273</ele>
      </trkpt>
      <trkpt lat="52.7290837559849" lon="6.028744708746672">
        <ele>-12.399999618530273</ele>
      </trkpt>
      <trkpt lat="52.729079062119126" lon="6.02871528826654">
        <ele>-12.399999618530273</ele>
      </trkpt>
      <trkpt lat="52.729073446244" lon="6.028688885271549">
        <ele>-12.399999618530273</ele>
      </trkpt>
      <trkpt lat="52.72906850092113" lon="6.028663404285908">
        <ele>-12.399999618530273</ele>
      </trkpt>
      <trkpt lat="52.72906280122697" lon="6.028638258576393">
        <ele>-12.399999618530273</ele>
      </trkpt>
      <trkpt lat="52.729056514799595" lon="6.028611520305276">
        <ele>-12.399999618530273</ele>
      </trkpt>
      <trkpt lat="52.72905182093382" lon="6.028582854196429">
        <ele>-12.199999809265137</ele>
      </trkpt>
      <trkpt lat="52.72904419340193" lon="6.028555445373058">
        <ele>-12.199999809265137</ele>
      </trkpt>
      <trkpt lat="52.72904000245035" lon="6.028527533635497">
        <ele>-12.199999809265137</ele>
      </trkpt>
      <trkpt lat="52.72903413511813" lon="6.0285029746592045">
        <ele>-12.0</ele>
      </trkpt>
      <trkpt lat="52.72903044708073" lon="6.028476320207119">
        <ele>-12.0</ele>
      </trkpt>
      <trkpt lat="52.729026256129146" lon="6.028450587764382">
        <ele>-12.0</ele>
      </trkpt>
      <trkpt lat="52.7290216460824" lon="6.028422256931663">
        <ele>-12.0</ele>
      </trkpt>
      <trkpt lat="52.7290163654834" lon="6.028394177556038">
        <ele>-12.0</ele>
      </trkpt>
      <trkpt lat="52.729012006893754" lon="6.028364673256874">
        <ele>-11.800000190734863</ele>
      </trkpt>
      <trkpt lat="52.72900798358023" lon="6.028339611366391">
        <ele>-11.800000190734863</ele>
      </trkpt>
      <trkpt lat="52.72900437936187" lon="6.02831513620913">
        <ele>-11.800000190734863</ele>
      </trkpt>
      <trkpt lat="52.72900094278157" lon="6.02828873321414">
        <ele>-11.800000190734863</ele>
      </trkpt>
      <trkpt lat="52.72899406962097" lon="6.028265347704291">
        <ele>-12.0</ele>
      </trkpt>
      <trkpt lat="52.72898979485035" lon="6.028238525614142">
        <ele>-12.0</ele>
      </trkpt>
      <trkpt lat="52.728983173146844" lon="6.028211787343025">
        <ele>-12.0</ele>
      </trkpt>
      <trkpt lat="52.72897940129042" lon="6.028183624148369">
        <ele>-12.0</ele>
      </trkpt>
      <trkpt lat="52.72897521033883" lon="6.028160993009806">
        <ele>-12.0</ele>
      </trkpt>
      <trkpt lat="52.72897160612047" lon="6.028134925290942">
        <ele>-12.0</ele>
      </trkpt>
      <trkpt lat="52.72896649315953" lon="6.028111120685935">
        <ele>-11.800000190734863</ele>
      </trkpt>
      <trkpt lat="52.728962637484074" lon="6.028087986633182">
        <ele>-11.600000381469727</ele>
      </trkpt>
      <trkpt lat="52.728957775980234" lon="6.028065104037523">
        <ele>-11.600000381469727</ele>
      </trkpt>
      <trkpt lat="52.72895174100995" lon="6.028039623051882">
        <ele>-11.800000190734863</ele>
      </trkpt>
      <trkpt lat="52.72894587367773" lon="6.02801313623786">
        <ele>-11.800000190734863</ele>
      </trkpt>
      <trkpt lat="52.72893950343132" lon="6.027987822890282">
        <ele>-12.0</ele>
      </trkpt>
      <trkpt lat="52.728934809565544" lon="6.027962425723672">
        <ele>-12.199999809265137</ele>
      </trkpt>
      <trkpt lat="52.72892718203366" lon="6.027941470965743">
        <ele>-12.199999809265137</ele>
      </trkpt>
      <trkpt lat="52.728923577815294" lon="6.027919594198465">
        <ele>-12.399999618530273</ele>
      </trkpt>
      <trkpt lat="52.728916788473725" lon="6.027897968888283">
        <ele>-12.399999618530273</ele>
      </trkpt>
      <trkpt lat="52.728913351893425" lon="6.027874667197466">
        <ele>-12.600000381469727</ele>
      </trkpt>
      <trkpt lat="52.72890882566571" lon="6.027852036058903">
        <ele>-12.800000190734863</ele>
      </trkpt>
      <trkpt lat="52.728905053809285" lon="6.02782697416842">
        <ele>-12.399999618530273</ele>
      </trkpt>
      <trkpt lat="52.72889935411513" lon="6.027802666649222">
        <ele>-12.0</ele>
      </trkpt>
      <trkpt lat="52.72889541462064" lon="6.027774503454566">
        <ele>-12.0</ele>
      </trkpt>
      <trkpt lat="52.72889147512615" lon="6.027750112116337">
        <ele>-12.0</ele>
      </trkpt>
      <trkpt lat="52.72888753563166" lon="6.027725301682949">
        <ele>-12.0</ele>
      </trkpt>
      <trkpt lat="52.728882506489754" lon="6.027700072154403">
        <ele>-12.0</ele>
      </trkpt>
      <trkpt lat="52.72887739352882" lon="6.027674004435539">
        <ele>-12.0</ele>
      </trkpt>
      <trkpt lat="52.728873789310455" lon="6.027649696916342">
        <ele>-11.800000190734863</ele>
      </trkpt>
      <trkpt lat="52.72886876016855" lon="6.027624132111669">
        <ele>-11.800000190734863</ele>
      </trkpt>
      <trkpt lat="52.72886523976922" lon="6.02759781293571">
        <ele>-11.800000190734863</ele>
      </trkpt>
      <trkpt lat="52.72885903716087" lon="6.0275711584836245">
        <ele>-11.600000381469727</ele>
      </trkpt>
      <trkpt lat="52.72885652258992" lon="6.027543246746063">
        <ele>-11.199999809265137</ele>
      </trkpt>
      <trkpt lat="52.728850739076734" lon="6.027518017217517">
        <ele>-11.199999809265137</ele>
      </trkpt>
      <trkpt lat="52.72884663194418" lon="6.027490273118019">
        <ele>-11.199999809265137</ele>
      </trkpt>
      <trkpt lat="52.72884084843099" lon="6.027464624494314">
        <ele>-11.0</ele>
      </trkpt>
      <trkpt lat="52.728837076574564" lon="6.027439227327704">
        <ele>-11.199999809265137</ele>
      </trkpt>
      <trkpt lat="52.728832215070724" lon="6.027416428551078">
        <ele>-11.199999809265137</ele>
      </trkpt>
      <trkpt lat="52.72882894612849" lon="6.0273935459554195">
        <ele>-11.199999809265137</ele>
      </trkpt>
      <trkpt lat="52.72882517427206" lon="6.027371417731047">
        <ele>-11.199999809265137</ele>
      </trkpt>
      <trkpt lat="52.72882190532982" lon="6.027347696945071">
        <ele>-11.199999809265137</ele>
      </trkpt>
      <trkpt lat="52.7288178820163" lon="6.027321964502335">
        <ele>-11.0</ele>
      </trkpt>
      <trkpt lat="52.72881251759827" lon="6.027295393869281">
        <ele>-11.399999618530273</ele>
      </trkpt>
      <trkpt lat="52.728808242827654" lon="6.027268655598164">
        <ele>-11.399999618530273</ele>
      </trkpt>
      <trkpt lat="52.728802962228656" lon="6.027242001146078">
        <ele>-11.600000381469727</ele>
      </trkpt>
      <trkpt lat="52.72880162112415" lon="6.027214005589485">
        <ele>-11.600000381469727</ele>
      </trkpt>
      <trkpt lat="52.72879684343934" lon="6.027188440784812">
        <ele>-11.600000381469727</ele>
      </trkpt>
      <trkpt lat="52.72879390977323" lon="6.0271614510566">
        <ele>-11.800000190734863</ele>
      </trkpt>
      <trkpt lat="52.72878946736455" lon="6.02713705971837">
        <ele>-11.800000190734863</ele>
      </trkpt>
      <trkpt lat="52.72878653369844" lon="6.027112416923046">
        <ele>-12.0</ele>
      </trkpt>
      <trkpt lat="52.72878259420395" lon="6.027088947594166">
        <ele>-11.800000190734863</ele>
      </trkpt>
      <trkpt lat="52.728778989985585" lon="6.027064472436905">
        <ele>-11.800000190734863</ele>
      </trkpt>
      <trkpt lat="52.72877253592014" lon="6.02703932672739">
        <ele>-11.800000190734863</ele>
      </trkpt>
      <trkpt lat="52.72876851260662" lon="6.0270145162940025">
        <ele>-11.800000190734863</ele>
      </trkpt>
      <trkpt lat="52.728763818740845" lon="6.026990627869964">
        <ele>-11.600000381469727</ele>
      </trkpt>
      <trkpt lat="52.728759879246354" lon="6.026964643970132">
        <ele>-11.600000381469727</ele>
      </trkpt>
      <trkpt lat="52.72875200025737" lon="6.026913179084659">
        <ele>-11.600000381469727</ele>
      </trkpt>
      <trkpt lat="52.72875200025737" lon="6.026913179084659">
        <ele>-11.600000381469727</ele>
      </trkpt>
      <trkpt lat="52.72874940186739" lon="6.02688736282289">
        <ele>-11.600000381469727</ele>
      </trkpt>
      <trkpt lat="52.728743366897106" lon="6.026858780533075">
        <ele>-11.399999618530273</ele>
      </trkpt>
      <trkpt lat="52.72873917594552" lon="6.026828521862626">
        <ele>-11.399999618530273</ele>
      </trkpt>
      <trkpt lat="52.72873414680362" lon="6.026800945401192">
        <ele>-11.600000381469727</ele>
      </trkpt>
      <trkpt lat="52.72872970439494" lon="6.026768758893013">
        <ele>-11.600000381469727</ele>
      </trkpt>
      <trkpt lat="52.72872400470078" lon="6.026739925146103">
        <ele>-11.600000381469727</ele>
      </trkpt>
      <trkpt lat="52.72872065193951" lon="6.026711845770478">
        <ele>-11.600000381469727</ele>
      </trkpt>
      <trkpt lat="52.728714952245355" lon="6.026685778051615">
        <ele>-11.600000381469727</ele>
      </trkpt>
      <trkpt lat="52.728711096569896" lon="6.026659123599529">
        <ele>-11.600000381469727</ele>
      </trkpt>
      <trkpt lat="52.728706654161215" lon="6.02663766592741">
        <ele>-11.600000381469727</ele>
      </trkpt>
      <trkpt lat="52.728703720495105" lon="6.026615034788847">
        <ele>-11.600000381469727</ele>
      </trkpt>
      <trkpt lat="52.72869902662933" lon="6.026593241840601">
        <ele>-11.199999809265137</ele>
      </trkpt>
      <trkpt lat="52.72869517095387" lon="6.026570610702038">
        <ele>-11.0</ele>
      </trkpt>
      <trkpt lat="52.72869173437357" lon="6.026551080867648">
        <ele>-10.800000190734863</ele>
      </trkpt>
      <trkpt lat="52.728686118498445" lon="6.026530461385846">
        <ele>-10.600000381469727</ele>
      </trkpt>
      <trkpt lat="52.72868209518492" lon="6.026508333161473">
        <ele>-10.600000381469727</ele>
      </trkpt>
      <trkpt lat="52.72867513820529" lon="6.026484444737434">
        <ele>-10.600000381469727</ele>
      </trkpt>
      <trkpt lat="52.72867480292916" lon="6.026462567970157">
        <ele>-10.600000381469727</ele>
      </trkpt>
      <trkpt lat="52.72867128252983" lon="6.026439014822245">
        <ele>-10.800000190734863</ele>
      </trkpt>
      <trkpt lat="52.72866843268275" lon="6.02641386911273">
        <ele>-11.0</ele>
      </trkpt>
      <trkpt lat="52.72866189479828" lon="6.026388136669993">
        <ele>-11.199999809265137</ele>
      </trkpt>
      <trkpt lat="52.72865762002766" lon="6.026363577693701">
        <ele>-11.399999618530273</ele>
      </trkpt>
      <trkpt lat="52.728651501238346" lon="6.026337007060647">
        <ele>-11.600000381469727</ele>
      </trkpt>
      <trkpt lat="52.72864722646773" lon="6.026311358436942">
        <ele>-11.800000190734863</ele>
      </trkpt>
      <trkpt lat="52.72864152677357" lon="6.026286045089364">
        <ele>-12.0</ele>
      </trkpt>
      <trkpt lat="52.728637754917145" lon="6.026260647922754">
        <ele>-12.0</ele>
      </trkpt>
      <trkpt lat="52.72863255813718" lon="6.02623550221324">
        <ele>-11.800000190734863</ele>
      </trkpt>
      <trkpt lat="52.72862861864269" lon="6.026210775598884">
        <ele>-11.600000381469727</ele>
      </trkpt>
      <trkpt lat="52.728624092414975" lon="6.026186216622591">
        <ele>-11.199999809265137</ele>
      </trkpt>
      <trkpt lat="52.7286209911108" lon="6.026159981265664">
        <ele>-11.0</ele>
      </trkpt>
      <trkpt lat="52.7286175545305" lon="6.0261348355561495">
        <ele>-11.0</ele>
      </trkpt>
      <trkpt lat="52.72861487232149" lon="6.026108432561159">
        <ele>-11.0</ele>
      </trkpt>
      <trkpt lat="52.72861151956022" lon="6.02608161047101">
        <ele>-11.0</ele>
      </trkpt>
      <trkpt lat="52.72860573604703" lon="6.026055039837956">
        <ele>-11.0</ele>
      </trkpt>
      <trkpt lat="52.72860330529511" lon="6.026026541367173">
        <ele>-11.0</ele>
      </trkpt>
      <trkpt lat="52.72859810851514" lon="6.025996785610914">
        <ele>-11.399999618530273</ele>
      </trkpt>
      <trkpt lat="52.7285969350487" lon="6.025968203321099">
        <ele>-11.600000381469727</ele>
      </trkpt>
      <trkpt lat="52.72859266027808" lon="6.02594138123095">
        <ele>-11.600000381469727</ele>
      </trkpt>
      <trkpt lat="52.72858947515488" lon="6.025911206379533">
        <ele>-11.600000381469727</ele>
      </trkpt>
      <trkpt lat="52.72858360782266" lon="6.025881869718432">
        <ele>-11.600000381469727</ele>
      </trkpt>
      <trkpt lat="52.72858067415655" lon="6.02585437707603">
        <ele>-11.600000381469727</ele>
      </trkpt>
      <trkpt lat="52.72857799194753" lon="6.025830153375864">
        <ele>-11.399999618530273</ele>
      </trkpt>
      <trkpt lat="52.728577237576246" lon="6.025805091485381">
        <ele>-11.199999809265137</ele>
      </trkpt>
      <trkpt lat="52.72857556119561" lon="6.025781873613596">
        <ele>-11.199999809265137</ele>
      </trkpt>
      <trkpt lat="52.72857405245304" lon="6.025757482275367">
        <ele>-11.0</ele>
      </trkpt>
      <trkpt lat="52.72857346571982" lon="6.0257351864129305">
        <ele>-11.0</ele>
      </trkpt>
      <trkpt lat="52.72857195697725" lon="6.025713477283716">
        <ele>-11.0</ele>
      </trkpt>
      <trkpt lat="52.7285710349679" lon="6.025689169764519">
        <ele>-11.0</ele>
      </trkpt>
      <trkpt lat="52.72856717929244" lon="6.025664862245321">
        <ele>-11.0</ele>
      </trkpt>
      <trkpt lat="52.7285639103502" lon="6.0256423987448215">
        <ele>-10.800000190734863</ele>
      </trkpt>
      <trkpt lat="52.72855988703668" lon="6.025621024891734">
        <ele>-11.0</ele>
      </trkpt>
      <trkpt lat="52.72855603136122" lon="6.025598309934139">
        <ele>-11.199999809265137</ele>
      </trkpt>
      <trkpt lat="52.72855100221932" lon="6.025575175881386">
        <ele>-11.199999809265137</ele>
      </trkpt>
      <trkpt lat="52.7285485714674" lon="6.025550365447998">
        <ele>-11.199999809265137</ele>
      </trkpt>
      <trkpt lat="52.728544967249036" lon="6.025527063757181">
        <ele>-11.199999809265137</ele>
      </trkpt>
      <trkpt lat="52.72854228504002" lon="6.025504851713777">
        <ele>-11.399999618530273</ele>
      </trkpt>
      <trkpt lat="52.72854086011648" lon="6.025483310222626">
        <ele>-11.600000381469727</ele>
      </trkpt>
      <trkpt lat="52.7285398542881" lon="6.025459170341492">
        <ele>-11.800000190734863</ele>
      </trkpt>
      <trkpt lat="52.72853742353618" lon="6.0254330188035965">
        <ele>-11.800000190734863</ele>
      </trkpt>
      <trkpt lat="52.72853507660329" lon="6.025404771789908">
        <ele>-11.800000190734863</ele>
      </trkpt>
      <trkpt lat="52.72853247821331" lon="6.025376273319125">
        <ele>-11.800000190734863</ele>
      </trkpt>
      <trkpt lat="52.72852987982333" lon="6.0253464337438345">
        <ele>-11.800000190734863</ele>
      </trkpt>
      <trkpt lat="52.72852870635688" lon="6.025317097082734">
        <ele>-11.800000190734863</ele>
      </trkpt>
      <trkpt lat="52.72852568887174" lon="6.025287676602602">
        <ele>-11.800000190734863</ele>
      </trkpt>
      <trkpt lat="52.72852401249111" lon="6.025258172303438">
        <ele>-11.800000190734863</ele>
      </trkpt>
      <trkpt lat="52.72852116264403" lon="6.025230176746845">
        <ele>-11.800000190734863</ele>
      </trkpt>
      <trkpt lat="52.72852024063468" lon="6.025200672447681">
        <ele>-11.800000190734863</ele>
      </trkpt>
      <trkpt lat="52.72851730696857" lon="6.02517519146204">
        <ele>-11.800000190734863</ele>
      </trkpt>
      <trkpt lat="52.72851571440697" lon="6.025145938619971">
        <ele>-11.600000381469727</ele>
      </trkpt>
      <trkpt lat="52.72851328365505" lon="6.025120373815298">
        <ele>-11.399999618530273</ele>
      </trkpt>
      <trkpt lat="52.728511271998286" lon="6.025091456249356">
        <ele>-11.399999618530273</ele>
      </trkpt>
      <trkpt lat="52.72850649431348" lon="6.025063628330827">
        <ele>-11.199999809265137</ele>
      </trkpt>
      <trkpt lat="52.72850448265672" lon="6.025035046041012">
        <ele>-11.199999809265137</ele>
      </trkpt>
      <trkpt lat="52.72850112989545" lon="6.025010654702783">
        <ele>-11.0</ele>
      </trkpt>
      <trkpt lat="52.72849878296256" lon="6.024985425174236">
        <ele>-11.0</ele>
      </trkpt>
      <trkpt lat="52.728496603667736" lon="6.024961620569229">
        <ele>-11.0</ele>
      </trkpt>
      <trkpt lat="52.72849442437291" lon="6.02493773214519">
        <ele>-10.800000190734863</ele>
      </trkpt>
      <trkpt lat="52.728493167087436" lon="6.024914346635342">
        <ele>-10.800000190734863</ele>
      </trkpt>
      <trkpt lat="52.728490149602294" lon="6.024888614192605">
        <ele>-10.800000190734863</ele>
      </trkpt>
      <trkpt lat="52.728488305583596" lon="6.024861205369234">
        <ele>-10.800000190734863</ele>
      </trkpt>
      <trkpt lat="52.72848419845104" lon="6.024833545088768">
        <ele>-11.0</ele>
      </trkpt>
      <trkpt lat="52.728481851518154" lon="6.024803286418319">
        <ele>-11.199999809265137</ele>
      </trkpt>
      <trkpt lat="52.728475984185934" lon="6.02477353066206">
        <ele>-11.199999809265137</ele>
      </trkpt>
      <trkpt lat="52.72847346961498" lon="6.024744110181928">
        <ele>-11.399999618530273</ele>
      </trkpt>
      <trkpt lat="52.728469697758555" lon="6.024717791005969">
        <ele>-11.600000381469727</ele>
      </trkpt>
      <trkpt lat="52.72846709936857" lon="6.0246893763542175">
        <ele>-11.600000381469727</ele>
      </trkpt>
      <trkpt lat="52.72846617735922" lon="6.024667331948876">
        <ele>-11.600000381469727</ele>
      </trkpt>
      <trkpt lat="52.72846492007375" lon="6.02464210242033">
        <ele>-11.600000381469727</ele>
      </trkpt>
      <trkpt lat="52.72846265695989" lon="6.024618381634355">
        <ele>-11.600000381469727</ele>
      </trkpt>
      <trkpt lat="52.728461902588606" lon="6.024594744667411">
        <ele>-11.800000190734863</ele>
      </trkpt>
      <trkpt lat="52.72846123203635" lon="6.02457270026207">
        <ele>-11.600000381469727</ele>
      </trkpt>
      <trkpt lat="52.728457963094115" lon="6.024548811838031">
        <ele>-11.399999618530273</ele>
      </trkpt>
      <trkpt lat="52.728455029428005" lon="6.024520313367248">
        <ele>-11.199999809265137</ele>
      </trkpt>
      <trkpt lat="52.72845167666674" lon="6.024495335295796">
        <ele>-11.199999809265137</ele>
      </trkpt>
      <trkpt lat="52.728447737172246" lon="6.024465411901474">
        <ele>-11.399999618530273</ele>
      </trkpt>
      <trkpt lat="52.72844044491649" lon="6.024437164887786">
        <ele>-11.399999618530273</ele>
      </trkpt>
      <trkpt lat="52.72843860089779" lon="6.024411013349891">
        <ele>-11.399999618530273</ele>
      </trkpt>
      <trkpt lat="52.728435499593616" lon="6.024385113269091">
        <ele>-11.399999618530273</ele>
      </trkpt>
      <trkpt lat="52.728432482108474" lon="6.024358877912164">
        <ele>-11.399999618530273</ele>
      </trkpt>
      <trkpt lat="52.72842971608043" lon="6.024334318935871">
        <ele>-11.399999618530273</ele>
      </trkpt>
      <trkpt lat="52.728427704423666" lon="6.024310598149896">
        <ele>-11.399999618530273</ele>
      </trkpt>
      <trkpt lat="52.72842678241432" lon="6.024288469925523">
        <ele>-11.399999618530273</ele>
      </trkpt>
      <trkpt lat="52.72842334583402" lon="6.0242620669305325">
        <ele>-11.399999618530273</ele>
      </trkpt>
      <trkpt lat="52.72842200472951" lon="6.024234490469098">
        <ele>-11.399999618530273</ele>
      </trkpt>
      <trkpt lat="52.7284172270447" lon="6.024207919836044">
        <ele>-11.399999618530273</ele>
      </trkpt>
      <trkpt lat="52.728415383026004" lon="6.024178331717849">
        <ele>-11.199999809265137</ele>
      </trkpt>
      <trkpt lat="52.72841127589345" lon="6.024151761084795">
        <ele>-11.399999618530273</ele>
      </trkpt>
      <trkpt lat="52.72840884514153" lon="6.024123430252075">
        <ele>-11.399999618530273</ele>
      </trkpt>
      <trkpt lat="52.72840834222734" lon="6.024101888760924">
        <ele>-11.600000381469727</ele>
      </trkpt>
      <trkpt lat="52.728407168760896" lon="6.024078419432044">
        <ele>-11.600000381469727</ele>
      </trkpt>
      <trkpt lat="52.728406162932515" lon="6.024054950103164">
        <ele>-11.600000381469727</ele>
      </trkpt>
      <trkpt lat="52.728403229266405" lon="6.024026535451412">
        <ele>-11.800000190734863</ele>
      </trkpt>
      <trkpt lat="52.72840138524771" lon="6.023997450247407">
        <ele>-11.800000190734863</ele>
      </trkpt>
      <trkpt lat="52.72839861921966" lon="6.023969287052751">
        <ele>-12.0</ele>
      </trkpt>
      <trkpt lat="52.7283966075629" lon="6.02393995039165">
        <ele>-12.199999809265137</ele>
      </trkpt>
      <trkpt lat="52.72839216515422" lon="6.023913631215692">
        <ele>-12.199999809265137</ele>
      </trkpt>
      <trkpt lat="52.72838931530714" lon="6.0238853842020035">
        <ele>-12.199999809265137</ele>
      </trkpt>
      <trkpt lat="52.72838294506073" lon="6.023856634274125">
        <ele>-12.199999809265137</ele>
      </trkpt>
      <trkpt lat="52.72837992757559" lon="6.023828722536564">
        <ele>-12.0</ele>
      </trkpt>
      <trkpt lat="52.72837498225272" lon="6.023803744465113">
        <ele>-11.800000190734863</ele>
      </trkpt>
      <trkpt lat="52.728369534015656" lon="6.023776084184647">
        <ele>-11.800000190734863</ele>
      </trkpt>
      <trkpt lat="52.72836484014988" lon="6.023749178275466">
        <ele>-11.800000190734863</ele>
      </trkpt>
      <trkpt lat="52.72836140356958" lon="6.023721853271127">
        <ele>-11.800000190734863</ele>
      </trkpt>
      <trkpt lat="52.728358805179596" lon="6.023697964847088">
        <ele>-11.800000190734863</ele>
      </trkpt>
      <trkpt lat="52.72835411131382" lon="6.023673489689827">
        <ele>-11.800000190734863</ele>
      </trkpt>
      <trkpt lat="52.72835159674287" lon="6.023652283474803">
        <ele>-11.800000190734863</ele>
      </trkpt>
      <trkpt lat="52.728346986696124" lon="6.0236303228884935">
        <ele>-11.800000190734863</ele>
      </trkpt>
      <trkpt lat="52.72834447212517" lon="6.0236067697405815">
        <ele>-11.800000190734863</ele>
      </trkpt>
      <trkpt lat="52.72833986207843" lon="6.023584557697177">
        <ele>-11.800000190734863</ele>
      </trkpt>
      <trkpt lat="52.728336257860065" lon="6.023558070883155">
        <ele>-12.199999809265137</ele>
      </trkpt>
      <trkpt lat="52.728330809623" lon="6.023534685373306">
        <ele>-12.199999809265137</ele>
      </trkpt>
      <trkpt lat="52.72832812741399" lon="6.023510126397014">
        <ele>-12.199999809265137</ele>
      </trkpt>
      <trkpt lat="52.728325109928846" lon="6.02348892018199">
        <ele>-12.0</ele>
      </trkpt>
      <trkpt lat="52.72831932641566" lon="6.023463858291507">
        <ele>-12.0</ele>
      </trkpt>
      <trkpt lat="52.72831605747342" lon="6.023440891876817">
        <ele>-12.0</ele>
      </trkpt>
      <trkpt lat="52.72831111215055" lon="6.023417254909873">
        <ele>-12.0</ele>
      </trkpt>
      <trkpt lat="52.728305999189615" lon="6.023392025381327">
        <ele>-12.0</ele>
      </trkpt>
      <trkpt lat="52.72830021567643" lon="6.023370986804366">
        <ele>-12.0</ele>
      </trkpt>
      <trkpt lat="52.72829543799162" lon="6.023348439484835">
        <ele>-11.800000190734863</ele>
      </trkpt>
      <trkpt lat="52.72828923538327" lon="6.023328239098191">
        <ele>-12.0</ele>
      </trkpt>
      <trkpt lat="52.72828437387943" lon="6.0233040153980255">
        <ele>-12.0</ele>
      </trkpt>
      <trkpt lat="52.72827833890915" lon="6.023283060640097">
        <ele>-12.199999809265137</ele>
      </trkpt>
      <trkpt lat="52.72827381268144" lon="6.023258501663804">
        <ele>-12.199999809265137</ele>
      </trkpt>
      <trkpt lat="52.72826903499663" lon="6.023235870525241">
        <ele>-12.0</ele>
      </trkpt>
      <trkpt lat="52.728261994197965" lon="6.0232138261199">
        <ele>-12.0</ele>
      </trkpt>
      <trkpt lat="52.72825646214187" lon="6.023190356791019">
        <ele>-12.0</ele>
      </trkpt>
      <trkpt lat="52.7282496728003" lon="6.023166049271822">
        <ele>-12.0</ele>
      </trkpt>
      <trkpt lat="52.72824615240097" lon="6.023138724267483">
        <ele>-12.0</ele>
      </trkpt>
      <trkpt lat="52.7282393630594" lon="6.023115087300539">
        <ele>-11.800000190734863</ele>
      </trkpt>
      <trkpt lat="52.72823668085039" lon="6.023088851943612">
        <ele>-11.800000190734863</ele>
      </trkpt>
      <trkpt lat="52.728231735527515" lon="6.023065969347954">
        <ele>-11.600000381469727</ele>
      </trkpt>
      <trkpt lat="52.72822695784271" lon="6.023041242733598">
        <ele>-11.600000381469727</ele>
      </trkpt>
      <trkpt lat="52.72822259925306" lon="6.023015594109893">
        <ele>-11.600000381469727</ele>
      </trkpt>
      <trkpt lat="52.72821832448244" lon="6.022989274933934">
        <ele>-11.600000381469727</ele>
      </trkpt>
      <trkpt lat="52.72821430116892" lon="6.022965973243117">
        <ele>-11.600000381469727</ele>
      </trkpt>
      <trkpt lat="52.72820952348411" lon="6.022941414266825">
        <ele>-11.600000381469727</ele>
      </trkpt>
      <trkpt lat="52.728203907608986" lon="6.022917777299881">
        <ele>-11.600000381469727</ele>
      </trkpt>
      <trkpt lat="52.72819770500064" lon="6.022892380133271">
        <ele>-11.600000381469727</ele>
      </trkpt>
      <trkpt lat="52.728192675858736" lon="6.022865055128932">
        <ele>-11.600000381469727</ele>
      </trkpt>
      <trkpt lat="52.728187311440706" lon="6.022840831428766">
        <ele>-11.600000381469727</ele>
      </trkpt>
      <trkpt lat="52.72818345576525" lon="6.022815182805061">
        <ele>-11.600000381469727</ele>
      </trkpt>
      <trkpt lat="52.72817624732852" lon="6.02279313839972">
        <ele>-11.600000381469727</ele>
      </trkpt>
      <trkpt lat="52.728172140195966" lon="6.022767489776015">
        <ele>-11.600000381469727</ele>
      </trkpt>
      <trkpt lat="52.728165686130524" lon="6.022745780646801">
        <ele>-11.600000381469727</ele>
      </trkpt>
      <trkpt lat="52.72816015407443" lon="6.022719461470842">
        <ele>-11.600000381469727</ele>
      </trkpt>
      <trkpt lat="52.728154454380274" lon="6.022694651037455">
        <ele>-11.800000190734863</ele>
      </trkpt>
      <trkpt lat="52.728149676695466" lon="6.022670678794384">
        <ele>-11.800000190734863</ele>
      </trkpt>
      <trkpt lat="52.728145737200975" lon="6.022647963836789">
        <ele>-11.600000381469727</ele>
      </trkpt>
      <trkpt lat="52.7281394507736" lon="6.022622482851148">
        <ele>-11.600000381469727</ele>
      </trkpt>
      <trkpt lat="52.72813458926976" lon="6.022596750408411">
        <ele>-11.600000381469727</ele>
      </trkpt>
      <trkpt lat="52.72812939248979" lon="6.022573532536626">
        <ele>-11.600000381469727</ele>
      </trkpt>
      <trkpt lat="52.7281254529953" lon="6.022549057379365">
        <ele>-11.600000381469727</ele>
      </trkpt>
      <trkpt lat="52.728119334205985" lon="6.0225270967930555">
        <ele>-11.600000381469727</ele>
      </trkpt>
      <trkpt lat="52.72811505943537" lon="6.022499017417431">
        <ele>-11.600000381469727</ele>
      </trkpt>
      <trkpt lat="52.72810919210315" lon="6.022473955526948">
        <ele>-11.399999618530273</ele>
      </trkpt>
      <trkpt lat="52.72810625843704" lon="6.022447468712926">
        <ele>-11.600000381469727</ele>
      </trkpt>
      <trkpt lat="52.72810206748545" lon="6.02242567576468">
        <ele>-11.600000381469727</ele>
      </trkpt>
      <trkpt lat="52.72809888236225" lon="6.022399859502912">
        <ele>-11.800000190734863</ele>
      </trkpt>
      <trkpt lat="52.72809410467744" lon="6.02237680926919">
        <ele>-11.800000190734863</ele>
      </trkpt>
      <trkpt lat="52.72808874025941" lon="6.022352501749992">
        <ele>-12.0</ele>
      </trkpt>
      <trkpt lat="52.72808379493654" lon="6.022327356040478">
        <ele>-12.0</ele>
      </trkpt>
      <trkpt lat="52.72807616740465" lon="6.022304138168693">
        <ele>-12.0</ele>
      </trkpt>
      <trkpt lat="52.72807164117694" lon="6.022278657183051">
        <ele>-12.0</ele>
      </trkpt>
      <trkpt lat="52.728065103292465" lon="6.022254517301917">
        <ele>-12.199999809265137</ele>
      </trkpt>
      <trkpt lat="52.7280614990741" lon="6.022229120135307">
        <ele>-12.199999809265137</ele>
      </trkpt>
      <trkpt lat="52.72805554792285" lon="6.0222069919109344">
        <ele>-12.199999809265137</ele>
      </trkpt>
      <trkpt lat="52.72805127315223" lon="6.022180672734976">
        <ele>-12.399999618530273</ele>
      </trkpt>
      <trkpt lat="52.72804833948612" lon="6.022157454863191">
        <ele>-12.199999809265137</ele>
      </trkpt>
      <trkpt lat="52.72804448381066" lon="6.0221336502581835">
        <ele>-12.399999618530273</ele>
      </trkpt>
      <trkpt lat="52.72804129868746" lon="6.022111605852842">
        <ele>-11.800000190734863</ele>
      </trkpt>
      <trkpt lat="52.728037275373936" lon="6.022087214514613">
        <ele>-11.600000381469727</ele>
      </trkpt>
      <trkpt lat="52.72803350351751" lon="6.022062906995416">
        <ele>-11.399999618530273</ele>
      </trkpt>
      <trkpt lat="52.728028390556574" lon="6.022040527313948">
        <ele>-11.600000381469727</ele>
      </trkpt>
      <trkpt lat="52.72802537307143" lon="6.02201621979475">
        <ele>-11.800000190734863</ele>
      </trkpt>
      <trkpt lat="52.728021098300815" lon="6.02199275046587">
        <ele>-11.800000190734863</ele>
      </trkpt>
      <trkpt lat="52.72801791317761" lon="6.021966515108943">
        <ele>-11.800000190734863</ele>
      </trkpt>
      <trkpt lat="52.7280133869499" lon="6.021943716332316">
        <ele>-12.0</ele>
      </trkpt>
      <trkpt lat="52.72801070474088" lon="6.0219186544418335">
        <ele>-12.0</ele>
      </trkpt>
      <trkpt lat="52.72800827398896" lon="6.021896107122302">
        <ele>-12.0</ele>
      </trkpt>
      <trkpt lat="52.72800458595157" lon="6.021870709955692">
        <ele>-12.199999809265137</ele>
      </trkpt>
      <trkpt lat="52.72800173610449" lon="6.021846989169717">
        <ele>-12.199999809265137</ele>
      </trkpt>
      <trkpt lat="52.727999556809664" lon="6.021822849288583">
        <ele>-12.199999809265137</ele>
      </trkpt>
      <trkpt lat="52.72799628786743" lon="6.021797535941005">
        <ele>-12.199999809265137</ele>
      </trkpt>
      <trkpt lat="52.727992516011" lon="6.021772222593427">
        <ele>-12.0</ele>
      </trkpt>
      <trkpt lat="52.72798899561167" lon="6.021746909245849">
        <ele>-11.800000190734863</ele>
      </trkpt>
      <trkpt lat="52.72798530757427" lon="6.021723607555032">
        <ele>-12.0</ele>
      </trkpt>
      <trkpt lat="52.72798371501267" lon="6.0216995514929295">
        <ele>-12.0</ele>
      </trkpt>
      <trkpt lat="52.72797784768045" lon="6.021675914525986">
        <ele>-12.0</ele>
      </trkpt>
      <trkpt lat="52.72797499783337" lon="6.021649008616805">
        <ele>-12.199999809265137</ele>
      </trkpt>
      <trkpt lat="52.72796862758696" lon="6.021621851250529">
        <ele>-12.199999809265137</ele>
      </trkpt>
      <trkpt lat="52.72796418517828" lon="6.0215929336845875">
        <ele>-12.199999809265137</ele>
      </trkpt>
      <trkpt lat="52.727961000055075" lon="6.021568290889263">
        <ele>-12.199999809265137</ele>
      </trkpt>
      <trkpt lat="52.72795840166509" lon="6.0215437319129705">
        <ele>-12.199999809265137</ele>
      </trkpt>
      <trkpt lat="52.72795530036092" lon="6.021519508212805">
        <ele>-12.199999809265137</ele>
      </trkpt>
      <trkpt lat="52.72795085795224" lon="6.021492937579751">
        <ele>-12.199999809265137</ele>
      </trkpt>
      <trkpt lat="52.727947840467095" lon="6.021468127146363">
        <ele>-11.800000190734863</ele>
      </trkpt>
      <trkpt lat="52.727943481877446" lon="6.02144499309361">
        <ele>-12.0</ele>
      </trkpt>
      <trkpt lat="52.72794180549681" lon="6.021418087184429">
        <ele>-12.0</ele>
      </trkpt>
      <trkpt lat="52.72793778218329" lon="6.021392690017819">
        <ele>-12.0</ele>
      </trkpt>
      <trkpt lat="52.72793476469815" lon="6.021364275366068">
        <ele>-12.0</ele>
      </trkpt>
      <trkpt lat="52.727929316461086" lon="6.021338794380426">
        <ele>-12.0</ele>
      </trkpt>
      <trkpt lat="52.72792571224272" lon="6.021308451890945">
        <ele>-12.199999809265137</ele>
      </trkpt>
      <trkpt lat="52.72792252711952" lon="6.0212851502001286">
        <ele>-12.399999618530273</ele>
      </trkpt>
      <trkpt lat="52.72791766561568" lon="6.0212586633861065">
        <ele>-12.199999809265137</ele>
      </trkpt>
      <trkpt lat="52.72791330702603" lon="6.021232595667243">
        <ele>-12.0</ele>
      </trkpt>
      <trkpt lat="52.727907774969935" lon="6.0212059412151575">
        <ele>-12.199999809265137</ele>
      </trkpt>
      <trkpt lat="52.72790408693254" lon="6.021181885153055">
        <ele>-12.199999809265137</ele>
      </trkpt>
      <trkpt lat="52.72789914160967" lon="6.021157493814826">
        <ele>-12.399999618530273</ele>
      </trkpt>
      <trkpt lat="52.727895118296146" lon="6.021128073334694">
        <ele>-12.399999618530273</ele>
      </trkpt>
      <trkpt lat="52.72788958624005" lon="6.0211010836064816">
        <ele>-12.399999618530273</ele>
      </trkpt>
      <trkpt lat="52.727887658402324" lon="6.021073842421174">
        <ele>-12.600000381469727</ele>
      </trkpt>
      <trkpt lat="52.72788254544139" lon="6.02104626595974">
        <ele>-12.600000381469727</ele>
      </trkpt>
      <trkpt lat="52.727878941223025" lon="6.021016174927354">
        <ele>-12.800000190734863</ele>
      </trkpt>
      <trkpt lat="52.727873073890805" lon="6.020989436656237">
        <ele>-13.0</ele>
      </trkpt>
      <trkpt lat="52.72786854766309" lon="6.020960435271263">
        <ele>-13.0</ele>
      </trkpt>
      <trkpt lat="52.72786343470216" lon="6.020935541018844">
        <ele>-13.0</ele>
      </trkpt>
      <trkpt lat="52.72785848937929" lon="6.020910730585456">
        <ele>-13.0</ele>
      </trkpt>
      <trkpt lat="52.72785287350416" lon="6.020884495228529">
        <ele>-13.0</ele>
      </trkpt>
      <trkpt lat="52.727846670895815" lon="6.020859098061919">
        <ele>-12.800000190734863</ele>
      </trkpt>
      <trkpt lat="52.72784264758229" lon="6.020833114162087">
        <ele>-12.800000190734863</ele>
      </trkpt>
      <trkpt lat="52.727837366983294" lon="6.0208068788051605">
        <ele>-12.600000381469727</ele>
      </trkpt>
      <trkpt lat="52.727833008393645" lon="6.020779302343726">
        <ele>-12.600000381469727</ele>
      </trkpt>
      <trkpt lat="52.72782705724239" lon="6.020754827186465">
        <ele>-12.399999618530273</ele>
      </trkpt>
      <trkpt lat="52.72782362066209" lon="6.020728088915348">
        <ele>-12.600000381469727</ele>
      </trkpt>
      <trkpt lat="52.72781758569181" lon="6.020703362300992">
        <ele>-12.600000381469727</ele>
      </trkpt>
      <trkpt lat="52.727813981473446" lon="6.020675953477621">
        <ele>-12.800000190734863</ele>
      </trkpt>
      <trkpt lat="52.72781071253121" lon="6.020654747262597">
        <ele>-12.800000190734863</ele>
      </trkpt>
      <trkpt lat="52.72780744358897" lon="6.020628176629543">
        <ele>-13.0</ele>
      </trkpt>
      <trkpt lat="52.72780501283705" lon="6.020604707300663">
        <ele>-13.0</ele>
      </trkpt>
      <trkpt lat="52.72780132479966" lon="6.020579477772117">
        <ele>-13.0</ele>
      </trkpt>
      <trkpt lat="52.72779822349548" lon="6.0205544997006655">
        <ele>-12.800000190734863</ele>
      </trkpt>
      <trkpt lat="52.727794367820024" lon="6.020528683438897">
        <ele>-12.800000190734863</ele>
      </trkpt>
      <trkpt lat="52.72779168561101" lon="6.020503034815192">
        <ele>-12.800000190734863</ele>
      </trkpt>
      <trkpt lat="52.72778581827879" lon="6.020475625991821">
        <ele>-12.600000381469727</ele>
      </trkpt>
      <trkpt lat="52.7277834713459" lon="6.0204496420919895">
        <ele>-12.199999809265137</ele>
      </trkpt>
      <trkpt lat="52.7277781907469" lon="6.020425418391824">
        <ele>-12.0</ele>
      </trkpt>
      <trkpt lat="52.72777399979532" lon="6.020395075902343">
        <ele>-12.199999809265137</ele>
      </trkpt>
      <trkpt lat="52.72776880301535" lon="6.020369092002511">
        <ele>-12.199999809265137</ele>
      </trkpt>
      <trkpt lat="52.72776477970183" lon="6.020343275740743">
        <ele>-12.199999809265137</ele>
      </trkpt>
      <trkpt lat="52.72775933146477" lon="6.020316788926721">
        <ele>-12.199999809265137</ele>
      </trkpt>
      <trkpt lat="52.72775514051318" lon="6.020291894674301">
        <ele>-12.199999809265137</ele>
      </trkpt>
      <trkpt lat="52.72775011137128" lon="6.02026641368866">
        <ele>-12.199999809265137</ele>
      </trkpt>
      <trkpt lat="52.727744495496154" lon="6.020239172503352">
        <ele>-12.199999809265137</ele>
      </trkpt>
      <trkpt lat="52.72774575278163" lon="6.020217966288328">
        <ele>-12.199999809265137</ele>
      </trkpt>
      <trkpt lat="52.727739131078124" lon="6.020196173340082">
        <ele>-12.199999809265137</ele>
      </trkpt>
      <trkpt lat="52.727731838822365" lon="6.020171195268631">
        <ele>-12.399999618530273</ele>
      </trkpt>
      <trkpt lat="52.727724462747574" lon="6.020151078701019">
        <ele>-12.399999618530273</ele>
      </trkpt>
      <trkpt lat="52.72771809250116" lon="6.020125010982156">
        <ele>-12.600000381469727</ele>
      </trkpt>
      <trkpt lat="52.72771440446377" lon="6.0201033018529415">
        <ele>-12.600000381469727</ele>
      </trkpt>
      <trkpt lat="52.727710884064436" lon="6.020077150315046">
        <ele>-13.0</ele>
      </trkpt>
      <trkpt lat="52.72770862095058" lon="6.020053429529071">
        <ele>-12.800000190734863</ele>
      </trkpt>
      <trkpt lat="52.72770585492253" lon="6.020030630752444">
        <ele>-12.800000190734863</ele>
      </trkpt>
      <trkpt lat="52.72770367562771" lon="6.0200075805187225">
        <ele>-12.800000190734863</ele>
      </trkpt>
      <trkpt lat="52.72769990377128" lon="6.019982602447271">
        <ele>-12.800000190734863</ele>
      </trkpt>
      <trkpt lat="52.7276954613626" lon="6.0199581272900105">
        <ele>-12.800000190734863</ele>
      </trkpt>
      <trkpt lat="52.72769252769649" lon="6.019936837255955">
        <ele>-12.800000190734863</ele>
      </trkpt>
      <trkpt lat="52.72768766619265" lon="6.019913367927074">
        <ele>-12.800000190734863</ele>
      </trkpt>
      <trkpt lat="52.72768322378397" lon="6.019894257187843">
        <ele>-12.600000381469727</ele>
      </trkpt>
      <trkpt lat="52.727677104994655" lon="6.019869446754456">
        <ele>-12.600000381469727</ele>
      </trkpt>
      <trkpt lat="52.72767199203372" lon="6.019848743453622">
        <ele>-12.800000190734863</ele>
      </trkpt>
      <trkpt lat="52.727668303996325" lon="6.019823597744107">
        <ele>-12.800000190734863</ele>
      </trkpt>
      <trkpt lat="52.72766478359699" lon="6.019801301881671">
        <ele>-12.800000190734863</ele>
      </trkpt>
      <trkpt lat="52.727662939578295" lon="6.019774898886681">
        <ele>-13.0</ele>
      </trkpt>
      <trkpt lat="52.72766034118831" lon="6.019748831167817">
        <ele>-13.0</ele>
      </trkpt>
      <trkpt lat="52.7276539709419" lon="6.019697114825249">
        <ele>-13.0</ele>
      </trkpt>
      <trkpt lat="52.7276539709419" lon="6.019697114825249">
        <ele>-12.800000190734863</ele>
      </trkpt>
      <trkpt lat="52.727650785818696" lon="6.019671382382512">
        <ele>-12.600000381469727</ele>
      </trkpt>
      <trkpt lat="52.72764818742871" lon="6.019645230844617">
        <ele>-12.600000381469727</ele>
      </trkpt>
      <trkpt lat="52.727643661201" lon="6.019621007144451">
        <ele>-12.600000381469727</ele>
      </trkpt>
      <trkpt lat="52.7276402246207" lon="6.0195958614349365">
        <ele>-12.800000190734863</ele>
      </trkpt>
      <trkpt lat="52.727636033669114" lon="6.019572978839278">
        <ele>-12.600000381469727</ele>
      </trkpt>
      <trkpt lat="52.727633602917194" lon="6.019547916948795">
        <ele>-12.600000381469727</ele>
      </trkpt>
      <trkpt lat="52.72763133980334" lon="6.019526710733771">
        <ele>-12.800000190734863</ele>
      </trkpt>
      <trkpt lat="52.727627232670784" lon="6.01950223557651">
        <ele>-12.800000190734863</ele>
      </trkpt>
      <trkpt lat="52.727623796090484" lon="6.01947876624763">
        <ele>-12.800000190734863</ele>
      </trkpt>
      <trkpt lat="52.727619940415025" lon="6.019454458728433">
        <ele>-12.800000190734863</ele>
      </trkpt>
      <trkpt lat="52.7276159171015" lon="6.019429564476013">
        <ele>-12.600000381469727</ele>
      </trkpt>
      <trkpt lat="52.72761097177863" lon="6.019405424594879">
        <ele>-12.600000381469727</ele>
      </trkpt>
      <trkpt lat="52.72760753519833" lon="6.019379859790206">
        <ele>-12.600000381469727</ele>
      </trkpt>
      <trkpt lat="52.72760116495192" lon="6.019354797899723">
        <ele>-12.800000190734863</ele>
      </trkpt>
      <trkpt lat="52.72759705781937" lon="6.019328227266669">
        <ele>-13.0</ele>
      </trkpt>
      <trkpt lat="52.72758984938264" lon="6.0193010699003935">
        <ele>-13.0</ele>
      </trkpt>
      <trkpt lat="52.7275868318975" lon="6.019273912534118">
        <ele>-13.199999809265137</ele>
      </trkpt>
      <trkpt lat="52.72758197039366" lon="6.01924910210073">
        <ele>-13.199999809265137</ele>
      </trkpt>
      <trkpt lat="52.72757710888982" lon="6.019222950562835">
        <ele>-13.199999809265137</ele>
      </trkpt>
      <trkpt lat="52.7275709901005" lon="6.019198140129447">
        <ele>-13.199999809265137</ele>
      </trkpt>
      <trkpt lat="52.72756730206311" lon="6.019173413515091">
        <ele>-13.199999809265137</ele>
      </trkpt>
      <trkpt lat="52.727563697844744" lon="6.019151788204908">
        <ele>-13.199999809265137</ele>
      </trkpt>
      <trkpt lat="52.727558836340904" lon="6.019125888124108">
        <ele>-13.199999809265137</ele>
      </trkpt>
      <trkpt lat="52.72755514830351" lon="6.019102837890387">
        <ele>-13.199999809265137</ele>
      </trkpt>
      <trkpt lat="52.7275503706187" lon="6.019078446552157">
        <ele>-13.0</ele>
      </trkpt>
      <trkpt lat="52.72754643112421" lon="6.01905464194715">
        <ele>-13.0</ele>
      </trkpt>
      <trkpt lat="52.72754115052521" lon="6.019026981666684">
        <ele>-13.0</ele>
      </trkpt>
      <trkpt lat="52.72753670811653" lon="6.019001165404916">
        <ele>-12.800000190734863</ele>
      </trkpt>
      <trkpt lat="52.72753167897463" lon="6.018976857885718">
        <ele>-13.0</ele>
      </trkpt>
      <trkpt lat="52.727527571842074" lon="6.018949784338474">
        <ele>-13.0</ele>
      </trkpt>
      <trkpt lat="52.72752153687179" lon="6.018924890086055">
        <ele>-13.0</ele>
      </trkpt>
      <trkpt lat="52.72751667536795" lon="6.018895050510764">
        <ele>-13.0</ele>
      </trkpt>
      <trkpt lat="52.72751181386411" lon="6.018869150429964">
        <ele>-13.199999809265137</ele>
      </trkpt>
      <trkpt lat="52.72750737145543" lon="6.018839227035642">
        <ele>-13.399999618530273</ele>
      </trkpt>
      <trkpt lat="52.72750351577997" lon="6.018814584240317">
        <ele>-13.600000381469727</ele>
      </trkpt>
      <trkpt lat="52.72749957628548" lon="6.018787594512105">
        <ele>-13.600000381469727</ele>
      </trkpt>
      <trkpt lat="52.72749555297196" lon="6.018762532621622">
        <ele>-13.399999618530273</ele>
      </trkpt>
      <trkpt lat="52.727490440011024" lon="6.018738057464361">
        <ele>-13.600000381469727</ele>
      </trkpt>
      <trkpt lat="52.72748591378331" lon="6.018713247030973">
        <ele>-13.600000381469727</ele>
      </trkpt>
      <trkpt lat="52.72748054936528" lon="6.01868961006403">
        <ele>-13.600000381469727</ele>
      </trkpt>
      <trkpt lat="52.727474849671125" lon="6.018662452697754">
        <ele>-13.600000381469727</ele>
      </trkpt>
      <trkpt lat="52.72746839560568" lon="6.018640659749508">
        <ele>-13.600000381469727</ele>
      </trkpt>
      <trkpt lat="52.727463115006685" lon="6.018613837659359">
        <ele>-13.399999618530273</ele>
      </trkpt>
      <trkpt lat="52.72745590656996" lon="6.01858994923532">
        <ele>-13.399999618530273</ele>
      </trkpt>
      <trkpt lat="52.727450458332896" lon="6.018563965335488">
        <ele>-13.399999618530273</ele>
      </trkpt>
      <trkpt lat="52.72744425572455" lon="6.018540328368545">
        <ele>-13.399999618530273</ele>
      </trkpt>
      <trkpt lat="52.727437634021044" lon="6.018513925373554">
        <ele>-13.399999618530273</ele>
      </trkpt>
      <trkpt lat="52.72743017412722" lon="6.018489031121135">
        <ele>-13.399999618530273</ele>
      </trkpt>
      <trkpt lat="52.72742187604308" lon="6.018463633954525">
        <ele>-13.399999618530273</ele>
      </trkpt>
      <trkpt lat="52.727414667606354" lon="6.018438907340169">
        <ele>-13.199999809265137</ele>
      </trkpt>
      <trkpt lat="52.727406453341246" lon="6.018414432182908">
        <ele>-13.199999809265137</ele>
      </trkpt>
      <trkpt lat="52.727399077266455" lon="6.018386771902442">
        <ele>-13.199999809265137</ele>
      </trkpt>
      <trkpt lat="52.727389773353934" lon="6.018362632021308">
        <ele>-13.0</ele>
      </trkpt>
      <trkpt lat="52.727382900193334" lon="6.018334720283747">
        <ele>-13.0</ele>
      </trkpt>
      <trkpt lat="52.72737485356629" lon="6.018313346430659">
        <ele>-13.0</ele>
      </trkpt>
      <trkpt lat="52.72736605256796" lon="6.018287697806954">
        <ele>-13.0</ele>
      </trkpt>
      <trkpt lat="52.727357503026724" lon="6.01826355792582">
        <ele>-13.0</ele>
      </trkpt>
      <trkpt lat="52.72734903730452" lon="6.018238998949528">
        <ele>-13.0</ele>
      </trkpt>
      <trkpt lat="52.72734115831554" lon="6.018214607611299">
        <ele>-13.199999809265137</ele>
      </trkpt>
      <trkpt lat="52.72733302786946" lon="6.018189629539847">
        <ele>-13.199999809265137</ele>
      </trkpt>
      <trkpt lat="52.72732548415661" lon="6.018165657296777">
        <ele>-13.199999809265137</ele>
      </trkpt>
      <trkpt lat="52.72731768898666" lon="6.018141433596611">
        <ele>-13.199999809265137</ele>
      </trkpt>
      <trkpt lat="52.72731106728315" lon="6.018117209896445">
        <ele>-13.199999809265137</ele>
      </trkpt>
      <trkpt lat="52.72730302065611" lon="6.018096255138516">
        <ele>-13.399999618530273</ele>
      </trkpt>
      <trkpt lat="52.72729715332389" lon="6.0180723667144775">
        <ele>-13.399999618530273</ele>
      </trkpt>
      <trkpt lat="52.727289693430066" lon="6.018051244318485">
        <ele>-13.199999809265137</ele>
      </trkpt>
      <trkpt lat="52.72728064097464" lon="6.0180281940847635">
        <ele>-13.399999618530273</ele>
      </trkpt>
      <trkpt lat="52.727273013442755" lon="6.018005395308137">
        <ele>-13.199999809265137</ele>
      </trkpt>
      <trkpt lat="52.727265721186996" lon="6.017982512712479">
        <ele>-13.0</ele>
      </trkpt>
      <trkpt lat="52.727258345112205" lon="6.0179598815739155">
        <ele>-13.0</ele>
      </trkpt>
      <trkpt lat="52.72725088521838" lon="6.017936747521162">
        <ele>-13.0</ele>
      </trkpt>
      <trkpt lat="52.727243760600686" lon="6.01791269145906">
        <ele>-13.199999809265137</ele>
      </trkpt>
      <trkpt lat="52.72723512724042" lon="6.017891317605972">
        <ele>-13.399999618530273</ele>
      </trkpt>
      <trkpt lat="52.72722942754626" lon="6.017869776114821">
        <ele>-13.399999618530273</ele>
      </trkpt>
      <trkpt lat="52.72722012363374" lon="6.017848988994956">
        <ele>-13.600000381469727</ele>
      </trkpt>
      <trkpt lat="52.72721475921571" lon="6.017827112227678">
        <ele>-13.600000381469727</ele>
      </trkpt>
      <trkpt lat="52.727207969874144" lon="6.017806408926845">
        <ele>-13.600000381469727</ele>
      </trkpt>
      <trkpt lat="52.72720185108483" lon="6.017783274874091">
        <ele>-13.600000381469727</ele>
      </trkpt>
      <trkpt lat="52.727194810286164" lon="6.017761565744877">
        <ele>-13.199999809265137</ele>
      </trkpt>
      <trkpt lat="52.72718760184944" lon="6.017739437520504">
        <ele>-13.0</ele>
      </trkpt>
      <trkpt lat="52.727181231603026" lon="6.017718063667417">
        <ele>-13.0</ele>
      </trkpt>
      <trkpt lat="52.72717444226146" lon="6.017697025090456">
        <ele>-13.0</ele>
      </trkpt>
      <trkpt lat="52.72716773673892" lon="6.017675148323178">
        <ele>-12.800000190734863</ele>
      </trkpt>
      <trkpt lat="52.72715977393091" lon="6.017654947936535">
        <ele>-13.0</ele>
      </trkpt>
      <trkpt lat="52.72715365514159" lon="6.017633071169257">
        <ele>-13.199999809265137</ele>
      </trkpt>
      <trkpt lat="52.72714585997164" lon="6.017612116411328">
        <ele>-13.199999809265137</ele>
      </trkpt>
      <trkpt lat="52.727138651534915" lon="6.0175899881869555">
        <ele>-13.399999618530273</ele>
      </trkpt>
      <trkpt lat="52.727130772545934" lon="6.017567273229361">
        <ele>-13.199999809265137</ele>
      </trkpt>
      <trkpt lat="52.727123564109206" lon="6.017544139176607">
        <ele>-13.199999809265137</ele>
      </trkpt>
      <trkpt lat="52.72711593657732" lon="6.017520669847727">
        <ele>-13.0</ele>
      </trkpt>
      <trkpt lat="52.72710897959769" lon="6.017496949061751">
        <ele>-13.199999809265137</ele>
      </trkpt>
      <trkpt lat="52.72710168734193" lon="6.017471635714173">
        <ele>-13.199999809265137</ele>
      </trkpt>
      <trkpt lat="52.72709305398166" lon="6.017450010403991">
        <ele>-13.399999618530273</ele>
      </trkpt>
      <trkpt lat="52.72708693519235" lon="6.017425619065762">
        <ele>-13.399999618530273</ele>
      </trkpt>
      <trkpt lat="52.72707964293659" lon="6.017402987927198">
        <ele>-13.399999618530273</ele>
      </trkpt>
      <trkpt lat="52.72707276977599" lon="6.017378428950906">
        <ele>-13.600000381469727</ele>
      </trkpt>
      <trkpt lat="52.727066315710545" lon="6.017354875802994">
        <ele>-13.399999618530273</ele>
      </trkpt>
      <trkpt lat="52.72705969400704" lon="6.017330065369606">
        <ele>-13.399999618530273</ele>
      </trkpt>
      <trkpt lat="52.727053575217724" lon="6.017304416745901">
        <ele>-13.399999618530273</ele>
      </trkpt>
      <trkpt lat="52.72704854607582" lon="6.017277846112847">
        <ele>-13.199999809265137</ele>
      </trkpt>
      <trkpt lat="52.727043349295855" lon="6.017253873869777">
        <ele>-13.199999809265137</ele>
      </trkpt>
      <trkpt lat="52.727037062868476" lon="6.01723157800734">
        <ele>-13.399999618530273</ele>
      </trkpt>
      <trkpt lat="52.72703270427883" lon="6.017204336822033">
        <ele>-13.600000381469727</ele>
      </trkpt>
      <trkpt lat="52.72702616639435" lon="6.017179526388645">
        <ele>-13.600000381469727</ele>
      </trkpt>
      <trkpt lat="52.72702457383275" lon="6.017155386507511">
        <ele>-13.800000190734863</ele>
      </trkpt>
      <trkpt lat="52.72702004760504" lon="6.017133509740233">
        <ele>-14.0</ele>
      </trkpt>
      <trkpt lat="52.72701728157699" lon="6.017108196392655">
        <ele>-14.0</ele>
      </trkpt>
      <trkpt lat="52.7270133420825" lon="6.017085984349251">
        <ele>-13.800000190734863</ele>
      </trkpt>
      <trkpt lat="52.727009654045105" lon="6.017059832811356">
        <ele>-13.600000381469727</ele>
      </trkpt>
      <trkpt lat="52.72700697183609" lon="6.017034603282809">
        <ele>-13.199999809265137</ele>
      </trkpt>
      <trkpt lat="52.727005798369646" lon="6.017008870840073">
        <ele>-13.399999618530273</ele>
      </trkpt>
      <trkpt lat="52.72700353525579" lon="6.016981964930892">
        <ele>-13.199999809265137</ele>
      </trkpt>
      <trkpt lat="52.727001355960965" lon="6.016955813392997">
        <ele>-13.199999809265137</ele>
      </trkpt>
      <trkpt lat="52.72699967958033" lon="6.016930500045419">
        <ele>-13.199999809265137</ele>
      </trkpt>
      <trkpt lat="52.7269977517426" lon="6.0169049352407455">
        <ele>-13.0</ele>
      </trkpt>
      <trkpt lat="52.72699674591422" lon="6.016879202798009">
        <ele>-13.0</ele>
      </trkpt>
      <trkpt lat="52.72699414752424" lon="6.016854140907526">
        <ele>-13.199999809265137</ele>
      </trkpt>
      <trkpt lat="52.726993476971984" lon="6.016827821731567">
        <ele>-13.399999618530273</ele>
      </trkpt>
      <trkpt lat="52.72699188441038" lon="6.016802256926894">
        <ele>-13.399999618530273</ele>
      </trkpt>
      <trkpt lat="52.72699230350554" lon="6.0167753510177135">
        <ele>-13.399999618530273</ele>
      </trkpt>
      <trkpt lat="52.726991549134254" lon="6.016750875860453">
        <ele>-13.600000381469727</ele>
      </trkpt>
      <trkpt lat="52.726990878582" lon="6.016724221408367">
        <ele>-13.600000381469727</ele>
      </trkpt>
      <trkpt lat="52.72698836401105" lon="6.016699830070138">
        <ele>-13.600000381469727</ele>
      </trkpt>
      <trkpt lat="52.726986268535256" lon="6.0166731756180525">
        <ele>-13.800000190734863</ele>
      </trkpt>
      <trkpt lat="52.726982245221734" lon="6.016648029908538">
        <ele>-13.600000381469727</ele>
      </trkpt>
      <trkpt lat="52.726978808641434" lon="6.016623554751277">
        <ele>-13.399999618530273</ele>
      </trkpt>
      <trkpt lat="52.72697562351823" lon="6.016602013260126">
        <ele>-13.399999618530273</ele>
      </trkpt>
      <trkpt lat="52.726970594376326" lon="6.016580136492848">
        <ele>-13.0</ele>
      </trkpt>
      <trkpt lat="52.726965649053454" lon="6.016559517011046">
        <ele>-13.0</ele>
      </trkpt>
      <trkpt lat="52.72695961408317" lon="6.016538897529244">
        <ele>-13.0</ele>
      </trkpt>
      <trkpt lat="52.7269530761987" lon="6.016518110409379">
        <ele>-13.0</ele>
      </trkpt>
      <trkpt lat="52.726946119219065" lon="6.016499167308211">
        <ele>-13.0</ele>
      </trkpt>
      <trkpt lat="52.72693857550621" lon="6.016479805111885">
        <ele>-13.199999809265137</ele>
      </trkpt>
      <trkpt lat="52.7269303612411" lon="6.016461197286844">
        <ele>-13.199999809265137</ele>
      </trkpt>
      <trkpt lat="52.72692156024277" lon="6.016442840918899">
        <ele>-13.399999618530273</ele>
      </trkpt>
      <trkpt lat="52.726913429796696" lon="6.016424987465143">
        <ele>-13.399999618530273</ele>
      </trkpt>
      <trkpt lat="52.72690479643643" lon="6.016406212002039">
        <ele>-13.600000381469727</ele>
      </trkpt>
      <trkpt lat="52.72689607925713" lon="6.016388107091188">
        <ele>-13.600000381469727</ele>
      </trkpt>
      <trkpt lat="52.72688736207783" lon="6.016368577256799">
        <ele>-13.600000381469727</ele>
      </trkpt>
      <trkpt lat="52.7268785610795" lon="6.0163509752601385">
        <ele>-13.600000381469727</ele>
      </trkpt>
      <trkpt lat="52.72686925716698" lon="6.016331445425749">
        <ele>-13.800000190734863</ele>
      </trkpt>
      <trkpt lat="52.726859198883176" lon="6.016312837600708">
        <ele>-13.600000381469727</ele>
      </trkpt>
      <trkpt lat="52.72684930823743" lon="6.0162941459566355">
        <ele>-13.800000190734863</ele>
      </trkpt>
      <trkpt lat="52.72683899849653" lon="6.016276376321912">
        <ele>-13.600000381469727</ele>
      </trkpt>
      <trkpt lat="52.726829359307885" lon="6.016258522868156">
        <ele>-13.399999618530273</ele>
      </trkpt>
      <trkpt lat="52.72681787610054" lon="6.016239412128925">
        <ele>-13.199999809265137</ele>
      </trkpt>
      <trkpt lat="52.726806895807385" lon="6.016221726313233">
        <ele>-13.0</ele>
      </trkpt>
      <trkpt lat="52.72679574787617" lon="6.016204375773668">
        <ele>-13.0</ele>
      </trkpt>
      <trkpt lat="52.7267852704972" lon="6.016186606138945">
        <ele>-13.0</ele>
      </trkpt>
      <trkpt lat="52.72677387110889" lon="6.016168752685189">
        <ele>-13.0</ele>
      </trkpt>
      <trkpt lat="52.726762471720576" lon="6.016148971393704">
        <ele>-13.0</ele>
      </trkpt>
      <trkpt lat="52.72675224579871" lon="6.016130615025759">
        <ele>-12.800000190734863</ele>
      </trkpt>
      <trkpt lat="52.7267405949533" lon="6.01611309684813">
        <ele>-12.800000190734863</ele>
      </trkpt>
      <trkpt lat="52.72672953084111" lon="6.016094069927931">
        <ele>-12.800000190734863</ele>
      </trkpt>
      <trkpt lat="52.72671855054796" lon="6.016074791550636">
        <ele>-12.800000190734863</ele>
      </trkpt>
      <trkpt lat="52.726707234978676" lon="6.016055513173342">
        <ele>-12.800000190734863</ele>
      </trkpt>
      <trkpt lat="52.72669558413327" lon="6.01603833027184">
        <ele>-13.0</ele>
      </trkpt>
      <trkpt lat="52.726684268563986" lon="6.016020057722926">
        <ele>-13.0</ele>
      </trkpt>
      <trkpt lat="52.72667261771858" lon="6.016001785174012">
        <ele>-13.0</ele>
      </trkpt>
      <trkpt lat="52.72666155360639" lon="6.015984350815415">
        <ele>-13.0</ele>
      </trkpt>
      <trkpt lat="52.72665015421808" lon="6.015968676656485">
        <ele>-13.0</ele>
      </trkpt>
      <trkpt lat="52.72663808427751" lon="6.015952583402395">
        <ele>-12.800000190734863</ele>
      </trkpt>
      <trkpt lat="52.72662685252726" lon="6.015936741605401">
        <ele>-12.800000190734863</ele>
      </trkpt>
      <trkpt lat="52.72661595605314" lon="6.01592006161809">
        <ele>-12.600000381469727</ele>
      </trkpt>
      <trkpt lat="52.726605059579015" lon="6.015903549268842">
        <ele>-12.399999618530273</ele>
      </trkpt>
      <trkpt lat="52.72659324109554" lon="6.0158882942050695">
        <ele>-12.399999618530273</ele>
      </trkpt>
      <trkpt lat="52.72658276371658" lon="6.015872536227107">
        <ele>-12.399999618530273</ele>
      </trkpt>
      <trkpt lat="52.72657102905214" lon="6.015855269506574">
        <ele>-12.399999618530273</ele>
      </trkpt>
      <trkpt lat="52.72656021639705" lon="6.015838505700231">
        <ele>-12.600000381469727</ele>
      </trkpt>
      <trkpt lat="52.726549319922924" lon="6.0158211551606655">
        <ele>-12.600000381469727</ele>
      </trkpt>
      <trkpt lat="52.72653850726783" lon="6.015803720802069">
        <ele>-12.800000190734863</ele>
      </trkpt>
      <trkpt lat="52.726527862250805" lon="6.015786789357662">
        <ele>-13.0</ele>
      </trkpt>
      <trkpt lat="52.72651797160506" lon="6.015767762437463">
        <ele>-13.0</ele>
      </trkpt>
      <trkpt lat="52.72650891914964" lon="6.015750244259834">
        <ele>-13.0</ele>
      </trkpt>
      <trkpt lat="52.72649986669421" lon="6.015732726082206">
        <ele>-13.0</ele>
      </trkpt>
      <trkpt lat="52.726490227505565" lon="6.01571487262845">
        <ele>-13.0</ele>
      </trkpt>
      <trkpt lat="52.72648033685982" lon="6.01569626480341">
        <ele>-13.199999809265137</ele>
      </trkpt>
      <trkpt lat="52.72647086530924" lon="6.01567966863513">
        <ele>-13.199999809265137</ele>
      </trkpt>
      <trkpt lat="52.72646080702543" lon="6.015661144629121">
        <ele>-13.199999809265137</ele>
      </trkpt>
      <trkpt lat="52.726451167836785" lon="6.015643626451492">
        <ele>-13.0</ele>
      </trkpt>
      <trkpt lat="52.726440858095884" lon="6.01562543772161">
        <ele>-13.0</ele>
      </trkpt>
      <trkpt lat="52.72643021307886" lon="6.015607416629791">
        <ele>-13.0</ele>
      </trkpt>
      <trkpt lat="52.7264192327857" lon="6.015588054433465">
        <ele>-12.800000190734863</ele>
      </trkpt>
      <trkpt lat="52.726408168673515" lon="6.015569781884551">
        <ele>-12.800000190734863</ele>
      </trkpt>
      <trkpt lat="52.726397356018424" lon="6.015551341697574">
        <ele>-12.600000381469727</ele>
      </trkpt>
      <trkpt lat="52.72638604044914" lon="6.015533488243818">
        <ele>-12.399999618530273</ele>
      </trkpt>
      <trkpt lat="52.726374389603734" lon="6.0155166406184435">
        <ele>-12.399999618530273</ele>
      </trkpt>
      <trkpt lat="52.72636156529188" lon="6.0154989548027515">
        <ele>-12.199999809265137</ele>
      </trkpt>
      <trkpt lat="52.72635041736066" lon="6.015482526272535">
        <ele>-12.600000381469727</ele>
      </trkpt>
      <trkpt lat="52.72634061053395" lon="6.015466349199414">
        <ele>-12.800000190734863</ele>
      </trkpt>
      <trkpt lat="52.72632828913629" lon="6.015452267602086">
        <ele>-13.199999809265137</ele>
      </trkpt>
      <trkpt lat="52.72631621919572" lon="6.015439108014107">
        <ele>-13.399999618530273</ele>
      </trkpt>
      <trkpt lat="52.72630398161709" lon="6.015426367521286">
        <ele>-13.399999618530273</ele>
      </trkpt>
      <trkpt lat="52.72629207931459" lon="6.015411363914609">
        <ele>-13.399999618530273</ele>
      </trkpt>
      <trkpt lat="52.72628034465015" lon="6.0153956059366465">
        <ele>-13.399999618530273</ele>
      </trkpt>
      <trkpt lat="52.72626676596701" lon="6.0153802670538425">
        <ele>-13.199999809265137</ele>
      </trkpt>
      <trkpt lat="52.72625402547419" lon="6.015368700027466">
        <ele>-13.199999809265137</ele>
      </trkpt>
      <trkpt lat="52.726243045181036" lon="6.015357216820121">
        <ele>-13.0</ele>
      </trkpt>
      <trkpt lat="52.726232316344976" lon="6.015348918735981">
        <ele>-13.0</ele>
      </trkpt>
      <trkpt lat="52.7262225933373" lon="6.015342716127634">
        <ele>-12.800000190734863</ele>
      </trkpt>
      <trkpt lat="52.726213205605745" lon="6.015331316739321">
        <ele>-12.399999618530273</ele>
      </trkpt>
      <trkpt lat="52.72620365023613" lon="6.0153257846832275">
        <ele>-12.600000381469727</ele>
      </trkpt>
      <trkpt lat="52.72619342431426" lon="6.015320587903261">
        <ele>-12.800000190734863</ele>
      </trkpt>
      <trkpt lat="52.72618277929723" lon="6.015314050018787">
        <ele>-12.399999618530273</ele>
      </trkpt>
      <trkpt lat="52.72617179900408" lon="6.01530684158206">
        <ele>-12.600000381469727</ele>
      </trkpt>
      <trkpt lat="52.7261602319777" lon="6.015300555154681">
        <ele>-12.0</ele>
      </trkpt>
      <trkpt lat="52.726147659122944" lon="6.015291502699256">
        <ele>-12.399999618530273</ele>
      </trkpt>
      <trkpt lat="52.726136008277535" lon="6.015282534062862">
        <ele>-12.600000381469727</ele>
      </trkpt>
      <trkpt lat="52.72612310014665" lon="6.015271553769708">
        <ele>-12.600000381469727</ele>
      </trkpt>
      <trkpt lat="52.7261118683964" lon="6.015262585133314">
        <ele>-12.199999809265137</ele>
      </trkpt>
      <trkpt lat="52.72609854117036" lon="6.015250850468874">
        <ele>-12.399999618530273</ele>
      </trkpt>
      <trkpt lat="52.72608672268689" lon="6.015240037813783">
        <ele>-12.399999618530273</ele>
      </trkpt>
      <trkpt lat="52.72607314400375" lon="6.015228051692247">
        <ele>-12.600000381469727</ele>
      </trkpt>
      <trkpt lat="52.72606082260609" lon="6.015216568484902">
        <ele>-12.600000381469727</ele>
      </trkpt>
      <trkpt lat="52.7260481659323" lon="6.01520324125886">
        <ele>-12.600000381469727</ele>
      </trkpt>
      <trkpt lat="52.72603492252529" lon="6.015189662575722">
        <ele>-12.600000381469727</ele>
      </trkpt>
      <trkpt lat="52.72602100856602" lon="6.015175832435489">
        <ele>-12.600000381469727</ele>
      </trkpt>
      <trkpt lat="52.72600717842579" lon="6.015163343399763">
        <ele>-12.600000381469727</ele>
      </trkpt>
      <trkpt lat="52.725993264466524" lon="6.01515001617372">
        <ele>-12.399999618530273</ele>
      </trkpt>
      <trkpt lat="52.72597851231694" lon="6.015137694776058">
        <ele>-12.199999809265137</ele>
      </trkpt>
      <trkpt lat="52.72596484981477" lon="6.015123948454857">
        <ele>-12.199999809265137</ele>
      </trkpt>
      <trkpt lat="52.72595060057938" lon="6.015110453590751">
        <ele>-12.199999809265137</ele>
      </trkpt>
      <trkpt lat="52.72593718953431" lon="6.015097294002771">
        <ele>-12.0</ele>
      </trkpt>
      <trkpt lat="52.72592361085117" lon="6.015083799138665">
        <ele>-12.0</ele>
      </trkpt>
      <trkpt lat="52.725910786539316" lon="6.01506938226521">
        <ele>-12.0</ele>
      </trkpt>
      <trkpt lat="52.725896118208766" lon="6.0150533728301525">
        <ele>-12.199999809265137</ele>
      </trkpt>
      <trkpt lat="52.72588321007788" lon="6.015036441385746">
        <ele>-12.399999618530273</ele>
      </trkpt>
      <trkpt lat="52.725870218127966" lon="6.015019677579403">
        <ele>-12.199999809265137</ele>
      </trkpt>
      <trkpt lat="52.72585680708289" lon="6.015003165230155">
        <ele>-12.399999618530273</ele>
      </trkpt>
      <trkpt lat="52.72584104910493" lon="6.014988496899605">
        <ele>-12.399999618530273</ele>
      </trkpt>
      <trkpt lat="52.72582780569792" lon="6.014973744750023">
        <ele>-12.399999618530273</ele>
      </trkpt>
      <trkpt lat="52.72581372410059" lon="6.014959327876568">
        <ele>-12.399999618530273</ele>
      </trkpt>
      <trkpt lat="52.72580064833164" lon="6.014944072812796">
        <ele>-12.399999618530273</ele>
      </trkpt>
      <trkpt lat="52.725786063820124" lon="6.014928985387087">
        <ele>-12.399999618530273</ele>
      </trkpt>
      <trkpt lat="52.725771982222795" lon="6.014915155246854">
        <ele>-12.399999618530273</ele>
      </trkpt>
      <trkpt lat="52.72575697861612" lon="6.0149031691253185">
        <ele>-12.399999618530273</ele>
      </trkpt>
      <trkpt lat="52.725744657218456" lon="6.014887411147356">
        <ele>-12.600000381469727</ele>
      </trkpt>
      <trkpt lat="52.72573250345886" lon="6.0148693062365055">
        <ele>-12.600000381469727</ele>
      </trkpt>
      <trkpt lat="52.725721187889576" lon="6.014853129163384">
        <ele>-12.800000190734863</ele>
      </trkpt>
      <trkpt lat="52.72570760920644" lon="6.014835527166724">
        <ele>-12.800000190734863</ele>
      </trkpt>
      <trkpt lat="52.72569411434233" lon="6.014817506074905">
        <ele>-13.0</ele>
      </trkpt>
      <trkpt lat="52.72568120621145" lon="6.014800071716309">
        <ele>-13.199999809265137</ele>
      </trkpt>
      <trkpt lat="52.725668800994754" lon="6.014782385900617">
        <ele>-13.199999809265137</ele>
      </trkpt>
      <trkpt lat="52.72565580904484" lon="6.014765538275242">
        <ele>-13.199999809265137</ele>
      </trkpt>
      <trkpt lat="52.72564306855202" lon="6.014750199392438">
        <ele>-13.199999809265137</ele>
      </trkpt>
      <trkpt lat="52.72562990896404" lon="6.014732262119651">
        <ele>-13.199999809265137</ele>
      </trkpt>
      <trkpt lat="52.72561741992831" lon="6.014717593789101">
        <ele>-13.199999809265137</ele>
      </trkpt>
      <trkpt lat="52.72560367360711" lon="6.014701165258884">
        <ele>-13.199999809265137</ele>
      </trkpt>
      <trkpt lat="52.72559143602848" lon="6.014686161652207">
        <ele>-13.199999809265137</ele>
      </trkpt>
      <trkpt lat="52.72557936608791" lon="6.014668978750706">
        <ele>-13.199999809265137</ele>
      </trkpt>
      <trkpt lat="52.72556779906154" lon="6.014652885496616">
        <ele>-13.199999809265137</ele>
      </trkpt>
      <trkpt lat="52.725555561482906" lon="6.0146348644047976">
        <ele>-13.0</ele>
      </trkpt>
      <trkpt lat="52.72554357536137" lon="6.014617597684264">
        <ele>-13.0</ele>
      </trkpt>
      <trkpt lat="52.72553075104952" lon="6.014600330963731">
        <ele>-13.0</ele>
      </trkpt>
      <trkpt lat="52.725518345832825" lon="6.014583399519324">
        <ele>-12.800000190734863</ele>
      </trkpt>
      <trkpt lat="52.725505102425814" lon="6.0145677253603935">
        <ele>-12.600000381469727</ele>
      </trkpt>
      <trkpt lat="52.725492445752025" lon="6.014553057029843">
        <ele>-12.600000381469727</ele>
      </trkpt>
      <trkpt lat="52.72547962144017" lon="6.014537885785103">
        <ele>-12.600000381469727</ele>
      </trkpt>
      <trkpt lat="52.725467551499605" lon="6.01452162489295">
        <ele>-12.600000381469727</ele>
      </trkpt>
      <trkpt lat="52.72545422427356" lon="6.014504944905639">
        <ele>-12.600000381469727</ele>
      </trkpt>
      <trkpt lat="52.72544299252331" lon="6.014491533860564">
        <ele>-12.399999618530273</ele>
      </trkpt>
      <trkpt lat="52.72543050348759" lon="6.0144752729684114">
        <ele>-12.600000381469727</ele>
      </trkpt>
      <trkpt lat="52.72541692480445" lon="6.014460185542703">
        <ele>-12.600000381469727</ele>
      </trkpt>
      <trkpt lat="52.72540242411196" lon="6.0144437570124865">
        <ele>-12.600000381469727</ele>
      </trkpt>
      <trkpt lat="52.725387839600444" lon="6.014430094510317">
        <ele>-12.600000381469727</ele>
      </trkpt>
      <trkpt lat="52.725374260917306" lon="6.014416683465242">
        <ele>-12.600000381469727</ele>
      </trkpt>
      <trkpt lat="52.72536110132933" lon="6.014403607696295">
        <ele>-12.600000381469727</ele>
      </trkpt>
      <trkpt lat="52.72534810937941" lon="6.014389777556062">
        <ele>-12.600000381469727</ele>
      </trkpt>
      <trkpt lat="52.72533578798175" lon="6.014376115053892">
        <ele>-12.600000381469727</ele>
      </trkpt>
      <trkpt lat="52.72532179020345" lon="6.014360524713993">
        <ele>-12.600000381469727</ele>
      </trkpt>
      <trkpt lat="52.72530796006322" lon="6.014347868040204">
        <ele>-13.0</ele>
      </trkpt>
      <trkpt lat="52.72529429756105" lon="6.014333451166749">
        <ele>-12.800000190734863</ele>
      </trkpt>
      <trkpt lat="52.72528004832566" lon="6.014320375397801">
        <ele>-12.600000381469727</ele>
      </trkpt>
      <trkpt lat="52.72526613436639" lon="6.014306293800473">
        <ele>-12.600000381469727</ele>
      </trkpt>
      <trkpt lat="52.72525364533067" lon="6.014292044565082">
        <ele>-12.600000381469727</ele>
      </trkpt>
      <trkpt lat="52.72524098865688" lon="6.014276118949056">
        <ele>-12.600000381469727</ele>
      </trkpt>
      <trkpt lat="52.72522833198309" lon="6.01426069624722">
        <ele>-12.600000381469727</ele>
      </trkpt>
      <trkpt lat="52.7252138312906" lon="6.014245105907321">
        <ele>-12.600000381469727</ele>
      </trkpt>
      <trkpt lat="52.72519840858877" lon="6.014230772852898">
        <ele>-12.600000381469727</ele>
      </trkpt>
      <trkpt lat="52.72518382407725" lon="6.014215853065252">
        <ele>-12.600000381469727</ele>
      </trkpt>
      <trkpt lat="52.725169993937016" lon="6.014204202219844">
        <ele>-12.600000381469727</ele>
      </trkpt>
      <trkpt lat="52.72515457123518" lon="6.014191210269928">
        <ele>-12.800000190734863</ele>
      </trkpt>
      <trkpt lat="52.72514007054269" lon="6.014181738719344">
        <ele>-12.800000190734863</ele>
      </trkpt>
      <trkpt lat="52.72512364201248" lon="6.014169501140714">
        <ele>-12.800000190734863</ele>
      </trkpt>
      <trkpt lat="52.725108889862895" lon="6.014158772304654">
        <ele>-12.600000381469727</ele>
      </trkpt>
      <trkpt lat="52.725093299522996" lon="6.014145780354738">
        <ele>-12.800000190734863</ele>
      </trkpt>
      <trkpt lat="52.72507938556373" lon="6.014135889708996">
        <ele>-12.800000190734863</ele>
      </trkpt>
      <trkpt lat="52.725064968690276" lon="6.014124238863587">
        <ele>-12.600000381469727</ele>
      </trkpt>
      <trkpt lat="52.72504895925522" lon="6.014113761484623">
        <ele>-12.199999809265137</ele>
      </trkpt>
      <trkpt lat="52.72503387182951" lon="6.014102948829532">
        <ele>-11.800000190734863</ele>
      </trkpt>
      <trkpt lat="52.725020879879594" lon="6.014092890545726">
        <ele>-11.800000190734863</ele>
      </trkpt>
      <trkpt lat="52.7250068821013" lon="6.014083083719015">
        <ele>-11.600000381469727</ele>
      </trkpt>
      <trkpt lat="52.724993051961064" lon="6.014073193073273">
        <ele>-11.600000381469727</ele>
      </trkpt>
      <trkpt lat="52.724979473277926" lon="6.014065481722355">
        <ele>-11.600000381469727</ele>
      </trkpt>
      <trkpt lat="52.724965726956725" lon="6.014056345447898">
        <ele>-11.399999618530273</ele>
      </trkpt>
      <trkpt lat="52.72495072335005" lon="6.014049639925361">
        <ele>-11.399999618530273</ele>
      </trkpt>
      <trkpt lat="52.72493672557175" lon="6.014042431488633">
        <ele>-11.600000381469727</ele>
      </trkpt>
      <trkpt lat="52.72492256015539" lon="6.014036647975445">
        <ele>-11.600000381469727</ele>
      </trkpt>
      <trkpt lat="52.72490914911032" lon="6.014029858633876">
        <ele>-11.600000381469727</ele>
      </trkpt>
      <trkpt lat="52.72489422932267" lon="6.01402323693037">
        <ele>-11.600000381469727</ele>
      </trkpt>
      <trkpt lat="52.724881153553724" lon="6.014016028493643">
        <ele>-11.600000381469727</ele>
      </trkpt>
      <trkpt lat="52.72486723959446" lon="6.014008987694979">
        <ele>-11.600000381469727</ele>
      </trkpt>
      <trkpt lat="52.72485391236842" lon="6.0140005219727755">
        <ele>-12.0</ele>
      </trkpt>
      <trkpt lat="52.72483857348561" lon="6.013992642983794">
        <ele>-12.199999809265137</ele>
      </trkpt>
      <trkpt lat="52.72482465952635" lon="6.0139851830899715">
        <ele>-12.199999809265137</ele>
      </trkpt>
      <trkpt lat="52.724809320643544" lon="6.01397730410099">
        <ele>-12.199999809265137</ele>
      </trkpt>
      <trkpt lat="52.72479674778879" lon="6.013969341292977">
        <ele>-12.0</ele>
      </trkpt>
      <trkpt lat="52.72478325292468" lon="6.0139581095427275">
        <ele>-12.199999809265137</ele>
      </trkpt>
      <trkpt lat="52.72477109916508" lon="6.013950901106">
        <ele>-12.0</ele>
      </trkpt>
      <trkpt lat="52.72475726902485" lon="6.013943189755082">
        <ele>-12.0</ele>
      </trkpt>
      <trkpt lat="52.724743857979774" lon="6.013935562223196">
        <ele>-12.0</ele>
      </trkpt>
      <trkpt lat="52.72472835145891" lon="6.013928605243564">
        <ele>-12.399999618530273</ele>
      </trkpt>
      <trkpt lat="52.72471443749964" lon="6.013921145349741">
        <ele>-12.600000381469727</ele>
      </trkpt>
      <trkpt lat="52.724699433892965" lon="6.013914020732045">
        <ele>-12.600000381469727</ele>
      </trkpt>
      <trkpt lat="52.72468535229564" lon="6.013906309381127">
        <ele>-12.600000381469727</ele>
      </trkpt>
      <trkpt lat="52.724670600146055" lon="6.013897089287639">
        <ele>-12.600000381469727</ele>
      </trkpt>
      <trkpt lat="52.72465718910098" lon="6.013887031003833">
        <ele>-12.600000381469727</ele>
      </trkpt>
      <trkpt lat="52.72464335896075" lon="6.013875799253583">
        <ele>-12.399999618530273</ele>
      </trkpt>
      <trkpt lat="52.724629528820515" lon="6.013865573331714">
        <ele>-12.199999809265137</ele>
      </trkpt>
      <trkpt lat="52.72461553104222" lon="6.013853587210178">
        <ele>-12.199999809265137</ele>
      </trkpt>
      <trkpt lat="52.724601700901985" lon="6.013843361288309">
        <ele>-12.399999618530273</ele>
      </trkpt>
      <trkpt lat="52.72458619438112" lon="6.013831375166774">
        <ele>-12.399999618530273</ele>
      </trkpt>
      <trkpt lat="52.72457119077444" lon="6.013821065425873">
        <ele>-12.399999618530273</ele>
      </trkpt>
      <trkpt lat="52.724556773900986" lon="6.013811342418194">
        <ele>-12.399999618530273</ele>
      </trkpt>
      <trkpt lat="52.72454285994172" lon="6.013800194486976">
        <ele>-12.399999618530273</ele>
      </trkpt>
      <trkpt lat="52.72452819161117" lon="6.013787621632218">
        <ele>-12.399999618530273</ele>
      </trkpt>
      <trkpt lat="52.72451402619481" lon="6.013777395710349">
        <ele>-12.399999618530273</ele>
      </trkpt>
      <trkpt lat="52.72449935786426" lon="6.013766499236226">
        <ele>-12.399999618530273</ele>
      </trkpt>
      <trkpt lat="52.72448561154306" lon="6.013758452609181">
        <ele>-12.399999618530273</ele>
      </trkpt>
      <trkpt lat="52.72447111085057" lon="6.013749483972788">
        <ele>-12.399999618530273</ele>
      </trkpt>
      <trkpt lat="52.72445728071034" lon="6.013741102069616">
        <ele>-12.600000381469727</ele>
      </trkpt>
      <trkpt lat="52.72444361820817" lon="6.01373246870935">
        <ele>-12.600000381469727</ele>
      </trkpt>
      <trkpt lat="52.72443029098213" lon="6.013723583891988">
        <ele>-12.600000381469727</ele>
      </trkpt>
      <trkpt lat="52.724415957927704" lon="6.013714196160436">
        <ele>-13.199999809265137</ele>
      </trkpt>
      <trkpt lat="52.72440313361585" lon="6.013705646619201">
        <ele>-13.399999618530273</ele>
      </trkpt>
      <trkpt lat="52.724388632923365" lon="6.013697097077966">
        <ele>-13.600000381469727</ele>
      </trkpt>
      <trkpt lat="52.72437530569732" lon="6.013689301908016">
        <ele>-13.600000381469727</ele>
      </trkpt>
      <trkpt lat="52.724361224099994" lon="6.013680752366781">
        <ele>-13.600000381469727</ele>
      </trkpt>
      <trkpt lat="52.72434605285525" lon="6.013672789558768">
        <ele>-13.600000381469727</ele>
      </trkpt>
      <trkpt lat="52.72433171980083" lon="6.013665581122041">
        <ele>-13.600000381469727</ele>
      </trkpt>
      <trkpt lat="52.724317302927375" lon="6.0136577021330595">
        <ele>-13.399999618530273</ele>
      </trkpt>
      <trkpt lat="52.7243020478636" lon="6.013651248067617">
        <ele>-13.0</ele>
      </trkpt>
      <trkpt lat="52.72428478114307" lon="6.0136438719928265">
        <ele>-12.800000190734863</ele>
      </trkpt>
      <trkpt lat="52.724267514422536" lon="6.013639681041241">
        <ele>-12.600000381469727</ele>
      </trkpt>
      <trkpt lat="52.72425108589232" lon="6.013636747375131">
        <ele>-12.600000381469727</ele>
      </trkpt>
      <trkpt lat="52.724236166104674" lon="6.013632137328386">
        <ele>-12.600000381469727</ele>
      </trkpt>
      <trkpt lat="52.72422065958381" lon="6.013624761253595">
        <ele>-12.399999618530273</ele>
      </trkpt>
      <trkpt lat="52.72420582361519" lon="6.013616882264614">
        <ele>-12.199999809265137</ele>
      </trkpt>
      <trkpt lat="52.724189814180136" lon="6.013607913628221">
        <ele>-13.0</ele>
      </trkpt>
      <trkpt lat="52.72417422384024" lon="6.013602213934064">
        <ele>-12.600000381469727</ele>
      </trkpt>
      <trkpt lat="52.7241588011384" lon="6.013595340773463">
        <ele>-12.600000381469727</ele>
      </trkpt>
      <trkpt lat="52.72414304316044" lon="6.013588048517704">
        <ele>-12.399999618530273</ele>
      </trkpt>
      <trkpt lat="52.724128207191825" lon="6.01358100771904">
        <ele>-12.399999618530273</ele>
      </trkpt>
      <trkpt lat="52.72411194629967" lon="6.013572961091995">
        <ele>-12.399999618530273</ele>
      </trkpt>
      <trkpt lat="52.72409702651203" lon="6.013564495369792">
        <ele>-12.399999618530273</ele>
      </trkpt>
      <trkpt lat="52.724081771448255" lon="6.013554185628891">
        <ele>-12.399999618530273</ele>
      </trkpt>
      <trkpt lat="52.72406693547964" lon="6.0135463904589415">
        <ele>-12.399999618530273</ele>
      </trkpt>
      <trkpt lat="52.724051931872964" lon="6.013537589460611">
        <ele>-12.399999618530273</ele>
      </trkpt>
      <trkpt lat="52.724037263542414" lon="6.013529961928725">
        <ele>-12.600000381469727</ele>
      </trkpt>
      <trkpt lat="52.72402251139283" lon="6.013522418215871">
        <ele>-12.600000381469727</ele>
      </trkpt>
      <trkpt lat="52.724006585776806" lon="6.013514706864953">
        <ele>-12.600000381469727</ele>
      </trkpt>
      <trkpt lat="52.72399007342756" lon="6.013505570590496">
        <ele>-12.600000381469727</ele>
      </trkpt>
      <trkpt lat="52.72397414781153" lon="6.013497104868293">
        <ele>-12.600000381469727</ele>
      </trkpt>
      <trkpt lat="52.72395830601454" lon="6.013487633317709">
        <ele>-12.800000190734863</ele>
      </trkpt>
      <trkpt lat="52.72394271567464" lon="6.013478497043252">
        <ele>-12.800000190734863</ele>
      </trkpt>
      <trkpt lat="52.72392611950636" lon="6.013465756550431">
        <ele>-13.0</ele>
      </trkpt>
      <trkpt lat="52.72391153499484" lon="6.013454273343086">
        <ele>-12.800000190734863</ele>
      </trkpt>
      <trkpt lat="52.72389644756913" lon="6.013442873954773">
        <ele>-13.0</ele>
      </trkpt>
      <trkpt lat="52.72388060577214" lon="6.0134318098425865">
        <ele>-12.800000190734863</ele>
      </trkpt>
      <trkpt lat="52.723865853622556" lon="6.013421835377812">
        <ele>-12.600000381469727</ele>
      </trkpt>
      <trkpt lat="52.723850179463625" lon="6.013411274179816">
        <ele>-12.600000381469727</ele>
      </trkpt>
      <trkpt lat="52.72383534349501" lon="6.013398785144091">
        <ele>-12.600000381469727</ele>
      </trkpt>
      <trkpt lat="52.72382000461221" lon="6.013390235602856">
        <ele>-12.600000381469727</ele>
      </trkpt>
      <trkpt lat="52.7238049171865" lon="6.013380931690335">
        <ele>-12.600000381469727</ele>
      </trkpt>
      <trkpt lat="52.723789159208536" lon="6.013373639434576">
        <ele>-12.600000381469727</ele>
      </trkpt>
      <trkpt lat="52.72377256304026" lon="6.013365006074309">
        <ele>-12.600000381469727</ele>
      </trkpt>
      <trkpt lat="52.72375328466296" lon="6.013359557837248">
        <ele>-12.800000190734863</ele>
      </trkpt>
      <trkpt lat="52.72373509593308" lon="6.0133555345237255">
        <ele>-12.800000190734863</ele>
      </trkpt>
      <trkpt lat="52.72371766157448" lon="6.013349918648601">
        <ele>-12.800000190734863</ele>
      </trkpt>
      <trkpt lat="52.72369980812073" lon="6.0133475717157125">
        <ele>-12.600000381469727</ele>
      </trkpt>
      <trkpt lat="52.72368170320988" lon="6.013346062973142">
        <ele>-12.600000381469727</ele>
      </trkpt>
      <trkpt lat="52.72366368211806" lon="6.0133469849824905">
        <ele>-13.0</ele>
      </trkpt>
      <trkpt lat="52.72364323027432" lon="6.013348577544093">
        <ele>-13.0</ele>
      </trkpt>
      <trkpt lat="52.723623951897025" lon="6.013351762667298">
        <ele>-12.800000190734863</ele>
      </trkpt>
      <trkpt lat="52.72360626608133" lon="6.013355869799852">
        <ele>-13.0</ele>
      </trkpt>
      <trkpt lat="52.72359008900821" lon="6.01336064748466">
        <ele>-13.199999809265137</ele>
      </trkpt>
      <trkpt lat="52.723573576658964" lon="6.013362826779485">
        <ele>-13.199999809265137</ele>
      </trkpt>
      <trkpt lat="52.72355580702424" lon="6.013365676626563">
        <ele>-13.199999809265137</ele>
      </trkpt>
      <trkpt lat="52.72353686392307" lon="6.013373136520386">
        <ele>-13.199999809265137</ele>
      </trkpt>
      <trkpt lat="52.723517920821905" lon="6.013379758223891">
        <ele>-13.399999618530273</ele>
      </trkpt>
      <trkpt lat="52.72349964827299" lon="6.013386799022555">
        <ele>-13.399999618530273</ele>
      </trkpt>
      <trkpt lat="52.72348439320922" lon="6.013395516201854">
        <ele>-13.399999618530273</ele>
      </trkpt>
      <trkpt lat="52.72346737794578" lon="6.013404484838247">
        <ele>-13.399999618530273</ele>
      </trkpt>
      <trkpt lat="52.72345027886331" lon="6.013410771265626">
        <ele>-13.399999618530273</ele>
      </trkpt>
      <trkpt lat="52.72343259304762" lon="6.0134179797023535">
        <ele>-13.199999809265137</ele>
      </trkpt>
      <trkpt lat="52.72341415286064" lon="6.013427618891001">
        <ele>-13.199999809265137</ele>
      </trkpt>
      <trkpt lat="52.723396299406886" lon="6.013439269736409">
        <ele>-13.0</ele>
      </trkpt>
      <trkpt lat="52.72337685339153" lon="6.013450752943754">
        <ele>-13.0</ele>
      </trkpt>
      <trkpt lat="52.723358580842614" lon="6.013463493436575">
        <ele>-13.0</ele>
      </trkpt>
      <trkpt lat="52.7233403082937" lon="6.0134753957390785">
        <ele>-13.0</ele>
      </trkpt>
      <trkpt lat="52.72332178428769" lon="6.013487968593836">
        <ele>-13.199999809265137</ele>
      </trkpt>
      <trkpt lat="52.723303930833936" lon="6.013499367982149">
        <ele>-13.399999618530273</ele>
      </trkpt>
      <trkpt lat="52.723286245018244" lon="6.013513617217541">
        <ele>-13.399999618530273</ele>
      </trkpt>
      <trkpt lat="52.72326990030706" lon="6.0135292913764715">
        <ele>-13.399999618530273</ele>
      </trkpt>
      <trkpt lat="52.72325238212943" lon="6.013546139001846">
        <ele>-13.199999809265137</ele>
      </trkpt>
      <trkpt lat="52.723236456513405" lon="6.013555526733398">
        <ele>-13.199999809265137</ele>
      </trkpt>
      <trkpt lat="52.723220782354474" lon="6.0135693568736315">
        <ele>-13.199999809265137</ele>
      </trkpt>
      <trkpt lat="52.72320435382426" lon="6.013587210327387">
        <ele>-13.399999618530273</ele>
      </trkpt>
      <trkpt lat="52.72318725474179" lon="6.013603890314698">
        <ele>-13.399999618530273</ele>
      </trkpt>
      <trkpt lat="52.72317216731608" lon="6.013623671606183">
        <ele>-13.600000381469727</ele>
      </trkpt>
      <trkpt lat="52.723157247528434" lon="6.013642614707351">
        <ele>-13.600000381469727</ele>
      </trkpt>
      <trkpt lat="52.723142663016915" lon="6.013660887256265">
        <ele>-13.600000381469727</ele>
      </trkpt>
      <trkpt lat="52.72313050925732" lon="6.013677902519703">
        <ele>-13.600000381469727</ele>
      </trkpt>
      <trkpt lat="52.72311617620289" lon="6.013693576678634">
        <ele>-13.600000381469727</ele>
      </trkpt>
      <trkpt lat="52.72310226224363" lon="6.013706987723708">
        <ele>-13.600000381469727</ele>
      </trkpt>
      <trkpt lat="52.7230881806463" lon="6.013721572235227">
        <ele>-13.600000381469727</ele>
      </trkpt>
      <trkpt lat="52.72307703271508" lon="6.013736240565777">
        <ele>-13.600000381469727</ele>
      </trkpt>
      <trkpt lat="52.723065884783864" lon="6.013753674924374">
        <ele>-13.600000381469727</ele>
      </trkpt>
      <trkpt lat="52.72305297665298" lon="6.013774462044239">
        <ele>-13.600000381469727</ele>
      </trkpt>
      <trkpt lat="52.723039062693715" lon="6.013793908059597">
        <ele>-13.600000381469727</ele>
      </trkpt>
      <trkpt lat="52.72302498109639" lon="6.013815114274621">
        <ele>-13.600000381469727</ele>
      </trkpt>
      <trkpt lat="52.72300947457552" lon="6.0138343926519156">
        <ele>-13.600000381469727</ele>
      </trkpt>
      <trkpt lat="52.72299388423562" lon="6.013856520876288">
        <ele>-13.600000381469727</ele>
      </trkpt>
      <trkpt lat="52.72297787480056" lon="6.013876385986805">
        <ele>-13.600000381469727</ele>
      </trkpt>
      <trkpt lat="52.72296270355582" lon="6.013894407078624">
        <ele>-13.600000381469727</ele>
      </trkpt>
      <trkpt lat="52.72294929251075" lon="6.013912847265601">
        <ele>-13.600000381469727</ele>
      </trkpt>
      <trkpt lat="52.72293286398053" lon="6.013928018510342">
        <ele>-13.600000381469727</ele>
      </trkpt>
      <trkpt lat="52.72291752509773" lon="6.013941178098321">
        <ele>-13.600000381469727</ele>
      </trkpt>
      <trkpt lat="52.722903275862336" lon="6.013954086229205">
        <ele>-13.800000190734863</ele>
      </trkpt>
      <trkpt lat="52.722890032455325" lon="6.013965150341392">
        <ele>-13.800000190734863</ele>
      </trkpt>
      <trkpt lat="52.722876286134124" lon="6.013973280787468">
        <ele>-13.800000190734863</ele>
      </trkpt>
      <trkpt lat="52.72286388091743" lon="6.013986608013511">
        <ele>-13.800000190734863</ele>
      </trkpt>
      <trkpt lat="52.722850386053324" lon="6.014000438153744">
        <ele>-13.800000190734863</ele>
      </trkpt>
      <trkpt lat="52.72283814847469" lon="6.01401636376977">
        <ele>-13.800000190734863</ele>
      </trkpt>
      <trkpt lat="52.7228241506964" lon="6.0140326246619225">
        <ele>-13.800000190734863</ele>
      </trkpt>
      <trkpt lat="52.722810320556164" lon="6.014048382639885">
        <ele>-13.800000190734863</ele>
      </trkpt>
      <trkpt lat="52.722793221473694" lon="6.014066822826862">
        <ele>-13.600000381469727</ele>
      </trkpt>
      <trkpt lat="52.72277821786702" lon="6.014082580804825">
        <ele>-13.800000190734863</ele>
      </trkpt>
      <trkpt lat="52.7227617893368" lon="6.014100769534707">
        <ele>-13.600000381469727</ele>
      </trkpt>
      <trkpt lat="52.72274678573012" lon="6.014119377359748">
        <ele>-13.800000190734863</ele>
      </trkpt>
      <trkpt lat="52.722730189561844" lon="6.014134883880615">
        <ele>-13.800000190734863</ele>
      </trkpt>
      <trkpt lat="52.72271568886936" lon="6.014152569696307">
        <ele>-13.800000190734863</ele>
      </trkpt>
      <trkpt lat="52.72269909270108" lon="6.014174027368426">
        <ele>-13.800000190734863</ele>
      </trkpt>
      <trkpt lat="52.72268517874181" lon="6.014195736497641">
        <ele>-13.800000190734863</ele>
      </trkpt>
      <trkpt lat="52.72266942076385" lon="6.014218954369426">
        <ele>-13.800000190734863</ele>
      </trkpt>
      <trkpt lat="52.72265508770943" lon="6.014240328222513">
        <ele>-13.800000190734863</ele>
      </trkpt>
      <trkpt lat="52.72263782098889" lon="6.014261618256569">
        <ele>-13.800000190734863</ele>
      </trkpt>
      <trkpt lat="52.72262239828706" lon="6.014281315729022">
        <ele>-14.0</ele>
      </trkpt>
      <trkpt lat="52.72260546684265" lon="6.014301097020507">
        <ele>-13.800000190734863</ele>
      </trkpt>
      <trkpt lat="52.72258937358856" lon="6.014317441731691">
        <ele>-13.800000190734863</ele>
      </trkpt>
      <trkpt lat="52.722572861239314" lon="6.01433546282351">
        <ele>-13.800000190734863</ele>
      </trkpt>
      <trkpt lat="52.72255609743297" lon="6.014350801706314">
        <ele>-13.600000381469727</ele>
      </trkpt>
      <trkpt lat="52.72253983654082" lon="6.014367314055562">
        <ele>-13.600000381469727</ele>
      </trkpt>
      <trkpt lat="52.72252391092479" lon="6.0143824853003025">
        <ele>-13.600000381469727</ele>
      </trkpt>
      <trkpt lat="52.72250714711845" lon="6.014397321268916">
        <ele>-13.600000381469727</ele>
      </trkpt>
      <trkpt lat="52.72249055095017" lon="6.014412995427847">
        <ele>-13.399999618530273</ele>
      </trkpt>
      <trkpt lat="52.72247303277254" lon="6.014429926872253">
        <ele>-13.199999809265137</ele>
      </trkpt>
      <trkpt lat="52.722455179318786" lon="6.014443589374423">
        <ele>-13.199999809265137</ele>
      </trkpt>
      <trkpt lat="52.72243824787438" lon="6.01445909589529">
        <ele>-13.199999809265137</ele>
      </trkpt>
      <trkpt lat="52.72242123261094" lon="6.01447326131165">
        <ele>-13.199999809265137</ele>
      </trkpt>
      <trkpt lat="52.722404804080725" lon="6.014488935470581">
        <ele>-13.199999809265137</ele>
      </trkpt>
      <trkpt lat="52.7223888784647" lon="6.014503436163068">
        <ele>-13.199999809265137</ele>
      </trkpt>
      <trkpt lat="52.72237337194383" lon="6.014521457254887">
        <ele>-13.199999809265137</ele>
      </trkpt>
      <trkpt lat="52.72235861979425" lon="6.014537047594786">
        <ele>-13.199999809265137</ele>
      </trkpt>
      <trkpt lat="52.722344202920794" lon="6.014555403962731">
        <ele>-13.399999618530273</ele>
      </trkpt>
      <trkpt lat="52.722329618409276" lon="6.014569401741028">
        <ele>-13.399999618530273</ele>
      </trkpt>
      <trkpt lat="52.72231335751712" lon="6.014585327357054">
        <ele>-13.399999618530273</ele>
      </trkpt>
      <trkpt lat="52.72229650989175" lon="6.014599408954382">
        <ele>-13.399999618530273</ele>
      </trkpt>
      <trkpt lat="52.7222799975425" lon="6.014613658189774">
        <ele>-13.399999618530273</ele>
      </trkpt>
      <trkpt lat="52.72226331755519" lon="6.014625141397119">
        <ele>-13.399999618530273</ele>
      </trkpt>
      <trkpt lat="52.722246050834656" lon="6.014639474451542">
        <ele>-13.399999618530273</ele>
      </trkpt>
      <trkpt lat="52.72222710773349" lon="6.014654394239187">
        <ele>-13.399999618530273</ele>
      </trkpt>
      <trkpt lat="52.72220900282264" lon="6.014670738950372">
        <ele>-13.399999618530273</ele>
      </trkpt>
      <trkpt lat="52.7221903949976" lon="6.014685658738017">
        <ele>-13.600000381469727</ele>
      </trkpt>
      <trkpt lat="52.722172960639" lon="6.014701081439853">
        <ele>-13.600000381469727</ele>
      </trkpt>
      <trkpt lat="52.72215695120394" lon="6.014717174693942">
        <ele>-13.600000381469727</ele>
      </trkpt>
      <trkpt lat="52.72214027121663" lon="6.014732681214809">
        <ele>-13.600000381469727</ele>
      </trkpt>
      <trkpt lat="52.72212518379092" lon="6.0147465113550425">
        <ele>-13.600000381469727</ele>
      </trkpt>
      <trkpt lat="52.72210984490812" lon="6.014761431142688">
        <ele>-13.399999618530273</ele>
      </trkpt>
      <trkpt lat="52.72209391929209" lon="6.01477668620646">
        <ele>-13.199999809265137</ele>
      </trkpt>
      <trkpt lat="52.72207732312381" lon="6.014789426699281">
        <ele>-13.199999809265137</ele>
      </trkpt>
      <trkpt lat="52.72206190042198" lon="6.014801496639848">
        <ele>-13.199999809265137</ele>
      </trkpt>
      <trkpt lat="52.72204555571079" lon="6.0148143209517">
        <ele>-13.199999809265137</ele>
      </trkpt>
      <trkpt lat="52.72202719934285" lon="6.014828318729997">
        <ele>-13.199999809265137</ele>
      </trkpt>
      <trkpt lat="52.72200968116522" lon="6.014840640127659">
        <ele>-13.199999809265137</ele>
      </trkpt>
      <trkpt lat="52.72199115715921" lon="6.014851620420814">
        <ele>-13.199999809265137</ele>
      </trkpt>
      <trkpt lat="52.72197296842933" lon="6.014863690361381">
        <ele>-13.399999618530273</ele>
      </trkpt>
      <trkpt lat="52.72195486351848" lon="6.014876766130328">
        <ele>-13.399999618530273</ele>
      </trkpt>
      <trkpt lat="52.72193650715053" lon="6.014889841899276">
        <ele>-13.399999618530273</ele>
      </trkpt>
      <trkpt lat="52.721918569877744" lon="6.014902498573065">
        <ele>-13.399999618530273</ele>
      </trkpt>
      <trkpt lat="52.721902057528496" lon="6.014913395047188">
        <ele>-13.399999618530273</ele>
      </trkpt>
      <trkpt lat="52.721883952617645" lon="6.014925884082913">
        <ele>-13.399999618530273</ele>
      </trkpt>
      <trkpt lat="52.721867272630334" lon="6.014936780557036">
        <ele>-13.199999809265137</ele>
      </trkpt>
      <trkpt lat="52.72185143083334" lon="6.014948012307286">
        <ele>-13.199999809265137</ele>
      </trkpt>
      <trkpt lat="52.721835589036345" lon="6.014960752800107">
        <ele>-13.199999809265137</ele>
      </trkpt>
      <trkpt lat="52.72182016633451" lon="6.0149747505784035">
        <ele>-13.199999809265137</ele>
      </trkpt>
      <trkpt lat="52.72180516272783" lon="6.0149897541850805">
        <ele>-13.399999618530273</ele>
      </trkpt>
      <trkpt lat="52.72178999148309" lon="6.015003668144345">
        <ele>-13.199999809265137</ele>
      </trkpt>
      <trkpt lat="52.721774987876415" lon="6.015016743913293">
        <ele>-13.399999618530273</ele>
      </trkpt>
      <trkpt lat="52.72175914607942" lon="6.015029568225145">
        <ele>-13.199999809265137</ele>
      </trkpt>
      <trkpt lat="52.72174380719662" lon="6.015041805803776">
        <ele>-13.199999809265137</ele>
      </trkpt>
      <trkpt lat="52.72172821685672" lon="6.015056474134326">
        <ele>-13.199999809265137</ele>
      </trkpt>
      <trkpt lat="52.721713464707136" lon="6.015069298446178">
        <ele>-13.0</ele>
      </trkpt>
      <trkpt lat="52.72169661708176" lon="6.015083882957697">
        <ele>-12.800000190734863</ele>
      </trkpt>
      <trkpt lat="52.72168052382767" lon="6.015096707269549">
        <ele>-12.800000190734863</ele>
      </trkpt>
      <trkpt lat="52.72166241891682" lon="6.01510894484818">
        <ele>-12.800000190734863</ele>
      </trkpt>
      <trkpt lat="52.72164490073919" lon="6.015120763331652">
        <ele>-12.800000190734863</ele>
      </trkpt>
      <trkpt lat="52.72162612527609" lon="6.01513434201479">
        <ele>-13.0</ele>
      </trkpt>
      <trkpt lat="52.721608774736524" lon="6.015145909041166">
        <ele>-13.199999809265137</ele>
      </trkpt>
      <trkpt lat="52.72158949635923" lon="6.015156134963036">
        <ele>-13.399999618530273</ele>
      </trkpt>
      <trkpt lat="52.72157113999128" lon="6.015166696161032">
        <ele>-13.399999618530273</ele>
      </trkpt>
      <trkpt lat="52.721552699804306" lon="6.015177089720964">
        <ele>-13.399999618530273</ele>
      </trkpt>
      <trkpt lat="52.72153526544571" lon="6.015188992023468">
        <ele>-13.399999618530273</ele>
      </trkpt>
      <trkpt lat="52.72151640616357" lon="6.01519837975502">
        <ele>-13.399999618530273</ele>
      </trkpt>
      <trkpt lat="52.7214993070811" lon="6.01520617492497">
        <ele>-13.600000381469727</ele>
      </trkpt>
      <trkpt lat="52.72148204036057" lon="6.015210868790746">
        <ele>-13.399999618530273</ele>
      </trkpt>
      <trkpt lat="52.721464270725846" lon="6.015218747779727">
        <ele>-13.399999618530273</ele>
      </trkpt>
      <trkpt lat="52.72144692018628" lon="6.0152277164161205">
        <ele>-13.199999809265137</ele>
      </trkpt>
      <trkpt lat="52.72142973728478" lon="6.0152380261570215">
        <ele>-13.199999809265137</ele>
      </trkpt>
      <trkpt lat="52.72141180001199" lon="6.01524674333632">
        <ele>-13.0</ele>
      </trkpt>
      <trkpt lat="52.72139495238662" lon="6.015257053077221">
        <ele>-13.0</ele>
      </trkpt>
      <trkpt lat="52.72137743420899" lon="6.015266356989741">
        <ele>-12.800000190734863</ele>
      </trkpt>
      <trkpt lat="52.721360083669424" lon="6.015279097482562">
        <ele>-12.800000190734863</ele>
      </trkpt>
      <trkpt lat="52.72134340368211" lon="6.0152913350611925">
        <ele>-13.0</ele>
      </trkpt>
      <trkpt lat="52.72132655605674" lon="6.015307009220123">
        <ele>-13.0</ele>
      </trkpt>
      <trkpt lat="52.72131012752652" lon="6.015320420265198">
        <ele>-13.199999809265137</ele>
      </trkpt>
      <trkpt lat="52.72129378281534" lon="6.015335340052843">
        <ele>-13.399999618530273</ele>
      </trkpt>
      <trkpt lat="52.72127542644739" lon="6.015348499640822">
        <ele>-13.399999618530273</ele>
      </trkpt>
      <trkpt lat="52.72125765681267" lon="6.0153640899807215">
        <ele>-13.399999618530273</ele>
      </trkpt>
      <trkpt lat="52.72123862989247" lon="6.015379261225462">
        <ele>-13.399999618530273</ele>
      </trkpt>
      <trkpt lat="52.721220441162586" lon="6.015394097194076">
        <ele>-13.199999809265137</ele>
      </trkpt>
      <trkpt lat="52.72120350971818" lon="6.015405580401421">
        <ele>-13.199999809265137</ele>
      </trkpt>
      <trkpt lat="52.72118750028312" lon="6.015419494360685">
        <ele>-13.199999809265137</ele>
      </trkpt>
      <trkpt lat="52.72117065265775" lon="6.015426032245159">
        <ele>-13.199999809265137</ele>
      </trkpt>
      <trkpt lat="52.72115405648947" lon="6.0154380183666945">
        <ele>-13.199999809265137</ele>
      </trkpt>
      <trkpt lat="52.72113754414022" lon="6.015447992831469">
        <ele>-13.0</ele>
      </trkpt>
      <trkpt lat="52.72112078033388" lon="6.015460649505258">
        <ele>-13.0</ele>
      </trkpt>
      <trkpt lat="52.72110569290817" lon="6.015469785779715">
        <ele>-13.0</ele>
      </trkpt>
      <trkpt lat="52.72108926437795" lon="6.015483196824789">
        <ele>-13.0</ele>
      </trkpt>
      <trkpt lat="52.72107291966677" lon="6.015495602041483">
        <ele>-12.800000190734863</ele>
      </trkpt>
      <trkpt lat="52.72105799987912" lon="6.015510857105255">
        <ele>-13.0</ele>
      </trkpt>
      <trkpt lat="52.721043080091476" lon="6.015523765236139">
        <ele>-13.0</ele>
      </trkpt>
      <trkpt lat="52.72102849557996" lon="6.015538517385721">
        <ele>-13.0</ele>
      </trkpt>
      <trkpt lat="52.721013156697154" lon="6.0155516769737005">
        <ele>-13.0</ele>
      </trkpt>
      <trkpt lat="52.72099832072854" lon="6.015567015856504">
        <ele>-13.0</ele>
      </trkpt>
      <trkpt lat="52.72098323330283" lon="6.015578163787723">
        <ele>-13.0</ele>
      </trkpt>
      <trkpt lat="52.72096864879131" lon="6.015589730814099">
        <ele>-13.0</ele>
      </trkpt>
      <trkpt lat="52.72095389664173" lon="6.015598699450493">
        <ele>-13.0</ele>
      </trkpt>
      <trkpt lat="52.72093914449215" lon="6.01561127230525">
        <ele>-13.0</ele>
      </trkpt>
      <trkpt lat="52.720923805609345" lon="6.015620157122612">
        <ele>-12.800000190734863</ele>
      </trkpt>
      <trkpt lat="52.720908131450415" lon="6.015631137415767">
        <ele>-13.0</ele>
      </trkpt>
      <trkpt lat="52.7208914514631" lon="6.01564253680408">
        <ele>-13.0</ele>
      </trkpt>
      <trkpt lat="52.72087560966611" lon="6.015652175992727">
        <ele>-13.0</ele>
      </trkpt>
      <trkpt lat="52.72085851058364" lon="6.015662904828787">
        <ele>-12.800000190734863</ele>
      </trkpt>
      <trkpt lat="52.720842249691486" lon="6.015673214569688">
        <ele>-12.600000381469727</ele>
      </trkpt>
      <trkpt lat="52.72082582116127" lon="6.015685368329287">
        <ele>-12.600000381469727</ele>
      </trkpt>
      <trkpt lat="52.72080914117396" lon="6.015696516260505">
        <ele>-12.800000190734863</ele>
      </trkpt>
      <trkpt lat="52.72079212591052" lon="6.015707748010755">
        <ele>-12.600000381469727</ele>
      </trkpt>
      <trkpt lat="52.720776284113526" lon="6.015717973932624">
        <ele>-12.800000190734863</ele>
      </trkpt>
      <trkpt lat="52.72075834684074" lon="6.015729205682874">
        <ele>-12.600000381469727</ele>
      </trkpt>
      <trkpt lat="52.72074166685343" lon="6.015741107985377">
        <ele>-13.0</ele>
      </trkpt>
      <trkpt lat="52.72072456777096" lon="6.015758374705911">
        <ele>-13.0</ele>
      </trkpt>
      <trkpt lat="52.72070847451687" lon="6.015771282836795">
        <ele>-13.199999809265137</ele>
      </trkpt>
      <trkpt lat="52.72069087252021" lon="6.015786034986377">
        <ele>-13.199999809265137</ele>
      </trkpt>
      <trkpt lat="52.720674108713865" lon="6.015798607841134">
        <ele>-13.199999809265137</ele>
      </trkpt>
      <trkpt lat="52.72065759636462" lon="6.015809420496225">
        <ele>-13.199999809265137</ele>
      </trkpt>
      <trkpt lat="52.72064125165343" lon="6.015822244808078">
        <ele>-13.199999809265137</ele>
      </trkpt>
      <trkpt lat="52.72062247619033" lon="6.0158326383680105">
        <ele>-13.199999809265137</ele>
      </trkpt>
      <trkpt lat="52.720605209469795" lon="6.015843786299229">
        <ele>-13.199999809265137</ele>
      </trkpt>
      <trkpt lat="52.72058676928282" lon="6.015849318355322">
        <ele>-13.199999809265137</ele>
      </trkpt>
      <trkpt lat="52.72056925110519" lon="6.015860550105572">
        <ele>-13.199999809265137</ele>
      </trkpt>
      <trkpt lat="52.72055064328015" lon="6.015874799340963">
        <ele>-13.399999618530273</ele>
      </trkpt>
      <trkpt lat="52.720532873645425" lon="6.015886953100562">
        <ele>-13.399999618530273</ele>
      </trkpt>
      <trkpt lat="52.720515271648765" lon="6.015901789069176">
        <ele>-13.399999618530273</ele>
      </trkpt>
      <trkpt lat="52.72049942985177" lon="6.015914864838123">
        <ele>-13.399999618530273</ele>
      </trkpt>
      <trkpt lat="52.72048316895962" lon="6.015926348045468">
        <ele>-13.399999618530273</ele>
      </trkpt>
      <trkpt lat="52.72046799771488" lon="6.015941184014082">
        <ele>-13.600000381469727</ele>
      </trkpt>
      <trkpt lat="52.7204514015466" lon="6.015951577574015">
        <ele>-13.600000381469727</ele>
      </trkpt>
      <trkpt lat="52.72043589502573" lon="6.015961552038789">
        <ele>-13.600000381469727</ele>
      </trkpt>
      <trkpt lat="52.720420472323895" lon="6.015970604494214">
        <ele>-13.600000381469727</ele>
      </trkpt>
      <trkpt lat="52.72040563635528" lon="6.015980411320925">
        <ele>-13.600000381469727</ele>
      </trkpt>
      <trkpt lat="52.720389710739255" lon="6.01598896086216">
        <ele>-13.399999618530273</ele>
      </trkpt>
      <trkpt lat="52.72037445567548" lon="6.015996923670173">
        <ele>-13.199999809265137</ele>
      </trkpt>
      <trkpt lat="52.7203578595072" lon="6.016007484868169">
        <ele>-13.199999809265137</ele>
      </trkpt>
      <trkpt lat="52.72034193389118" lon="6.016015447676182">
        <ele>-13.199999809265137</ele>
      </trkpt>
      <trkpt lat="52.72032441571355" lon="6.01602366194129">
        <ele>-13.199999809265137</ele>
      </trkpt>
      <trkpt lat="52.7203079033643" lon="6.016031708568335">
        <ele>-13.199999809265137</ele>
      </trkpt>
      <trkpt lat="52.72029189392924" lon="6.016042018309236">
        <ele>-13.199999809265137</ele>
      </trkpt>
      <trkpt lat="52.72027554921806" lon="6.016049142926931">
        <ele>-13.199999809265137</ele>
      </trkpt>
      <trkpt lat="52.720259791240096" lon="6.0160591173917055">
        <ele>-13.199999809265137</ele>
      </trkpt>
      <trkpt lat="52.72024369798601" lon="6.016069846227765">
        <ele>-13.199999809265137</ele>
      </trkpt>
      <trkpt lat="52.72022718563676" lon="6.016081077978015">
        <ele>-13.199999809265137</ele>
      </trkpt>
      <trkpt lat="52.72021050564945" lon="6.016091639176011">
        <ele>-13.199999809265137</ele>
      </trkpt>
      <trkpt lat="52.72019449621439" lon="6.0161027032881975">
        <ele>-13.199999809265137</ele>
      </trkpt>
      <trkpt lat="52.720176139846444" lon="6.016113851219416">
        <ele>-13.199999809265137</ele>
      </trkpt>
      <trkpt lat="52.72015728056431" lon="6.016124663874507">
        <ele>-13.199999809265137</ele>
      </trkpt>
      <trkpt lat="52.72013892419636" lon="6.016134386882186">
        <ele>-13.199999809265137</ele>
      </trkpt>
      <trkpt lat="52.7201213221997" lon="6.016144277527928">
        <ele>-13.399999618530273</ele>
      </trkpt>
      <trkpt lat="52.72010271437466" lon="6.016154419630766">
        <ele>-13.399999618530273</ele>
      </trkpt>
      <trkpt lat="52.72008561529219" lon="6.016165399923921">
        <ele>-13.399999618530273</ele>
      </trkpt>
      <trkpt lat="52.720069186761975" lon="6.016174955293536">
        <ele>-13.399999618530273</ele>
      </trkpt>
      <trkpt lat="52.720053512603045" lon="6.016184845939279">
        <ele>-13.399999618530273</ele>
      </trkpt>
      <trkpt lat="52.72003867663443" lon="6.016193563118577">
        <ele>-13.399999618530273</ele>
      </trkpt>
      <trkpt lat="52.72002342157066" lon="6.016202280297875">
        <ele>-13.399999618530273</ele>
      </trkpt>
      <trkpt lat="52.72000841796398" lon="6.016208818182349">
        <ele>-13.600000381469727</ele>
      </trkpt>
      <trkpt lat="52.71999265998602" lon="6.016218038275838">
        <ele>-13.600000381469727</ele>
      </trkpt>
      <trkpt lat="52.71997556090355" lon="6.016225665807724">
        <ele>-13.800000190734863</ele>
      </trkpt>
      <trkpt lat="52.71995896473527" lon="6.016234299167991">
        <ele>-13.800000190734863</ele>
      </trkpt>
      <trkpt lat="52.71994102746248" lon="6.0162443574517965">
        <ele>-14.0</ele>
      </trkpt>
      <trkpt lat="52.7199246827513" lon="6.016253996640444">
        <ele>-14.0</ele>
      </trkpt>
      <trkpt lat="52.719907918944955" lon="6.016262881457806">
        <ele>-14.0</ele>
      </trkpt>
      <trkpt lat="52.719891322776675" lon="6.016272520646453">
        <ele>-14.0</ele>
      </trkpt>
      <trkpt lat="52.71987640298903" lon="6.016282495111227">
        <ele>-13.800000190734863</ele>
      </trkpt>
      <trkpt lat="52.71986123174429" lon="6.016290206462145">
        <ele>-14.199999809265137</ele>
      </trkpt>
      <trkpt lat="52.71984597668052" lon="6.016300935298204">
        <ele>-14.0</ele>
      </trkpt>
      <trkpt lat="52.7198295481503" lon="6.016306970268488">
        <ele>-14.199999809265137</ele>
      </trkpt>
      <trkpt lat="52.71981320343912" lon="6.016315016895533">
        <ele>-14.0</ele>
      </trkpt>
      <trkpt lat="52.719797445461154" lon="6.016319375485182">
        <ele>-14.199999809265137</ele>
      </trkpt>
      <trkpt lat="52.719780933111906" lon="6.016325829550624">
        <ele>-14.199999809265137</ele>
      </trkpt>
      <trkpt lat="52.71976500749588" lon="6.016331948339939">
        <ele>-14.399999618530273</ele>
      </trkpt>
      <trkpt lat="52.71975067444146" lon="6.016341922804713">
        <ele>-14.199999809265137</ele>
      </trkpt>
      <trkpt lat="52.71973516792059" lon="6.0163521487265825">
        <ele>-14.199999809265137</ele>
      </trkpt>
      <trkpt lat="52.71971924230456" lon="6.016363129019737">
        <ele>-14.0</ele>
      </trkpt>
      <trkpt lat="52.71970381960273" lon="6.0163739416748285">
        <ele>-14.0</ele>
      </trkpt>
      <trkpt lat="52.719687558710575" lon="6.016384335234761">
        <ele>-14.0</ele>
      </trkpt>
      <trkpt lat="52.71966978907585" lon="6.016396153718233">
        <ele>-14.199999809265137</ele>
      </trkpt>
      <trkpt lat="52.71965310908854" lon="6.016405960544944">
        <ele>-14.199999809265137</ele>
      </trkpt>
      <trkpt lat="52.719635255634785" lon="6.016415432095528">
        <ele>-14.199999809265137</ele>
      </trkpt>
      <trkpt lat="52.71961949765682" lon="6.016424736008048">
        <ele>-14.199999809265137</ele>
      </trkpt>
      <trkpt lat="52.7196033205837" lon="6.0164346266537905">
        <ele>-14.199999809265137</ele>
      </trkpt>
      <trkpt lat="52.71958630532026" lon="6.016443427652121">
        <ele>-14.199999809265137</ele>
      </trkpt>
      <trkpt lat="52.71957105025649" lon="6.016453905031085">
        <ele>-14.199999809265137</ele>
      </trkpt>
      <trkpt lat="52.71955453790724" lon="6.0164600238204">
        <ele>-14.0</ele>
      </trkpt>
      <trkpt lat="52.71953877992928" lon="6.016467651352286">
        <ele>-14.0</ele>
      </trkpt>
      <trkpt lat="52.719522435218096" lon="6.01647418923676">
        <ele>-14.0</ele>
      </trkpt>
      <trkpt lat="52.71950617432594" lon="6.0164824873209">
        <ele>-14.0</ele>
      </trkpt>
      <trkpt lat="52.71948991343379" lon="6.016491372138262">
        <ele>-14.0</ele>
      </trkpt>
      <trkpt lat="52.7194738201797" lon="6.0165017656981945">
        <ele>-13.800000190734863</ele>
      </trkpt>
      <trkpt lat="52.719457475468516" lon="6.01651081815362">
        <ele>-13.800000190734863</ele>
      </trkpt>
      <trkpt lat="52.71944062784314" lon="6.016521546989679">
        <ele>-13.800000190734863</ele>
      </trkpt>
      <trkpt lat="52.71942352876067" lon="6.0165308509022">
        <ele>-13.800000190734863</ele>
      </trkpt>
      <trkpt lat="52.7194066811353" lon="6.016541160643101">
        <ele>-13.800000190734863</ele>
      </trkpt>
      <trkpt lat="52.71938773803413" lon="6.016548704355955">
        <ele>-13.800000190734863</ele>
      </trkpt>
      <trkpt lat="52.71937072277069" lon="6.016559349372983">
        <ele>-13.800000190734863</ele>
      </trkpt>
      <trkpt lat="52.71935261785984" lon="6.016572173684835">
        <ele>-13.800000190734863</ele>
      </trkpt>
      <trkpt lat="52.719335770234466" lon="6.01658365689218">
        <ele>-13.800000190734863</ele>
      </trkpt>
      <trkpt lat="52.719318671151996" lon="6.016594134271145">
        <ele>-13.800000190734863</ele>
      </trkpt>
      <trkpt lat="52.71930073387921" lon="6.016603522002697">
        <ele>-13.800000190734863</ele>
      </trkpt>
      <trkpt lat="52.7192838024348" lon="6.016612825915217">
        <ele>-13.600000381469727</ele>
      </trkpt>
      <trkpt lat="52.71926645189524" lon="6.016621710732579">
        <ele>-13.600000381469727</ele>
      </trkpt>
      <trkpt lat="52.71925035864115" lon="6.016630260273814">
        <ele>-13.600000381469727</ele>
      </trkpt>
      <trkpt lat="52.71923594176769" lon="6.0166410729289055">
        <ele>-13.600000381469727</ele>
      </trkpt>
      <trkpt lat="52.71922068670392" lon="6.016647862270474">
        <ele>-13.600000381469727</ele>
      </trkpt>
      <trkpt lat="52.71920551545918" lon="6.016655322164297">
        <ele>-13.600000381469727</ele>
      </trkpt>
      <trkpt lat="52.719189589843154" lon="6.0166605189442635">
        <ele>-13.600000381469727</ele>
      </trkpt>
      <trkpt lat="52.71917282603681" lon="6.016670493409038">
        <ele>-13.600000381469727</ele>
      </trkpt>
      <trkpt lat="52.71915581077337" lon="6.016679210588336">
        <ele>-13.600000381469727</ele>
      </trkpt>
      <trkpt lat="52.7191387116909" lon="6.016687927767634">
        <ele>-13.600000381469727</ele>
      </trkpt>
      <trkpt lat="52.719122199341655" lon="6.016695974394679">
        <ele>-13.800000190734863</ele>
      </trkpt>
      <trkpt lat="52.71910493262112" lon="6.016704440116882">
        <ele>-14.0</ele>
      </trkpt>
      <trkpt lat="52.71908682771027" lon="6.016711564734578">
        <ele>-14.0</ele>
      </trkpt>
      <trkpt lat="52.719070902094245" lon="6.016719862818718">
        <ele>-14.199999809265137</ele>
      </trkpt>
      <trkpt lat="52.71905497647822" lon="6.016729082912207">
        <ele>-14.199999809265137</ele>
      </trkpt>
      <trkpt lat="52.71903905086219" lon="6.016739057376981">
        <ele>-14.199999809265137</ele>
      </trkpt>
      <trkpt lat="52.71902245469391" lon="6.016749031841755">
        <ele>-14.0</ele>
      </trkpt>
      <trkpt lat="52.71900535561144" lon="6.016759090125561">
        <ele>-14.0</ele>
      </trkpt>
      <trkpt lat="52.71898766979575" lon="6.016767136752605">
        <ele>-14.0</ele>
      </trkpt>
      <trkpt lat="52.718970738351345" lon="6.016776943579316">
        <ele>-14.0</ele>
      </trkpt>
      <trkpt lat="52.718953974545" lon="6.016788762062788">
        <ele>-14.0</ele>
      </trkpt>
      <trkpt lat="52.71893645636737" lon="6.016799826174974">
        <ele>-14.0</ele>
      </trkpt>
      <trkpt lat="52.71891877055168" lon="6.016811644658446">
        <ele>-13.800000190734863</ele>
      </trkpt>
      <trkpt lat="52.718901839107275" lon="6.01682354696095">
        <ele>-14.0</ele>
      </trkpt>
      <trkpt lat="52.718884740024805" lon="6.016835700720549">
        <ele>-14.0</ele>
      </trkpt>
      <trkpt lat="52.718868562951684" lon="6.016848441213369">
        <ele>-13.800000190734863</ele>
      </trkpt>
      <trkpt lat="52.71885272115469" lon="6.016863277181983">
        <ele>-13.800000190734863</ele>
      </trkpt>
      <trkpt lat="52.71883562207222" lon="6.016879286617041">
        <ele>-13.600000381469727</ele>
      </trkpt>
      <trkpt lat="52.718820702284575" lon="6.016894793137908">
        <ele>-14.0</ele>
      </trkpt>
      <trkpt lat="52.718803100287914" lon="6.016913987696171">
        <ele>-14.0</ele>
      </trkpt>
      <trkpt lat="52.718788431957364" lon="6.016931924968958">
        <ele>-14.399999618530273</ele>
      </trkpt>
      <trkpt lat="52.71877099759877" lon="6.016953131183982">
        <ele>-14.399999618530273</ele>
      </trkpt>
      <trkpt lat="52.71875649690628" lon="6.0169753432273865">
        <ele>-14.600000381469727</ele>
      </trkpt>
      <trkpt lat="52.71874031983316" lon="6.016996968537569">
        <ele>-14.800000190734863</ele>
      </trkpt>
      <trkpt lat="52.718725902959704" lon="6.01701800711453">
        <ele>-15.0</ele>
      </trkpt>
      <trkpt lat="52.71870947442949" lon="6.017039213329554">
        <ele>-15.199999809265137</ele>
      </trkpt>
      <trkpt lat="52.71869430318475" lon="6.017062179744244">
        <ele>-15.199999809265137</ele>
      </trkpt>
      <trkpt lat="52.71867745555937" lon="6.017082128673792">
        <ele>-15.0</ele>
      </trkpt>
      <trkpt lat="52.71866329014301" lon="6.017103670164943">
        <ele>-15.0</ele>
      </trkpt>
      <trkpt lat="52.718647196888924" lon="6.017122780904174">
        <ele>-14.800000190734863</ele>
      </trkpt>
      <trkpt lat="52.71863043308258" lon="6.01714407093823">
        <ele>-14.800000190734863</ele>
      </trkpt>
      <trkpt lat="52.71861467510462" lon="6.01716167293489">
        <ele>-14.600000381469727</ele>
      </trkpt>
      <trkpt lat="52.71860101260245" lon="6.017178939655423">
        <ele>-14.399999618530273</ele>
      </trkpt>
      <trkpt lat="52.71858458407223" lon="6.017199140042067">
        <ele>-14.199999809265137</ele>
      </trkpt>
      <trkpt lat="52.71856823936105" lon="6.017218250781298">
        <ele>-14.199999809265137</ele>
      </trkpt>
      <trkpt lat="52.718550972640514" lon="6.017232919111848">
        <ele>-14.0</ele>
      </trkpt>
      <trkpt lat="52.718535298481584" lon="6.017249431461096">
        <ele>-14.199999809265137</ele>
      </trkpt>
      <trkpt lat="52.71851937286556" lon="6.017264099791646">
        <ele>-14.199999809265137</ele>
      </trkpt>
      <trkpt lat="52.718504117801785" lon="6.017280025407672">
        <ele>-14.199999809265137</ele>
      </trkpt>
      <trkpt lat="52.718487018719316" lon="6.017295112833381">
        <ele>-14.0</ele>
      </trkpt>
      <trkpt lat="52.71847109310329" lon="6.017315145581961">
        <ele>-14.0</ele>
      </trkpt>
      <trkpt lat="52.71845533512533" lon="6.017334088683128">
        <ele>-14.0</ele>
      </trkpt>
      <trkpt lat="52.71843949332833" lon="6.017353953793645">
        <ele>-14.0</ele>
      </trkpt>
      <trkpt lat="52.718423483893275" lon="6.017372142523527">
        <ele>-13.800000190734863</ele>
      </trkpt>
      <trkpt lat="52.71840764209628" lon="6.017390917986631">
        <ele>-13.800000190734863</ele>
      </trkpt>
      <trkpt lat="52.718392638489604" lon="6.017409777268767">
        <ele>-13.600000381469727</ele>
      </trkpt>
      <trkpt lat="52.71837688051164" lon="6.01742846891284">
        <ele>-13.600000381469727</ele>
      </trkpt>
      <trkpt lat="52.71836305037141" lon="6.017446825280786">
        <ele>-13.399999618530273</ele>
      </trkpt>
      <trkpt lat="52.7183479629457" lon="6.017464678734541">
        <ele>-13.600000381469727</ele>
      </trkpt>
      <trkpt lat="52.71833287551999" lon="6.0174833703786135">
        <ele>-13.600000381469727</ele>
      </trkpt>
      <trkpt lat="52.718317452818155" lon="6.017500050365925">
        <ele>-13.600000381469727</ele>
      </trkpt>
      <trkpt lat="52.71830337122083" lon="6.017517652362585">
        <ele>-13.600000381469727</ele>
      </trkpt>
      <trkpt lat="52.71828836761415" lon="6.0175355058163404">
        <ele>-13.800000190734863</ele>
      </trkpt>
      <trkpt lat="52.718273447826505" lon="6.017553526908159">
        <ele>-13.800000190734863</ele>
      </trkpt>
      <trkpt lat="52.71825676783919" lon="6.017571045085788">
        <ele>-13.800000190734863</ele>
      </trkpt>
      <trkpt lat="52.71824159659445" lon="6.017588898539543">
        <ele>-13.800000190734863</ele>
      </trkpt>
      <trkpt lat="52.71822449751198" lon="6.0176067519932985">
        <ele>-13.800000190734863</ele>
      </trkpt>
      <trkpt lat="52.718208990991116" lon="6.017622593790293">
        <ele>-13.800000190734863</ele>
      </trkpt>
      <trkpt lat="52.718191891908646" lon="6.017638351768255">
        <ele>-13.800000190734863</ele>
      </trkpt>
      <trkpt lat="52.71817755885422" lon="6.017655115574598">
        <ele>-13.800000190734863</ele>
      </trkpt>
      <trkpt lat="52.718161046504974" lon="6.017671627923846">
        <ele>-13.800000190734863</ele>
      </trkpt>
      <trkpt lat="52.71814436651766" lon="6.017689062282443">
        <ele>-13.800000190734863</ele>
      </trkpt>
      <trkpt lat="52.71812751889229" lon="6.017706329002976">
        <ele>-14.0</ele>
      </trkpt>
      <trkpt lat="52.71811209619045" lon="6.017724350094795">
        <ele>-14.0</ele>
      </trkpt>
      <trkpt lat="52.718095583841205" lon="6.017743963748217">
        <ele>-14.0</ele>
      </trkpt>
      <trkpt lat="52.71807957440615" lon="6.017760811373591">
        <ele>-13.800000190734863</ele>
      </trkpt>
      <trkpt lat="52.71806272678077" lon="6.017774809151888">
        <ele>-13.800000190734863</ele>
      </trkpt>
      <trkpt lat="52.71804738789797" lon="6.017788304015994">
        <ele>-13.800000190734863</ele>
      </trkpt>
      <trkpt lat="52.71803045645356" lon="6.0178028885275126">
        <ele>-13.800000190734863</ele>
      </trkpt>
      <trkpt lat="52.71801427938044" lon="6.01781495846808">
        <ele>-14.0</ele>
      </trkpt>
      <trkpt lat="52.717997850850224" lon="6.01782669313252">
        <ele>-13.800000190734863</ele>
      </trkpt>
      <trkpt lat="52.71798200905323" lon="6.017837170511484">
        <ele>-13.800000190734863</ele>
      </trkpt>
      <trkpt lat="52.717965161427855" lon="6.017848150804639">
        <ele>-13.800000190734863</ele>
      </trkpt>
      <trkpt lat="52.71794839762151" lon="6.01785846054554">
        <ele>-13.800000190734863</ele>
      </trkpt>
      <trkpt lat="52.71793029271066" lon="6.01786776445806">
        <ele>-13.800000190734863</ele>
      </trkpt>
      <trkpt lat="52.717914283275604" lon="6.017875811085105">
        <ele>-13.800000190734863</ele>
      </trkpt>
      <trkpt lat="52.71789642982185" lon="6.017886707559228">
        <ele>-13.800000190734863</ele>
      </trkpt>
      <trkpt lat="52.717879079282284" lon="6.017895508557558">
        <ele>-13.800000190734863</ele>
      </trkpt>
      <trkpt lat="52.717860052362084" lon="6.01790732704103">
        <ele>-13.800000190734863</ele>
      </trkpt>
      <trkpt lat="52.71784228272736" lon="6.017921157181263">
        <ele>-14.199999809265137</ele>
      </trkpt>
      <trkpt lat="52.71782417781651" lon="6.017932388931513">
        <ele>-14.199999809265137</ele>
      </trkpt>
      <trkpt lat="52.717807833105326" lon="6.017943117767572">
        <ele>-14.199999809265137</ele>
      </trkpt>
      <trkpt lat="52.71778905764222" lon="6.0179503262043">
        <ele>-14.199999809265137</ele>
      </trkpt>
      <trkpt lat="52.71777271293104" lon="6.017960133031011">
        <ele>-14.199999809265137</ele>
      </trkpt>
      <trkpt lat="52.71775527857244" lon="6.017970107495785">
        <ele>-14.199999809265137</ele>
      </trkpt>
      <trkpt lat="52.717738263309" lon="6.017978237941861">
        <ele>-14.199999809265137</ele>
      </trkpt>
      <trkpt lat="52.71771957166493" lon="6.0179846081882715">
        <ele>-14.199999809265137</ele>
      </trkpt>
      <trkpt lat="52.7177020534873" lon="6.017990726977587">
        <ele>-14.0</ele>
      </trkpt>
      <trkpt lat="52.71768361330032" lon="6.017998186871409">
        <ele>-14.0</ele>
      </trkpt>
      <trkpt lat="52.71766651421785" lon="6.018003802746534">
        <ele>-14.0</ele>
      </trkpt>
      <trkpt lat="52.717648493126035" lon="6.018008328974247">
        <ele>-14.0</ele>
      </trkpt>
      <trkpt lat="52.71763114258647" lon="6.0180126037448645">
        <ele>-14.0</ele>
      </trkpt>
      <trkpt lat="52.71761194802821" lon="6.018020147457719">
        <ele>-14.0</ele>
      </trkpt>
      <trkpt lat="52.71759451366961" lon="6.018026266247034">
        <ele>-14.0</ele>
      </trkpt>
      <trkpt lat="52.71757682785392" lon="6.018031630665064">
        <ele>-14.0</ele>
      </trkpt>
      <trkpt lat="52.71755930967629" lon="6.0180361568927765">
        <ele>-14.199999809265137</ele>
      </trkpt>
      <trkpt lat="52.717538606375456" lon="6.018043365329504">
        <ele>-14.199999809265137</ele>
      </trkpt>
      <trkpt lat="52.717520417645574" lon="6.018049316480756">
        <ele>-14.199999809265137</ele>
      </trkpt>
      <trkpt lat="52.71750248037279" lon="6.01805585436523">
        <ele>-14.199999809265137</ele>
      </trkpt>
      <trkpt lat="52.71748546510935" lon="6.018058955669403">
        <ele>-14.0</ele>
      </trkpt>
      <trkpt lat="52.717466773465276" lon="6.018059542402625">
        <ele>-14.0</ele>
      </trkpt>
      <trkpt lat="52.71745277568698" lon="6.018061134964228">
        <ele>-14.0</ele>
      </trkpt>
      <trkpt lat="52.71743358112872" lon="6.018061637878418">
        <ele>-14.0</ele>
      </trkpt>
      <trkpt lat="52.71741564385593" lon="6.018062392249703">
        <ele>-14.199999809265137</ele>
      </trkpt>
      <trkpt lat="52.717398880049586" lon="6.018061218783259">
        <ele>-14.199999809265137</ele>
      </trkpt>
      <trkpt lat="52.71738228388131" lon="6.018061637878418">
        <ele>-14.199999809265137</ele>
      </trkpt>
      <trkpt lat="52.71736107766628" lon="6.018060548231006">
        <ele>-14.399999618530273</ele>
      </trkpt>
      <trkpt lat="52.71734037436545" lon="6.018060045316815">
        <ele>-14.399999618530273</ele>
      </trkpt>
      <trkpt lat="52.717321095988154" lon="6.018055351451039">
        <ele>-14.399999618530273</ele>
      </trkpt>
      <trkpt lat="52.71730341017246" lon="6.018053758889437">
        <ele>-14.399999618530273</ele>
      </trkpt>
      <trkpt lat="52.71728463470936" lon="6.018048897385597">
        <ele>-14.399999618530273</ele>
      </trkpt>
      <trkpt lat="52.71726912818849" lon="6.0180441197007895">
        <ele>-14.399999618530273</ele>
      </trkpt>
      <trkpt lat="52.71725286729634" lon="6.018036911264062">
        <ele>-14.399999618530273</ele>
      </trkpt>
      <trkpt lat="52.71723526529968" lon="6.018030038103461">
        <ele>-14.399999618530273</ele>
      </trkpt>
      <trkpt lat="52.71721447817981" lon="6.018020398914814">
        <ele>-14.399999618530273</ele>
      </trkpt>
      <trkpt lat="52.717196037992835" lon="6.018013609573245">
        <ele>-14.199999809265137</ele>
      </trkpt>
      <trkpt lat="52.717177513986826" lon="6.018004138022661">
        <ele>-14.199999809265137</ele>
      </trkpt>
      <trkpt lat="52.71716116927564" lon="6.017997013404965">
        <ele>-14.199999809265137</ele>
      </trkpt>
      <trkpt lat="52.71714532747865" lon="6.017988380044699">
        <ele>-14.199999809265137</ele>
      </trkpt>
      <trkpt lat="52.71712873131037" lon="6.017980920150876">
        <ele>-14.199999809265137</ele>
      </trkpt>
      <trkpt lat="52.71710786037147" lon="6.017971197143197">
        <ele>-14.199999809265137</ele>
      </trkpt>
      <trkpt lat="52.717092018574476" lon="6.017963737249374">
        <ele>-14.199999809265137</ele>
      </trkpt>
      <trkpt lat="52.71707248874009" lon="6.017956444993615">
        <ele>-14.199999809265137</ele>
      </trkpt>
      <trkpt lat="52.717054886743426" lon="6.017949152737856">
        <ele>-14.399999618530273</ele>
      </trkpt>
      <trkpt lat="52.71703812293708" lon="6.017942111939192">
        <ele>-14.399999618530273</ele>
      </trkpt>
      <trkpt lat="52.71702370606363" lon="6.017935238778591">
        <ele>-14.600000381469727</ele>
      </trkpt>
      <trkpt lat="52.717004427686334" lon="6.017928114160895">
        <ele>-14.399999618530273</ele>
      </trkpt>
      <trkpt lat="52.71698632277548" lon="6.017921073362231">
        <ele>-14.600000381469727</ele>
      </trkpt>
      <trkpt lat="52.716968301683664" lon="6.017911182716489">
        <ele>-14.399999618530273</ele>
      </trkpt>
      <trkpt lat="52.71695287898183" lon="6.017903471365571">
        <ele>-14.399999618530273</ele>
      </trkpt>
      <trkpt lat="52.71693636663258" lon="6.017893580719829">
        <ele>-14.199999809265137</ele>
      </trkpt>
      <trkpt lat="52.71692060865462" lon="6.0178871266543865">
        <ele>-14.0</ele>
      </trkpt>
      <trkpt lat="52.716903844848275" lon="6.017880672588944">
        <ele>-14.0</ele>
      </trkpt>
      <trkpt lat="52.71688951179385" lon="6.017874050885439">
        <ele>-13.800000190734863</ele>
      </trkpt>
      <trkpt lat="52.71687375381589" lon="6.017864914610982">
        <ele>-13.800000190734863</ele>
      </trkpt>
      <trkpt lat="52.71685724146664" lon="6.017856448888779">
        <ele>-13.800000190734863</ele>
      </trkpt>
      <trkpt lat="52.716841315850616" lon="6.017843876034021">
        <ele>-13.800000190734863</ele>
      </trkpt>
      <trkpt lat="52.716824635863304" lon="6.017836248502135">
        <ele>-13.800000190734863</ele>
      </trkpt>
      <trkpt lat="52.71680627949536" lon="6.017825435847044">
        <ele>-13.800000190734863</ele>
      </trkpt>
      <trkpt lat="52.716790521517396" lon="6.0178176406770945">
        <ele>-14.0</ele>
      </trkpt>
      <trkpt lat="52.716776356101036" lon="6.017808420583606">
        <ele>-13.800000190734863</ele>
      </trkpt>
      <trkpt lat="52.71676185540855" lon="6.017800206318498">
        <ele>-13.800000190734863</ele>
      </trkpt>
      <trkpt lat="52.71674785763025" lon="6.017791489139199">
        <ele>-13.800000190734863</ele>
      </trkpt>
      <trkpt lat="52.71673302166164" lon="6.017784532159567">
        <ele>-14.0</ele>
      </trkpt>
      <trkpt lat="52.716715754941106" lon="6.017773300409317">
        <ele>-14.0</ele>
      </trkpt>
      <trkpt lat="52.71669932641089" lon="6.017763912677765">
        <ele>-14.0</ele>
      </trkpt>
      <trkpt lat="52.71668080240488" lon="6.017751842737198">
        <ele>-14.0</ele>
      </trkpt>
      <trkpt lat="52.71666454151273" lon="6.017742119729519">
        <ele>-14.0</ele>
      </trkpt>
      <trkpt lat="52.716648280620575" lon="6.017731474712491">
        <ele>-14.0</ele>
      </trkpt>
      <trkpt lat="52.716631684452295" lon="6.017722673714161">
        <ele>-14.0</ele>
      </trkpt>
      <trkpt lat="52.716616094112396" lon="6.017711777240038">
        <ele>-14.0</ele>
      </trkpt>
      <trkpt lat="52.71660159341991" lon="6.017705658450723">
        <ele>-14.0</ele>
      </trkpt>
      <trkpt lat="52.7165883500129" lon="6.017697444185615">
        <ele>-14.0</ele>
      </trkpt>
      <trkpt lat="52.716573011130095" lon="6.0176904033869505">
        <ele>-14.0</ele>
      </trkpt>
      <trkpt lat="52.71655675023794" lon="6.017681183293462">
        <ele>-14.0</ele>
      </trkpt>
      <trkpt lat="52.716540824621916" lon="6.01767280139029">
        <ele>-14.199999809265137</ele>
      </trkpt>
      <trkpt lat="52.71652406081557" lon="6.0176600608974695">
        <ele>-14.199999809265137</ele>
      </trkpt>
      <trkpt lat="52.71650620736182" lon="6.017652601003647">
        <ele>-14.199999809265137</ele>
      </trkpt>
      <trkpt lat="52.716487515717745" lon="6.017640866339207">
        <ele>-14.199999809265137</ele>
      </trkpt>
      <trkpt lat="52.7164710033685" lon="6.017632400617003">
        <ele>-14.199999809265137</ele>
      </trkpt>
      <trkpt lat="52.71645465865731" lon="6.017619911581278">
        <ele>-14.0</ele>
      </trkpt>
      <trkpt lat="52.71643848158419" lon="6.017610104754567">
        <ele>-13.800000190734863</ele>
      </trkpt>
      <trkpt lat="52.7164226397872" lon="6.0176014713943005">
        <ele>-13.800000190734863</ele>
      </trkpt>
      <trkpt lat="52.71640629507601" lon="6.017595771700144">
        <ele>-13.600000381469727</ele>
      </trkpt>
      <trkpt lat="52.71639087237418" lon="6.017589149996638">
        <ele>-13.399999618530273</ele>
      </trkpt>
      <trkpt lat="52.71637645550072" lon="6.017584791406989">
        <ele>-13.399999618530273</ele>
      </trkpt>
      <trkpt lat="52.71636304445565" lon="6.017580768093467">
        <ele>-13.399999618530273</ele>
      </trkpt>
      <trkpt lat="52.71634753793478" lon="6.017576158046722">
        <ele>-13.600000381469727</ele>
      </trkpt>
      <trkpt lat="52.71633286960423" lon="6.017569452524185">
        <ele>-13.600000381469727</ele>
      </trkpt>
      <trkpt lat="52.716316943988204" lon="6.017562495544553">
        <ele>-13.399999618530273</ele>
      </trkpt>
      <trkpt lat="52.71630194038153" lon="6.017556544393301">
        <ele>-13.399999618530273</ele>
      </trkpt>
      <trkpt lat="52.71628509275615" lon="6.017549503594637">
        <ele>-13.399999618530273</ele>
      </trkpt>
      <trkpt lat="52.71626950241625" lon="6.0175425466150045">
        <ele>-13.399999618530273</ele>
      </trkpt>
      <trkpt lat="52.71625173278153" lon="6.01753449998796">
        <ele>-13.399999618530273</ele>
      </trkpt>
      <trkpt lat="52.71623547188938" lon="6.0175275430083275">
        <ele>-13.199999809265137</ele>
      </trkpt>
      <trkpt lat="52.71621812134981" lon="6.0175184067338705">
        <ele>-13.399999618530273</ele>
      </trkpt>
      <trkpt lat="52.716201692819595" lon="6.017509689554572">
        <ele>-13.399999618530273</ele>
      </trkpt>
      <trkpt lat="52.71618383936584" lon="6.017501056194305">
        <ele>-13.399999618530273</ele>
      </trkpt>
      <trkpt lat="52.71616833284497" lon="6.017494685947895">
        <ele>-13.399999618530273</ele>
      </trkpt>
      <trkpt lat="52.7161512337625" lon="6.017487309873104">
        <ele>-13.600000381469727</ele>
      </trkpt>
      <trkpt lat="52.71613547578454" lon="6.017482113093138">
        <ele>-13.399999618530273</ele>
      </trkpt>
      <trkpt lat="52.71611896343529" lon="6.017478844150901">
        <ele>-13.399999618530273</ele>
      </trkpt>
      <trkpt lat="52.716102954000235" lon="6.017474150285125">
        <ele>-13.199999809265137</ele>
      </trkpt>
      <trkpt lat="52.71608719602227" lon="6.017467863857746">
        <ele>-13.199999809265137</ele>
      </trkpt>
      <trkpt lat="52.7160703483969" lon="6.017463421449065">
        <ele>-13.0</ele>
      </trkpt>
      <trkpt lat="52.71605157293379" lon="6.017461912706494">
        <ele>-13.0</ele>
      </trkpt>
      <trkpt lat="52.71603690460324" lon="6.017457386478782">
        <ele>-13.0</ele>
      </trkpt>
      <trkpt lat="52.71602055989206" lon="6.017455458641052">
        <ele>-13.0</ele>
      </trkpt>
      <trkpt lat="52.71600438281894" lon="6.017451183870435">
        <ele>-13.0</ele>
      </trkpt>
      <trkpt lat="52.715988205745816" lon="6.017447412014008">
        <ele>-13.0</ele>
      </trkpt>
      <trkpt lat="52.71597420796752" lon="6.017445400357246">
        <ele>-13.199999809265137</ele>
      </trkpt>
      <trkpt lat="52.715959371998906" lon="6.017442885786295">
        <ele>-13.199999809265137</ele>
      </trkpt>
      <trkpt lat="52.71594294346869" lon="6.0174397844821215">
        <ele>-13.199999809265137</ele>
      </trkpt>
      <trkpt lat="52.715926598757505" lon="6.017435258254409">
        <ele>-13.399999618530273</ele>
      </trkpt>
      <trkpt lat="52.71591017022729" lon="6.017430396750569">
        <ele>-13.399999618530273</ele>
      </trkpt>
      <trkpt lat="52.71589147858322" lon="6.017425870522857">
        <ele>-13.600000381469727</ele>
      </trkpt>
      <trkpt lat="52.71587303839624" lon="6.0174197517335415">
        <ele>-13.600000381469727</ele>
      </trkpt>
      <trkpt lat="52.71585552021861" lon="6.017414387315512">
        <ele>-13.399999618530273</ele>
      </trkpt>
      <trkpt lat="52.7158388402313" lon="6.01740843616426">
        <ele>-13.399999618530273</ele>
      </trkpt>
      <trkpt lat="52.715820567682385" lon="6.017401311546564">
        <ele>-13.199999809265137</ele>
      </trkpt>
      <trkpt lat="52.715803971514106" lon="6.017397455871105">
        <ele>-13.199999809265137</ele>
      </trkpt>
      <trkpt lat="52.71578821353614" lon="6.017392594367266">
        <ele>-13.0</ele>
      </trkpt>
      <trkpt lat="52.71577136591077" lon="6.017389325425029">
        <ele>-13.0</ele>
      </trkpt>
      <trkpt lat="52.71575493738055" lon="6.017384799197316">
        <ele>-13.199999809265137</ele>
      </trkpt>
      <trkpt lat="52.715738425031304" lon="6.017381697893143">
        <ele>-13.399999618530273</ele>
      </trkpt>
      <trkpt lat="52.71572216413915" lon="6.0173755791038275">
        <ele>-13.399999618530273</ele>
      </trkpt>
      <trkpt lat="52.71570514887571" lon="6.017373315989971">
        <ele>-13.399999618530273</ele>
      </trkpt>
      <trkpt lat="52.71568771451712" lon="6.017369208857417">
        <ele>-13.399999618530273</ele>
      </trkpt>
      <trkpt lat="52.71567028015852" lon="6.0173676162958145">
        <ele>-13.600000381469727</ele>
      </trkpt>
      <trkpt lat="52.71565502509475" lon="6.017362838611007">
        <ele>-13.199999809265137</ele>
      </trkpt>
      <trkpt lat="52.71563842892647" lon="6.017360240221024">
        <ele>-12.800000190734863</ele>
      </trkpt>
      <trkpt lat="52.715622587129474" lon="6.01735663600266">
        <ele>-12.800000190734863</ele>
      </trkpt>
      <trkpt lat="52.715606493875384" lon="6.017352864146233">
        <ele>-12.600000381469727</ele>
      </trkpt>
      <trkpt lat="52.71559107117355" lon="6.01735127158463">
        <ele>-12.600000381469727</ele>
      </trkpt>
      <trkpt lat="52.71557397209108" lon="6.017348505556583">
        <ele>-12.600000381469727</ele>
      </trkpt>
      <trkpt lat="52.7155589684844" lon="6.017344230785966">
        <ele>-12.399999618530273</ele>
      </trkpt>
      <trkpt lat="52.71554220467806" lon="6.01734003983438">
        <ele>-12.399999618530273</ele>
      </trkpt>
      <trkpt lat="52.71552720107138" lon="6.017335094511509">
        <ele>-12.399999618530273</ele>
      </trkpt>
      <trkpt lat="52.715509263798594" lon="6.0173308197408915">
        <ele>-12.399999618530273</ele>
      </trkpt>
      <trkpt lat="52.71549241617322" lon="6.017326042056084">
        <ele>-12.399999618530273</ele>
      </trkpt>
      <trkpt lat="52.71547447890043" lon="6.017322354018688">
        <ele>-12.199999809265137</ele>
      </trkpt>
      <trkpt lat="52.71545855328441" lon="6.017315983772278">
        <ele>-12.600000381469727</ele>
      </trkpt>
      <trkpt lat="52.715439945459366" lon="6.0173131339251995">
        <ele>-12.399999618530273</ele>
      </trkpt>
      <trkpt lat="52.715423349291086" lon="6.017305003479123">
        <ele>-12.600000381469727</ele>
      </trkpt>
      <trkpt lat="52.71540641784668" lon="6.0172987170517445">
        <ele>-12.399999618530273</ele>
      </trkpt>
      <trkpt lat="52.715389570221305" lon="6.017290586605668">
        <ele>-12.600000381469727</ele>
      </trkpt>
      <trkpt lat="52.71537180058658" lon="6.017283461987972">
        <ele>-12.399999618530273</ele>
      </trkpt>
      <trkpt lat="52.71535470150411" lon="6.017277175560594">
        <ele>-12.199999809265137</ele>
      </trkpt>
      <trkpt lat="52.71533542312682" lon="6.0172718949615955">
        <ele>-12.199999809265137</ele>
      </trkpt>
      <trkpt lat="52.71531765349209" lon="6.017266195267439">
        <ele>-12.199999809265137</ele>
      </trkpt>
      <trkpt lat="52.71529611200094" lon="6.0172604117542505">
        <ele>-12.199999809265137</ele>
      </trkpt>
      <trkpt lat="52.71527742035687" lon="6.017253706231713">
        <ele>-12.199999809265137</ele>
      </trkpt>
      <trkpt lat="52.715257219970226" lon="6.017247503623366">
        <ele>-12.199999809265137</ele>
      </trkpt>
      <trkpt lat="52.71523827686906" lon="6.0172392055392265">
        <ele>-12.199999809265137</ele>
      </trkpt>
      <trkpt lat="52.715218076482415" lon="6.017232835292816">
        <ele>-12.199999809265137</ele>
      </trkpt>
      <trkpt lat="52.71520072594285" lon="6.01722814142704">
        <ele>-12.199999809265137</ele>
      </trkpt>
      <trkpt lat="52.71518345922232" lon="6.0172247886657715">
        <ele>-12.199999809265137</ele>
      </trkpt>
      <trkpt lat="52.71516744978726" lon="6.01722177118063">
        <ele>-12.399999618530273</ele>
      </trkpt>
      <trkpt lat="52.7151514403522" lon="6.017218083143234">
        <ele>-12.399999618530273</ele>
      </trkpt>
      <trkpt lat="52.71513559855521" lon="6.017215233296156">
        <ele>-12.399999618530273</ele>
      </trkpt>
      <trkpt lat="52.71512009203434" lon="6.01721347309649">
        <ele>-12.600000381469727</ele>
      </trkpt>
      <trkpt lat="52.71510399878025" lon="6.017209533601999">
        <ele>-12.600000381469727</ele>
      </trkpt>
      <trkpt lat="52.71508824080229" lon="6.017207270488143">
        <ele>-12.600000381469727</ele>
      </trkpt>
      <trkpt lat="52.71507256664336" lon="6.0172047559171915">
        <ele>-12.399999618530273</ele>
      </trkpt>
      <trkpt lat="52.715055802837014" lon="6.0172029957175255">
        <ele>-12.399999618530273</ele>
      </trkpt>
      <trkpt lat="52.7150393743068" lon="6.01719981059432">
        <ele>-12.399999618530273</ele>
      </trkpt>
      <trkpt lat="52.71502177231014" lon="6.0171973798424006">
        <ele>-12.399999618530273</ele>
      </trkpt>
      <trkpt lat="52.71500484086573" lon="6.017194110900164">
        <ele>-12.199999809265137</ele>
      </trkpt>
      <trkpt lat="52.71498531103134" lon="6.01719100959599">
        <ele>-12.199999809265137</ele>
      </trkpt>
      <trkpt lat="52.71496804431081" lon="6.017185058444738">
        <ele>-12.199999809265137</ele>
      </trkpt>
      <trkpt lat="52.7149495203048" lon="6.0171817895025015">
        <ele>-12.199999809265137</ele>
      </trkpt>
      <trkpt lat="52.714933175593615" lon="6.017177850008011">
        <ele>-12.199999809265137</ele>
      </trkpt>
      <trkpt lat="52.714915657415986" lon="6.01717340759933">
        <ele>-12.199999809265137</ele>
      </trkpt>
      <trkpt lat="52.71490015089512" lon="6.017170390114188">
        <ele>-12.199999809265137</ele>
      </trkpt>
      <trkpt lat="52.71488548256457" lon="6.017166785895824">
        <ele>-12.399999618530273</ele>
      </trkpt>
      <trkpt lat="52.714868634939194" lon="6.017161589115858">
        <ele>-12.399999618530273</ele>
      </trkpt>
      <trkpt lat="52.714852038770914" lon="6.017156979069114">
        <ele>-12.600000381469727</ele>
      </trkpt>
      <trkpt lat="52.7148372028023" lon="6.017151614651084">
        <ele>-12.600000381469727</ele>
      </trkpt>
      <trkpt lat="52.71482119336724" lon="6.017147088423371">
        <ele>-12.600000381469727</ele>
      </trkpt>
      <trkpt lat="52.71480484865606" lon="6.017139879986644">
        <ele>-12.600000381469727</ele>
      </trkpt>
      <trkpt lat="52.71478749811649" lon="6.017135605216026">
        <ele>-12.600000381469727</ele>
      </trkpt>
      <trkpt lat="52.71476964466274" lon="6.017128145322204">
        <ele>-12.600000381469727</ele>
      </trkpt>
      <trkpt lat="52.714752377942204" lon="6.017123535275459">
        <ele>-12.399999618530273</ele>
      </trkpt>
      <trkpt lat="52.71473402157426" lon="6.0171175841242075">
        <ele>-12.399999618530273</ele>
      </trkpt>
      <trkpt lat="52.71471784450114" lon="6.017114734277129">
        <ele>-12.399999618530273</ele>
      </trkpt>
      <trkpt lat="52.71470124833286" lon="6.0171107947826385">
        <ele>-12.399999618530273</ele>
      </trkpt>
      <trkpt lat="52.71468574181199" lon="6.017108112573624">
        <ele>-12.399999618530273</ele>
      </trkpt>
      <trkpt lat="52.71466906182468" lon="6.01710450835526">
        <ele>-12.600000381469727</ele>
      </trkpt>
      <trkpt lat="52.71465288475156" lon="6.017102161422372">
        <ele>-12.600000381469727</ele>
      </trkpt>
      <trkpt lat="52.71463620476425" lon="6.017097886651754">
        <ele>-12.600000381469727</ele>
      </trkpt>
      <trkpt lat="52.714619440957904" lon="6.017094282433391">
        <ele>-12.600000381469727</ele>
      </trkpt>
      <trkpt lat="52.714599492028356" lon="6.017086822539568">
        <ele>-12.600000381469727</ele>
      </trkpt>
      <trkpt lat="52.71458205766976" lon="6.017082799226046">
        <ele>-12.800000190734863</ele>
      </trkpt>
      <trkpt lat="52.71456537768245" lon="6.017078189179301">
        <ele>-12.800000190734863</ele>
      </trkpt>
      <trkpt lat="52.714550122618675" lon="6.01707567460835">
        <ele>-12.800000190734863</ele>
      </trkpt>
      <trkpt lat="52.71453537046909" lon="6.017071316018701">
        <ele>-12.800000190734863</ele>
      </trkpt>
      <trkpt lat="52.71451852284372" lon="6.017069052904844">
        <ele>-13.0</ele>
      </trkpt>
      <trkpt lat="52.714501675218344" lon="6.017064526677132">
        <ele>-13.0</ele>
      </trkpt>
      <trkpt lat="52.71448474377394" lon="6.017061760649085">
        <ele>-13.199999809265137</ele>
      </trkpt>
      <trkpt lat="52.71446487866342" lon="6.017056982964277">
        <ele>-13.0</ele>
      </trkpt>
      <trkpt lat="52.7144468575716" lon="6.017055474221706">
        <ele>-13.0</ele>
      </trkpt>
      <trkpt lat="52.71442724391818" lon="6.017050025984645">
        <ele>-13.199999809265137</ele>
      </trkpt>
      <trkpt lat="52.7144106477499" lon="6.017045583575964">
        <ele>-13.399999618530273</ele>
      </trkpt>
      <trkpt lat="52.71439396776259" lon="6.017039967700839">
        <ele>-13.399999618530273</ele>
      </trkpt>
      <trkpt lat="52.71437820978463" lon="6.017033010721207">
        <ele>-13.399999618530273</ele>
      </trkpt>
      <trkpt lat="52.714360523968935" lon="6.01702974177897">
        <ele>-13.199999809265137</ele>
      </trkpt>
      <trkpt lat="52.71434208378196" lon="6.017027897760272">
        <ele>-13.199999809265137</ele>
      </trkpt>
      <trkpt lat="52.71432230249047" lon="6.017023371532559">
        <ele>-13.199999809265137</ele>
      </trkpt>
      <trkpt lat="52.71430503576994" lon="6.0170206893235445">
        <ele>-13.0</ele>
      </trkpt>
      <trkpt lat="52.71428785286844" lon="6.017017085105181">
        <ele>-13.0</ele>
      </trkpt>
      <trkpt lat="52.71427217870951" lon="6.017014905810356">
        <ele>-13.0</ele>
      </trkpt>
      <trkpt lat="52.71425432525575" lon="6.017013229429722">
        <ele>-13.0</ele>
      </trkpt>
      <trkpt lat="52.71423663944006" lon="6.01701021194458">
        <ele>-12.600000381469727</ele>
      </trkpt>
      <trkpt lat="52.71421870216727" lon="6.01700384169817">
        <ele>-12.600000381469727</ele>
      </trkpt>
      <trkpt lat="52.714201267808676" lon="6.016998728737235">
        <ele>-12.399999618530273</ele>
      </trkpt>
      <trkpt lat="52.714183581992984" lon="6.016991855576634">
        <ele>-12.399999618530273</ele>
      </trkpt>
      <trkpt lat="52.71416489034891" lon="6.016985736787319">
        <ele>-12.399999618530273</ele>
      </trkpt>
      <trkpt lat="52.71414930000901" lon="6.016982132568955">
        <ele>-12.399999618530273</ele>
      </trkpt>
      <trkpt lat="52.714131865650415" lon="6.016976097598672">
        <ele>-12.399999618530273</ele>
      </trkpt>
      <trkpt lat="52.71411535330117" lon="6.016970062628388">
        <ele>-12.399999618530273</ele>
      </trkpt>
      <trkpt lat="52.71409850567579" lon="6.016964111477137">
        <ele>-12.600000381469727</ele>
      </trkpt>
      <trkpt lat="52.71408174186945" lon="6.016958579421043">
        <ele>-12.600000381469727</ele>
      </trkpt>
      <trkpt lat="52.71406564861536" lon="6.016953131183982">
        <ele>-12.399999618530273</ele>
      </trkpt>
      <trkpt lat="52.71405047737062" lon="6.016950784251094">
        <ele>-12.199999809265137</ele>
      </trkpt>
      <trkpt lat="52.71403304301202" lon="6.016946425661445">
        <ele>-12.199999809265137</ele>
      </trkpt>
      <trkpt lat="52.7140168659389" lon="6.016942402347922">
        <ele>-12.399999618530273</ele>
      </trkpt>
      <trkpt lat="52.713997922837734" lon="6.016937959939241">
        <ele>-12.399999618530273</ele>
      </trkpt>
      <trkpt lat="52.713980907574296" lon="6.01693251170218">
        <ele>-12.399999618530273</ele>
      </trkpt>
      <trkpt lat="52.71396364085376" lon="6.016927398741245">
        <ele>-12.399999618530273</ele>
      </trkpt>
      <trkpt lat="52.713948050513864" lon="6.016922118142247">
        <ele>-12.399999618530273</ele>
      </trkpt>
      <trkpt lat="52.71393028087914" lon="6.016916334629059">
        <ele>-12.399999618530273</ele>
      </trkpt>
      <trkpt lat="52.71391175687313" lon="6.016910634934902">
        <ele>-12.600000381469727</ele>
      </trkpt>
      <trkpt lat="52.71389205940068" lon="6.016903929412365">
        <ele>-12.600000381469727</ele>
      </trkpt>
      <trkpt lat="52.7138736192137" lon="6.016898397356272">
        <ele>-12.600000381469727</ele>
      </trkpt>
      <trkpt lat="52.7138545922935" lon="6.01689537987113">
        <ele>-12.600000381469727</ele>
      </trkpt>
      <trkpt lat="52.71383640356362" lon="6.016890937462449">
        <ele>-12.600000381469727</ele>
      </trkpt>
      <trkpt lat="52.71381779573858" lon="6.016887333244085">
        <ele>-12.600000381469727</ele>
      </trkpt>
      <trkpt lat="52.71379943937063" lon="6.016882052645087">
        <ele>-12.600000381469727</ele>
      </trkpt>
      <trkpt lat="52.71378166973591" lon="6.016875095665455">
        <ele>-12.600000381469727</ele>
      </trkpt>
      <trkpt lat="52.71376524120569" lon="6.016870234161615">
        <ele>-12.800000190734863</ele>
      </trkpt>
      <trkpt lat="52.713748728856444" lon="6.016862271353602">
        <ele>-13.0</ele>
      </trkpt>
      <trkpt lat="52.7137319650501" lon="6.016856823116541">
        <ele>-13.0</ele>
      </trkpt>
      <trkpt lat="52.71371570415795" lon="6.016851710155606">
        <ele>-13.0</ele>
      </trkpt>
      <trkpt lat="52.713697934523225" lon="6.016846681013703">
        <ele>-13.0</ele>
      </trkpt>
      <trkpt lat="52.71368117071688" lon="6.016844166442752">
        <ele>-13.0</ele>
      </trkpt>
      <trkpt lat="52.71366365253925" lon="6.016843160614371">
        <ele>-13.0</ele>
      </trkpt>
      <trkpt lat="52.7136473916471" lon="6.016839640215039">
        <ele>-12.800000190734863</ele>
      </trkpt>
      <trkpt lat="52.713630544021726" lon="6.016834527254105">
        <ele>-12.800000190734863</ele>
      </trkpt>
      <trkpt lat="52.71361428312957" lon="6.016830336302519">
        <ele>-12.600000381469727</ele>
      </trkpt>
      <trkpt lat="52.71359760314226" lon="6.016826145350933">
        <ele>-12.600000381469727</ele>
      </trkpt>
      <trkpt lat="52.713581593707204" lon="6.0168239660561085">
        <ele>-12.399999618530273</ele>
      </trkpt>
      <trkpt lat="52.713565584272146" lon="6.016820780932903">
        <ele>-12.399999618530273</ele>
      </trkpt>
      <trkpt lat="52.7135488204658" lon="6.01681818254292">
        <ele>-12.399999618530273</ele>
      </trkpt>
      <trkpt lat="52.71353071555495" lon="6.0168136563152075">
        <ele>-12.199999809265137</ele>
      </trkpt>
      <trkpt lat="52.71351353265345" lon="6.016811477020383">
        <ele>-12.0</ele>
      </trkpt>
      <trkpt lat="52.713497104123235" lon="6.01680938154459">
        <ele>-12.0</ele>
      </trkpt>
      <trkpt lat="52.71348034031689" lon="6.016807286068797">
        <ele>-12.399999618530273</ele>
      </trkpt>
      <trkpt lat="52.71346315741539" lon="6.016804184764624">
        <ele>-12.600000381469727</ele>
      </trkpt>
      <trkpt lat="52.71344689652324" lon="6.01680108346045">
        <ele>-12.399999618530273</ele>
      </trkpt>
      <trkpt lat="52.713429629802704" lon="6.016799658536911">
        <ele>-12.199999809265137</ele>
      </trkpt>
      <trkpt lat="52.71341395564377" lon="6.016798233613372">
        <ele>-12.199999809265137</ele>
      </trkpt>
      <trkpt lat="52.71339635364711" lon="6.016795299947262">
        <ele>-12.199999809265137</ele>
      </trkpt>
      <trkpt lat="52.71337715908885" lon="6.016791192814708">
        <ele>-12.600000381469727</ele>
      </trkpt>
      <trkpt lat="52.71335997618735" lon="6.016787001863122">
        <ele>-12.600000381469727</ele>
      </trkpt>
      <trkpt lat="52.71334212273359" lon="6.016784822568297">
        <ele>-12.600000381469727</ele>
      </trkpt>
      <trkpt lat="52.71332493983209" lon="6.016780883073807">
        <ele>-12.800000190734863</ele>
      </trkpt>
      <trkpt lat="52.71330490708351" lon="6.016777446493506">
        <ele>-12.399999618530273</ele>
      </trkpt>
      <trkpt lat="52.71328688599169" lon="6.0167730040848255">
        <ele>-12.399999618530273</ele>
      </trkpt>
      <trkpt lat="52.713267439976335" lon="6.016770908609033">
        <ele>-12.600000381469727</ele>
      </trkpt>
      <trkpt lat="52.7132501732558" lon="6.016766633838415">
        <ele>-12.600000381469727</ele>
      </trkpt>
      <trkpt lat="52.71323064342141" lon="6.0167639516294">
        <ele>-12.600000381469727</ele>
      </trkpt>
      <trkpt lat="52.71321337670088" lon="6.016758168116212">
        <ele>-12.600000381469727</ele>
      </trkpt>
      <trkpt lat="52.713195690885186" lon="6.016756575554609">
        <ele>-12.600000381469727</ele>
      </trkpt>
      <trkpt lat="52.7131761610508" lon="6.016753641888499">
        <ele>-12.600000381469727</ele>
      </trkpt>
      <trkpt lat="52.713156547397375" lon="6.01675271987915">
        <ele>-12.600000381469727</ele>
      </trkpt>
      <trkpt lat="52.71313777193427" lon="6.016746014356613">
        <ele>-12.600000381469727</ele>
      </trkpt>
      <trkpt lat="52.71312000229955" lon="6.016742326319218">
        <ele>-12.600000381469727</ele>
      </trkpt>
      <trkpt lat="52.71309971809387" lon="6.016739476472139">
        <ele>-12.399999618530273</ele>
      </trkpt>
      <trkpt lat="52.71308094263077" lon="6.016735536977649">
        <ele>-12.399999618530273</ele>
      </trkpt>
      <trkpt lat="52.71306208334863" lon="6.016731597483158">
        <ele>-12.399999618530273</ele>
      </trkpt>
      <trkpt lat="52.71304573863745" lon="6.016727490350604">
        <ele>-12.399999618530273</ele>
      </trkpt>
      <trkpt lat="52.71302637644112" lon="6.0167247243225574">
        <ele>-12.399999618530273</ele>
      </trkpt>
      <trkpt lat="52.7130083553493" lon="6.016719527542591">
        <ele>-12.399999618530273</ele>
      </trkpt>
      <trkpt lat="52.71299016661942" lon="6.01671458221972">
        <ele>-12.399999618530273</ele>
      </trkpt>
      <trkpt lat="52.7129739895463" lon="6.01670921780169">
        <ele>-12.399999618530273</ele>
      </trkpt>
      <trkpt lat="52.71295647136867" lon="6.016704607754946">
        <ele>-12.399999618530273</ele>
      </trkpt>
      <trkpt lat="52.712939120829105" lon="6.016697734594345">
        <ele>-12.399999618530273</ele>
      </trkpt>
      <trkpt lat="52.71292210556567" lon="6.016691280528903">
        <ele>-12.399999618530273</ele>
      </trkpt>
      <trkpt lat="52.712905928492546" lon="6.016684155911207">
        <ele>-12.399999618530273</ele>
      </trkpt>
      <trkpt lat="52.71288899704814" lon="6.0166778694838285">
        <ele>-12.600000381469727</ele>
      </trkpt>
      <trkpt lat="52.71287189796567" lon="6.016668733209372">
        <ele>-12.800000190734863</ele>
      </trkpt>
      <trkpt lat="52.71285572089255" lon="6.016661021858454">
        <ele>-12.800000190734863</ele>
      </trkpt>
      <trkpt lat="52.71283971145749" lon="6.016650628298521">
        <ele>-12.800000190734863</ele>
      </trkpt>
      <trkpt lat="52.71282370202243" lon="6.016641827300191">
        <ele>-12.800000190734863</ele>
      </trkpt>
      <trkpt lat="52.712807608768344" lon="6.016630595549941">
        <ele>-13.0</ele>
      </trkpt>
      <trkpt lat="52.7127924375236" lon="6.016622129827738">
        <ele>-13.0</ele>
      </trkpt>
      <trkpt lat="52.71277651190758" lon="6.01661148481071">
        <ele>-12.800000190734863</ele>
      </trkpt>
      <trkpt lat="52.71276108920574" lon="6.016601426526904">
        <ele>-12.600000381469727</ele>
      </trkpt>
      <trkpt lat="52.712745666503906" lon="6.0165912844240665">
        <ele>-12.600000381469727</ele>
      </trkpt>
      <trkpt lat="52.71273066289723" lon="6.016581477597356">
        <ele>-12.600000381469727</ele>
      </trkpt>
      <trkpt lat="52.71271465346217" lon="6.016569323837757">
        <ele>-12.399999618530273</ele>
      </trkpt>
      <trkpt lat="52.71270032040775" lon="6.016557672992349">
        <ele>-12.199999809265137</ele>
      </trkpt>
      <trkpt lat="52.71268632262945" lon="6.01654501631856">
        <ele>-12.199999809265137</ele>
      </trkpt>
      <trkpt lat="52.71267257630825" lon="6.016531269997358">
        <ele>-12.399999618530273</ele>
      </trkpt>
      <trkpt lat="52.71265849471092" lon="6.016516517847776">
        <ele>-12.199999809265137</ele>
      </trkpt>
      <trkpt lat="52.712644496932626" lon="6.016501430422068">
        <ele>-12.399999618530273</ele>
      </trkpt>
      <trkpt lat="52.7126301638782" lon="6.016485504806042">
        <ele>-12.399999618530273</ele>
      </trkpt>
      <trkpt lat="52.71261574700475" lon="6.016469243913889">
        <ele>-12.399999618530273</ele>
      </trkpt>
      <trkpt lat="52.7126010786742" lon="6.01645365357399">
        <ele>-12.399999618530273</ele>
      </trkpt>
      <trkpt lat="52.71258699707687" lon="6.016437644138932">
        <ele>-12.399999618530273</ele>
      </trkpt>
      <trkpt lat="52.71257299929857" lon="6.016420796513557">
        <ele>-12.199999809265137</ele>
      </trkpt>
      <trkpt lat="52.7125593367964" lon="6.016404451802373">
        <ele>-12.199999809265137</ele>
      </trkpt>
      <trkpt lat="52.712546680122614" lon="6.016389448195696">
        <ele>-12.199999809265137</ele>
      </trkpt>
      <trkpt lat="52.712533101439476" lon="6.0163745284080505">
        <ele>-12.199999809265137</ele>
      </trkpt>
      <trkpt lat="52.712519438937306" lon="6.016359943896532">
        <ele>-12.0</ele>
      </trkpt>
      <trkpt lat="52.712505692616105" lon="6.016346029937267">
        <ele>-12.0</ele>
      </trkpt>
      <trkpt lat="52.71249161101878" lon="6.016331780701876">
        <ele>-12.0</ele>
      </trkpt>
      <trkpt lat="52.71247912198305" lon="6.016315435990691">
        <ele>-11.800000190734863</ele>
      </trkpt>
      <trkpt lat="52.71246587857604" lon="6.016298504546285">
        <ele>-11.800000190734863</ele>
      </trkpt>
      <trkpt lat="52.712452970445156" lon="6.016281070187688">
        <ele>-12.399999618530273</ele>
      </trkpt>
      <trkpt lat="52.71244056522846" lon="6.016263300552964">
        <ele>-12.0</ele>
      </trkpt>
      <trkpt lat="52.7124282438308" lon="6.016244273632765">
        <ele>-12.399999618530273</ele>
      </trkpt>
      <trkpt lat="52.712415251880884" lon="6.016225749626756">
        <ele>-12.399999618530273</ele>
      </trkpt>
      <trkpt lat="52.712401589378715" lon="6.01620689034462">
        <ele>-12.399999618530273</ele>
      </trkpt>
      <trkpt lat="52.71238951943815" lon="6.016189707443118">
        <ele>-12.199999809265137</ele>
      </trkpt>
      <trkpt lat="52.71237744949758" lon="6.016171351075172">
        <ele>-12.199999809265137</ele>
      </trkpt>
      <trkpt lat="52.71236504428089" lon="6.016153329983354">
        <ele>-12.0</ele>
      </trkpt>
      <trkpt lat="52.71235163323581" lon="6.016135225072503">
        <ele>-12.0</ele>
      </trkpt>
      <trkpt lat="52.71233897656202" lon="6.016117120161653">
        <ele>-12.0</ele>
      </trkpt>
      <trkpt lat="52.71232657134533" lon="6.016097338870168">
        <ele>-12.0</ele>
      </trkpt>
      <trkpt lat="52.712315088137984" lon="6.016079233959317">
        <ele>-12.199999809265137</ele>
      </trkpt>
      <trkpt lat="52.71230276674032" lon="6.016060961410403">
        <ele>-12.399999618530273</ele>
      </trkpt>
      <trkpt lat="52.71229078061879" lon="6.016042437404394">
        <ele>-12.399999618530273</ele>
      </trkpt>
      <trkpt lat="52.71227904595435" lon="6.016023829579353">
        <ele>-12.600000381469727</ele>
      </trkpt>
      <trkpt lat="52.71226798184216" lon="6.0160075686872005">
        <ele>-12.800000190734863</ele>
      </trkpt>
      <trkpt lat="52.71225582808256" lon="6.015991810709238">
        <ele>-12.800000190734863</ele>
      </trkpt>
      <trkpt lat="52.712243339046836" lon="6.015974627807736">
        <ele>-13.0</ele>
      </trkpt>
      <trkpt lat="52.712229592725635" lon="6.015957361087203">
        <ele>-12.600000381469727</ele>
      </trkpt>
      <trkpt lat="52.71221827715635" lon="6.015938837081194">
        <ele>-12.600000381469727</ele>
      </trkpt>
      <trkpt lat="52.712205620482564" lon="6.015919474884868">
        <ele>-12.600000381469727</ele>
      </trkpt>
      <trkpt lat="52.712194891646504" lon="6.015901537612081">
        <ele>-12.600000381469727</ele>
      </trkpt>
      <trkpt lat="52.71218349225819" lon="6.015882762148976">
        <ele>-12.600000381469727</ele>
      </trkpt>
      <trkpt lat="52.71217125467956" lon="6.01586339995265">
        <ele>-12.600000381469727</ele>
      </trkpt>
      <trkpt lat="52.712157340720296" lon="6.015844792127609">
        <ele>-12.399999618530273</ele>
      </trkpt>
      <trkpt lat="52.712145522236824" lon="6.01582576520741">
        <ele>-12.399999618530273</ele>
      </trkpt>
      <trkpt lat="52.712133368477225" lon="6.0158067382872105">
        <ele>-12.199999809265137</ele>
      </trkpt>
      <trkpt lat="52.71212129853666" lon="6.015786873176694">
        <ele>-12.199999809265137</ele>
      </trkpt>
      <trkpt lat="52.71210780367255" lon="6.015768013894558">
        <ele>-12.199999809265137</ele>
      </trkpt>
      <trkpt lat="52.71209456026554" lon="6.015747645869851">
        <ele>-12.199999809265137</ele>
      </trkpt>
      <trkpt lat="52.71208173595369" lon="6.015728116035461">
        <ele>-12.199999809265137</ele>
      </trkpt>
      <trkpt lat="52.71206899546087" lon="6.015706826001406">
        <ele>-12.199999809265137</ele>
      </trkpt>
      <trkpt lat="52.7120569255203" lon="6.0156868770718575">
        <ele>-12.199999809265137</ele>
      </trkpt>
      <trkpt lat="52.7120431791991" lon="6.015670113265514">
        <ele>-12.199999809265137</ele>
      </trkpt>
      <trkpt lat="52.71202951669693" lon="6.015652595087886">
        <ele>-12.399999618530273</ele>
      </trkpt>
      <trkpt lat="52.71201518364251" lon="6.015632897615433">
        <ele>-12.399999618530273</ele>
      </trkpt>
      <trkpt lat="52.71200110204518" lon="6.015613367781043">
        <ele>-12.399999618530273</ele>
      </trkpt>
      <trkpt lat="52.71198702044785" lon="6.015592413023114">
        <ele>-12.399999618530273</ele>
      </trkpt>
      <trkpt lat="52.71197629161179" lon="6.015572631731629">
        <ele>-12.399999618530273</ele>
      </trkpt>
      <trkpt lat="52.71196296438575" lon="6.015550922602415">
        <ele>-12.399999618530273</ele>
      </trkpt>
      <trkpt lat="52.71195089444518" lon="6.01553063839674">
        <ele>-12.399999618530273</ele>
      </trkpt>
      <trkpt lat="52.71193865686655" lon="6.015510940924287">
        <ele>-12.399999618530273</ele>
      </trkpt>
      <trkpt lat="52.71192658692598" lon="6.015490740537643">
        <ele>-12.800000190734863</ele>
      </trkpt>
      <trkpt lat="52.711914014071226" lon="6.015469785779715">
        <ele>-13.0</ele>
      </trkpt>
      <trkpt lat="52.71190202794969" lon="6.0154500883072615">
        <ele>-13.199999809265137</ele>
      </trkpt>
      <trkpt lat="52.71188819780946" lon="6.015429887920618">
        <ele>-13.199999809265137</ele>
      </trkpt>
      <trkpt lat="52.71187621168792" lon="6.015409100800753">
        <ele>-13.199999809265137</ele>
      </trkpt>
      <trkpt lat="52.71186254918575" lon="6.015389068052173">
        <ele>-13.199999809265137</ele>
      </trkpt>
      <trkpt lat="52.71184905432165" lon="6.015369035303593">
        <ele>-13.199999809265137</ele>
      </trkpt>
      <trkpt lat="52.711834805086255" lon="6.015349086374044">
        <ele>-13.399999618530273</ele>
      </trkpt>
      <trkpt lat="52.71182248368859" lon="6.015328634530306">
        <ele>-13.399999618530273</ele>
      </trkpt>
      <trkpt lat="52.71180898882449" lon="6.015307176858187">
        <ele>-13.399999618530273</ele>
      </trkpt>
      <trkpt lat="52.711796667426825" lon="6.015286389738321">
        <ele>-13.399999618530273</ele>
      </trkpt>
      <trkpt lat="52.711784429848194" lon="6.015265351161361">
        <ele>-13.399999618530273</ele>
      </trkpt>
      <trkpt lat="52.711773198097944" lon="6.0152471624314785">
        <ele>-13.399999618530273</ele>
      </trkpt>
      <trkpt lat="52.71175995469093" lon="6.01522721350193">
        <ele>-13.399999618530273</ele>
      </trkpt>
      <trkpt lat="52.711748806759715" lon="6.015206845477223">
        <ele>-13.399999618530273</ele>
      </trkpt>
      <trkpt lat="52.7117358148098" lon="6.015184884890914">
        <ele>-13.399999618530273</ele>
      </trkpt>
      <trkpt lat="52.71172466687858" lon="6.015164935961366">
        <ele>-13.199999809265137</ele>
      </trkpt>
      <trkpt lat="52.71171083673835" lon="6.01514364592731">
        <ele>-13.199999809265137</ele>
      </trkpt>
      <trkpt lat="52.71169926971197" lon="6.015122355893254">
        <ele>-13.199999809265137</ele>
      </trkpt>
      <trkpt lat="52.71168644540012" lon="6.015100562945008">
        <ele>-13.199999809265137</ele>
      </trkpt>
      <trkpt lat="52.71167521364987" lon="6.015076758340001">
        <ele>-13.0</ele>
      </trkpt>
      <trkpt lat="52.71166255697608" lon="6.015053624287248">
        <ele>-12.800000190734863</ele>
      </trkpt>
      <trkpt lat="52.7116509899497" lon="6.015032418072224">
        <ele>-12.800000190734863</ele>
      </trkpt>
      <trkpt lat="52.71163824945688" lon="6.015010541304946">
        <ele>-12.800000190734863</ele>
      </trkpt>
      <trkpt lat="52.7116287779063" lon="6.014987826347351">
        <ele>-12.800000190734863</ele>
      </trkpt>
      <trkpt lat="52.711617378517985" lon="6.014962429180741">
        <ele>-12.800000190734863</ele>
      </trkpt>
      <trkpt lat="52.711606146767735" lon="6.014938540756702">
        <ele>-12.800000190734863</ele>
      </trkpt>
      <trkpt lat="52.71159349009395" lon="6.014913897961378">
        <ele>-12.800000190734863</ele>
      </trkpt>
      <trkpt lat="52.711581671610475" lon="6.01488808169961">
        <ele>-12.800000190734863</ele>
      </trkpt>
      <trkpt lat="52.71157027222216" lon="6.014860924333334">
        <ele>-12.800000190734863</ele>
      </trkpt>
      <trkpt lat="52.711559711024165" lon="6.014833934605122">
        <ele>-12.800000190734863</ele>
      </trkpt>
      <trkpt lat="52.711547976359725" lon="6.01480845361948">
        <ele>-12.800000190734863</ele>
      </trkpt>
      <trkpt lat="52.711537163704634" lon="6.014781631529331">
        <ele>-12.800000190734863</ele>
      </trkpt>
      <trkpt lat="52.711525429040194" lon="6.014754809439182">
        <ele>-12.800000190734863</ele>
      </trkpt>
      <trkpt lat="52.71151612512767" lon="6.014729076996446">
        <ele>-12.800000190734863</ele>
      </trkpt>
      <trkpt lat="52.71150522865355" lon="6.014702087268233">
        <ele>-12.600000381469727</ele>
      </trkpt>
      <trkpt lat="52.71149592474103" lon="6.014676187187433">
        <ele>-12.800000190734863</ele>
      </trkpt>
      <trkpt lat="52.711484944447875" lon="6.01465062238276">
        <ele>-12.800000190734863</ele>
      </trkpt>
      <trkpt lat="52.71147580817342" lon="6.014625895768404">
        <ele>-12.800000190734863</ele>
      </trkpt>
      <trkpt lat="52.7114662528038" lon="6.014600498601794">
        <ele>-12.600000381469727</ele>
      </trkpt>
      <trkpt lat="52.71145544014871" lon="6.014577029272914">
        <ele>-12.600000381469727</ele>
      </trkpt>
      <trkpt lat="52.71144445985556" lon="6.014553643763065">
        <ele>-12.800000190734863</ele>
      </trkpt>
      <trkpt lat="52.71143549121916" lon="6.014529587700963">
        <ele>-13.0</ele>
      </trkpt>
      <trkpt lat="52.71142702549696" lon="6.014505112543702">
        <ele>-13.0</ele>
      </trkpt>
      <trkpt lat="52.71141772158444" lon="6.014480134472251">
        <ele>-13.0</ele>
      </trkpt>
      <trkpt lat="52.71140858530998" lon="6.014456748962402">
        <ele>-13.199999809265137</ele>
      </trkpt>
      <trkpt lat="52.71139877848327" lon="6.014433363452554">
        <ele>-13.199999809265137</ele>
      </trkpt>
      <trkpt lat="52.71138930693269" lon="6.014410313218832">
        <ele>-13.199999809265137</ele>
      </trkpt>
      <trkpt lat="52.7113800868392" lon="6.014385670423508">
        <ele>-13.199999809265137</ele>
      </trkpt>
      <trkpt lat="52.711371537297964" lon="6.0143612790852785">
        <ele>-13.199999809265137</ele>
      </trkpt>
      <trkpt lat="52.711362317204475" lon="6.014336887747049">
        <ele>-13.399999618530273</ele>
      </trkpt>
      <trkpt lat="52.71135477349162" lon="6.014313669875264">
        <ele>-13.399999618530273</ele>
      </trkpt>
      <trkpt lat="52.71134605631232" lon="6.014288440346718">
        <ele>-13.399999618530273</ele>
      </trkpt>
      <trkpt lat="52.7113385964185" lon="6.014264216646552">
        <ele>-13.399999618530273</ele>
      </trkpt>
      <trkpt lat="52.711330968886614" lon="6.014238651841879">
        <ele>-13.399999618530273</ele>
      </trkpt>
      <trkpt lat="52.711323760449886" lon="6.014215014874935">
        <ele>-13.399999618530273</ele>
      </trkpt>
      <trkpt lat="52.71131521090865" lon="6.014190036803484">
        <ele>-13.399999618530273</ele>
      </trkpt>
      <trkpt lat="52.71130833774805" lon="6.01416639983654">
        <ele>-13.199999809265137</ele>
      </trkpt>
      <trkpt lat="52.711300291121006" lon="6.014142846688628">
        <ele>-13.199999809265137</ele>
      </trkpt>
      <trkpt lat="52.71129224449396" lon="6.014120634645224">
        <ele>-13.0</ele>
      </trkpt>
      <trkpt lat="52.71128453314304" lon="6.014097081497312">
        <ele>-13.0</ele>
      </trkpt>
      <trkpt lat="52.71127765998244" lon="6.014073695987463">
        <ele>-13.0</ele>
      </trkpt>
      <trkpt lat="52.71126827225089" lon="6.014051903039217">
        <ele>-13.0</ele>
      </trkpt>
      <trkpt lat="52.71125989034772" lon="6.014031954109669">
        <ele>-12.800000190734863</ele>
      </trkpt>
      <trkpt lat="52.71125008352101" lon="6.014011837542057">
        <ele>-12.800000190734863</ele>
      </trkpt>
      <trkpt lat="52.71124077960849" lon="6.013992810621858">
        <ele>-12.800000190734863</ele>
      </trkpt>
      <trkpt lat="52.7112299669534" lon="6.013975376263261">
        <ele>-13.0</ele>
      </trkpt>
      <trkpt lat="52.71121923811734" lon="6.013960037380457">
        <ele>-12.800000190734863</ele>
      </trkpt>
      <trkpt lat="52.71120574325323" lon="6.013944782316685">
        <ele>-13.0</ele>
      </trkpt>
      <trkpt lat="52.71119249984622" lon="6.013930533081293">
        <ele>-12.800000190734863</ele>
      </trkpt>
      <trkpt lat="52.711178585886955" lon="6.0139168705791235">
        <ele>-12.800000190734863</ele>
      </trkpt>
      <trkpt lat="52.71116517484188" lon="6.0139048006385565">
        <ele>-12.600000381469727</ele>
      </trkpt>
      <trkpt lat="52.71114916540682" lon="6.013893820345402">
        <ele>-12.600000381469727</ele>
      </trkpt>
      <trkpt lat="52.7111348323524" lon="6.013882672414184">
        <ele>-12.600000381469727</ele>
      </trkpt>
      <trkpt lat="52.71111882291734" lon="6.0138732846826315">
        <ele>-12.600000381469727</ele>
      </trkpt>
      <trkpt lat="52.71110465750098" lon="6.013865238055587">
        <ele>-12.600000381469727</ele>
      </trkpt>
      <trkpt lat="52.711088731884956" lon="6.013857694342732">
        <ele>-12.600000381469727</ele>
      </trkpt>
      <trkpt lat="52.71107280626893" lon="6.013849647715688">
        <ele>-12.600000381469727</ele>
      </trkpt>
      <trkpt lat="52.71105621010065" lon="6.01384143345058">
        <ele>-13.0</ele>
      </trkpt>
      <trkpt lat="52.71104061976075" lon="6.013836152851582">
        <ele>-12.800000190734863</ele>
      </trkpt>
      <trkpt lat="52.711024191230536" lon="6.013831961899996">
        <ele>-12.600000381469727</ele>
      </trkpt>
      <trkpt lat="52.71100725978613" lon="6.013825843110681">
        <ele>-13.0</ele>
      </trkpt>
      <trkpt lat="52.71098965778947" lon="6.013822071254253">
        <ele>-13.199999809265137</ele>
      </trkpt>
      <trkpt lat="52.710972558707" lon="6.013816287741065">
        <ele>-13.399999618530273</ele>
      </trkpt>
      <trkpt lat="52.710954789072275" lon="6.013812767341733">
        <ele>-13.399999618530273</ele>
      </trkpt>
      <trkpt lat="52.71093685179949" lon="6.01380824111402">
        <ele>-13.600000381469727</ele>
      </trkpt>
      <trkpt lat="52.71091883070767" lon="6.013804385438561">
        <ele>-13.600000381469727</ele>
      </trkpt>
      <trkpt lat="52.710902988910675" lon="6.013798601925373">
        <ele>-13.600000381469727</ele>
      </trkpt>
      <trkpt lat="52.71088672801852" lon="6.013793153688312">
        <ele>-13.600000381469727</ele>
      </trkpt>
      <trkpt lat="52.71086988039315" lon="6.013786280527711">
        <ele>-13.399999618530273</ele>
      </trkpt>
      <trkpt lat="52.71085252985358" lon="6.013783263042569">
        <ele>-13.399999618530273</ele>
      </trkpt>
      <trkpt lat="52.71083492785692" lon="6.0137781500816345">
        <ele>-13.199999809265137</ele>
      </trkpt>
      <trkpt lat="52.71081573329866" lon="6.01377546787262">
        <ele>-13.0</ele>
      </trkpt>
      <trkpt lat="52.71079771220684" lon="6.013768678531051">
        <ele>-13.0</ele>
      </trkpt>
      <trkpt lat="52.71077969111502" lon="6.013763565570116">
        <ele>-13.0</ele>
      </trkpt>
      <trkpt lat="52.71076410077512" lon="6.01375593803823">
        <ele>-13.0</ele>
      </trkpt>
      <trkpt lat="52.710746582597494" lon="6.013749651610851">
        <ele>-13.0</ele>
      </trkpt>
      <trkpt lat="52.71072923205793" lon="6.01374177262187">
        <ele>-13.0</ele>
      </trkpt>
      <trkpt lat="52.710711378604174" lon="6.0137333907186985">
        <ele>-13.199999809265137</ele>
      </trkpt>
      <trkpt lat="52.71069503389299" lon="6.013725847005844">
        <ele>-13.199999809265137</ele>
      </trkpt>
      <trkpt lat="52.710677180439234" lon="6.013717381283641">
        <ele>-13.399999618530273</ele>
      </trkpt>
      <trkpt lat="52.710662595927715" lon="6.013706484809518">
        <ele>-13.600000381469727</ele>
      </trkpt>
      <trkpt lat="52.71064507775009" lon="6.01369827054441">
        <ele>-13.600000381469727</ele>
      </trkpt>
      <trkpt lat="52.71062957122922" lon="6.013688296079636">
        <ele>-13.600000381469727</ele>
      </trkpt>
      <trkpt lat="52.71061347797513" lon="6.013676058501005">
        <ele>-13.800000190734863</ele>
      </trkpt>
      <trkpt lat="52.71059738472104" lon="6.013664323836565">
        <ele>-13.800000190734863</ele>
      </trkpt>
      <trkpt lat="52.71057986654341" lon="6.01365334354341">
        <ele>-13.600000381469727</ele>
      </trkpt>
      <trkpt lat="52.710565365850925" lon="6.013641860336065">
        <ele>-13.600000381469727</ele>
      </trkpt>
      <trkpt lat="52.71055044606328" lon="6.0136285331100225">
        <ele>-13.800000190734863</ele>
      </trkpt>
      <trkpt lat="52.710536029189825" lon="6.013614200055599">
        <ele>-13.800000190734863</ele>
      </trkpt>
      <trkpt lat="52.710520438849926" lon="6.013598022982478">
        <ele>-13.800000190734863</ele>
      </trkpt>
      <trkpt lat="52.71050551906228" lon="6.013581091538072">
        <ele>-13.800000190734863</ele>
      </trkpt>
      <trkpt lat="52.71049168892205" lon="6.013561058789492">
        <ele>-13.800000190734863</ele>
      </trkpt>
      <trkpt lat="52.71047953516245" lon="6.013542450964451">
        <ele>-13.800000190734863</ele>
      </trkpt>
      <trkpt lat="52.710466627031565" lon="6.013523004949093">
        <ele>-13.800000190734863</ele>
      </trkpt>
      <trkpt lat="52.71045564673841" lon="6.013503139838576">
        <ele>-13.800000190734863</ele>
      </trkpt>
      <trkpt lat="52.71044500172138" lon="6.013481514528394">
        <ele>-13.800000190734863</ele>
      </trkpt>
      <trkpt lat="52.71043477579951" lon="6.01345787756145">
        <ele>-13.800000190734863</ele>
      </trkpt>
      <trkpt lat="52.71042387932539" lon="6.013435581699014">
        <ele>-13.800000190734863</ele>
      </trkpt>
      <trkpt lat="52.71041616797447" lon="6.013413704931736">
        <ele>-13.800000190734863</ele>
      </trkpt>
      <trkpt lat="52.71040678024292" lon="6.013391325250268">
        <ele>-13.800000190734863</ele>
      </trkpt>
      <trkpt lat="52.71039982326329" lon="6.013366766273975">
        <ele>-13.600000381469727</ele>
      </trkpt>
      <trkpt lat="52.7103921957314" lon="6.0133428778499365">
        <ele>-13.600000381469727</ele>
      </trkpt>
      <trkpt lat="52.7103871665895" lon="6.0133199114352465">
        <ele>-13.600000381469727</ele>
      </trkpt>
      <trkpt lat="52.71037979051471" lon="6.013296358287334">
        <ele>-13.600000381469727</ele>
      </trkpt>
      <trkpt lat="52.710374342277646" lon="6.0132724698632956">
        <ele>-13.399999618530273</ele>
      </trkpt>
      <trkpt lat="52.71036931313574" lon="6.013247491791844">
        <ele>-13.199999809265137</ele>
      </trkpt>
      <trkpt lat="52.71036487072706" lon="6.013225028291345">
        <ele>-13.199999809265137</ele>
      </trkpt>
      <trkpt lat="52.71036034449935" lon="6.013200134038925">
        <ele>-13.199999809265137</ele>
      </trkpt>
      <trkpt lat="52.71035707555711" lon="6.013174653053284">
        <ele>-13.199999809265137</ele>
      </trkpt>
      <trkpt lat="52.71035313606262" lon="6.013149591162801">
        <ele>-13.199999809265137</ele>
      </trkpt>
      <trkpt lat="52.71034919656813" lon="6.013124026358128">
        <ele>-13.0</ele>
      </trkpt>
      <trkpt lat="52.710342993959785" lon="6.013099467381835">
        <ele>-12.800000190734863</ele>
      </trkpt>
      <trkpt lat="52.710338635370135" lon="6.01307331584394">
        <ele>-13.0</ele>
      </trkpt>
      <trkpt lat="52.71033234894276" lon="6.0130486730486155">
        <ele>-13.0</ele>
      </trkpt>
      <trkpt lat="52.710327403619885" lon="6.013022353872657">
        <ele>-13.199999809265137</ele>
      </trkpt>
      <trkpt lat="52.71032170392573" lon="6.012997794896364">
        <ele>-13.199999809265137</ele>
      </trkpt>
      <trkpt lat="52.710316674783826" lon="6.012971894815564">
        <ele>-13.199999809265137</ele>
      </trkpt>
      <trkpt lat="52.710309298709035" lon="6.0129467491060495">
        <ele>-13.199999809265137</ele>
      </trkpt>
      <trkpt lat="52.71030309610069" lon="6.012921016663313">
        <ele>-13.199999809265137</ele>
      </trkpt>
      <trkpt lat="52.71029530093074" lon="6.012894110754132">
        <ele>-13.199999809265137</ele>
      </trkpt>
      <trkpt lat="52.710289265960455" lon="6.012868210673332">
        <ele>-13.199999809265137</ele>
      </trkpt>
      <trkpt lat="52.71028214134276" lon="6.012843819335103">
        <ele>-13.399999618530273</ele>
      </trkpt>
      <trkpt lat="52.71027686074376" lon="6.0128183383494616">
        <ele>-13.199999809265137</ele>
      </trkpt>
      <trkpt lat="52.71026931703091" lon="6.0127959586679935">
        <ele>-13.0</ele>
      </trkpt>
      <trkpt lat="52.71026303060353" lon="6.01277282461524">
        <ele>-13.399999618530273</ele>
      </trkpt>
      <trkpt lat="52.71025381051004" lon="6.012749942019582">
        <ele>-13.199999809265137</ele>
      </trkpt>
      <trkpt lat="52.710246769711375" lon="6.012728568166494">
        <ele>-13.399999618530273</ele>
      </trkpt>
      <trkpt lat="52.71023830398917" lon="6.012707110494375">
        <ele>-13.199999809265137</ele>
      </trkpt>
      <trkpt lat="52.71022883243859" lon="6.012686239555478">
        <ele>-13.0</ele>
      </trkpt>
      <trkpt lat="52.71021927706897" lon="6.012667044997215">
        <ele>-12.800000190734863</ele>
      </trkpt>
      <trkpt lat="52.710211062803864" lon="6.012647179886699">
        <ele>-13.0</ele>
      </trkpt>
      <trkpt lat="52.710201758891344" lon="6.012624716386199">
        <ele>-12.800000190734863</ele>
      </trkpt>
      <trkpt lat="52.71019195206463" lon="6.012601666152477">
        <ele>-13.0</ele>
      </trkpt>
      <trkpt lat="52.7101831510663" lon="6.012580208480358">
        <ele>-12.800000190734863</ele>
      </trkpt>
      <trkpt lat="52.71017476916313" lon="6.012558415532112">
        <ele>-12.800000190734863</ele>
      </trkpt>
      <trkpt lat="52.71016630344093" lon="6.012539472430944">
        <ele>-12.800000190734863</ele>
      </trkpt>
      <trkpt lat="52.71015741862357" lon="6.01251969113946">
        <ele>-12.600000381469727</ele>
      </trkpt>
      <trkpt lat="52.71014920435846" lon="6.012500412762165">
        <ele>-12.600000381469727</ele>
      </trkpt>
      <trkpt lat="52.710138224065304" lon="6.012481972575188">
        <ele>-12.600000381469727</ele>
      </trkpt>
      <trkpt lat="52.710127076134086" lon="6.012464202940464">
        <ele>-12.600000381469727</ele>
      </trkpt>
      <trkpt lat="52.71011567674577" lon="6.012446517124772">
        <ele>-12.600000381469727</ele>
      </trkpt>
      <trkpt lat="52.710104025900364" lon="6.012428747490048">
        <ele>-12.800000190734863</ele>
      </trkpt>
      <trkpt lat="52.710092375054955" lon="6.012410558760166">
        <ele>-13.0</ele>
      </trkpt>
      <trkpt lat="52.710080556571484" lon="6.012394046410918">
        <ele>-13.0</ele>
      </trkpt>
      <trkpt lat="52.71006823517382" lon="6.012377366423607">
        <ele>-13.399999618530273</ele>
      </trkpt>
      <trkpt lat="52.710055159404874" lon="6.012359680607915">
        <ele>-13.199999809265137</ele>
      </trkpt>
      <trkpt lat="52.71004225127399" lon="6.012343587353826">
        <ele>-13.399999618530273</ele>
      </trkpt>
      <trkpt lat="52.7100295946002" lon="6.01232816465199">
        <ele>-13.199999809265137</ele>
      </trkpt>
      <trkpt lat="52.71001492626965" lon="6.0123141668736935">
        <ele>-13.199999809265137</ele>
      </trkpt>
      <trkpt lat="52.70999983884394" lon="6.012301258742809">
        <ele>-13.199999809265137</ele>
      </trkpt>
      <trkpt lat="52.709984332323074" lon="6.012289021164179">
        <ele>-13.199999809265137</ele>
      </trkpt>
      <trkpt lat="52.709969161078334" lon="6.012275693938136">
        <ele>-13.199999809265137</ele>
      </trkpt>
      <trkpt lat="52.709954576566815" lon="6.012263121083379">
        <ele>-13.399999618530273</ele>
      </trkpt>
      <trkpt lat="52.70993982441723" lon="6.012248620390892">
        <ele>-13.399999618530273</ele>
      </trkpt>
      <trkpt lat="52.70992549136281" lon="6.012236215174198">
        <ele>-13.600000381469727</ele>
      </trkpt>
      <trkpt lat="52.7099104039371" lon="6.012224229052663">
        <ele>-13.800000190734863</ele>
      </trkpt>
      <trkpt lat="52.70989648997784" lon="6.012213416397572">
        <ele>-13.800000190734863</ele>
      </trkpt>
      <trkpt lat="52.709881737828255" lon="6.012202855199575">
        <ele>-14.0</ele>
      </trkpt>
      <trkpt lat="52.709866147488356" lon="6.012194640934467">
        <ele>-14.0</ele>
      </trkpt>
      <trkpt lat="52.70985131151974" lon="6.0121881030499935">
        <ele>-13.600000381469727</ele>
      </trkpt>
      <trkpt lat="52.70983521826565" lon="6.0121825709939">
        <ele>-13.600000381469727</ele>
      </trkpt>
      <trkpt lat="52.70981862209737" lon="6.0121777933090925">
        <ele>-13.600000381469727</ele>
      </trkpt>
      <trkpt lat="52.70980194211006" lon="6.012174943462014">
        <ele>-13.399999618530273</ele>
      </trkpt>
      <trkpt lat="52.709786519408226" lon="6.01217083632946">
        <ele>-13.399999618530273</ele>
      </trkpt>
      <trkpt lat="52.709769923239946" lon="6.012169411405921">
        <ele>-13.399999618530273</ele>
      </trkpt>
      <trkpt lat="52.70975441671908" lon="6.012168824672699">
        <ele>-13.600000381469727</ele>
      </trkpt>
      <trkpt lat="52.70973740145564" lon="6.012168824672699">
        <ele>-13.600000381469727</ele>
      </trkpt>
      <trkpt lat="52.70971971563995" lon="6.012171842157841">
        <ele>-13.600000381469727</ele>
      </trkpt>
      <trkpt lat="52.70970177836716" lon="6.0121748596429825">
        <ele>-13.600000381469727</ele>
      </trkpt>
      <trkpt lat="52.70968560129404" lon="6.012176955118775">
        <ele>-13.600000381469727</ele>
      </trkpt>
      <trkpt lat="52.70966791547835" lon="6.012180810794234">
        <ele>-13.600000381469727</ele>
      </trkpt>
      <trkpt lat="52.709651151672006" lon="6.01218550466001">
        <ele>-13.600000381469727</ele>
      </trkpt>
      <trkpt lat="52.70963371731341" lon="6.012192294001579">
        <ele>-13.600000381469727</ele>
      </trkpt>
      <trkpt lat="52.709616869688034" lon="6.012200508266687">
        <ele>-13.600000381469727</ele>
      </trkpt>
      <trkpt lat="52.70959951914847" lon="6.012208890169859">
        <ele>-13.600000381469727</ele>
      </trkpt>
      <trkpt lat="52.709582420066" lon="6.0122184455394745">
        <ele>-13.800000190734863</ele>
      </trkpt>
      <trkpt lat="52.70956423133612" lon="6.012230180203915">
        <ele>-13.800000190734863</ele>
      </trkpt>
      <trkpt lat="52.70954679697752" lon="6.012242417782545">
        <ele>-13.800000190734863</ele>
      </trkpt>
      <trkpt lat="52.70953020080924" lon="6.012256247922778">
        <ele>-13.800000190734863</ele>
      </trkpt>
      <trkpt lat="52.70951352082193" lon="6.012269156053662">
        <ele>-13.800000190734863</ele>
      </trkpt>
      <trkpt lat="52.70949709229171" lon="6.012284578755498">
        <ele>-13.800000190734863</ele>
      </trkpt>
      <trkpt lat="52.7094804123044" lon="6.012301426380873">
        <ele>-13.800000190734863</ele>
      </trkpt>
      <trkpt lat="52.70946473814547" lon="6.012317603453994">
        <ele>-13.800000190734863</ele>
      </trkpt>
      <trkpt lat="52.709449734538794" lon="6.012334618717432">
        <ele>-13.800000190734863</ele>
      </trkpt>
      <trkpt lat="52.709435569122434" lon="6.012352388352156">
        <ele>-13.800000190734863</ele>
      </trkpt>
      <trkpt lat="52.70942056551576" lon="6.012373846024275">
        <ele>-13.800000190734863</ele>
      </trkpt>
      <trkpt lat="52.70940765738487" lon="6.012394465506077">
        <ele>-13.800000190734863</ele>
      </trkpt>
      <trkpt lat="52.70939231850207" lon="6.01241952739656">
        <ele>-13.800000190734863</ele>
      </trkpt>
      <trkpt lat="52.709379410371184" lon="6.012442074716091">
        <ele>-13.800000190734863</ele>
      </trkpt>
      <trkpt lat="52.709366753697395" lon="6.012467136606574">
        <ele>-13.800000190734863</ele>
      </trkpt>
      <trkpt lat="52.70935577340424" lon="6.012489264830947">
        <ele>-14.0</ele>
      </trkpt>
      <trkpt lat="52.70934387110174" lon="6.012510806322098">
        <ele>-14.0</ele>
      </trkpt>
      <trkpt lat="52.70933280698955" lon="6.012534191831946">
        <ele>-13.800000190734863</ele>
      </trkpt>
      <trkpt lat="52.70932098850608" lon="6.012556571513414">
        <ele>-13.600000381469727</ele>
      </trkpt>
      <trkpt lat="52.709310594946146" lon="6.012580459937453">
        <ele>-13.600000381469727</ele>
      </trkpt>
      <trkpt lat="52.70930145867169" lon="6.012606108561158">
        <ele>-13.399999618530273</ele>
      </trkpt>
      <trkpt lat="52.70929072983563" lon="6.0126315895468">
        <ele>-13.399999618530273</ele>
      </trkpt>
      <trkpt lat="52.70928109064698" lon="6.012653801590204">
        <ele>-13.399999618530273</ele>
      </trkpt>
      <trkpt lat="52.70926239900291" lon="6.0127023328095675">
        <ele>-13.399999618530273</ele>
      </trkpt>
      <trkpt lat="52.709250915795565" lon="6.012727981433272">
        <ele>-13.399999618530273</ele>
      </trkpt>
      <trkpt lat="52.709250915795565" lon="6.012727981433272">
        <ele>-13.399999618530273</ele>
      </trkpt>
      <trkpt lat="52.70924136042595" lon="6.0127500258386135">
        <ele>-13.600000381469727</ele>
      </trkpt>
      <trkpt lat="52.70923121832311" lon="6.012776428833604">
        <ele>-13.800000190734863</ele>
      </trkpt>
      <trkpt lat="52.70922392606735" lon="6.012799981981516">
        <ele>-13.800000190734863</ele>
      </trkpt>
      <trkpt lat="52.70921403542161" lon="6.01282462477684">
        <ele>-13.800000190734863</ele>
      </trkpt>
      <trkpt lat="52.70920531824231" lon="6.012850105762482">
        <ele>-14.0</ele>
      </trkpt>
      <trkpt lat="52.70919685252011" lon="6.012877933681011">
        <ele>-14.199999809265137</ele>
      </trkpt>
      <trkpt lat="52.709187380969524" lon="6.012905510142446">
        <ele>-14.199999809265137</ele>
      </trkpt>
      <trkpt lat="52.709178579971194" lon="6.012932751327753">
        <ele>-14.199999809265137</ele>
      </trkpt>
      <trkpt lat="52.709170281887054" lon="6.012957310304046">
        <ele>-14.399999618530273</ele>
      </trkpt>
      <trkpt lat="52.709160055965185" lon="6.012975834310055">
        <ele>-14.399999618530273</ele>
      </trkpt>
      <trkpt lat="52.70915050059557" lon="6.012994861230254">
        <ele>-14.399999618530273</ele>
      </trkpt>
      <trkpt lat="52.70914270542562" lon="6.013018665835261">
        <ele>-14.399999618530273</ele>
      </trkpt>
      <trkpt lat="52.7091334015131" lon="6.013042135164142">
        <ele>-14.399999618530273</ele>
      </trkpt>
      <trkpt lat="52.70912460051477" lon="6.013064347207546">
        <ele>-14.399999618530273</ele>
      </trkpt>
      <trkpt lat="52.70911546424031" lon="6.013088235631585">
        <ele>-14.399999618530273</ele>
      </trkpt>
      <trkpt lat="52.7091075014323" lon="6.013113046064973">
        <ele>-14.399999618530273</ele>
      </trkpt>
      <trkpt lat="52.70909777842462" lon="6.013138107955456">
        <ele>-14.399999618530273</ele>
      </trkpt>
      <trkpt lat="52.709089145064354" lon="6.013165432959795">
        <ele>-14.399999618530273</ele>
      </trkpt>
      <trkpt lat="52.709079924970865" lon="6.013192590326071">
        <ele>-14.399999618530273</ele>
      </trkpt>
      <trkpt lat="52.709069699048996" lon="6.013218490406871">
        <ele>-14.199999809265137</ele>
      </trkpt>
      <trkpt lat="52.70905964076519" lon="6.0132424626499414">
        <ele>-14.199999809265137</ele>
      </trkpt>
      <trkpt lat="52.7090504206717" lon="6.013268865644932">
        <ele>-14.199999809265137</ele>
      </trkpt>
      <trkpt lat="52.70904019474983" lon="6.013292586430907">
        <ele>-14.199999809265137</ele>
      </trkpt>
      <trkpt lat="52.70902728661895" lon="6.013316810131073">
        <ele>-14.399999618530273</ele>
      </trkpt>
      <trkpt lat="52.709017395973206" lon="6.013339273631573">
        <ele>-14.399999618530273</ele>
      </trkpt>
      <trkpt lat="52.709003649652004" lon="6.013361066579819">
        <ele>-14.600000381469727</ele>
      </trkpt>
      <trkpt lat="52.70899283699691" lon="6.0133847035467625">
        <ele>-14.600000381469727</ele>
      </trkpt>
      <trkpt lat="52.70898202434182" lon="6.01340951398015">
        <ele>-14.399999618530273</ele>
      </trkpt>
      <trkpt lat="52.70897464826703" lon="6.013435749337077">
        <ele>-14.199999809265137</ele>
      </trkpt>
      <trkpt lat="52.70896685309708" lon="6.013463158160448">
        <ele>-14.0</ele>
      </trkpt>
      <trkpt lat="52.708960650488734" lon="6.013488471508026">
        <ele>-13.800000190734863</ele>
      </trkpt>
      <trkpt lat="52.708951933309436" lon="6.0135137010365725">
        <ele>-13.800000190734863</ele>
      </trkpt>
      <trkpt lat="52.70894346758723" lon="6.013534069061279">
        <ele>-13.800000190734863</ele>
      </trkpt>
      <trkpt lat="52.70893500186503" lon="6.013556029647589">
        <ele>-13.600000381469727</ele>
      </trkpt>
      <trkpt lat="52.70892578177154" lon="6.01357757113874">
        <ele>-13.600000381469727</ele>
      </trkpt>
      <trkpt lat="52.70891739986837" lon="6.013598525896668">
        <ele>-13.600000381469727</ele>
      </trkpt>
      <trkpt lat="52.7089090179652" lon="6.01361621171236">
        <ele>-13.800000190734863</ele>
      </trkpt>
      <trkpt lat="52.708900636062026" lon="6.013633646070957">
        <ele>-13.800000190734863</ele>
      </trkpt>
      <trkpt lat="52.70889334380627" lon="6.013648398220539">
        <ele>-13.800000190734863</ele>
      </trkpt>
      <trkpt lat="52.70888621918857" lon="6.0136612225323915">
        <ele>-13.600000381469727</ele>
      </trkpt>
      <trkpt lat="52.70887775346637" lon="6.013672454282641">
        <ele>-13.600000381469727</ele>
      </trkpt>
      <trkpt lat="52.7088709641248" lon="6.013681422919035">
        <ele>-13.600000381469727</ele>
      </trkpt>
      <trkpt lat="52.70886610262096" lon="6.013690140098333">
        <ele>-13.600000381469727</ele>
      </trkpt>
      <trkpt lat="52.70886140875518" lon="6.013701120391488">
        <ele>-13.600000381469727</ele>
      </trkpt>
      <trkpt lat="52.708859061822295" lon="6.0137074906378984">
        <ele>-13.600000381469727</ele>
      </trkpt>
      <trkpt lat="52.708856128156185" lon="6.013707155361772">
        <ele>-13.600000381469727</ele>
      </trkpt>
      <trkpt lat="52.7088537812233" lon="6.013709167018533">
        <ele>-13.399999618530273</ele>
      </trkpt>
      <trkpt lat="52.70885344594717" lon="6.013708328828216">
        <ele>-13.399999618530273</ele>
      </trkpt>
      <trkpt lat="52.708852188661695" lon="6.013708496466279">
        <ele>-13.399999618530273</ele>
      </trkpt>
      <trkpt lat="52.70885042846203" lon="6.013708915561438">
        <ele>-13.399999618530273</ele>
      </trkpt>
      <trkpt lat="52.70885059610009" lon="6.013708831742406">
        <ele>-13.399999618530273</ele>
      </trkpt>
      <trkpt lat="52.70885109901428" lon="6.013708580285311">
        <ele>-13.399999618530273</ele>
      </trkpt>
      <trkpt lat="52.70885151810944" lon="6.013708747923374">
        <ele>-13.399999618530273</ele>
      </trkpt>
      <trkpt lat="52.70885017700493" lon="6.013705898076296">
        <ele>-13.399999618530273</ele>
      </trkpt>
      <trkpt lat="52.70884992554784" lon="6.013699192553759">
        <ele>-13.399999618530273</ele>
      </trkpt>
      <trkpt lat="52.708851769566536" lon="6.013698019087315">
        <ele>-13.399999618530273</ele>
      </trkpt>
      <trkpt lat="52.70885386504233" lon="6.013695923611522">
        <ele>-13.399999618530273</ele>
      </trkpt>
      <trkpt lat="52.7088519372046" lon="6.013708245009184">
        <ele>-13.399999618530273</ele>
      </trkpt>
      <trkpt lat="52.70885210484266" lon="6.013706317171454">
        <ele>-13.399999618530273</ele>
      </trkpt>
      <trkpt lat="52.708854200318456" lon="6.0137048084288836">
        <ele>-13.399999618530273</ele>
      </trkpt>
      <trkpt lat="52.70885478705168" lon="6.013704473152757">
        <ele>-13.399999618530273</ele>
      </trkpt>
      <trkpt lat="52.70885453559458" lon="6.013702880591154">
        <ele>-12.800000190734863</ele>
      </trkpt>
      <trkpt lat="52.708852188661695" lon="6.0136983543634415">
        <ele>-12.600000381469727</ele>
      </trkpt>
      <trkpt lat="52.70885285921395" lon="6.013696510344744">
        <ele>-12.399999618530273</ele>
      </trkpt>
      <trkpt lat="52.70885109901428" lon="6.013694750145078">
        <ele>-12.199999809265137</ele>
      </trkpt>
      <trkpt lat="52.70884548313916" lon="6.013695169240236">
        <ele>-12.199999809265137</ele>
      </trkpt>
      <trkpt lat="52.708839448168874" lon="6.013698605820537">
        <ele>-12.199999809265137</ele>
      </trkpt>
      <trkpt lat="52.70883148536086" lon="6.013702042400837">
        <ele>-12.0</ele>
      </trkpt>
      <trkpt lat="52.70882251672447" lon="6.013706065714359">
        <ele>-12.0</ele>
      </trkpt>
      <trkpt lat="52.708810698240995" lon="6.013707742094994">
        <ele>-12.199999809265137</ele>
      </trkpt>
      <trkpt lat="52.70879913121462" lon="6.013711849227548">
        <ele>-12.199999809265137</ele>
      </trkpt>
      <trkpt lat="52.70878496579826" lon="6.013716710731387">
        <ele>-12.199999809265137</ele>
      </trkpt>
      <trkpt lat="52.708769124001265" lon="6.013719476759434">
        <ele>-12.199999809265137</ele>
      </trkpt>
      <trkpt lat="52.708753030747175" lon="6.0137207340449095">
        <ele>-12.199999809265137</ele>
      </trkpt>
      <trkpt lat="52.70873710513115" lon="6.013719476759434">
        <ele>-12.399999618530273</ele>
      </trkpt>
      <trkpt lat="52.70872067660093" lon="6.01371637545526">
        <ele>-12.399999618530273</ele>
      </trkpt>
      <trkpt lat="52.70870533771813" lon="6.013714196160436">
        <ele>-12.600000381469727</ele>
      </trkpt>
      <trkpt lat="52.708691423758864" lon="6.01371000520885">
        <ele>-12.600000381469727</ele>
      </trkpt>
      <trkpt lat="52.70867801271379" lon="6.013702042400837">
        <ele>-12.600000381469727</ele>
      </trkpt>
      <trkpt lat="52.70866921171546" lon="6.013693744316697">
        <ele>-12.600000381469727</ele>
      </trkpt>
      <trkpt lat="52.70865261554718" lon="6.013680920004845">
        <ele>-12.600000381469727</ele>
      </trkpt>
      <trkpt lat="52.70864222198725" lon="6.013671364635229">
        <ele>-12.600000381469727</ele>
      </trkpt>
      <trkpt lat="52.70862688310444" lon="6.013663234189153">
        <ele>-12.399999618530273</ele>
      </trkpt>
      <trkpt lat="52.70861439406872" lon="6.013651415705681">
        <ele>-12.399999618530273</ele>
      </trkpt>
      <trkpt lat="52.70860031247139" lon="6.013641776517034">
        <ele>-12.399999618530273</ele>
      </trkpt>
      <trkpt lat="52.708585392683744" lon="6.01362694054842">
        <ele>-12.399999618530273</ele>
      </trkpt>
      <trkpt lat="52.70857055671513" lon="6.013611350208521">
        <ele>-12.399999618530273</ele>
      </trkpt>
      <trkpt lat="52.708554128184915" lon="6.013595508411527">
        <ele>-12.399999618530273</ele>
      </trkpt>
      <trkpt lat="52.70853577181697" lon="6.01358151063323">
        <ele>-12.399999618530273</ele>
      </trkpt>
      <trkpt lat="52.70852018147707" lon="6.013564579188824">
        <ele>-12.600000381469727</ele>
      </trkpt>
      <trkpt lat="52.70850542932749" lon="6.013549072667956">
        <ele>-12.600000381469727</ele>
      </trkpt>
      <trkpt lat="52.70849176682532" lon="6.013530967757106">
        <ele>-12.600000381469727</ele>
      </trkpt>
      <trkpt lat="52.7084771823138" lon="6.0135137010365725">
        <ele>-12.600000381469727</ele>
      </trkpt>
      <trkpt lat="52.70846452564001" lon="6.0134919080883265">
        <ele>-12.800000190734863</ele>
      </trkpt>
      <trkpt lat="52.70845094695687" lon="6.013469360768795">
        <ele>-13.0</ele>
      </trkpt>
      <trkpt lat="52.70843820646405" lon="6.013447316363454">
        <ele>-13.199999809265137</ele>
      </trkpt>
      <trkpt lat="52.70842437632382" lon="6.013424098491669">
        <ele>-13.199999809265137</ele>
      </trkpt>
      <trkpt lat="52.708412893116474" lon="6.013402808457613">
        <ele>-13.199999809265137</ele>
      </trkpt>
      <trkpt lat="52.708399314433336" lon="6.013380764052272">
        <ele>-13.199999809265137</ele>
      </trkpt>
      <trkpt lat="52.708388082683086" lon="6.013360898941755">
        <ele>-13.199999809265137</ele>
      </trkpt>
      <trkpt lat="52.70837559364736" lon="6.013337848708034">
        <ele>-13.0</ele>
      </trkpt>
      <trkpt lat="52.70836419425905" lon="6.013316977769136">
        <ele>-12.800000190734863</ele>
      </trkpt>
      <trkpt lat="52.70835313014686" lon="6.013291664421558">
        <ele>-12.600000381469727</ele>
      </trkpt>
      <trkpt lat="52.708343490958214" lon="6.013266686350107">
        <ele>-12.399999618530273</ele>
      </trkpt>
      <trkpt lat="52.70833242684603" lon="6.013240115717053">
        <ele>-12.399999618530273</ele>
      </trkpt>
      <trkpt lat="52.70832085981965" lon="6.0132138803601265">
        <ele>-12.399999618530273</ele>
      </trkpt>
      <trkpt lat="52.7083077840507" lon="6.013184962794185">
        <ele>-12.199999809265137</ele>
      </trkpt>
      <trkpt lat="52.70829655230045" lon="6.013159565627575">
        <ele>-12.199999809265137</ele>
      </trkpt>
      <trkpt lat="52.70828573964536" lon="6.013133665546775">
        <ele>-12.199999809265137</ele>
      </trkpt>
      <trkpt lat="52.708275178447366" lon="6.013109358027577">
        <ele>-12.199999809265137</ele>
      </trkpt>
      <trkpt lat="52.70826361142099" lon="6.013083541765809">
        <ele>-12.199999809265137</ele>
      </trkpt>
      <trkpt lat="52.70825137384236" lon="6.013057976961136">
        <ele>-12.199999809265137</ele>
      </trkpt>
      <trkpt lat="52.70823888480663" lon="6.013031993061304">
        <ele>-12.199999809265137</ele>
      </trkpt>
      <trkpt lat="52.70822488702834" lon="6.013006009161472">
        <ele>-12.399999618530273</ele>
      </trkpt>
      <trkpt lat="52.7082129009068" lon="6.012980444356799">
        <ele>-12.600000381469727</ele>
      </trkpt>
      <trkpt lat="52.70819948986173" lon="6.012952197343111">
        <ele>-12.600000381469727</ele>
      </trkpt>
      <trkpt lat="52.70818985067308" lon="6.0129293985664845">
        <ele>-12.800000190734863</ele>
      </trkpt>
      <trkpt lat="52.70817819982767" lon="6.012903247028589">
        <ele>-12.800000190734863</ele>
      </trkpt>
      <trkpt lat="52.70816755481064" lon="6.012881034985185">
        <ele>-12.800000190734863</ele>
      </trkpt>
      <trkpt lat="52.708155484870076" lon="6.012854212895036">
        <ele>-12.800000190734863</ele>
      </trkpt>
      <trkpt lat="52.70814450457692" lon="6.01283049210906">
        <ele>-12.800000190734863</ele>
      </trkpt>
      <trkpt lat="52.70813268609345" lon="6.012804256752133">
        <ele>-12.600000381469727</ele>
      </trkpt>
      <trkpt lat="52.70812204107642" lon="6.012780535966158">
        <ele>-12.800000190734863</ele>
      </trkpt>
      <trkpt lat="52.708109971135855" lon="6.012754384428263">
        <ele>-12.800000190734863</ele>
      </trkpt>
      <trkpt lat="52.70809882320464" lon="6.012727813795209">
        <ele>-12.800000190734863</ele>
      </trkpt>
      <trkpt lat="52.70808767527342" lon="6.012700656428933">
        <ele>-12.800000190734863</ele>
      </trkpt>
      <trkpt lat="52.70807619206607" lon="6.012675175443292">
        <ele>-12.800000190734863</ele>
      </trkpt>
      <trkpt lat="52.70806328393519" lon="6.012649107724428">
        <ele>-12.800000190734863</ele>
      </trkpt>
      <trkpt lat="52.7080506272614" lon="6.012623040005565">
        <ele>-12.800000190734863</ele>
      </trkpt>
      <trkpt lat="52.708039144054055" lon="6.0125974752008915">
        <ele>-12.800000190734863</ele>
      </trkpt>
      <trkpt lat="52.708028834313154" lon="6.01257199421525">
        <ele>-12.800000190734863</ele>
      </trkpt>
      <trkpt lat="52.708016177639365" lon="6.012546848505735">
        <ele>-12.800000190734863</ele>
      </trkpt>
      <trkpt lat="52.70800419151783" lon="6.012524049729109">
        <ele>-12.800000190734863</ele>
      </trkpt>
      <trkpt lat="52.707991283386946" lon="6.012501586228609">
        <ele>-13.0</ele>
      </trkpt>
      <trkpt lat="52.70797837525606" lon="6.012477530166507">
        <ele>-12.800000190734863</ele>
      </trkpt>
      <trkpt lat="52.70796504803002" lon="6.012455737218261">
        <ele>-13.0</ele>
      </trkpt>
      <trkpt lat="52.70795306190848" lon="6.012430004775524">
        <ele>-12.800000190734863</ele>
      </trkpt>
      <trkpt lat="52.70794258452952" lon="6.012408044189215">
        <ele>-13.0</ele>
      </trkpt>
      <trkpt lat="52.70792908966541" lon="6.012383904308081">
        <ele>-13.0</ele>
      </trkpt>
      <trkpt lat="52.70791685208678" lon="6.012361943721771">
        <ele>-13.199999809265137</ele>
      </trkpt>
      <trkpt lat="52.70790293812752" lon="6.012339564040303">
        <ele>-13.0</ele>
      </trkpt>
      <trkpt lat="52.70789036527276" lon="6.012316597625613">
        <ele>-13.199999809265137</ele>
      </trkpt>
      <trkpt lat="52.70787611603737" lon="6.0122929606586695">
        <ele>-13.0</ele>
      </trkpt>
      <trkpt lat="52.70786337554455" lon="6.012269575148821">
        <ele>-13.0</ele>
      </trkpt>
      <trkpt lat="52.7078502997756" lon="6.01224560290575">
        <ele>-13.0</ele>
      </trkpt>
      <trkpt lat="52.707837307825685" lon="6.012225821614265">
        <ele>-13.0</ele>
      </trkpt>
      <trkpt lat="52.70782372914255" lon="6.012205453589559">
        <ele>-13.0</ele>
      </trkpt>
      <trkpt lat="52.70781174302101" lon="6.012183493003249">
        <ele>-13.0</ele>
      </trkpt>
      <trkpt lat="52.70779992453754" lon="6.01215859875083">
        <ele>-12.800000190734863</ele>
      </trkpt>
      <trkpt lat="52.70778860896826" lon="6.012136386707425">
        <ele>-12.800000190734863</ele>
      </trkpt>
      <trkpt lat="52.70777519792318" lon="6.012113085016608">
        <ele>-12.600000381469727</ele>
      </trkpt>
      <trkpt lat="52.70776296034455" lon="6.012090370059013">
        <ele>-12.399999618530273</ele>
      </trkpt>
      <trkpt lat="52.70775021985173" lon="6.012065559625626">
        <ele>-12.199999809265137</ele>
      </trkpt>
      <trkpt lat="52.70773806609213" lon="6.012042593210936">
        <ele>-12.199999809265137</ele>
      </trkpt>
      <trkpt lat="52.70772406831384" lon="6.012017196044326">
        <ele>-12.199999809265137</ele>
      </trkpt>
      <trkpt lat="52.70771292038262" lon="6.011992050334811">
        <ele>-12.199999809265137</ele>
      </trkpt>
      <trkpt lat="52.707700012251735" lon="6.011966904625297">
        <ele>-12.199999809265137</ele>
      </trkpt>
      <trkpt lat="52.707688277587295" lon="6.011943519115448">
        <ele>-12.399999618530273</ele>
      </trkpt>
      <trkpt lat="52.70767528563738" lon="6.01191820576787">
        <ele>-12.600000381469727</ele>
      </trkpt>
      <trkpt lat="52.707663718611" lon="6.011896915733814">
        <ele>-12.800000190734863</ele>
      </trkpt>
      <trkpt lat="52.70764863118529" lon="6.011871937662363">
        <ele>-12.800000190734863</ele>
      </trkpt>
      <trkpt lat="52.70763664506376" lon="6.011850228533149">
        <ele>-12.800000190734863</ele>
      </trkpt>
      <trkpt lat="52.70762256346643" lon="6.011828267946839">
        <ele>-12.800000190734863</ele>
      </trkpt>
      <trkpt lat="52.70760839805007" lon="6.011808821931481">
        <ele>-12.800000190734863</ele>
      </trkpt>
      <trkpt lat="52.70759364590049" lon="6.0117872804403305">
        <ele>-12.800000190734863</ele>
      </trkpt>
      <trkpt lat="52.70757956430316" lon="6.0117690078914165">
        <ele>-12.800000190734863</ele>
      </trkpt>
      <trkpt lat="52.70756573416293" lon="6.01174964569509">
        <ele>-12.800000190734863</ele>
      </trkpt>
      <trkpt lat="52.70755265839398" lon="6.011729780584574">
        <ele>-12.800000190734863</ele>
      </trkpt>
      <trkpt lat="52.707539498806" lon="6.011708406731486">
        <ele>-12.800000190734863</ele>
      </trkpt>
      <trkpt lat="52.70752583630383" lon="6.011689128354192">
        <ele>-12.800000190734863</ele>
      </trkpt>
      <trkpt lat="52.7075117547065" lon="6.011667586863041">
        <ele>-12.800000190734863</ele>
      </trkpt>
      <trkpt lat="52.70749758929014" lon="6.011645877733827">
        <ele>-12.800000190734863</ele>
      </trkpt>
      <trkpt lat="52.707483088597655" lon="6.011624587699771">
        <ele>-13.0</ele>
      </trkpt>
      <trkpt lat="52.70746909081936" lon="6.011604219675064">
        <ele>-13.199999809265137</ele>
      </trkpt>
      <trkpt lat="52.707453751936555" lon="6.011584019288421">
        <ele>-13.199999809265137</ele>
      </trkpt>
      <trkpt lat="52.707439167425036" lon="6.01156541146338">
        <ele>-13.199999809265137</ele>
      </trkpt>
      <trkpt lat="52.707423996180296" lon="6.011546636000276">
        <ele>-13.199999809265137</ele>
      </trkpt>
      <trkpt lat="52.707408322021365" lon="6.01152878254652">
        <ele>-13.199999809265137</ele>
      </trkpt>
      <trkpt lat="52.70739356987178" lon="6.011508330702782">
        <ele>-13.199999809265137</ele>
      </trkpt>
      <trkpt lat="52.70737957209349" lon="6.011489890515804">
        <ele>-13.199999809265137</ele>
      </trkpt>
      <trkpt lat="52.70736456848681" lon="6.011473378166556">
        <ele>-13.199999809265137</ele>
      </trkpt>
      <trkpt lat="52.707349229604006" lon="6.011455440893769">
        <ele>-13.199999809265137</ele>
      </trkpt>
      <trkpt lat="52.70733464509249" lon="6.011437755078077">
        <ele>-13.199999809265137</ele>
      </trkpt>
      <trkpt lat="52.70732022821903" lon="6.011421661823988">
        <ele>-13.0</ele>
      </trkpt>
      <trkpt lat="52.70730514079332" lon="6.011406155303121">
        <ele>-13.0</ele>
      </trkpt>
      <trkpt lat="52.70728996954858" lon="6.0113899782299995">
        <ele>-13.0</ele>
      </trkpt>
      <trkpt lat="52.70727504976094" lon="6.011373046785593">
        <ele>-13.0</ele>
      </trkpt>
      <trkpt lat="52.70726054906845" lon="6.011355444788933">
        <ele>-13.0</ele>
      </trkpt>
      <trkpt lat="52.70724470727146" lon="6.01133868098259">
        <ele>-13.199999809265137</ele>
      </trkpt>
      <trkpt lat="52.70722936838865" lon="6.011320659890771">
        <ele>-13.199999809265137</ele>
      </trkpt>
      <trkpt lat="52.70721252076328" lon="6.0113033931702375">
        <ele>-13.199999809265137</ele>
      </trkpt>
      <trkpt lat="52.7071975171566" lon="6.011286713182926">
        <ele>-13.199999809265137</ele>
      </trkpt>
      <trkpt lat="52.707180669531226" lon="6.011269614100456">
        <ele>-13.199999809265137</ele>
      </trkpt>
      <trkpt lat="52.70716457627714" lon="6.011252347379923">
        <ele>-13.199999809265137</ele>
      </trkpt>
      <trkpt lat="52.70714798010886" lon="6.011234410107136">
        <ele>-13.199999809265137</ele>
      </trkpt>
      <trkpt lat="52.707132222130895" lon="6.011217227205634">
        <ele>-13.199999809265137</ele>
      </trkpt>
      <trkpt lat="52.707115625962615" lon="6.0111994575709105">
        <ele>-13.199999809265137</ele>
      </trkpt>
      <trkpt lat="52.70709961652756" lon="6.011180514469743">
        <ele>-13.0</ele>
      </trkpt>
      <trkpt lat="52.70708260126412" lon="6.011162577196956">
        <ele>-12.800000190734863</ele>
      </trkpt>
      <trkpt lat="52.70706592127681" lon="6.011143634095788">
        <ele>-12.800000190734863</ele>
      </trkpt>
      <trkpt lat="52.707047732546926" lon="6.011126535013318">
        <ele>-12.800000190734863</ele>
      </trkpt>
      <trkpt lat="52.70703096874058" lon="6.0111078433692455">
        <ele>-12.800000190734863</ele>
      </trkpt>
      <trkpt lat="52.70701336674392" lon="6.011088816449046">
        <ele>-12.800000190734863</ele>
      </trkpt>
      <trkpt lat="52.70699769258499" lon="6.011070040985942">
        <ele>-12.800000190734863</ele>
      </trkpt>
      <trkpt lat="52.706981264054775" lon="6.011051768437028">
        <ele>-12.800000190734863</ele>
      </trkpt>
      <trkpt lat="52.70696642808616" lon="6.011032406240702">
        <ele>-13.0</ele>
      </trkpt>
      <trkpt lat="52.70695159211755" lon="6.011014049872756">
        <ele>-13.0</ele>
      </trkpt>
      <trkpt lat="52.70693818107247" lon="6.010993514209986">
        <ele>-13.199999809265137</ele>
      </trkpt>
      <trkpt lat="52.706922674551606" lon="6.010976247489452">
        <ele>-13.399999618530273</ele>
      </trkpt>
      <trkpt lat="52.70690775476396" lon="6.010956550016999">
        <ele>-13.800000190734863</ele>
      </trkpt>
      <trkpt lat="52.70689300261438" lon="6.010937439277768">
        <ele>-13.199999809265137</ele>
      </trkpt>
      <trkpt lat="52.7068798430264" lon="6.010915897786617">
        <ele>-13.199999809265137</ele>
      </trkpt>
      <trkpt lat="52.70686618052423" lon="6.010895194485784">
        <ele>-13.199999809265137</ele>
      </trkpt>
      <trkpt lat="52.706853775307536" lon="6.010873485356569">
        <ele>-13.199999809265137</ele>
      </trkpt>
      <trkpt lat="52.70684304647148" lon="6.010851860046387">
        <ele>-13.199999809265137</ele>
      </trkpt>
      <trkpt lat="52.70683382637799" lon="6.010828809812665">
        <ele>-13.199999809265137</ele>
      </trkpt>
      <trkpt lat="52.706824941560626" lon="6.010804167017341">
        <ele>-13.199999809265137</ele>
      </trkpt>
      <trkpt lat="52.70681547001004" lon="6.010779021307826">
        <ele>-13.0</ele>
      </trkpt>
      <trkpt lat="52.70680641755462" lon="6.010755049064755">
        <ele>-13.0</ele>
      </trkpt>
      <trkpt lat="52.70679744891822" lon="6.010728478431702">
        <ele>-13.0</ele>
      </trkpt>
      <trkpt lat="52.706790156662464" lon="6.0107017401605844">
        <ele>-13.0</ele>
      </trkpt>
      <trkpt lat="52.706780936568975" lon="6.010675085708499">
        <ele>-12.800000190734863</ele>
      </trkpt>
      <trkpt lat="52.70677330903709" lon="6.010646838694811">
        <ele>-12.800000190734863</ele>
      </trkpt>
      <trkpt lat="52.70676459185779" lon="6.0106186755001545">
        <ele>-12.800000190734863</ele>
      </trkpt>
      <trkpt lat="52.70675637759268" lon="6.010590260848403">
        <ele>-12.800000190734863</ele>
      </trkpt>
      <trkpt lat="52.70674799568951" lon="6.010562097653747">
        <ele>-13.0</ele>
      </trkpt>
      <trkpt lat="52.70673994906247" lon="6.010534102097154">
        <ele>-13.199999809265137</ele>
      </trkpt>
      <trkpt lat="52.7067313157022" lon="6.010506357997656">
        <ele>-13.199999809265137</ele>
      </trkpt>
      <trkpt lat="52.70672318525612" lon="6.010478865355253">
        <ele>-13.199999809265137</ele>
      </trkpt>
      <trkpt lat="52.70671438425779" lon="6.010451791808009">
        <ele>-13.399999618530273</ele>
      </trkpt>
      <trkpt lat="52.70670575089753" lon="6.0104242991656065">
        <ele>-13.600000381469727</ele>
      </trkpt>
      <trkpt lat="52.706698291003704" lon="6.010396052151918">
        <ele>-13.800000190734863</ele>
      </trkpt>
      <trkpt lat="52.706690998747945" lon="6.0103680565953255">
        <ele>-13.800000190734863</ele>
      </trkpt>
      <trkpt lat="52.7066829521209" lon="6.0103418212383986">
        <ele>-13.600000381469727</ele>
      </trkpt>
      <trkpt lat="52.70667524076998" lon="6.01031600497663">
        <ele>-13.399999618530273</ele>
      </trkpt>
      <trkpt lat="52.70666677504778" lon="6.01028909906745">
        <ele>-13.600000381469727</ele>
      </trkpt>
      <trkpt lat="52.706659315153956" lon="6.010260935872793">
        <ele>-13.399999618530273</ele>
      </trkpt>
      <trkpt lat="52.70665034651756" lon="6.010233359411359">
        <ele>-13.399999618530273</ele>
      </trkpt>
      <trkpt lat="52.706641629338264" lon="6.0102063696831465">
        <ele>-13.199999809265137</ele>
      </trkpt>
      <trkpt lat="52.706630481407046" lon="6.010180218145251">
        <ele>-13.199999809265137</ele>
      </trkpt>
      <trkpt lat="52.70661933347583" lon="6.010153898969293">
        <ele>-13.199999809265137</ele>
      </trkpt>
      <trkpt lat="52.70660776644945" lon="6.010127831250429">
        <ele>-13.199999809265137</ele>
      </trkpt>
      <trkpt lat="52.70659703761339" lon="6.010101763531566">
        <ele>-13.199999809265137</ele>
      </trkpt>
      <trkpt lat="52.70658538676798" lon="6.010076869279146">
        <ele>-13.199999809265137</ele>
      </trkpt>
      <trkpt lat="52.70657482556999" lon="6.010054908692837">
        <ele>-13.199999809265137</ele>
      </trkpt>
      <trkpt lat="52.70656174980104" lon="6.01003210991621">
        <ele>-13.0</ele>
      </trkpt>
      <trkpt lat="52.70654867403209" lon="6.010009311139584">
        <ele>-13.0</ele>
      </trkpt>
      <trkpt lat="52.706534676253796" lon="6.009987266734242">
        <ele>-13.0</ele>
      </trkpt>
      <trkpt lat="52.70652201958001" lon="6.009965809062123">
        <ele>-13.0</ele>
      </trkpt>
      <trkpt lat="52.7065085247159" lon="6.009944602847099">
        <ele>-13.0</ele>
      </trkpt>
      <trkpt lat="52.706495616585016" lon="6.00992507301271">
        <ele>-12.800000190734863</ele>
      </trkpt>
      <trkpt lat="52.70648170262575" lon="6.009904704988003">
        <ele>-13.0</ele>
      </trkpt>
      <trkpt lat="52.70646804012358" lon="6.00988551042974">
        <ele>-13.199999809265137</ele>
      </trkpt>
      <trkpt lat="52.706452533602715" lon="6.009868327528238">
        <ele>-13.199999809265137</ele>
      </trkpt>
      <trkpt lat="52.70643778145313" lon="6.009851228445768">
        <ele>-13.199999809265137</ele>
      </trkpt>
      <trkpt lat="52.70642302930355" lon="6.009831530973315">
        <ele>-13.199999809265137</ele>
      </trkpt>
      <trkpt lat="52.706408528611064" lon="6.009813342243433">
        <ele>-13.0</ele>
      </trkpt>
      <trkpt lat="52.706391932442784" lon="6.009796913713217">
        <ele>-13.0</ele>
      </trkpt>
      <trkpt lat="52.70637709647417" lon="6.009779144078493">
        <ele>-13.0</ele>
      </trkpt>
      <trkpt lat="52.70636175759137" lon="6.009761542081833">
        <ele>-12.800000190734863</ele>
      </trkpt>
      <trkpt lat="52.70634641870856" lon="6.009744107723236">
        <ele>-12.800000190734863</ele>
      </trkpt>
      <trkpt lat="52.70633200183511" lon="6.009726505726576">
        <ele>-12.800000190734863</ele>
      </trkpt>
      <trkpt lat="52.706317752599716" lon="6.009708987548947">
        <ele>-12.800000190734863</ele>
      </trkpt>
      <trkpt lat="52.70630283281207" lon="6.009692307561636">
        <ele>-13.0</ele>
      </trkpt>
      <trkpt lat="52.70628824830055" lon="6.0096747893840075">
        <ele>-13.0</ele>
      </trkpt>
      <trkpt lat="52.70627307705581" lon="6.009654924273491">
        <ele>-13.0</ele>
      </trkpt>
      <trkpt lat="52.70625933073461" lon="6.00963631644845">
        <ele>-13.0</ele>
      </trkpt>
      <trkpt lat="52.706245835870504" lon="6.009617708623409">
        <ele>-13.199999809265137</ele>
      </trkpt>
      <trkpt lat="52.70623292773962" lon="6.009599016979337">
        <ele>-13.199999809265137</ele>
      </trkpt>
      <trkpt lat="52.706219013780355" lon="6.009579822421074">
        <ele>-13.199999809265137</ele>
      </trkpt>
      <trkpt lat="52.70620560273528" lon="6.00956154987216">
        <ele>-13.199999809265137</ele>
      </trkpt>
      <trkpt lat="52.70619152113795" lon="6.009542606770992">
        <ele>-13.199999809265137</ele>
      </trkpt>
      <trkpt lat="52.70617785863578" lon="6.009523496031761">
        <ele>-13.199999809265137</ele>
      </trkpt>
      <trkpt lat="52.70616444759071" lon="6.009504217654467">
        <ele>-13.199999809265137</ele>
      </trkpt>
      <trkpt lat="52.706151120364666" lon="6.009484771639109">
        <ele>-13.399999618530273</ele>
      </trkpt>
      <trkpt lat="52.70613670349121" lon="6.009465744718909">
        <ele>-13.399999618530273</ele>
      </trkpt>
      <trkpt lat="52.70612245425582" lon="6.009444370865822">
        <ele>-13.399999618530273</ele>
      </trkpt>
      <trkpt lat="52.706109546124935" lon="6.0094203148037195">
        <ele>-13.399999618530273</ele>
      </trkpt>
      <trkpt lat="52.70609856583178" lon="6.0093996953219175">
        <ele>-13.399999618530273</ele>
      </trkpt>
      <trkpt lat="52.706088507547975" lon="6.009379494935274">
        <ele>-13.399999618530273</ele>
      </trkpt>
      <trkpt lat="52.706077359616756" lon="6.009363066405058">
        <ele>-13.399999618530273</ele>
      </trkpt>
      <trkpt lat="52.706068558618426" lon="6.009341944009066">
        <ele>-13.199999809265137</ele>
      </trkpt>
      <trkpt lat="52.706060679629445" lon="6.009323671460152">
        <ele>-13.199999809265137</ele>
      </trkpt>
      <trkpt lat="52.70605020225048" lon="6.009302465245128">
        <ele>-13.199999809265137</ele>
      </trkpt>
      <trkpt lat="52.70603955723345" lon="6.009282935410738">
        <ele>-13.199999809265137</ele>
      </trkpt>
      <trkpt lat="52.70602706819773" lon="6.009261142462492">
        <ele>-13.199999809265137</ele>
      </trkpt>
      <trkpt lat="52.70601449534297" lon="6.0092400200665">
        <ele>-13.199999809265137</ele>
      </trkpt>
      <trkpt lat="52.70600125193596" lon="6.009217640385032">
        <ele>-13.199999809265137</ele>
      </trkpt>
      <trkpt lat="52.705989265814424" lon="6.009198948740959">
        <ele>-13.199999809265137</ele>
      </trkpt>
      <trkpt lat="52.70597778260708" lon="6.009178329259157">
        <ele>-13.199999809265137</ele>
      </trkpt>
      <trkpt lat="52.70596663467586" lon="6.009156284853816">
        <ele>-13.399999618530273</ele>
      </trkpt>
      <trkpt lat="52.705954648554325" lon="6.00913398899138">
        <ele>-13.199999809265137</ele>
      </trkpt>
      <trkpt lat="52.70594207569957" lon="6.009112531319261">
        <ele>-13.0</ele>
      </trkpt>
      <trkpt lat="52.705929251387715" lon="6.009089648723602">
        <ele>-13.199999809265137</ele>
      </trkpt>
      <trkpt lat="52.705916594713926" lon="6.009068945422769">
        <ele>-12.800000190734863</ele>
      </trkpt>
      <trkpt lat="52.705904860049486" lon="6.009045476093888">
        <ele>-12.800000190734863</ele>
      </trkpt>
      <trkpt lat="52.70589396357536" lon="6.009024102240801">
        <ele>-13.0</ele>
      </trkpt>
      <trkpt lat="52.70588298328221" lon="6.009002141654491">
        <ele>-13.0</ele>
      </trkpt>
      <trkpt lat="52.70587099716067" lon="6.008979510515928">
        <ele>-13.199999809265137</ele>
      </trkpt>
      <trkpt lat="52.70585909485817" lon="6.008962411433458">
        <ele>-13.199999809265137</ele>
      </trkpt>
      <trkpt lat="52.70584434270859" lon="6.008944557979703">
        <ele>-13.199999809265137</ele>
      </trkpt>
      <trkpt lat="52.70583135075867" lon="6.008925447240472">
        <ele>-13.199999809265137</ele>
      </trkpt>
      <trkpt lat="52.70581852644682" lon="6.008907090872526">
        <ele>-13.199999809265137</ele>
      </trkpt>
      <trkpt lat="52.70580377429724" lon="6.008890243247151">
        <ele>-13.199999809265137</ele>
      </trkpt>
      <trkpt lat="52.705787094309926" lon="6.008874233812094">
        <ele>-13.199999809265137</ele>
      </trkpt>
      <trkpt lat="52.705774772912264" lon="6.008859146386385">
        <ele>-13.0</ele>
      </trkpt>
      <trkpt lat="52.70575960166752" lon="6.008843304589391">
        <ele>-13.199999809265137</ele>
      </trkpt>
      <trkpt lat="52.70574535243213" lon="6.008829222992063">
        <ele>-13.199999809265137</ele>
      </trkpt>
      <trkpt lat="52.70572716370225" lon="6.0088134650141">
        <ele>-13.0</ele>
      </trkpt>
      <trkpt lat="52.70571257919073" lon="6.008798880502582">
        <ele>-12.800000190734863</ele>
      </trkpt>
      <trkpt lat="52.7056969050318" lon="6.008784966543317">
        <ele>-12.600000381469727</ele>
      </trkpt>
      <trkpt lat="52.70568223670125" lon="6.008770130574703">
        <ele>-12.600000381469727</ele>
      </trkpt>
      <trkpt lat="52.7056659758091" lon="6.008757809177041">
        <ele>-12.600000381469727</ele>
      </trkpt>
      <trkpt lat="52.70565155893564" lon="6.00874456577003">
        <ele>-12.600000381469727</ele>
      </trkpt>
      <trkpt lat="52.70563580095768" lon="6.008733250200748">
        <ele>-12.600000381469727</ele>
      </trkpt>
      <trkpt lat="52.70562113262713" lon="6.008720425888896">
        <ele>-12.800000190734863</ele>
      </trkpt>
      <trkpt lat="52.705605290830135" lon="6.008709613233805">
        <ele>-12.800000190734863</ele>
      </trkpt>
      <trkpt lat="52.705589700490236" lon="6.008698968216777">
        <ele>-12.800000190734863</ele>
      </trkpt>
      <trkpt lat="52.70557226613164" lon="6.008689161390066">
        <ele>-12.800000190734863</ele>
      </trkpt>
      <trkpt lat="52.705554496496916" lon="6.008680276572704">
        <ele>-12.800000190734863</ele>
      </trkpt>
      <trkpt lat="52.70553714595735" lon="6.00867323577404">
        <ele>-13.0</ele>
      </trkpt>
      <trkpt lat="52.7055190410465" lon="6.008665692061186">
        <ele>-13.0</ele>
      </trkpt>
      <trkpt lat="52.705505127087235" lon="6.008657310158014">
        <ele>-13.199999809265137</ele>
      </trkpt>
      <trkpt lat="52.7054878603667" lon="6.008652783930302">
        <ele>-13.199999809265137</ele>
      </trkpt>
      <trkpt lat="52.70547210238874" lon="6.008647419512272">
        <ele>-13.399999618530273</ele>
      </trkpt>
      <trkpt lat="52.70545450039208" lon="6.008642641827464">
        <ele>-13.199999809265137</ele>
      </trkpt>
      <trkpt lat="52.705439077690244" lon="6.008637025952339">
        <ele>-13.199999809265137</ele>
      </trkpt>
      <trkpt lat="52.70542407408357" lon="6.008629817515612">
        <ele>-13.199999809265137</ele>
      </trkpt>
      <trkpt lat="52.705409321933985" lon="6.008622357621789">
        <ele>-13.199999809265137</ele>
      </trkpt>
      <trkpt lat="52.7053964138031" lon="6.008615987375379">
        <ele>-13.199999809265137</ele>
      </trkpt>
      <trkpt lat="52.705383002758026" lon="6.008609700948">
        <ele>-13.399999618530273</ele>
      </trkpt>
      <trkpt lat="52.705371184274554" lon="6.008606934919953">
        <ele>-13.399999618530273</ele>
      </trkpt>
      <trkpt lat="52.705360036343336" lon="6.008603163063526">
        <ele>-13.600000381469727</ele>
      </trkpt>
      <trkpt lat="52.70534754730761" lon="6.008598553016782">
        <ele>-13.600000381469727</ele>
      </trkpt>
      <trkpt lat="52.70533581264317" lon="6.008594110608101">
        <ele>-13.600000381469727</ele>
      </trkpt>
      <trkpt lat="52.705324748530984" lon="6.008589584380388">
        <ele>-13.600000381469727</ele>
      </trkpt>
      <trkpt lat="52.70531519316137" lon="6.008585141971707">
        <ele>-13.600000381469727</ele>
      </trkpt>
      <trkpt lat="52.7053068112582" lon="6.008580029010773">
        <ele>-13.399999618530273</ele>
      </trkpt>
      <trkpt lat="52.705297423526645" lon="6.00857600569725">
        <ele>-13.399999618530273</ele>
      </trkpt>
      <trkpt lat="52.70528895780444" lon="6.00857206620276">
        <ele>-13.199999809265137</ele>
      </trkpt>
      <trkpt lat="52.705282755196095" lon="6.008570892736316">
        <ele>-13.199999809265137</ele>
      </trkpt>
      <trkpt lat="52.705277474597096" lon="6.008570222184062">
        <ele>-13.0</ele>
      </trkpt>
      <trkpt lat="52.70527286455035" lon="6.008571647107601">
        <ele>-13.0</ele>
      </trkpt>
      <trkpt lat="52.70527026616037" lon="6.008573155850172">
        <ele>-13.0</ele>
      </trkpt>
      <trkpt lat="52.70526724867523" lon="6.008574748411775">
        <ele>-12.600000381469727</ele>
      </trkpt>
      <trkpt lat="52.705265153199434" lon="6.008572317659855">
        <ele>-12.600000381469727</ele>
      </trkpt>
      <trkpt lat="52.70526540465653" lon="6.008569803088903">
        <ele>-12.600000381469727</ele>
      </trkpt>
      <trkpt lat="52.705265656113625" lon="6.008567456156015">
        <ele>-12.600000381469727</ele>
      </trkpt>
      <trkpt lat="52.705263728275895" lon="6.008559074252844">
        <ele>-12.600000381469727</ele>
      </trkpt>
      <trkpt lat="52.70526448264718" lon="6.008550776168704">
        <ele>-12.600000381469727</ele>
      </trkpt>
      <trkpt lat="52.70526724867523" lon="6.008542478084564">
        <ele>-12.600000381469727</ele>
      </trkpt>
      <trkpt lat="52.70526926033199" lon="6.008539041504264">
        <ele>-12.600000381469727</ele>
      </trkpt>
      <trkpt lat="52.70527118816972" lon="6.0085354372859">
        <ele>-13.0</ele>
      </trkpt>
      <trkpt lat="52.705268170684576" lon="6.008531916886568">
        <ele>-13.199999809265137</ele>
      </trkpt>
      <trkpt lat="52.70526498556137" lon="6.008530743420124">
        <ele>-13.399999618530273</ele>
      </trkpt>
      <trkpt lat="52.70526397973299" lon="6.008529905229807">
        <ele>-13.399999618530273</ele>
      </trkpt>
      <trkpt lat="52.70526255480945" lon="6.008528145030141">
        <ele>-13.199999809265137</ele>
      </trkpt>
      <trkpt lat="52.7052600402385" lon="6.008527306839824">
        <ele>-13.199999809265137</ele>
      </trkpt>
      <trkpt lat="52.70525752566755" lon="6.008526217192411">
        <ele>-13.199999809265137</ele>
      </trkpt>
      <trkpt lat="52.70525559782982" lon="6.008522696793079">
        <ele>-13.0</ele>
      </trkpt>
      <trkpt lat="52.70525366999209" lon="6.008518086746335">
        <ele>-13.199999809265137</ele>
      </trkpt>
      <trkpt lat="52.705251993611455" lon="6.008514063432813">
        <ele>-13.199999809265137</ele>
      </trkpt>
      <trkpt lat="52.70524872466922" lon="6.00851247087121">
        <ele>-13.199999809265137</ele>
      </trkpt>
      <trkpt lat="52.70524478517473" lon="6.0085120517760515">
        <ele>-13.199999809265137</ele>
      </trkpt>
      <trkpt lat="52.70524327643216" lon="6.00851004011929">
        <ele>-13.199999809265137</ele>
      </trkpt>
      <trkpt lat="52.70524201914668" lon="6.008508112281561">
        <ele>-13.199999809265137</ele>
      </trkpt>
      <trkpt lat="52.70523992367089" lon="6.008508196100593">
        <ele>-13.399999618530273</ele>
      </trkpt>
      <trkpt lat="52.70523807965219" lon="6.008507860824466">
        <ele>-13.399999618530273</ele>
      </trkpt>
      <trkpt lat="52.70523707382381" lon="6.0085067711770535">
        <ele>-13.399999618530273</ele>
      </trkpt>
      <trkpt lat="52.7052359841764" lon="6.008503083139658">
        <ele>-13.399999618530273</ele>
      </trkpt>
      <trkpt lat="52.705235313624144" lon="6.008501993492246">
        <ele>-13.600000381469727</ele>
      </trkpt>
      <trkpt lat="52.70523481070995" lon="6.008501825854182">
        <ele>-13.600000381469727</ele>
      </trkpt>
      <trkpt lat="52.70523464307189" lon="6.008502161130309">
        <ele>-13.600000381469727</ele>
      </trkpt>
      <trkpt lat="52.705234391614795" lon="6.008501909673214">
        <ele>-13.399999618530273</ele>
      </trkpt>
      <trkpt lat="52.705233972519636" lon="6.008501071482897">
        <ele>-13.399999618530273</ele>
      </trkpt>
      <trkpt lat="52.70523372106254" lon="6.008500652387738">
        <ele>-13.399999618530273</ele>
      </trkpt>
      <trkpt lat="52.70523355342448" lon="6.008500484749675">
        <ele>-13.399999618530273</ele>
      </trkpt>
      <trkpt lat="52.705233385786414" lon="6.0085005685687065">
        <ele>-13.399999618530273</ele>
      </trkpt>
      <trkpt lat="52.705233469605446" lon="6.008499814197421">
        <ele>-13.399999618530273</ele>
      </trkpt>
      <trkpt lat="52.705232882872224" lon="6.008498724550009">
        <ele>-13.399999618530273</ele>
      </trkpt>
      <trkpt lat="52.705232463777065" lon="6.0084988083690405">
        <ele>-13.399999618530273</ele>
      </trkpt>
      <trkpt lat="52.705232463777065" lon="6.008498976007104">
        <ele>-13.399999618530273</ele>
      </trkpt>
      <trkpt lat="52.70523221231997" lon="6.008498724550009">
        <ele>-13.399999618530273</ele>
      </trkpt>
      <trkpt lat="52.70523204468191" lon="6.0084982216358185">
        <ele>-13.399999618530273</ele>
      </trkpt>
      <trkpt lat="52.70523212850094" lon="6.008497970178723">
        <ele>-13.399999618530273</ele>
      </trkpt>
      <trkpt lat="52.705232296139" lon="6.008497886359692">
        <ele>-13.399999618530273</ele>
      </trkpt>
      <trkpt lat="52.70523204468191" lon="6.008497467264533">
        <ele>-13.399999618530273</ele>
      </trkpt>
      <trkpt lat="52.70523129031062" lon="6.008497551083565">
        <ele>-13.399999618530273</ele>
      </trkpt>
      <trkpt lat="52.70522978156805" lon="6.0084988083690405">
        <ele>-13.600000381469727</ele>
      </trkpt>
      <trkpt lat="52.70522450096905" lon="6.0084982216358185">
        <ele>-13.399999618530273</ele>
      </trkpt>
      <trkpt lat="52.705215280875564" lon="6.008494785055518">
        <ele>-13.399999618530273</ele>
      </trkpt>
      <trkpt lat="52.70520840771496" lon="6.008493192493916">
        <ele>-13.399999618530273</ele>
      </trkpt>
      <trkpt lat="52.70519650541246" lon="6.008492270484567">
        <ele>-13.399999618530273</ele>
      </trkpt>
      <trkpt lat="52.705183597281575" lon="6.008488414809108">
        <ele>-13.399999618530273</ele>
      </trkpt>
      <trkpt lat="52.705158116295934" lon="6.008482882753015">
        <ele>-13.399999618530273</ele>
      </trkpt>
      <trkpt lat="52.705158116295934" lon="6.008482882753015">
        <ele>-13.399999618530273</ele>
      </trkpt>
      <trkpt lat="52.70514621399343" lon="6.0084752552211285">
        <ele>-13.399999618530273</ele>
      </trkpt>
      <trkpt lat="52.70512970164418" lon="6.008469304069877">
        <ele>-13.199999809265137</ele>
      </trkpt>
      <trkpt lat="52.70511444658041" lon="6.0084611736238">
        <ele>-13.199999809265137</ele>
      </trkpt>
      <trkpt lat="52.70509525202215" lon="6.008457653224468">
        <ele>-13.199999809265137</ele>
      </trkpt>
      <trkpt lat="52.70507773384452" lon="6.008451199159026">
        <ele>-13.199999809265137</ele>
      </trkpt>
      <trkpt lat="52.70505879074335" lon="6.008444661274552">
        <ele>-13.199999809265137</ele>
      </trkpt>
      <trkpt lat="52.70504110492766" lon="6.00843820720911">
        <ele>-13.199999809265137</ele>
      </trkpt>
      <trkpt lat="52.70502258092165" lon="6.008432926610112">
        <ele>-13.399999618530273</ele>
      </trkpt>
      <trkpt lat="52.70500363782048" lon="6.008429070934653">
        <ele>-13.399999618530273</ele>
      </trkpt>
      <trkpt lat="52.704984191805124" lon="6.00842697545886">
        <ele>-13.399999618530273</ele>
      </trkpt>
      <trkpt lat="52.704965164884925" lon="6.0084231197834015">
        <ele>-13.600000381469727</ele>
      </trkpt>
      <trkpt lat="52.70494722761214" lon="6.008417252451181">
        <ele>-13.800000190734863</ele>
      </trkpt>
      <trkpt lat="52.70492929033935" lon="6.008408116176724">
        <ele>-13.800000190734863</ele>
      </trkpt>
      <trkpt lat="52.704911436885595" lon="6.008400321006775">
        <ele>-13.600000381469727</ele>
      </trkpt>
      <trkpt lat="52.704895846545696" lon="6.008399734273553">
        <ele>-13.800000190734863</ele>
      </trkpt>
      <trkpt lat="52.70487891510129" lon="6.008399650454521">
        <ele>-13.600000381469727</ele>
      </trkpt>
      <trkpt lat="52.704863492399454" lon="6.008397722616792">
        <ele>-13.600000381469727</ele>
      </trkpt>
      <trkpt lat="52.704845974221826" lon="6.008395291864872">
        <ele>-13.399999618530273</ele>
      </trkpt>
      <trkpt lat="52.7048284560442" lon="6.008389675989747">
        <ele>-13.399999618530273</ele>
      </trkpt>
      <trkpt lat="52.704811776056886" lon="6.00838297046721">
        <ele>-13.600000381469727</ele>
      </trkpt>
      <trkpt lat="52.704796604812145" lon="6.008370146155357">
        <ele>-13.600000381469727</ele>
      </trkpt>
      <trkpt lat="52.70478277467191" lon="6.008358662948012">
        <ele>-13.600000381469727</ele>
      </trkpt>
      <trkpt lat="52.704767771065235" lon="6.008346928283572">
        <ele>-13.600000381469727</ele>
      </trkpt>
      <trkpt lat="52.70475301891565" lon="6.008338714018464">
        <ele>-13.800000190734863</ele>
      </trkpt>
      <trkpt lat="52.70473977550864" lon="6.008325554430485">
        <ele>-14.0</ele>
      </trkpt>
      <trkpt lat="52.70472602918744" lon="6.008313735947013">
        <ele>-14.199999809265137</ele>
      </trkpt>
      <trkpt lat="52.70471328869462" lon="6.0082976426929235">
        <ele>-14.199999809265137</ele>
      </trkpt>
      <trkpt lat="52.704700380563736" lon="6.00827937014401">
        <ele>-14.199999809265137</ele>
      </trkpt>
      <trkpt lat="52.70468772388995" lon="6.008259253576398">
        <ele>-14.0</ele>
      </trkpt>
      <trkpt lat="52.704673474654555" lon="6.008239975199103">
        <ele>-14.0</ele>
      </trkpt>
      <trkpt lat="52.704659309238195" lon="6.008221032097936">
        <ele>-14.0</ele>
      </trkpt>
      <trkpt lat="52.70464438945055" lon="6.008200412616134">
        <ele>-14.0</ele>
      </trkpt>
      <trkpt lat="52.70463081076741" lon="6.008186498656869">
        <ele>-14.0</ele>
      </trkpt>
      <trkpt lat="52.70461656153202" lon="6.008168142288923">
        <ele>-14.0</ele>
      </trkpt>
      <trkpt lat="52.704602060839534" lon="6.008149953559041">
        <ele>-14.0</ele>
      </trkpt>
      <trkpt lat="52.70458806306124" lon="6.008129753172398">
        <ele>-13.800000190734863</ele>
      </trkpt>
      <trkpt lat="52.70457389764488" lon="6.008108714595437">
        <ele>-13.800000190734863</ele>
      </trkpt>
      <trkpt lat="52.70455881021917" lon="6.008090106770396">
        <ele>-13.600000381469727</ele>
      </trkpt>
      <trkpt lat="52.70454422570765" lon="6.008073091506958">
        <ele>-13.399999618530273</ele>
      </trkpt>
      <trkpt lat="52.704528886824846" lon="6.008056411519647">
        <ele>-13.399999618530273</ele>
      </trkpt>
      <trkpt lat="52.70451329648495" lon="6.008040904998779">
        <ele>-13.199999809265137</ele>
      </trkpt>
      <trkpt lat="52.70449812524021" lon="6.0080240573734045">
        <ele>-13.199999809265137</ele>
      </trkpt>
      <trkpt lat="52.704484295099974" lon="6.008005868643522">
        <ele>-13.399999618530273</ele>
      </trkpt>
      <trkpt lat="52.704470213502645" lon="6.007986506447196">
        <ele>-13.600000381469727</ele>
      </trkpt>
      <trkpt lat="52.70445680245757" lon="6.0079660546034575">
        <ele>-13.600000381469727</ele>
      </trkpt>
      <trkpt lat="52.70444213412702" lon="6.0079448483884335">
        <ele>-13.600000381469727</ele>
      </trkpt>
      <trkpt lat="52.70442855544388" lon="6.007923809811473">
        <ele>-13.600000381469727</ele>
      </trkpt>
      <trkpt lat="52.704415479674935" lon="6.00790461525321">
        <ele>-13.600000381469727</ele>
      </trkpt>
      <trkpt lat="52.704401817172766" lon="6.007887767627835">
        <ele>-13.600000381469727</ele>
      </trkpt>
      <trkpt lat="52.704388154670596" lon="6.0078715067356825">
        <ele>-13.600000381469727</ele>
      </trkpt>
      <trkpt lat="52.70437331870198" lon="6.007858430966735">
        <ele>-13.600000381469727</ele>
      </trkpt>
      <trkpt lat="52.704358818009496" lon="6.0078435111790895">
        <ele>-13.600000381469727</ele>
      </trkpt>
      <trkpt lat="52.704344149678946" lon="6.007827669382095">
        <ele>-13.600000381469727</ele>
      </trkpt>
      <trkpt lat="52.7043308224529" lon="6.007810737937689">
        <ele>-13.600000381469727</ele>
      </trkpt>
      <trkpt lat="52.70431766286492" lon="6.007790537551045">
        <ele>-13.600000381469727</ele>
      </trkpt>
      <trkpt lat="52.70430425181985" lon="6.007769918069243">
        <ele>-13.600000381469727</ele>
      </trkpt>
      <trkpt lat="52.704290337860584" lon="6.00774921476841">
        <ele>-13.600000381469727</ele>
      </trkpt>
      <trkpt lat="52.70427642390132" lon="6.007726583629847">
        <ele>-13.600000381469727</ele>
      </trkpt>
      <trkpt lat="52.70426318049431" lon="6.007704539224505">
        <ele>-13.600000381469727</ele>
      </trkpt>
      <trkpt lat="52.70424893125892" lon="6.007685177028179">
        <ele>-13.399999618530273</ele>
      </trkpt>
      <trkpt lat="52.70423443056643" lon="6.007668664678931">
        <ele>-13.399999618530273</ele>
      </trkpt>
      <trkpt lat="52.70421967841685" lon="6.0076541639864445">
        <ele>-13.600000381469727</ele>
      </trkpt>
      <trkpt lat="52.7042050100863" lon="6.007638154551387">
        <ele>-13.600000381469727</ele>
      </trkpt>
      <trkpt lat="52.70418883301318" lon="6.00762415677309">
        <ele>-13.600000381469727</ele>
      </trkpt>
      <trkpt lat="52.70417349413037" lon="6.007610326632857">
        <ele>-13.600000381469727</ele>
      </trkpt>
      <trkpt lat="52.704156478866935" lon="6.007597167044878">
        <ele>-13.600000381469727</ele>
      </trkpt>
      <trkpt lat="52.70413996651769" lon="6.007584175094962">
        <ele>-13.600000381469727</ele>
      </trkpt>
      <trkpt lat="52.704124292358756" lon="6.007569506764412">
        <ele>-13.600000381469727</ele>
      </trkpt>
      <trkpt lat="52.70410870201886" lon="6.007555760443211">
        <ele>-13.800000190734863</ele>
      </trkpt>
      <trkpt lat="52.704092944040895" lon="6.007540253922343">
        <ele>-13.800000190734863</ele>
      </trkpt>
      <trkpt lat="52.70407760515809" lon="6.007524328306317">
        <ele>-13.800000190734863</ele>
      </trkpt>
      <trkpt lat="52.704062685370445" lon="6.00750831887126">
        <ele>-13.800000190734863</ele>
      </trkpt>
      <trkpt lat="52.70404868759215" lon="6.0074907168745995">
        <ele>-13.600000381469727</ele>
      </trkpt>
      <trkpt lat="52.70403418689966" lon="6.007470600306988">
        <ele>-13.600000381469727</ele>
      </trkpt>
      <trkpt lat="52.70401893183589" lon="6.007453501224518">
        <ele>-13.600000381469727</ele>
      </trkpt>
      <trkpt lat="52.70400661043823" lon="6.007433636114001">
        <ele>-13.600000381469727</ele>
      </trkpt>
      <trkpt lat="52.70399076864123" lon="6.007418297231197">
        <ele>-13.600000381469727</ele>
      </trkpt>
      <trkpt lat="52.70397727377713" lon="6.007401365786791">
        <ele>-13.600000381469727</ele>
      </trkpt>
      <trkpt lat="52.70396210253239" lon="6.0073864459991455">
        <ele>-13.600000381469727</ele>
      </trkpt>
      <trkpt lat="52.703946344554424" lon="6.007371945306659">
        <ele>-13.600000381469727</ele>
      </trkpt>
      <trkpt lat="52.70393092185259" lon="6.007359623908997">
        <ele>-13.600000381469727</ele>
      </trkpt>
      <trkpt lat="52.70391600206494" lon="6.007348140701652">
        <ele>-13.600000381469727</ele>
      </trkpt>
      <trkpt lat="52.70390024408698" lon="6.00733632221818">
        <ele>-13.800000190734863</ele>
      </trkpt>
      <trkpt lat="52.70388172008097" lon="6.007326431572437">
        <ele>-13.800000190734863</ele>
      </trkpt>
      <trkpt lat="52.70386512391269" lon="6.007316121831536">
        <ele>-13.600000381469727</ele>
      </trkpt>
      <trkpt lat="52.703848695382476" lon="6.007305728271604">
        <ele>-13.600000381469727</ele>
      </trkpt>
      <trkpt lat="52.70383243449032" lon="6.007296424359083">
        <ele>-13.600000381469727</ele>
      </trkpt>
      <trkpt lat="52.7038181014359" lon="6.007287120446563">
        <ele>-13.600000381469727</ele>
      </trkpt>
      <trkpt lat="52.7038041036576" lon="6.007277313619852">
        <ele>-13.600000381469727</ele>
      </trkpt>
      <trkpt lat="52.7037869207561" lon="6.007269937545061">
        <ele>-13.600000381469727</ele>
      </trkpt>
      <trkpt lat="52.70376931875944" lon="6.007261890918016">
        <ele>-13.600000381469727</ele>
      </trkpt>
      <trkpt lat="52.70375180058181" lon="6.007254766300321">
        <ele>-13.800000190734863</ele>
      </trkpt>
      <trkpt lat="52.70373419858515" lon="6.007246803492308">
        <ele>-13.800000190734863</ele>
      </trkpt>
      <trkpt lat="52.70371927879751" lon="6.007236912846565">
        <ele>-13.800000190734863</ele>
      </trkpt>
      <trkpt lat="52.70370293408632" lon="6.007227608934045">
        <ele>-13.800000190734863</ele>
      </trkpt>
      <trkpt lat="52.703685918822885" lon="6.007219646126032">
        <ele>-13.800000190734863</ele>
      </trkpt>
      <trkpt lat="52.703670244663954" lon="6.00721025839448">
        <ele>-13.800000190734863</ele>
      </trkpt>
      <trkpt lat="52.70365406759083" lon="6.007200451567769">
        <ele>-13.800000190734863</ele>
      </trkpt>
      <trkpt lat="52.703640069812536" lon="6.007188968360424">
        <ele>-13.600000381469727</ele>
      </trkpt>
      <trkpt lat="52.70362355746329" lon="6.0071770660579205">
        <ele>-13.600000381469727</ele>
      </trkpt>
      <trkpt lat="52.70360696129501" lon="6.007165499031544">
        <ele>-13.600000381469727</ele>
      </trkpt>
      <trkpt lat="52.70359044894576" lon="6.00715259090066">
        <ele>-13.600000381469727</ele>
      </trkpt>
      <trkpt lat="52.703575445339084" lon="6.007138844579458">
        <ele>-13.600000381469727</ele>
      </trkpt>
      <trkpt lat="52.70356111228466" lon="6.007123338058591">
        <ele>-13.600000381469727</ele>
      </trkpt>
      <trkpt lat="52.70354636013508" lon="6.0071078315377235">
        <ele>-13.600000381469727</ele>
      </trkpt>
      <trkpt lat="52.70353286527097" lon="6.007091403007507">
        <ele>-13.600000381469727</ele>
      </trkpt>
      <trkpt lat="52.70351794548333" lon="6.007073214277625">
        <ele>-13.600000381469727</ele>
      </trkpt>
      <trkpt lat="52.70350394770503" lon="6.007053265348077">
        <ele>-13.600000381469727</ele>
      </trkpt>
      <trkpt lat="52.7034901175648" lon="6.007034406065941">
        <ele>-13.600000381469727</ele>
      </trkpt>
      <trkpt lat="52.703475281596184" lon="6.007016217336059">
        <ele>-13.800000190734863</ele>
      </trkpt>
      <trkpt lat="52.7034607809037" lon="6.006996771320701">
        <ele>-14.0</ele>
      </trkpt>
      <trkpt lat="52.70344544202089" lon="6.006976654753089">
        <ele>-13.800000190734863</ele>
      </trkpt>
      <trkpt lat="52.70343077369034" lon="6.006956957280636">
        <ele>-13.800000190734863</ele>
      </trkpt>
      <trkpt lat="52.70341593772173" lon="6.006935415789485">
        <ele>-14.0</ele>
      </trkpt>
      <trkpt lat="52.70340244285762" lon="6.006914963945746">
        <ele>-14.0</ele>
      </trkpt>
      <trkpt lat="52.70338676869869" lon="6.006894931197166">
        <ele>-14.199999809265137</ele>
      </trkpt>
      <trkpt lat="52.70337235182524" lon="6.00687456317246">
        <ele>-14.199999809265137</ele>
      </trkpt>
      <trkpt lat="52.70335684530437" lon="6.006854949519038">
        <ele>-14.399999618530273</ele>
      </trkpt>
      <trkpt lat="52.703343853354454" lon="6.006834413856268">
        <ele>-14.399999618530273</ele>
      </trkpt>
      <trkpt lat="52.703327760100365" lon="6.00681496784091">
        <ele>-14.199999809265137</ele>
      </trkpt>
      <trkpt lat="52.7033138461411" lon="6.006794683635235">
        <ele>-14.199999809265137</ele>
      </trkpt>
      <trkpt lat="52.70330060273409" lon="6.006777165457606">
        <ele>-14.199999809265137</ele>
      </trkpt>
      <trkpt lat="52.70327294245362" lon="6.006743554025888">
        <ele>-14.199999809265137</ele>
      </trkpt>
      <trkpt lat="52.70327294245362" lon="6.006743554025888">
        <ele>-14.199999809265137</ele>
      </trkpt>
      <trkpt lat="52.70325961522758" lon="6.006726287305355">
        <ele>-14.199999809265137</ele>
      </trkpt>
      <trkpt lat="52.70324637182057" lon="6.00671237334609">
        <ele>-14.0</ele>
      </trkpt>
      <trkpt lat="52.703233966603875" lon="6.006699800491333">
        <ele>-14.199999809265137</ele>
      </trkpt>
      <trkpt lat="52.703220807015896" lon="6.006682449951768">
        <ele>-14.0</ele>
      </trkpt>
      <trkpt lat="52.703209072351456" lon="6.006668200716376">
        <ele>-14.0</ele>
      </trkpt>
      <trkpt lat="52.70319901406765" lon="6.006655124947429">
        <ele>-13.800000190734863</ele>
      </trkpt>
      <trkpt lat="52.70318912342191" lon="6.0066410433501005">
        <ele>-14.0</ele>
      </trkpt>
      <trkpt lat="52.70318007096648" lon="6.006627716124058">
        <ele>-14.0</ele>
      </trkpt>
      <trkpt lat="52.7031737845391" lon="6.006619082763791">
        <ele>-14.0</ele>
      </trkpt>
      <trkpt lat="52.703168001025915" lon="6.0066112875938416">
        <ele>-14.199999809265137</ele>
      </trkpt>
      <trkpt lat="52.70316297188401" lon="6.006603911519051">
        <ele>-14.399999618530273</ele>
      </trkpt>
      <trkpt lat="52.70315836183727" lon="6.006597625091672">
        <ele>-14.399999618530273</ele>
      </trkpt>
      <trkpt lat="52.703152829781175" lon="6.006590835750103">
        <ele>-14.399999618530273</ele>
      </trkpt>
      <trkpt lat="52.70314830355346" lon="6.006586141884327">
        <ele>-14.199999809265137</ele>
      </trkpt>
      <trkpt lat="52.70314587280154" lon="6.006583459675312">
        <ele>-14.199999809265137</ele>
      </trkpt>
      <trkpt lat="52.70314377732575" lon="6.006580609828234">
        <ele>-14.199999809265137</ele>
      </trkpt>
      <trkpt lat="52.70314143039286" lon="6.006578514352441">
        <ele>-13.399999618530273</ele>
      </trkpt>
      <trkpt lat="52.70313858054578" lon="6.006576670333743">
        <ele>-13.399999618530273</ele>
      </trkpt>
      <trkpt lat="52.7031359821558" lon="6.006573988124728">
        <ele>-13.399999618530273</ele>
      </trkpt>
      <trkpt lat="52.703134724870324" lon="6.00656921043992">
        <ele>-13.399999618530273</ele>
      </trkpt>
      <trkpt lat="52.70313313230872" lon="6.006564097478986">
        <ele>-13.399999618530273</ele>
      </trkpt>
      <trkpt lat="52.70313028246164" lon="6.0065630078315735">
        <ele>-13.399999618530273</ele>
      </trkpt>
      <trkpt lat="52.70312785170972" lon="6.00656284019351">
        <ele>-13.399999618530273</ele>
      </trkpt>
      <trkpt lat="52.7031272649765" lon="6.006562672555447">
        <ele>-13.399999618530273</ele>
      </trkpt>
      <trkpt lat="52.703126007691026" lon="6.006564516574144">
        <ele>-13.399999618530273</ele>
      </trkpt>
      <trkpt lat="52.70312525331974" lon="6.006565438583493">
        <ele>-13.399999618530273</ele>
      </trkpt>
      <trkpt lat="52.703125001862645" lon="6.006567031145096">
        <ele>-13.399999618530273</ele>
      </trkpt>
      <trkpt lat="52.703125001862645" lon="6.006567198783159">
        <ele>-13.399999618530273</ele>
      </trkpt>
      <trkpt lat="52.70312441512942" lon="6.006568288430572">
        <ele>-13.399999618530273</ele>
      </trkpt>
      <trkpt lat="52.70312458276749" lon="6.006569545716047">
        <ele>-13.399999618530273</ele>
      </trkpt>
      <trkpt lat="52.70312533713877" lon="6.006570383906364">
        <ele>-13.399999618530273</ele>
      </trkpt>
      <trkpt lat="52.703125420957804" lon="6.006570383906364">
        <ele>-13.399999618530273</ele>
      </trkpt>
      <trkpt lat="52.703125001862645" lon="6.006571054458618">
        <ele>-13.399999618530273</ele>
      </trkpt>
      <trkpt lat="52.703125001862645" lon="6.0065715573728085">
        <ele>-13.399999618530273</ele>
      </trkpt>
      <trkpt lat="52.70312475040555" lon="6.006571808829904">
        <ele>-13.399999618530273</ele>
      </trkpt>
      <trkpt lat="52.70312466658652" lon="6.006572060286999">
        <ele>-13.399999618530273</ele>
      </trkpt>
      <trkpt lat="52.70312466658652" lon="6.006571892648935">
        <ele>-13.399999618530273</ele>
      </trkpt>
      <trkpt lat="52.70312458276749" lon="6.006571892648935">
        <ele>-13.399999618530273</ele>
      </trkpt>
      <trkpt lat="52.70312458276749" lon="6.006571976467967">
        <ele>-13.399999618530273</ele>
      </trkpt>
      <trkpt lat="52.70312483422458" lon="6.0065721441060305">
        <ele>-13.399999618530273</ele>
      </trkpt>
      <trkpt lat="52.70312533713877" lon="6.0065709706395864">
        <ele>-13.399999618530273</ele>
      </trkpt>
      <trkpt lat="52.703125420957804" lon="6.006570803001523">
        <ele>-13.399999618530273</ele>
      </trkpt>
      <trkpt lat="52.70312558859587" lon="6.006570467725396">
        <ele>-13.399999618530273</ele>
      </trkpt>
      <trkpt lat="52.70312575623393" lon="6.006570216268301">
        <ele>-13.399999618530273</ele>
      </trkpt>
      <trkpt lat="52.70312575623393" lon="6.006570300087333">
        <ele>-13.399999618530273</ele>
      </trkpt>
      <trkpt lat="52.70312558859587" lon="6.006570719182491">
        <ele>-13.399999618530273</ele>
      </trkpt>
      <trkpt lat="52.7031256724149" lon="6.00657063536346">
        <ele>-13.399999618530273</ele>
      </trkpt>
      <trkpt lat="52.70312374457717" lon="6.0065709706395864">
        <ele>-13.399999618530273</ele>
      </trkpt>
      <trkpt lat="52.703122990205884" lon="6.006572060286999">
        <ele>-13.399999618530273</ele>
      </trkpt>
      <trkpt lat="52.70312240347266" lon="6.006572647020221">
        <ele>-13.399999618530273</ele>
      </trkpt>
      <trkpt lat="52.703123074024916" lon="6.006573149934411">
        <ele>-13.399999618530273</ele>
      </trkpt>
      <trkpt lat="52.70312290638685" lon="6.006573233753443">
        <ele>-13.399999618530273</ele>
      </trkpt>
      <trkpt lat="52.70310765132308" lon="6.006584716960788">
        <ele>-13.399999618530273</ele>
      </trkpt>
      <trkpt lat="52.70310429856181" lon="6.006579771637917">
        <ele>-13.399999618530273</ele>
      </trkpt>
      <trkpt lat="52.7031016163528" lon="6.006578095257282">
        <ele>-13.399999618530273</ele>
      </trkpt>
      <trkpt lat="52.70309574902058" lon="6.006574826315045">
        <ele>-13.600000381469727</ele>
      </trkpt>
      <trkpt lat="52.70308476872742" lon="6.006566779688001">
        <ele>-13.800000190734863</ele>
      </trkpt>
      <trkpt lat="52.70307772792876" lon="6.0065633431077">
        <ele>-14.0</ele>
      </trkpt>
      <trkpt lat="52.70306599326432" lon="6.006558397784829">
        <ele>-14.0</ele>
      </trkpt>
      <trkpt lat="52.70305233076215" lon="6.006551273167133">
        <ele>-14.0</ele>
      </trkpt>
      <trkpt lat="52.70303908735514" lon="6.006545657292008">
        <ele>-14.0</ele>
      </trkpt>
      <trkpt lat="52.70302265882492" lon="6.006538113579154">
        <ele>-14.0</ele>
      </trkpt>
      <trkpt lat="52.703005224466324" lon="6.006532497704029">
        <ele>-13.800000190734863</ele>
      </trkpt>
      <trkpt lat="52.70298887975514" lon="6.006523612886667">
        <ele>-13.800000190734863</ele>
      </trkpt>
      <trkpt lat="52.70296976901591" lon="6.006517577916384">
        <ele>-13.800000190734863</ele>
      </trkpt>
      <trkpt lat="52.70295409485698" lon="6.00650567561388">
        <ele>-13.800000190734863</ele>
      </trkpt>
      <trkpt lat="52.702937917783856" lon="6.006493605673313">
        <ele>-13.800000190734863</ele>
      </trkpt>
      <trkpt lat="52.70292182452977" lon="6.006481535732746">
        <ele>-13.800000190734863</ele>
      </trkpt>
      <trkpt lat="52.70290480926633" lon="6.006473572924733">
        <ele>-13.800000190734863</ele>
      </trkpt>
      <trkpt lat="52.702888548374176" lon="6.006464269012213">
        <ele>-14.0</ele>
      </trkpt>
      <trkpt lat="52.70286935381591" lon="6.006454965099692">
        <ele>-14.199999809265137</ele>
      </trkpt>
      <trkpt lat="52.702850913628936" lon="6.006447421386838">
        <ele>-14.199999809265137</ele>
      </trkpt>
      <trkpt lat="52.70282995887101" lon="6.006440967321396">
        <ele>-14.199999809265137</ele>
      </trkpt>
      <trkpt lat="52.70281168632209" lon="6.006433758884668">
        <ele>-14.199999809265137</ele>
      </trkpt>
      <trkpt lat="52.70279257558286" lon="6.006424454972148">
        <ele>-14.199999809265137</ele>
      </trkpt>
      <trkpt lat="52.70277597941458" lon="6.006413474678993">
        <ele>-14.199999809265137</ele>
      </trkpt>
      <trkpt lat="52.702758964151144" lon="6.006403919309378">
        <ele>-14.199999809265137</ele>
      </trkpt>
      <trkpt lat="52.7027403563261" lon="6.006397381424904">
        <ele>-14.199999809265137</ele>
      </trkpt>
      <trkpt lat="52.702722838148475" lon="6.006387993693352">
        <ele>-14.199999809265137</ele>
      </trkpt>
      <trkpt lat="52.702706241980195" lon="6.006377097219229">
        <ele>-14.199999809265137</ele>
      </trkpt>
      <trkpt lat="52.70268947817385" lon="6.006366033107042">
        <ele>-14.199999809265137</ele>
      </trkpt>
      <trkpt lat="52.70267229527235" lon="6.006358070299029">
        <ele>-14.0</ele>
      </trkpt>
      <trkpt lat="52.70265477709472" lon="6.006346335634589">
        <ele>-14.0</ele>
      </trkpt>
      <trkpt lat="52.7026386000216" lon="6.006335187703371">
        <ele>-14.0</ele>
      </trkpt>
      <trkpt lat="52.702621249482036" lon="6.006324039772153">
        <ele>-13.800000190734863</ele>
      </trkpt>
      <trkpt lat="52.70260482095182" lon="6.006313981488347">
        <ele>-13.800000190734863</ele>
      </trkpt>
      <trkpt lat="52.702585123479366" lon="6.006303671747446">
        <ele>-13.800000190734863</ele>
      </trkpt>
      <trkpt lat="52.702568443492055" lon="6.00629311054945">
        <ele>-13.800000190734863</ele>
      </trkpt>
      <trkpt lat="52.70255117677152" lon="6.006280621513724">
        <ele>-13.600000381469727</ele>
      </trkpt>
      <trkpt lat="52.702535754069686" lon="6.006269138306379">
        <ele>-13.600000381469727</ele>
      </trkpt>
      <trkpt lat="52.702518152073026" lon="6.006255559623241">
        <ele>-13.600000381469727</ele>
      </trkpt>
      <trkpt lat="52.702500550076365" lon="6.0062419809401035">
        <ele>-13.600000381469727</ele>
      </trkpt>
      <trkpt lat="52.70248269662261" lon="6.006232425570488">
        <ele>-13.600000381469727</ele>
      </trkpt>
      <trkpt lat="52.70246517844498" lon="6.006220020353794">
        <ele>-13.600000381469727</ele>
      </trkpt>
      <trkpt lat="52.702449169009924" lon="6.006206693127751">
        <ele>-13.600000381469727</ele>
      </trkpt>
      <trkpt lat="52.702432069927454" lon="6.00619638338685">
        <ele>-13.199999809265137</ele>
      </trkpt>
      <trkpt lat="52.702414048835635" lon="6.0061863251030445">
        <ele>-13.199999809265137</ele>
      </trkpt>
      <trkpt lat="52.702397368848324" lon="6.006175093352795">
        <ele>-13.0</ele>
      </trkpt>
      <trkpt lat="52.70237993448973" lon="6.006163861602545">
        <ele>-13.0</ele>
      </trkpt>
      <trkpt lat="52.70236182957888" lon="6.006155479699373">
        <ele>-13.0</ele>
      </trkpt>
      <trkpt lat="52.70234598778188" lon="6.006144918501377">
        <ele>-13.0</ele>
      </trkpt>
      <trkpt lat="52.7023296430707" lon="6.006133854389191">
        <ele>-13.0</ele>
      </trkpt>
      <trkpt lat="52.70231329835951" lon="6.006122371181846">
        <ele>-13.0</ele>
      </trkpt>
      <trkpt lat="52.70229762420058" lon="6.006111558526754">
        <ele>-13.199999809265137</ele>
      </trkpt>
      <trkpt lat="52.70228228531778" lon="6.006098482757807">
        <ele>-13.399999618530273</ele>
      </trkpt>
      <trkpt lat="52.70226770080626" lon="6.006086161360145">
        <ele>-13.399999618530273</ele>
      </trkpt>
      <trkpt lat="52.70225143991411" lon="6.00607568398118">
        <ele>-13.399999618530273</ele>
      </trkpt>
      <trkpt lat="52.70223559811711" lon="6.006064536049962">
        <ele>-13.399999618530273</ele>
      </trkpt>
      <trkpt lat="52.702218079939485" lon="6.006050873547792">
        <ele>-13.399999618530273</ele>
      </trkpt>
      <trkpt lat="52.70219980739057" lon="6.006040731444955">
        <ele>-13.399999618530273</ele>
      </trkpt>
      <trkpt lat="52.70218212157488" lon="6.00602874532342">
        <ele>-13.399999618530273</ele>
      </trkpt>
      <trkpt lat="52.702166782692075" lon="6.00601508282125">
        <ele>-13.399999618530273</ele>
      </trkpt>
      <trkpt lat="52.70215085707605" lon="6.006001923233271">
        <ele>-13.399999618530273</ele>
      </trkpt>
      <trkpt lat="52.70213426090777" lon="6.00598968565464">
        <ele>-13.399999618530273</ele>
      </trkpt>
      <trkpt lat="52.70211917348206" lon="6.005974682047963">
        <ele>-13.600000381469727</ele>
      </trkpt>
      <trkpt lat="52.702103331685066" lon="6.005960181355476">
        <ele>-13.600000381469727</ele>
      </trkpt>
      <trkpt lat="52.70208723843098" lon="6.005947357043624">
        <ele>-13.800000190734863</ele>
      </trkpt>
      <trkpt lat="52.702072067186236" lon="6.005932101979852">
        <ele>-13.800000190734863</ele>
      </trkpt>
      <trkpt lat="52.70205723121762" lon="6.00591734983027">
        <ele>-13.800000190734863</ele>
      </trkpt>
      <trkpt lat="52.702042143791914" lon="6.005904525518417">
        <ele>-13.600000381469727</ele>
      </trkpt>
      <trkpt lat="52.70202688872814" lon="6.005890276283026">
        <ele>-13.800000190734863</ele>
      </trkpt>
      <trkpt lat="52.70201154984534" lon="6.005875440314412">
        <ele>-13.600000381469727</ele>
      </trkpt>
      <trkpt lat="52.70199604332447" lon="6.005861358717084">
        <ele>-13.800000190734863</ele>
      </trkpt>
      <trkpt lat="52.701980201527476" lon="6.0058467742055655">
        <ele>-13.800000190734863</ele>
      </trkpt>
      <trkpt lat="52.70196570083499" lon="6.005830429494381">
        <ele>-13.800000190734863</ele>
      </trkpt>
      <trkpt lat="52.70195061340928" lon="6.005814420059323">
        <ele>-13.800000190734863</ele>
      </trkpt>
      <trkpt lat="52.70193602889776" lon="6.00579765625298">
        <ele>-14.0</ele>
      </trkpt>
      <trkpt lat="52.70192069001496" lon="6.005781143903732">
        <ele>-13.800000190734863</ele>
      </trkpt>
      <trkpt lat="52.70190560258925" lon="6.005764966830611">
        <ele>-14.0</ele>
      </trkpt>
      <trkpt lat="52.70189143717289" lon="6.005748622119427">
        <ele>-13.800000190734863</ele>
      </trkpt>
      <trkpt lat="52.701878529042006" lon="6.005730265751481">
        <ele>-14.0</ele>
      </trkpt>
      <trkpt lat="52.70186562091112" lon="6.005713166669011">
        <ele>-13.800000190734863</ele>
      </trkpt>
      <trkpt lat="52.701853634789586" lon="6.005691876634955">
        <ele>-13.800000190734863</ele>
      </trkpt>
      <trkpt lat="52.701841900125146" lon="6.005672346800566">
        <ele>-13.600000381469727</ele>
      </trkpt>
      <trkpt lat="52.7018288243562" lon="6.005653738975525">
        <ele>-13.600000381469727</ele>
      </trkpt>
      <trkpt lat="52.701816000044346" lon="6.005634292960167">
        <ele>-13.600000381469727</ele>
      </trkpt>
      <trkpt lat="52.7018029242754" lon="6.005613757297397">
        <ele>-13.600000381469727</ele>
      </trkpt>
      <trkpt lat="52.701789597049356" lon="6.005595903843641">
        <ele>-13.600000381469727</ele>
      </trkpt>
      <trkpt lat="52.701776856556535" lon="6.005575116723776">
        <ele>-13.399999618530273</ele>
      </trkpt>
      <trkpt lat="52.70176478661597" lon="6.005555167794228">
        <ele>-13.399999618530273</ele>
      </trkpt>
      <trkpt lat="52.701751878485084" lon="6.005536559969187">
        <ele>-13.600000381469727</ele>
      </trkpt>
      <trkpt lat="52.701739724725485" lon="6.005517868325114">
        <ele>-13.600000381469727</ele>
      </trkpt>
      <trkpt lat="52.70172790624201" lon="6.005498757585883">
        <ele>-13.600000381469727</ele>
      </trkpt>
      <trkpt lat="52.701715752482414" lon="6.005480904132128">
        <ele>-13.600000381469727</ele>
      </trkpt>
      <trkpt lat="52.70170368254185" lon="6.005460619926453">
        <ele>-13.600000381469727</ele>
      </trkpt>
      <trkpt lat="52.70169312134385" lon="6.005440168082714">
        <ele>-13.600000381469727</ele>
      </trkpt>
      <trkpt lat="52.70168239250779" lon="6.0054179560393095">
        <ele>-13.600000381469727</ele>
      </trkpt>
      <trkpt lat="52.701671831309795" lon="6.005397168919444">
        <ele>-13.399999618530273</ele>
      </trkpt>
      <trkpt lat="52.70165984518826" lon="6.005377974361181">
        <ele>-13.399999618530273</ele>
      </trkpt>
      <trkpt lat="52.701648781076074" lon="6.005357606336474">
        <ele>-13.399999618530273</ele>
      </trkpt>
      <trkpt lat="52.701637633144855" lon="6.005336567759514">
        <ele>-13.399999618530273</ele>
      </trkpt>
      <trkpt lat="52.70162614993751" lon="6.005316032096744">
        <ele>-13.399999618530273</ele>
      </trkpt>
      <trkpt lat="52.7016147505492" lon="6.0052951611578465">
        <ele>-13.399999618530273</ele>
      </trkpt>
      <trkpt lat="52.701603937894106" lon="6.005272949114442">
        <ele>-13.399999618530273</ele>
      </trkpt>
      <trkpt lat="52.70159153267741" lon="6.005254006013274">
        <ele>-13.800000190734863</ele>
      </trkpt>
      <trkpt lat="52.70158072002232" lon="6.005232967436314">
        <ele>-13.800000190734863</ele>
      </trkpt>
      <trkpt lat="52.70156881771982" lon="6.005215113982558">
        <ele>-13.800000190734863</ele>
      </trkpt>
      <trkpt lat="52.70155758596957" lon="6.005192566663027">
        <ele>-14.0</ele>
      </trkpt>
      <trkpt lat="52.70154593512416" lon="6.005173372104764">
        <ele>-14.0</ele>
      </trkpt>
      <trkpt lat="52.70153386518359" lon="6.005153506994247">
        <ele>-14.0</ele>
      </trkpt>
      <trkpt lat="52.70152254961431" lon="6.005133138969541">
        <ele>-14.0</ele>
      </trkpt>
      <trkpt lat="52.701510563492775" lon="6.005114279687405">
        <ele>-14.0</ele>
      </trkpt>
      <trkpt lat="52.70149916410446" lon="6.00509449839592">
        <ele>-14.0</ele>
      </trkpt>
      <trkpt lat="52.701488602906466" lon="6.005075052380562">
        <ele>-14.0</ele>
      </trkpt>
      <trkpt lat="52.701477874070406" lon="6.005053091794252">
        <ele>-14.0</ele>
      </trkpt>
      <trkpt lat="52.701465636491776" lon="6.005036914721131">
        <ele>-14.0</ele>
      </trkpt>
      <trkpt lat="52.70145457237959" lon="6.005017636343837">
        <ele>-14.0</ele>
      </trkpt>
      <trkpt lat="52.70144334062934" lon="6.0049994476139545">
        <ele>-14.0</ele>
      </trkpt>
      <trkpt lat="52.7014334499836" lon="6.004980923607945">
        <ele>-14.0</ele>
      </trkpt>
      <trkpt lat="52.70142330788076" lon="6.0049603041261435">
        <ele>-14.0</ele>
      </trkpt>
      <trkpt lat="52.701410902664065" lon="6.004943624138832">
        <ele>-14.0</ele>
      </trkpt>
      <trkpt lat="52.70140050910413" lon="6.004925519227982">
        <ele>-13.800000190734863</ele>
      </trkpt>
      <trkpt lat="52.70139154046774" lon="6.004908420145512">
        <ele>-13.800000190734863</ele>
      </trkpt>
      <trkpt lat="52.701384499669075" lon="6.004892243072391">
        <ele>-13.800000190734863</ele>
      </trkpt>
      <trkpt lat="52.701379638165236" lon="6.004875982180238">
        <ele>-13.800000190734863</ele>
      </trkpt>
      <trkpt lat="52.701370753347874" lon="6.0048589669167995">
        <ele>-13.800000190734863</ele>
      </trkpt>
      <trkpt lat="52.70136270672083" lon="6.00484186783433">
        <ele>-13.800000190734863</ele>
      </trkpt>
      <trkpt lat="52.701356671750546" lon="6.00482870824635">
        <ele>-14.0</ele>
      </trkpt>
      <trkpt lat="52.70134921185672" lon="6.004815213382244">
        <ele>-14.199999809265137</ele>
      </trkpt>
      <trkpt lat="52.70134158432484" lon="6.00480230525136">
        <ele>-14.0</ele>
      </trkpt>
      <trkpt lat="52.70133387297392" lon="6.004789648577571">
        <ele>-14.0</ele>
      </trkpt>
      <trkpt lat="52.701325826346874" lon="6.004775818437338">
        <ele>-14.0</ele>
      </trkpt>
      <trkpt lat="52.70131861791015" lon="6.004765760153532">
        <ele>-14.0</ele>
      </trkpt>
      <trkpt lat="52.70131090655923" lon="6.004753271117806">
        <ele>-13.800000190734863</ele>
      </trkpt>
      <trkpt lat="52.70130277611315" lon="6.004738938063383">
        <ele>-13.800000190734863</ele>
      </trkpt>
      <trkpt lat="52.701295986771584" lon="6.004728628322482">
        <ele>-13.800000190734863</ele>
      </trkpt>
      <trkpt lat="52.701289197430015" lon="6.004711529240012">
        <ele>-13.800000190734863</ele>
      </trkpt>
      <trkpt lat="52.70128106698394" lon="6.004696860909462">
        <ele>-13.800000190734863</ele>
      </trkpt>
      <trkpt lat="52.701273607090116" lon="6.004683701321483">
        <ele>-13.600000381469727</ele>
      </trkpt>
      <trkpt lat="52.70126505754888" lon="6.0046678595244884">
        <ele>-13.800000190734863</ele>
      </trkpt>
      <trkpt lat="52.701257010921836" lon="6.00465671159327">
        <ele>-13.800000190734863</ele>
      </trkpt>
      <trkpt lat="52.701249634847045" lon="6.0046422109007835">
        <ele>-13.800000190734863</ele>
      </trkpt>
      <trkpt lat="52.70124192349613" lon="6.004627710208297">
        <ele>-13.800000190734863</ele>
      </trkpt>
      <trkpt lat="52.701233541592956" lon="6.0046168975532055">
        <ele>-13.800000190734863</ele>
      </trkpt>
      <trkpt lat="52.701225746423006" lon="6.00460248067975">
        <ele>-13.800000190734863</ele>
      </trkpt>
      <trkpt lat="52.70121828652918" lon="6.004589572548866">
        <ele>-13.800000190734863</ele>
      </trkpt>
      <trkpt lat="52.70121141336858" lon="6.004577251151204">
        <ele>-13.600000381469727</ele>
      </trkpt>
      <trkpt lat="52.70120445638895" lon="6.004562079906464">
        <ele>-13.600000381469727</ele>
      </trkpt>
      <trkpt lat="52.70119674503803" lon="6.004549590870738">
        <ele>-13.600000381469727</ele>
      </trkpt>
      <trkpt lat="52.70118425600231" lon="6.004537520930171">
        <ele>-13.600000381469727</ele>
      </trkpt>
      <trkpt lat="52.701173443347216" lon="6.004526205360889">
        <ele>-13.600000381469727</ele>
      </trkpt>
      <trkpt lat="52.70116112194955" lon="6.004511956125498">
        <ele>-13.600000381469727</ele>
      </trkpt>
      <trkpt lat="52.70115072838962" lon="6.004499215632677">
        <ele>-13.600000381469727</ele>
      </trkpt>
      <trkpt lat="52.70113949663937" lon="6.00448714569211">
        <ele>-13.800000190734863</ele>
      </trkpt>
      <trkpt lat="52.70112868398428" lon="6.004475327208638">
        <ele>-14.0</ele>
      </trkpt>
      <trkpt lat="52.701116781681776" lon="6.004463005810976">
        <ele>-14.0</ele>
      </trkpt>
      <trkpt lat="52.7011036220938" lon="6.004447918385267">
        <ele>-14.0</ele>
      </trkpt>
      <trkpt lat="52.70109171979129" lon="6.004431154578924">
        <ele>-14.0</ele>
      </trkpt>
      <trkpt lat="52.701079566031694" lon="6.004413636401296">
        <ele>-14.199999809265137</ele>
      </trkpt>
      <trkpt lat="52.70106699317694" lon="6.004394190385938">
        <ele>-14.199999809265137</ele>
      </trkpt>
      <trkpt lat="52.70105475559831" lon="6.004375163465738">
        <ele>-14.199999809265137</ele>
      </trkpt>
      <trkpt lat="52.70104276947677" lon="6.00435521453619">
        <ele>-14.199999809265137</ele>
      </trkpt>
      <trkpt lat="52.70103195682168" lon="6.004335852339864">
        <ele>-14.199999809265137</ele>
      </trkpt>
      <trkpt lat="52.701020976528525" lon="6.00431565195322">
        <ele>-14.199999809265137</ele>
      </trkpt>
      <trkpt lat="52.70100957714021" lon="6.004295451566577">
        <ele>-14.0</ele>
      </trkpt>
      <trkpt lat="52.70099926739931" lon="6.004273910075426">
        <ele>-13.800000190734863</ele>
      </trkpt>
      <trkpt lat="52.70098929293454" lon="6.004253625869751">
        <ele>-13.800000190734863</ele>
      </trkpt>
      <trkpt lat="52.70097864791751" lon="6.004232419654727">
        <ele>-13.600000381469727</ele>
      </trkpt>
      <trkpt lat="52.70096900872886" lon="6.004212135449052">
        <ele>-13.600000381469727</ele>
      </trkpt>
      <trkpt lat="52.700958363711834" lon="6.004191264510155">
        <ele>-13.399999618530273</ele>
      </trkpt>
      <trkpt lat="52.700949562713504" lon="6.00416955538094">
        <ele>-13.199999809265137</ele>
      </trkpt>
      <trkpt lat="52.70094042643905" lon="6.004149187356234">
        <ele>-13.199999809265137</ele>
      </trkpt>
      <trkpt lat="52.700931038707495" lon="6.004127226769924">
        <ele>-13.199999809265137</ele>
      </trkpt>
      <trkpt lat="52.70092106424272" lon="6.004106858745217">
        <ele>-13.199999809265137</ele>
      </trkpt>
      <trkpt lat="52.70091125741601" lon="6.004084311425686">
        <ele>-13.199999809265137</ele>
      </trkpt>
      <trkpt lat="52.70090111531317" lon="6.004063608124852">
        <ele>-13.199999809265137</ele>
      </trkpt>
      <trkpt lat="52.700890973210335" lon="6.004041563719511">
        <ele>-13.399999618530273</ele>
      </trkpt>
      <trkpt lat="52.70088309422135" lon="6.004021530970931">
        <ele>-13.800000190734863</ele>
      </trkpt>
      <trkpt lat="52.70087446086109" lon="6.003999235108495">
        <ele>-13.800000190734863</ele>
      </trkpt>
      <trkpt lat="52.70086398348212" lon="6.003978364169598">
        <ele>-14.0</ele>
      </trkpt>
      <trkpt lat="52.70085711032152" lon="6.003957409411669">
        <ele>-14.0</ele>
      </trkpt>
      <trkpt lat="52.70084763877094" lon="6.0039368737488985">
        <ele>-14.0</ele>
      </trkpt>
      <trkpt lat="52.7008393406868" lon="6.003914913162589">
        <ele>-14.0</ele>
      </trkpt>
      <trkpt lat="52.70083012059331" lon="6.003894796594977">
        <ele>-13.800000190734863</ele>
      </trkpt>
      <trkpt lat="52.70082123577595" lon="6.0038732551038265">
        <ele>-13.600000381469727</ele>
      </trkpt>
      <trkpt lat="52.7008047234267" lon="6.003832267597318">
        <ele>-13.399999618530273</ele>
      </trkpt>
      <trkpt lat="52.7008047234267" lon="6.003832267597318">
        <ele>-13.399999618530273</ele>
      </trkpt>
      <trkpt lat="52.70079609006643" lon="6.003813659772277">
        <ele>-13.399999618530273</ele>
      </trkpt>
      <trkpt lat="52.70078779198229" lon="6.0037928726524115">
        <ele>-13.399999618530273</ele>
      </trkpt>
      <trkpt lat="52.70077899098396" lon="6.003773510456085">
        <ele>-13.199999809265137</ele>
      </trkpt>
      <trkpt lat="52.700770357623696" lon="6.003751382231712">
        <ele>-13.199999809265137</ele>
      </trkpt>
      <trkpt lat="52.700762478634715" lon="6.0037316009402275">
        <ele>-13.600000381469727</ele>
      </trkpt>
      <trkpt lat="52.700754599645734" lon="6.003710143268108">
        <ele>-13.800000190734863</ele>
      </trkpt>
      <trkpt lat="52.700746301561594" lon="6.0036903619766235">
        <ele>-13.800000190734863</ele>
      </trkpt>
      <trkpt lat="52.70073683001101" lon="6.003670245409012">
        <ele>-13.800000190734863</ele>
      </trkpt>
      <trkpt lat="52.70072744227946" lon="6.003651386126876">
        <ele>-13.600000381469727</ele>
      </trkpt>
      <trkpt lat="52.70071662962437" lon="6.003632443025708">
        <ele>-13.399999618530273</ele>
      </trkpt>
      <trkpt lat="52.700706822797656" lon="6.003613751381636">
        <ele>-13.199999809265137</ele>
      </trkpt>
      <trkpt lat="52.70069542340934" lon="6.003596484661102">
        <ele>-13.199999809265137</ele>
      </trkpt>
      <trkpt lat="52.70068343728781" lon="6.003581061959267">
        <ele>-13.199999809265137</ele>
      </trkpt>
      <trkpt lat="52.7006699424237" lon="6.00356656126678">
        <ele>-13.199999809265137</ele>
      </trkpt>
      <trkpt lat="52.70065820775926" lon="6.003550887107849">
        <ele>-13.199999809265137</ele>
      </trkpt>
      <trkpt lat="52.70064462907612" lon="6.003537056967616">
        <ele>-13.199999809265137</ele>
      </trkpt>
      <trkpt lat="52.7006302960217" lon="6.003523226827383">
        <ele>-13.199999809265137</ele>
      </trkpt>
      <trkpt lat="52.700616382062435" lon="6.003508558496833">
        <ele>-13.199999809265137</ele>
      </trkpt>
      <trkpt lat="52.700603641569614" lon="6.003493890166283">
        <ele>-13.199999809265137</ele>
      </trkpt>
      <trkpt lat="52.70058838650584" lon="6.003479557111859">
        <ele>-13.199999809265137</ele>
      </trkpt>
      <trkpt lat="52.7005750592798" lon="6.003464385867119">
        <ele>-13.199999809265137</ele>
      </trkpt>
      <trkpt lat="52.70056089386344" lon="6.003450304269791">
        <ele>-13.399999618530273</ele>
      </trkpt>
      <trkpt lat="52.70054823718965" lon="6.00343513302505">
        <ele>-13.600000381469727</ele>
      </trkpt>
      <trkpt lat="52.70053415559232" lon="6.003420799970627">
        <ele>-13.600000381469727</ele>
      </trkpt>
      <trkpt lat="52.70052116364241" lon="6.003404622897506">
        <ele>-13.800000190734863</ele>
      </trkpt>
      <trkpt lat="52.70050574094057" lon="6.003389786928892">
        <ele>-13.600000381469727</ele>
      </trkpt>
      <trkpt lat="52.70048989914358" lon="6.0033761244267225">
        <ele>-13.600000381469727</ele>
      </trkpt>
      <trkpt lat="52.700476069003344" lon="6.003360450267792">
        <ele>-13.600000381469727</ele>
      </trkpt>
      <trkpt lat="52.70046232268214" lon="6.003343854099512">
        <ele>-14.0</ele>
      </trkpt>
      <trkpt lat="52.70044572651386" lon="6.003328515216708">
        <ele>-13.800000190734863</ele>
      </trkpt>
      <trkpt lat="52.700430639088154" lon="6.003314098343253">
        <ele>-13.800000190734863</ele>
      </trkpt>
      <trkpt lat="52.70041714422405" lon="6.0032986756414175">
        <ele>-13.800000190734863</ele>
      </trkpt>
      <trkpt lat="52.7004022244364" lon="6.00328509695828">
        <ele>-14.0</ele>
      </trkpt>
      <trkpt lat="52.70038696937263" lon="6.003273027017713">
        <ele>-14.0</ele>
      </trkpt>
      <trkpt lat="52.70037095993757" lon="6.003262046724558">
        <ele>-14.0</ele>
      </trkpt>
      <trkpt lat="52.70035503432155" lon="6.0032515693455935">
        <ele>-13.800000190734863</ele>
      </trkpt>
      <trkpt lat="52.70033801905811" lon="6.003241091966629">
        <ele>-13.800000190734863</ele>
      </trkpt>
      <trkpt lat="52.700325697660446" lon="6.0032297763973475">
        <ele>-13.800000190734863</ele>
      </trkpt>
      <trkpt lat="52.700310526415706" lon="6.003218293190002">
        <ele>-13.800000190734863</ele>
      </trkpt>
      <trkpt lat="52.70029552280903" lon="6.003208318725228">
        <ele>-13.600000381469727</ele>
      </trkpt>
      <trkpt lat="52.70028085447848" lon="6.0031970869749784">
        <ele>-13.600000381469727</ele>
      </trkpt>
      <trkpt lat="52.70026618614793" lon="6.003185603767633">
        <ele>-13.600000381469727</ele>
      </trkpt>
      <trkpt lat="52.70024967379868" lon="6.003174791112542">
        <ele>-13.600000381469727</ele>
      </trkpt>
      <trkpt lat="52.70023450255394" lon="6.003163056448102">
        <ele>-13.199999809265137</ele>
      </trkpt>
      <trkpt lat="52.700219079852104" lon="6.003152327612042">
        <ele>-13.199999809265137</ele>
      </trkpt>
      <trkpt lat="52.70020432770252" lon="6.003140425309539">
        <ele>-13.0</ele>
      </trkpt>
      <trkpt lat="52.70018898881972" lon="6.003128187730908">
        <ele>-13.0</ele>
      </trkpt>
      <trkpt lat="52.70017381757498" lon="6.003116620704532">
        <ele>-13.0</ele>
      </trkpt>
      <trkpt lat="52.70015914924443" lon="6.003102287650108">
        <ele>-13.199999809265137</ele>
      </trkpt>
      <trkpt lat="52.700144900009036" lon="6.003088457509875">
        <ele>-13.199999809265137</ele>
      </trkpt>
      <trkpt lat="52.70012989640236" lon="6.003074627369642">
        <ele>-13.199999809265137</ele>
      </trkpt>
      <trkpt lat="52.70011489279568" lon="6.003061551600695">
        <ele>-13.199999809265137</ele>
      </trkpt>
      <trkpt lat="52.70009905099869" lon="6.003047889098525">
        <ele>-13.399999618530273</ele>
      </trkpt>
      <trkpt lat="52.70008387975395" lon="6.003033807501197">
        <ele>-13.399999618530273</ele>
      </trkpt>
      <trkpt lat="52.700067199766636" lon="6.003021569922566">
        <ele>-13.399999618530273</ele>
      </trkpt>
      <trkpt lat="52.7000501845032" lon="6.003011846914887">
        <ele>-13.399999618530273</ele>
      </trkpt>
      <trkpt lat="52.700034845620394" lon="6.003002543002367">
        <ele>-13.399999618530273</ele>
      </trkpt>
      <trkpt lat="52.70002009347081" lon="6.002991646528244">
        <ele>-13.399999618530273</ele>
      </trkpt>
      <trkpt lat="52.70000483840704" lon="6.002982510253787">
        <ele>-13.600000381469727</ele>
      </trkpt>
      <trkpt lat="52.69999025389552" lon="6.0029711946845055">
        <ele>-13.800000190734863</ele>
      </trkpt>
      <trkpt lat="52.699974747374654" lon="6.00296407006681">
        <ele>-13.800000190734863</ele>
      </trkpt>
      <trkpt lat="52.699959659948945" lon="6.0029517486691475">
        <ele>-13.800000190734863</ele>
      </trkpt>
      <trkpt lat="52.69994440488517" lon="6.002941187471151">
        <ele>-13.800000190734863</ele>
      </trkpt>
      <trkpt lat="52.699929401278496" lon="6.002928866073489">
        <ele>-13.800000190734863</ele>
      </trkpt>
      <trkpt lat="52.699913224205375" lon="6.002920903265476">
        <ele>-13.600000381469727</ele>
      </trkpt>
      <trkpt lat="52.699898555874825" lon="6.002907073125243">
        <ele>-13.600000381469727</ele>
      </trkpt>
      <trkpt lat="52.69988304935396" lon="6.002898188307881">
        <ele>-13.600000381469727</ele>
      </trkpt>
      <trkpt lat="52.69986804574728" lon="6.00288787856698">
        <ele>-13.600000381469727</ele>
      </trkpt>
      <trkpt lat="52.69985295832157" lon="6.0028772335499525">
        <ele>-13.600000381469727</ele>
      </trkpt>
      <trkpt lat="52.699838038533926" lon="6.002865498885512">
        <ele>-13.600000381469727</ele>
      </trkpt>
      <trkpt lat="52.69982244819403" lon="6.0028542671352625">
        <ele>-13.800000190734863</ele>
      </trkpt>
      <trkpt lat="52.699807696044445" lon="6.002842700108886">
        <ele>-13.800000190734863</ele>
      </trkpt>
      <trkpt lat="52.69979311153293" lon="6.002831049263477">
        <ele>-13.800000190734863</ele>
      </trkpt>
      <trkpt lat="52.699778359383345" lon="6.002819482237101">
        <ele>-14.0</ele>
      </trkpt>
      <trkpt lat="52.69976436160505" lon="6.002807831391692">
        <ele>-14.0</ele>
      </trkpt>
      <trkpt lat="52.69975011236966" lon="6.002794001251459">
        <ele>-14.0</ele>
      </trkpt>
      <trkpt lat="52.69973401911557" lon="6.002782769501209">
        <ele>-14.0</ele>
      </trkpt>
      <trkpt lat="52.69971868023276" lon="6.002770783379674">
        <ele>-13.800000190734863</ele>
      </trkpt>
      <trkpt lat="52.69970241934061" lon="6.002759300172329">
        <ele>-13.399999618530273</ele>
      </trkpt>
      <trkpt lat="52.69968590699136" lon="6.00275008007884">
        <ele>-13.600000381469727</ele>
      </trkpt>
      <trkpt lat="52.69967056810856" lon="6.002738764509559">
        <ele>-13.399999618530273</ele>
      </trkpt>
      <trkpt lat="52.69965548068285" lon="6.002726778388023">
        <ele>-13.399999618530273</ele>
      </trkpt>
      <trkpt lat="52.69963821396232" lon="6.002716384828091">
        <ele>-13.199999809265137</ele>
      </trkpt>
      <trkpt lat="52.699620528146625" lon="6.002706745639443">
        <ele>-13.199999809265137</ele>
      </trkpt>
      <trkpt lat="52.699603512883186" lon="6.002697860822082">
        <ele>-13.199999809265137</ele>
      </trkpt>
      <trkpt lat="52.699590269476175" lon="6.002683779224753">
        <ele>-13.399999618530273</ele>
      </trkpt>
      <trkpt lat="52.69957568496466" lon="6.002669697627425">
        <ele>-13.399999618530273</ele>
      </trkpt>
      <trkpt lat="52.69956160336733" lon="6.0026616510003805">
        <ele>-13.399999618530273</ele>
      </trkpt>
      <trkpt lat="52.69954835996032" lon="6.0026495810598135">
        <ele>-13.600000381469727</ele>
      </trkpt>
      <trkpt lat="52.6995337754488" lon="6.002639019861817">
        <ele>-13.800000190734863</ele>
      </trkpt>
      <trkpt lat="52.69952061586082" lon="6.002625608816743">
        <ele>-13.600000381469727</ele>
      </trkpt>
      <trkpt lat="52.699507120996714" lon="6.002614628523588">
        <ele>-13.600000381469727</ele>
      </trkpt>
      <trkpt lat="52.69949220120907" lon="6.002604151144624">
        <ele>-13.800000190734863</ele>
      </trkpt>
      <trkpt lat="52.69947811961174" lon="6.002592332661152">
        <ele>-13.800000190734863</ele>
      </trkpt>
      <trkpt lat="52.699462696909904" lon="6.002580765634775">
        <ele>-13.600000381469727</ele>
      </trkpt>
      <trkpt lat="52.699448112398386" lon="6.002570455893874">
        <ele>-13.399999618530273</ele>
      </trkpt>
      <trkpt lat="52.69943277351558" lon="6.002560565248132">
        <ele>-13.600000381469727</ele>
      </trkpt>
      <trkpt lat="52.69941701553762" lon="6.002551093697548">
        <ele>-13.800000190734863</ele>
      </trkpt>
      <trkpt lat="52.699402179569006" lon="6.00254044868052">
        <ele>-13.800000190734863</ele>
      </trkpt>
      <trkpt lat="52.69938533194363" lon="6.0025308933109045">
        <ele>-13.800000190734863</ele>
      </trkpt>
      <trkpt lat="52.699367813766" lon="6.002523181959987">
        <ele>-13.600000381469727</ele>
      </trkpt>
      <trkpt lat="52.69935239106417" lon="6.002512956038117">
        <ele>-13.600000381469727</ele>
      </trkpt>
      <trkpt lat="52.69933579489589" lon="6.002503568306565">
        <ele>-13.600000381469727</ele>
      </trkpt>
      <trkpt lat="52.6993212942034" lon="6.002491917461157">
        <ele>-13.600000381469727</ele>
      </trkpt>
      <trkpt lat="52.69930670969188" lon="6.002479176968336">
        <ele>-13.399999618530273</ele>
      </trkpt>
      <trkpt lat="52.69929237663746" lon="6.002466939389706">
        <ele>-13.600000381469727</ele>
      </trkpt>
      <trkpt lat="52.69927770830691" lon="6.002453695982695">
        <ele>-13.600000381469727</ele>
      </trkpt>
      <trkpt lat="52.69926203414798" lon="6.00244221277535">
        <ele>-13.600000381469727</ele>
      </trkpt>
      <trkpt lat="52.69924686290324" lon="6.002429472282529">
        <ele>-13.600000381469727</ele>
      </trkpt>
      <trkpt lat="52.69923076964915" lon="6.002415558323264">
        <ele>-13.399999618530273</ele>
      </trkpt>
      <trkpt lat="52.69921568222344" lon="6.002401812002063">
        <ele>-13.600000381469727</ele>
      </trkpt>
      <trkpt lat="52.69919875077903" lon="6.002387562766671">
        <ele>-13.399999618530273</ele>
      </trkpt>
      <trkpt lat="52.6991833280772" lon="6.002372475340962">
        <ele>-13.399999618530273</ele>
      </trkpt>
      <trkpt lat="52.699168073013425" lon="6.002358561381698">
        <ele>-13.600000381469727</ele>
      </trkpt>
      <trkpt lat="52.699153488501906" lon="6.0023438930511475">
        <ele>-13.800000190734863</ele>
      </trkpt>
      <trkpt lat="52.69913764670491" lon="6.002328721806407">
        <ele>-13.800000190734863</ele>
      </trkpt>
      <trkpt lat="52.699122140184045" lon="6.002313299104571">
        <ele>-13.800000190734863</ele>
      </trkpt>
      <trkpt lat="52.69910780712962" lon="6.002297373488545">
        <ele>-13.800000190734863</ele>
      </trkpt>
      <trkpt lat="52.69909112714231" lon="6.002284130081534">
        <ele>-13.800000190734863</ele>
      </trkpt>
      <trkpt lat="52.69907729700208" lon="6.002267701551318">
        <ele>-13.800000190734863</ele>
      </trkpt>
      <trkpt lat="52.69906262867153" lon="6.0022531170398">
        <ele>-13.800000190734863</ele>
      </trkpt>
      <trkpt lat="52.699047457426786" lon="6.00223601795733">
        <ele>-13.800000190734863</ele>
      </trkpt>
      <trkpt lat="52.69902122206986" lon="6.002200562506914">
        <ele>-13.800000190734863</ele>
      </trkpt>
      <trkpt lat="52.69902122206986" lon="6.002200562506914">
        <ele>-13.800000190734863</ele>
      </trkpt>
      <trkpt lat="52.69900739192963" lon="6.002183631062508">
        <ele>-13.800000190734863</ele>
      </trkpt>
      <trkpt lat="52.69899339415133" lon="6.0021651070564985">
        <ele>-13.800000190734863</ele>
      </trkpt>
      <trkpt lat="52.69897973164916" lon="6.002147421240807">
        <ele>-13.800000190734863</ele>
      </trkpt>
      <trkpt lat="52.698965817689896" lon="6.002130741253495">
        <ele>-13.800000190734863</ele>
      </trkpt>
      <trkpt lat="52.69895299337804" lon="6.002113474532962">
        <ele>-13.800000190734863</ele>
      </trkpt>
      <trkpt lat="52.69893899559975" lon="6.002097548916936">
        <ele>-13.800000190734863</ele>
      </trkpt>
      <trkpt lat="52.69892533309758" lon="6.002080114558339">
        <ele>-13.800000190734863</ele>
      </trkpt>
      <trkpt lat="52.69891091622412" lon="6.002064608037472">
        <ele>-13.800000190734863</ele>
      </trkpt>
      <trkpt lat="52.69889918155968" lon="6.002049017697573">
        <ele>-13.600000381469727</ele>
      </trkpt>
      <trkpt lat="52.69888535141945" lon="6.002031834796071">
        <ele>-13.600000381469727</ele>
      </trkpt>
      <trkpt lat="52.698871437460184" lon="6.002015406265855">
        <ele>-13.600000381469727</ele>
      </trkpt>
      <trkpt lat="52.69885702058673" lon="6.001998307183385">
        <ele>-13.600000381469727</ele>
      </trkpt>
      <trkpt lat="52.698843693360686" lon="6.001981711015105">
        <ele>-13.600000381469727</ele>
      </trkpt>
      <trkpt lat="52.69882818683982" lon="6.001966372132301">
        <ele>-13.600000381469727</ele>
      </trkpt>
      <trkpt lat="52.69881318323314" lon="6.001950027421117">
        <ele>-13.600000381469727</ele>
      </trkpt>
      <trkpt lat="52.69879784435034" lon="6.001933598890901">
        <ele>-13.600000381469727</ele>
      </trkpt>
      <trkpt lat="52.6987826731056" lon="6.001916918903589">
        <ele>-13.600000381469727</ele>
      </trkpt>
      <trkpt lat="52.698767920956016" lon="6.001901077106595">
        <ele>-13.600000381469727</ele>
      </trkpt>
      <trkpt lat="52.698752246797085" lon="6.001885235309601">
        <ele>-13.600000381469727</ele>
      </trkpt>
      <trkpt lat="52.6987359020859" lon="6.001868890598416">
        <ele>-13.600000381469727</ele>
      </trkpt>
      <trkpt lat="52.69871888682246" lon="6.001853048801422">
        <ele>-13.800000190734863</ele>
      </trkpt>
      <trkpt lat="52.69870463758707" lon="6.001838715746999">
        <ele>-13.800000190734863</ele>
      </trkpt>
      <trkpt lat="52.69869055598974" lon="6.001819772645831">
        <ele>-13.800000190734863</ele>
      </trkpt>
      <trkpt lat="52.6986756362021" lon="6.0018020030111074">
        <ele>-13.800000190734863</ele>
      </trkpt>
      <trkpt lat="52.6986616384238" lon="6.001782976090908">
        <ele>-14.0</ele>
      </trkpt>
      <trkpt lat="52.69864730536938" lon="6.001765793189406">
        <ele>-13.800000190734863</ele>
      </trkpt>
      <trkpt lat="52.69863188266754" lon="6.001749029383063">
        <ele>-13.600000381469727</ele>
      </trkpt>
      <trkpt lat="52.69861721433699" lon="6.00173176266253">
        <ele>-13.399999618530273</ele>
      </trkpt>
      <trkpt lat="52.698602294549346" lon="6.0017127357423306">
        <ele>-13.399999618530273</ele>
      </trkpt>
      <trkpt lat="52.69858771003783" lon="6.001695217564702">
        <ele>-13.399999618530273</ele>
      </trkpt>
      <trkpt lat="52.69857228733599" lon="6.00167753174901">
        <ele>-13.399999618530273</ele>
      </trkpt>
      <trkpt lat="52.698558289557695" lon="6.001661941409111">
        <ele>-13.399999618530273</ele>
      </trkpt>
      <trkpt lat="52.69854236394167" lon="6.001646351069212">
        <ele>-13.199999809265137</ele>
      </trkpt>
      <trkpt lat="52.698527527973056" lon="6.00163109600544">
        <ele>-13.199999809265137</ele>
      </trkpt>
      <trkpt lat="52.69851252436638" lon="6.001613661646843">
        <ele>-13.199999809265137</ele>
      </trkpt>
      <trkpt lat="52.69849743694067" lon="6.001596814021468">
        <ele>-13.0</ele>
      </trkpt>
      <trkpt lat="52.698479667305946" lon="6.00157929584384">
        <ele>-13.0</ele>
      </trkpt>
      <trkpt lat="52.69846416078508" lon="6.001561190932989">
        <ele>-13.0</ele>
      </trkpt>
      <trkpt lat="52.69844865426421" lon="6.001543756574392">
        <ele>-13.199999809265137</ele>
      </trkpt>
      <trkpt lat="52.69843331538141" lon="6.0015263222157955">
        <ele>-13.399999618530273</ele>
      </trkpt>
      <trkpt lat="52.69841831177473" lon="6.001513581722975">
        <ele>-13.399999618530273</ele>
      </trkpt>
      <trkpt lat="52.69840305671096" lon="6.001498242840171">
        <ele>-13.399999618530273</ele>
      </trkpt>
      <trkpt lat="52.69838813692331" lon="6.00148307159543">
        <ele>-13.399999618530273</ele>
      </trkpt>
      <trkpt lat="52.69837623462081" lon="6.001468738541007">
        <ele>-13.199999809265137</ele>
      </trkpt>
      <trkpt lat="52.69836056046188" lon="6.001454573124647">
        <ele>-13.199999809265137</ele>
      </trkpt>
      <trkpt lat="52.69834463484585" lon="6.001441413536668">
        <ele>-13.0</ele>
      </trkpt>
      <trkpt lat="52.698326613754034" lon="6.001427751034498">
        <ele>-13.199999809265137</ele>
      </trkpt>
      <trkpt lat="52.69830976612866" lon="6.001414088532329">
        <ele>-13.199999809265137</ele>
      </trkpt>
      <trkpt lat="52.69829526543617" lon="6.001399252563715">
        <ele>-13.399999618530273</ele>
      </trkpt>
      <trkpt lat="52.698280178010464" lon="6.001381985843182">
        <ele>-13.600000381469727</ele>
      </trkpt>
      <trkpt lat="52.69826550967991" lon="6.001367149874568">
        <ele>-13.600000381469727</ele>
      </trkpt>
      <trkpt lat="52.69825100898743" lon="6.001349883154035">
        <ele>-13.600000381469727</ele>
      </trkpt>
      <trkpt lat="52.698234245181084" lon="6.001338651403785">
        <ele>-13.600000381469727</ele>
      </trkpt>
      <trkpt lat="52.69821882247925" lon="6.001323480159044">
        <ele>-13.600000381469727</ele>
      </trkpt>
      <trkpt lat="52.69820314832032" lon="6.001311829313636">
        <ele>-13.399999618530273</ele>
      </trkpt>
      <trkpt lat="52.69818722270429" lon="6.001298585906625">
        <ele>-13.399999618530273</ele>
      </trkpt>
      <trkpt lat="52.69817213527858" lon="6.00128467194736">
        <ele>-13.399999618530273</ele>
      </trkpt>
      <trkpt lat="52.69815629348159" lon="6.001270925626159">
        <ele>-13.199999809265137</ele>
      </trkpt>
      <trkpt lat="52.69813911058009" lon="6.001258352771401">
        <ele>-13.199999809265137</ele>
      </trkpt>
      <trkpt lat="52.6981227658689" lon="6.001243768259883">
        <ele>-13.199999809265137</ele>
      </trkpt>
      <trkpt lat="52.69810784608126" lon="6.001228597015142">
        <ele>-13.199999809265137</ele>
      </trkpt>
      <trkpt lat="52.69809292629361" lon="6.001213090494275">
        <ele>-13.399999618530273</ele>
      </trkpt>
      <trkpt lat="52.698077503591776" lon="6.0011976677924395">
        <ele>-13.399999618530273</ele>
      </trkpt>
      <trkpt lat="52.69806157797575" lon="6.001182748004794">
        <ele>-13.199999809265137</ele>
      </trkpt>
      <trkpt lat="52.698046155273914" lon="6.001168414950371">
        <ele>-13.199999809265137</ele>
      </trkpt>
      <trkpt lat="52.69803014583886" lon="6.0011546686291695">
        <ele>-13.199999809265137</ele>
      </trkpt>
      <trkpt lat="52.69801522605121" lon="6.00114201195538">
        <ele>-13.199999809265137</ele>
      </trkpt>
      <trkpt lat="52.69799837842584" lon="6.001129942014813">
        <ele>-13.0</ele>
      </trkpt>
      <trkpt lat="52.69798278808594" lon="6.001117117702961">
        <ele>-13.0</ele>
      </trkpt>
      <trkpt lat="52.69796585664153" lon="6.001105802133679">
        <ele>-12.800000190734863</ele>
      </trkpt>
      <trkpt lat="52.69794984720647" lon="6.001094151288271">
        <ele>-12.800000190734863</ele>
      </trkpt>
      <trkpt lat="52.697932748124" lon="6.001083506271243">
        <ele>-12.800000190734863</ele>
      </trkpt>
      <trkpt lat="52.69791699014604" lon="6.001069508492947">
        <ele>-13.0</ele>
      </trkpt>
      <trkpt lat="52.697900561615825" lon="6.001057690009475">
        <ele>-13.0</ele>
      </trkpt>
      <trkpt lat="52.69788555800915" lon="6.001042602583766">
        <ele>-13.0</ele>
      </trkpt>
      <trkpt lat="52.697867369279265" lon="6.0010315384715796">
        <ele>-13.199999809265137</ele>
      </trkpt>
      <trkpt lat="52.69785052165389" lon="6.001018462702632">
        <ele>-13.199999809265137</ele>
      </trkpt>
      <trkpt lat="52.697834679856896" lon="6.001005554571748">
        <ele>-13.199999809265137</ele>
      </trkpt>
      <trkpt lat="52.69781766459346" lon="6.000993316993117">
        <ele>-13.199999809265137</ele>
      </trkpt>
      <trkpt lat="52.697802325710654" lon="6.000978229567409">
        <ele>-13.199999809265137</ele>
      </trkpt>
      <trkpt lat="52.697786735370755" lon="6.000963477417827">
        <ele>-13.199999809265137</ele>
      </trkpt>
      <trkpt lat="52.69777122884989" lon="6.00095241330564">
        <ele>-13.199999809265137</ele>
      </trkpt>
      <trkpt lat="52.697755470871925" lon="6.000939840450883">
        <ele>-13.199999809265137</ele>
      </trkpt>
      <trkpt lat="52.6977377012372" lon="6.000927099958062">
        <ele>-13.199999809265137</ele>
      </trkpt>
      <trkpt lat="52.697722781449556" lon="6.000916874036193">
        <ele>-13.199999809265137</ele>
      </trkpt>
      <trkpt lat="52.69770383834839" lon="6.000906564295292">
        <ele>-13.199999809265137</ele>
      </trkpt>
      <trkpt lat="52.6976893376559" lon="6.000891393050551">
        <ele>-13.199999809265137</ele>
      </trkpt>
      <trkpt lat="52.697674334049225" lon="6.000880412757397">
        <ele>-13.399999618530273</ele>
      </trkpt>
      <trkpt lat="52.697659749537706" lon="6.000867672264576">
        <ele>-13.399999618530273</ele>
      </trkpt>
      <trkpt lat="52.69764197990298" lon="6.000855686143041">
        <ele>-13.399999618530273</ele>
      </trkpt>
      <trkpt lat="52.69762362353504" lon="6.000844622030854">
        <ele>-13.199999809265137</ele>
      </trkpt>
      <trkpt lat="52.69760719500482" lon="6.00083121098578">
        <ele>-13.199999809265137</ele>
      </trkpt>
      <trkpt lat="52.697591772302985" lon="6.000820146873593">
        <ele>-13.199999809265137</ele>
      </trkpt>
      <trkpt lat="52.697573751211166" lon="6.000806903466582">
        <ele>-13.199999809265137</ele>
      </trkpt>
      <trkpt lat="52.69755698740482" lon="6.000794330611825">
        <ele>-13.199999809265137</ele>
      </trkpt>
      <trkpt lat="52.697541480883956" lon="6.000780584290624">
        <ele>-13.199999809265137</ele>
      </trkpt>
      <trkpt lat="52.69752538762987" lon="6.000768430531025">
        <ele>-12.800000190734863</ele>
      </trkpt>
      <trkpt lat="52.69751222804189" lon="6.000752002000809">
        <ele>-12.800000190734863</ele>
      </trkpt>
      <trkpt lat="52.69749806262553" lon="6.000736579298973">
        <ele>-12.600000381469727</ele>
      </trkpt>
      <trkpt lat="52.69748222082853" lon="6.000722665339708">
        <ele>-12.600000381469727</ele>
      </trkpt>
      <trkpt lat="52.697463780641556" lon="6.000710176303983">
        <ele>-12.600000381469727</ele>
      </trkpt>
      <trkpt lat="52.69744802266359" lon="6.000698776915669">
        <ele>-12.600000381469727</ele>
      </trkpt>
      <trkpt lat="52.697432013228536" lon="6.000685701146722">
        <ele>-12.600000381469727</ele>
      </trkpt>
      <trkpt lat="52.6974165905267" lon="6.000671871006489">
        <ele>-12.600000381469727</ele>
      </trkpt>
      <trkpt lat="52.6974025927484" lon="6.00065971724689">
        <ele>-12.800000190734863</ele>
      </trkpt>
      <trkpt lat="52.697385577484965" lon="6.000647731125355">
        <ele>-12.800000190734863</ele>
      </trkpt>
      <trkpt lat="52.69737174734473" lon="6.000631470233202">
        <ele>-12.800000190734863</ele>
      </trkpt>
      <trkpt lat="52.69735498353839" lon="6.000619903206825">
        <ele>-12.800000190734863</ele>
      </trkpt>
      <trkpt lat="52.697340650483966" lon="6.000604564324021">
        <ele>-12.800000190734863</ele>
      </trkpt>
      <trkpt lat="52.69732531160116" lon="6.00059081800282">
        <ele>-13.0</ele>
      </trkpt>
      <trkpt lat="52.69731039181352" lon="6.000575982034206">
        <ele>-13.0</ele>
      </trkpt>
      <trkpt lat="52.697295639663935" lon="6.000557960942388">
        <ele>-13.0</ele>
      </trkpt>
      <trkpt lat="52.697283402085304" lon="6.0005423706024885">
        <ele>-13.0</ele>
      </trkpt>
      <trkpt lat="52.69726772792637" lon="6.000526277348399">
        <ele>-13.0</ele>
      </trkpt>
      <trkpt lat="52.69725339487195" lon="6.000509010627866">
        <ele>-13.0</ele>
      </trkpt>
      <trkpt lat="52.6972387265414" lon="6.000488977879286">
        <ele>-13.0</ele>
      </trkpt>
      <trkpt lat="52.697225818410516" lon="6.000472800806165">
        <ele>-13.0</ele>
      </trkpt>
      <trkpt lat="52.69721274264157" lon="6.0004540253430605">
        <ele>-12.800000190734863</ele>
      </trkpt>
      <trkpt lat="52.697199331596494" lon="6.000436004251242">
        <ele>-12.800000190734863</ele>
      </trkpt>
      <trkpt lat="52.697183825075626" lon="6.00041831843555">
        <ele>-12.800000190734863</ele>
      </trkpt>
      <trkpt lat="52.69716924056411" lon="6.000402057543397">
        <ele>-12.800000190734863</ele>
      </trkpt>
      <trkpt lat="52.69715549424291" lon="6.000384790822864">
        <ele>-13.0</ele>
      </trkpt>
      <trkpt lat="52.6971419993788" lon="6.000368110835552">
        <ele>-13.0</ele>
      </trkpt>
      <trkpt lat="52.69712766632438" lon="6.0003503412008286">
        <ele>-13.0</ele>
      </trkpt>
      <trkpt lat="52.69711249507964" lon="6.000334918498993">
        <ele>-13.0</ele>
      </trkpt>
      <trkpt lat="52.697097826749086" lon="6.000317148864269">
        <ele>-13.0</ele>
      </trkpt>
      <trkpt lat="52.69708349369466" lon="6.000299211591482">
        <ele>-13.0</ele>
      </trkpt>
      <trkpt lat="52.69706916064024" lon="6.000281944870949">
        <ele>-13.0</ele>
      </trkpt>
      <trkpt lat="52.69705491140485" lon="6.000262917950749">
        <ele>-13.0</ele>
      </trkpt>
      <trkpt lat="52.69704191945493" lon="6.000243136659265">
        <ele>-12.800000190734863</ele>
      </trkpt>
      <trkpt lat="52.69702867604792" lon="6.000223690643907">
        <ele>-13.0</ele>
      </trkpt>
      <trkpt lat="52.69701492972672" lon="6.000201813876629">
        <ele>-12.800000190734863</ele>
      </trkpt>
      <trkpt lat="52.697001937776804" lon="6.000182032585144">
        <ele>-12.600000381469727</ele>
      </trkpt>
      <trkpt lat="52.69698894582689" lon="6.000163005664945">
        <ele>-12.600000381469727</ele>
      </trkpt>
      <trkpt lat="52.69697536714375" lon="6.000148002058268">
        <ele>-12.800000190734863</ele>
      </trkpt>
      <trkpt lat="52.69696304574609" lon="6.00013199262321">
        <ele>-12.800000190734863</ele>
      </trkpt>
      <trkpt lat="52.696950724348426" lon="6.000113552436233">
        <ele>-13.0</ele>
      </trkpt>
      <trkpt lat="52.696935553103685" lon="6.0000973753631115">
        <ele>-13.0</ele>
      </trkpt>
      <trkpt lat="52.69692155532539" lon="6.000079438090324">
        <ele>-13.0</ele>
      </trkpt>
      <trkpt lat="52.696906719356775" lon="6.0000640992075205">
        <ele>-13.0</ele>
      </trkpt>
      <trkpt lat="52.69689322449267" lon="6.000047083944082">
        <ele>-13.0</ele>
      </trkpt>
      <trkpt lat="52.69687780179083" lon="6.000029733404517">
        <ele>-13.0</ele>
      </trkpt>
      <trkpt lat="52.69686304964125" lon="6.000013221055269">
        <ele>-13.0</ele>
      </trkpt>
      <trkpt lat="52.69684888422489" lon="5.999997463077307">
        <ele>-12.800000190734863</ele>
      </trkpt>
      <trkpt lat="52.69683446735144" lon="5.999980112537742">
        <ele>-12.800000190734863</ele>
      </trkpt>
      <trkpt lat="52.69681845791638" lon="5.999963516369462">
        <ele>-12.800000190734863</ele>
      </trkpt>
      <trkpt lat="52.696804041042924" lon="5.999944405630231">
        <ele>-12.800000190734863</ele>
      </trkpt>
      <trkpt lat="52.69679079763591" lon="5.999928480014205">
        <ele>-12.800000190734863</ele>
      </trkpt>
      <trkpt lat="52.69677713513374" lon="5.999911380931735">
        <ele>-12.800000190734863</ele>
      </trkpt>
      <trkpt lat="52.69676296971738" lon="5.999894281849265">
        <ele>-12.800000190734863</ele>
      </trkpt>
      <trkpt lat="52.69674922339618" lon="5.9998769313097">
        <ele>-12.800000190734863</ele>
      </trkpt>
      <trkpt lat="52.696735644713044" lon="5.999860251322389">
        <ele>-12.800000190734863</ele>
      </trkpt>
      <trkpt lat="52.69672173075378" lon="5.999843571335077">
        <ele>-12.800000190734863</ele>
      </trkpt>
      <trkpt lat="52.696707313880324" lon="5.999827142804861">
        <ele>-12.600000381469727</ele>
      </trkpt>
      <trkpt lat="52.69669256173074" lon="5.999810546636581">
        <ele>-12.399999618530273</ele>
      </trkpt>
      <trkpt lat="52.69667831249535" lon="5.999795375391841">
        <ele>-12.399999618530273</ele>
      </trkpt>
      <trkpt lat="52.69666406325996" lon="5.999780036509037">
        <ele>-12.399999618530273</ele>
      </trkpt>
      <trkpt lat="52.69664889201522" lon="5.999765871092677">
        <ele>-12.399999618530273</ele>
      </trkpt>
      <trkpt lat="52.69663472659886" lon="5.999751873314381">
        <ele>-12.399999618530273</ele>
      </trkpt>
      <trkpt lat="52.69662014208734" lon="5.999734690412879">
        <ele>-12.399999618530273</ele>
      </trkpt>
      <trkpt lat="52.696606228128076" lon="5.999718848615885">
        <ele>-12.399999618530273</ele>
      </trkpt>
      <trkpt lat="52.696592481806874" lon="5.999704347923398">
        <ele>-12.399999618530273</ele>
      </trkpt>
      <trkpt lat="52.6965790707618" lon="5.999689009040594">
        <ele>-12.399999618530273</ele>
      </trkpt>
      <trkpt lat="52.69656431861222" lon="5.999675849452615">
        <ele>-12.199999809265137</ele>
      </trkpt>
      <trkpt lat="52.69654881209135" lon="5.999662941321731">
        <ele>-12.199999809265137</ele>
      </trkpt>
      <trkpt lat="52.69653347320855" lon="5.999648943543434">
        <ele>-12.199999809265137</ele>
      </trkpt>
      <trkpt lat="52.696518804877996" lon="5.999633772298694">
        <ele>-12.399999618530273</ele>
      </trkpt>
      <trkpt lat="52.69650430418551" lon="5.99961843341589">
        <ele>-12.399999618530273</ele>
      </trkpt>
      <trkpt lat="52.69648930057883" lon="5.999601501971483">
        <ele>-12.199999809265137</ele>
      </trkpt>
      <trkpt lat="52.69647538661957" lon="5.999586079269648">
        <ele>-12.199999809265137</ele>
      </trkpt>
      <trkpt lat="52.696461556479335" lon="5.999569064006209">
        <ele>-12.399999618530273</ele>
      </trkpt>
      <trkpt lat="52.69644873216748" lon="5.999553222209215">
        <ele>-12.600000381469727</ele>
      </trkpt>
      <trkpt lat="52.69643540494144" lon="5.999535704031587">
        <ele>-12.600000381469727</ele>
      </trkpt>
      <trkpt lat="52.6964202336967" lon="5.999519024044275">
        <ele>-12.600000381469727</ele>
      </trkpt>
      <trkpt lat="52.696405900642276" lon="5.999501757323742">
        <ele>-12.800000190734863</ele>
      </trkpt>
      <trkpt lat="52.69639232195914" lon="5.99948457442224">
        <ele>-12.800000190734863</ele>
      </trkpt>
      <trkpt lat="52.69637891091406" lon="5.999466050416231">
        <ele>-12.800000190734863</ele>
      </trkpt>
      <trkpt lat="52.69636650569737" lon="5.999450208619237">
        <ele>-12.800000190734863</ele>
      </trkpt>
      <trkpt lat="52.69635376520455" lon="5.999433947727084">
        <ele>-12.600000381469727</ele>
      </trkpt>
      <trkpt lat="52.696340354159474" lon="5.999418441206217">
        <ele>-12.199999809265137</ele>
      </trkpt>
      <trkpt lat="52.69632484763861" lon="5.999402180314064">
        <ele>-12.0</ele>
      </trkpt>
      <trkpt lat="52.696313029155135" lon="5.999389607459307">
        <ele>-12.0</ele>
      </trkpt>
      <trkpt lat="52.696300372481346" lon="5.999375274404883">
        <ele>-12.0</ele>
      </trkpt>
      <trkpt lat="52.69628897309303" lon="5.9993616957217455">
        <ele>-12.199999809265137</ele>
      </trkpt>
      <trkpt lat="52.69627598114312" lon="5.999346356838942">
        <ele>-12.600000381469727</ele>
      </trkpt>
      <trkpt lat="52.69626332446933" lon="5.999331856146455">
        <ele>-12.800000190734863</ele>
      </trkpt>
      <trkpt lat="52.6962510868907" lon="5.999315595254302">
        <ele>-13.0</ele>
      </trkpt>
      <trkpt lat="52.69623901695013" lon="5.999300088733435">
        <ele>-13.199999809265137</ele>
      </trkpt>
      <trkpt lat="52.696226527914405" lon="5.999284498393536">
        <ele>-13.0</ele>
      </trkpt>
      <trkpt lat="52.6962146256119" lon="5.999268656596541">
        <ele>-12.600000381469727</ele>
      </trkpt>
      <trkpt lat="52.69620196893811" lon="5.99925197660923">
        <ele>-12.399999618530273</ele>
      </trkpt>
      <trkpt lat="52.69618864171207" lon="5.999235548079014">
        <ele>-12.199999809265137</ele>
      </trkpt>
      <trkpt lat="52.696174727752805" lon="5.999219287186861">
        <ele>-12.199999809265137</ele>
      </trkpt>
      <trkpt lat="52.69616190344095" lon="5.99920554086566">
        <ele>-12.199999809265137</ele>
      </trkpt>
      <trkpt lat="52.69614941440523" lon="5.999191543087363">
        <ele>-12.199999809265137</ele>
      </trkpt>
      <trkpt lat="52.69613633863628" lon="5.9991776291280985">
        <ele>-12.199999809265137</ele>
      </trkpt>
      <trkpt lat="52.69612041302025" lon="5.999165307730436">
        <ele>-12.199999809265137</ele>
      </trkpt>
      <trkpt lat="52.69610557705164" lon="5.999155333265662">
        <ele>-12.399999618530273</ele>
      </trkpt>
      <trkpt lat="52.69608990289271" lon="5.999151226133108">
        <ele>-12.399999618530273</ele>
      </trkpt>
      <trkpt lat="52.69607448019087" lon="5.9991466999053955">
        <ele>-12.399999618530273</ele>
      </trkpt>
      <trkpt lat="52.696057464927435" lon="5.999147621914744">
        <ele>-12.600000381469727</ele>
      </trkpt>
      <trkpt lat="52.69604070112109" lon="5.999148292466998">
        <ele>-12.399999618530273</ele>
      </trkpt>
      <trkpt lat="52.696023769676685" lon="5.999151561409235">
        <ele>-12.399999618530273</ele>
      </trkpt>
      <trkpt lat="52.69600499421358" lon="5.99915667437017">
        <ele>-12.600000381469727</ele>
      </trkpt>
      <trkpt lat="52.69598739221692" lon="5.999161535874009">
        <ele>-12.600000381469727</ele>
      </trkpt>
      <trkpt lat="52.695970963686705" lon="5.999163715168834">
        <ele>-12.800000190734863</ele>
      </trkpt>
      <trkpt lat="52.69595269113779" lon="5.99916648119688">
        <ele>-12.800000190734863</ele>
      </trkpt>
      <trkpt lat="52.695936262607574" lon="5.999169247224927">
        <ele>-12.800000190734863</ele>
      </trkpt>
      <trkpt lat="52.69592008553445" lon="5.99917134270072">
        <ele>-12.800000190734863</ele>
      </trkpt>
      <trkpt lat="52.69590298645198" lon="5.999173438176513">
        <ele>-12.800000190734863</ele>
      </trkpt>
      <trkpt lat="52.69588563591242" lon="5.999176539480686">
        <ele>-12.800000190734863</ele>
      </trkpt>
      <trkpt lat="52.69586853682995" lon="5.999179808422923">
        <ele>-12.800000190734863</ele>
      </trkpt>
      <trkpt lat="52.69585051573813" lon="5.999183664098382">
        <ele>-12.800000190734863</ele>
      </trkpt>
      <trkpt lat="52.69583408720791" lon="5.9991896990686655">
        <ele>-12.800000190734863</ele>
      </trkpt>
      <trkpt lat="52.695816569030285" lon="5.9991988353431225">
        <ele>-12.800000190734863</ele>
      </trkpt>
      <trkpt lat="52.695799050852656" lon="5.999209815636277">
        <ele>-12.800000190734863</ele>
      </trkpt>
      <trkpt lat="52.69578446634114" lon="5.999221382662654">
        <ele>-12.800000190734863</ele>
      </trkpt>
      <trkpt lat="52.69576937891543" lon="5.999233704060316">
        <ele>-13.0</ele>
      </trkpt>
      <trkpt lat="52.69575479440391" lon="5.9992466121912">
        <ele>-13.0</ele>
      </trkpt>
      <trkpt lat="52.69574012607336" lon="5.999259436503053">
        <ele>-13.0</ele>
      </trkpt>
      <trkpt lat="52.69572478719056" lon="5.9992727637290955">
        <ele>-13.0</ele>
      </trkpt>
      <trkpt lat="52.6957103703171" lon="5.999284582212567">
        <ele>-13.199999809265137</ele>
      </trkpt>
      <trkpt lat="52.69569645635784" lon="5.999297825619578">
        <ele>-13.199999809265137</ele>
      </trkpt>
      <trkpt lat="52.69568229094148" lon="5.999311236664653">
        <ele>-13.0</ele>
      </trkpt>
      <trkpt lat="52.6956688798964" lon="5.999325569719076">
        <ele>-13.0</ele>
      </trkpt>
      <trkpt lat="52.69565404392779" lon="5.999338645488024">
        <ele>-12.800000190734863</ele>
      </trkpt>
      <trkpt lat="52.69563937559724" lon="5.999354403465986">
        <ele>-12.600000381469727</ele>
      </trkpt>
      <trkpt lat="52.695623533800244" lon="5.999366892501712">
        <ele>-12.600000381469727</ele>
      </trkpt>
      <trkpt lat="52.69560802727938" lon="5.999383321031928">
        <ele>-12.600000381469727</ele>
      </trkpt>
      <trkpt lat="52.695592353120446" lon="5.999400755390525">
        <ele>-12.600000381469727</ele>
      </trkpt>
      <trkpt lat="52.69557625986636" lon="5.999418692663312">
        <ele>-12.600000381469727</ele>
      </trkpt>
      <trkpt lat="52.69556041806936" lon="5.999434366822243">
        <ele>-12.600000381469727</ele>
      </trkpt>
      <trkpt lat="52.69554415717721" lon="5.999450124800205">
        <ele>-12.600000381469727</ele>
      </trkpt>
      <trkpt lat="52.695528734475374" lon="5.999462362378836">
        <ele>-12.600000381469727</ele>
      </trkpt>
      <trkpt lat="52.6955137308687" lon="5.999478287994862">
        <ele>-12.600000381469727</ele>
      </trkpt>
      <trkpt lat="52.69549839198589" lon="5.9994918666779995">
        <ele>-12.399999618530273</ele>
      </trkpt>
      <trkpt lat="52.69548305310309" lon="5.999508630484343">
        <ele>-12.399999618530273</ele>
      </trkpt>
      <trkpt lat="52.695468720048666" lon="5.999523466452956">
        <ele>-12.399999618530273</ele>
      </trkpt>
      <trkpt lat="52.695455476641655" lon="5.999538637697697">
        <ele>-12.399999618530273</ele>
      </trkpt>
      <trkpt lat="52.695439802482724" lon="5.999554479494691">
        <ele>-12.399999618530273</ele>
      </trkpt>
      <trkpt lat="52.695425134152174" lon="5.999568225815892">
        <ele>-12.399999618530273</ele>
      </trkpt>
      <trkpt lat="52.69541071727872" lon="5.999583648517728">
        <ele>-12.399999618530273</ele>
      </trkpt>
      <trkpt lat="52.695394372567534" lon="5.999598652124405">
        <ele>-12.600000381469727</ele>
      </trkpt>
      <trkpt lat="52.695380207151175" lon="5.99961256608367">
        <ele>-12.600000381469727</ele>
      </trkpt>
      <trkpt lat="52.69536193460226" lon="5.999626480042934">
        <ele>-12.600000381469727</ele>
      </trkpt>
      <trkpt lat="52.69534575752914" lon="5.999639974907041">
        <ele>-12.600000381469727</ele>
      </trkpt>
      <trkpt lat="52.69532924517989" lon="5.999650871381164">
        <ele>-12.800000190734863</ele>
      </trkpt>
      <trkpt lat="52.695312732830644" lon="5.999663695693016">
        <ele>-12.800000190734863</ele>
      </trkpt>
      <trkpt lat="52.6952943764627" lon="5.999673502519727">
        <ele>-12.600000381469727</ele>
      </trkpt>
      <trkpt lat="52.69527803175151" lon="5.999682638794184">
        <ele>-12.399999618530273</ele>
      </trkpt>
      <trkpt lat="52.69526269286871" lon="5.999687584117055">
        <ele>-12.399999618530273</ele>
      </trkpt>
      <trkpt lat="52.69524752162397" lon="5.999694457277656">
        <ele>-12.399999618530273</ele>
      </trkpt>
      <trkpt lat="52.69522983580828" lon="5.999699737876654">
        <ele>-12.399999618530273</ele>
      </trkpt>
      <trkpt lat="52.69521340727806" lon="5.999705269932747">
        <ele>-12.399999618530273</ele>
      </trkpt>
      <trkpt lat="52.69519572146237" lon="5.999708203598857">
        <ele>-12.399999618530273</ele>
      </trkpt>
      <trkpt lat="52.69517929293215" lon="5.999714406207204">
        <ele>-12.399999618530273</ele>
      </trkpt>
      <trkpt lat="52.69516160711646" lon="5.999718094244599">
        <ele>-12.399999618530273</ele>
      </trkpt>
      <trkpt lat="52.695144172757864" lon="5.999724380671978">
        <ele>-12.399999618530273</ele>
      </trkpt>
      <trkpt lat="52.69512506201863" lon="5.999729577451944">
        <ele>-12.399999618530273</ele>
      </trkpt>
      <trkpt lat="52.69510720856488" lon="5.9997339360415936">
        <ele>-12.399999618530273</ele>
      </trkpt>
      <trkpt lat="52.695089438930154" lon="5.9997366182506084">
        <ele>-12.399999618530273</ele>
      </trkpt>
      <trkpt lat="52.695071836933494" lon="5.9997430723160505">
        <ele>-12.399999618530273</ele>
      </trkpt>
      <trkpt lat="52.695054737851024" lon="5.999747682362795">
        <ele>-12.399999618530273</ele>
      </trkpt>
      <trkpt lat="52.69503730349243" lon="5.999753549695015">
        <ele>-12.399999618530273</ele>
      </trkpt>
      <trkpt lat="52.69501886330545" lon="5.999758830294013">
        <ele>-12.600000381469727</ele>
      </trkpt>
      <trkpt lat="52.69500142894685" lon="5.999763775616884">
        <ele>-12.600000381469727</ele>
      </trkpt>
      <trkpt lat="52.69498324021697" lon="5.999768218025565">
        <ele>-12.600000381469727</ele>
      </trkpt>
      <trkpt lat="52.69496421329677" lon="5.9997734148055315">
        <ele>-12.600000381469727</ele>
      </trkpt>
      <trkpt lat="52.694946359843016" lon="5.999777941033244">
        <ele>-12.800000190734863</ele>
      </trkpt>
      <trkpt lat="52.694927752017975" lon="5.99978213198483">
        <ele>-12.600000381469727</ele>
      </trkpt>
      <trkpt lat="52.69491031765938" lon="5.999785400927067">
        <ele>-12.600000381469727</ele>
      </trkpt>
      <trkpt lat="52.69489330239594" lon="5.999787915498018">
        <ele>-12.600000381469727</ele>
      </trkpt>
      <trkpt lat="52.69487637095153" lon="5.999790849164128">
        <ele>-12.600000381469727</ele>
      </trkpt>
      <trkpt lat="52.69485868513584" lon="5.999794118106365">
        <ele>-12.399999618530273</ele>
      </trkpt>
      <trkpt lat="52.69484234042466" lon="5.9997952077537775">
        <ele>-12.399999618530273</ele>
      </trkpt>
      <trkpt lat="52.6948263309896" lon="5.999798811972141">
        <ele>-12.399999618530273</ele>
      </trkpt>
      <trkpt lat="52.694810908287764" lon="5.9998026676476">
        <ele>-12.199999809265137</ele>
      </trkpt>
      <trkpt lat="52.69479364156723" lon="5.999805936589837">
        <ele>-12.199999809265137</ele>
      </trkpt>
      <trkpt lat="52.694776793941855" lon="5.999808618798852">
        <ele>-12.199999809265137</ele>
      </trkpt>
      <trkpt lat="52.69475944340229" lon="5.999811049550772">
        <ele>-12.199999809265137</ele>
      </trkpt>
      <trkpt lat="52.69474276341498" lon="5.999811301007867">
        <ele>-12.199999809265137</ele>
      </trkpt>
      <trkpt lat="52.694724490866065" lon="5.999814737588167">
        <ele>-12.199999809265137</ele>
      </trkpt>
      <trkpt lat="52.69470672123134" lon="5.999819599092007">
        <ele>-12.199999809265137</ele>
      </trkpt>
      <trkpt lat="52.694689370691776" lon="5.9998255502432585">
        <ele>-12.399999618530273</ele>
      </trkpt>
      <trkpt lat="52.69467143341899" lon="5.999830663204193">
        <ele>-12.399999618530273</ele>
      </trkpt>
      <trkpt lat="52.694652155041695" lon="5.999838039278984">
        <ele>-12.600000381469727</ele>
      </trkpt>
      <trkpt lat="52.69463304430246" lon="5.999845499172807">
        <ele>-12.399999618530273</ele>
      </trkpt>
      <trkpt lat="52.69461611285806" lon="5.999853042885661">
        <ele>-12.600000381469727</ele>
      </trkpt>
      <trkpt lat="52.69459867849946" lon="5.999858658760786">
        <ele>-12.600000381469727</ele>
      </trkpt>
      <trkpt lat="52.694581830874085" lon="5.99986226297915">
        <ele>-12.800000190734863</ele>
      </trkpt>
      <trkpt lat="52.694565234705806" lon="5.999867711216211">
        <ele>-12.600000381469727</ele>
      </trkpt>
      <trkpt lat="52.6945467106998" lon="5.9998708963394165">
        <ele>-12.800000190734863</ele>
      </trkpt>
      <trkpt lat="52.694528605788946" lon="5.999876596033573">
        <ele>-12.800000190734863</ele>
      </trkpt>
      <trkpt lat="52.694510249421" lon="5.99988036789">
        <ele>-12.800000190734863</ele>
      </trkpt>
      <trkpt lat="52.694493904709816" lon="5.999884307384491">
        <ele>-12.800000190734863</ele>
      </trkpt>
      <trkpt lat="52.69447714090347" lon="5.99988766014576">
        <ele>-12.800000190734863</ele>
      </trkpt>
      <trkpt lat="52.69445937126875" lon="5.999893024563789">
        <ele>-12.600000381469727</ele>
      </trkpt>
      <trkpt lat="52.694441014900804" lon="5.999898808076978">
        <ele>-12.600000381469727</ele>
      </trkpt>
      <trkpt lat="52.69442467018962" lon="5.9999029990285635">
        <ele>-12.600000381469727</ele>
      </trkpt>
      <trkpt lat="52.694408409297466" lon="5.999906016513705">
        <ele>-12.600000381469727</ele>
      </trkpt>
      <trkpt lat="52.69439239986241" lon="5.999910291284323">
        <ele>-12.600000381469727</ele>
      </trkpt>
      <trkpt lat="52.69437488168478" lon="5.999912889674306">
        <ele>-12.600000381469727</ele>
      </trkpt>
      <trkpt lat="52.694358956068754" lon="5.999915907159448">
        <ele>-12.399999618530273</ele>
      </trkpt>
      <trkpt lat="52.69434202462435" lon="5.999917667359114">
        <ele>-12.399999618530273</ele>
      </trkpt>
      <trkpt lat="52.69432618282735" lon="5.99992043338716">
        <ele>-12.399999618530273</ele>
      </trkpt>
      <trkpt lat="52.69430941902101" lon="5.9999212715774775">
        <ele>-12.399999618530273</ele>
      </trkpt>
      <trkpt lat="52.694292571395636" lon="5.999924540519714">
        <ele>-12.399999618530273</ele>
      </trkpt>
      <trkpt lat="52.694275472313166" lon="5.9999287314713">
        <ele>-12.399999618530273</ele>
      </trkpt>
      <trkpt lat="52.69425803795457" lon="5.999930743128061">
        <ele>-12.199999809265137</ele>
      </trkpt>
      <trkpt lat="52.69424110651016" lon="5.999931413680315">
        <ele>-12.0</ele>
      </trkpt>
      <trkpt lat="52.694225180894136" lon="5.999931916594505">
        <ele>-12.0</ele>
      </trkpt>
      <trkpt lat="52.69420917145908" lon="5.999930407851934">
        <ele>-12.199999809265137</ele>
      </trkpt>
      <trkpt lat="52.69419173710048" lon="5.999931246042252">
        <ele>-12.199999809265137</ele>
      </trkpt>
      <trkpt lat="52.694175308570266" lon="5.999931916594505">
        <ele>-12.199999809265137</ele>
      </trkpt>
      <trkpt lat="52.69415737129748" lon="5.999934347346425">
        <ele>-12.399999618530273</ele>
      </trkpt>
      <trkpt lat="52.69414211623371" lon="5.999936023727059">
        <ele>-12.399999618530273</ele>
      </trkpt>
      <trkpt lat="52.694125436246395" lon="5.999936359003186">
        <ele>-12.399999618530273</ele>
      </trkpt>
      <trkpt lat="52.694109259173274" lon="5.999940298497677">
        <ele>-12.399999618530273</ele>
      </trkpt>
      <trkpt lat="52.69409207627177" lon="5.999943483620882">
        <ele>-12.399999618530273</ele>
      </trkpt>
      <trkpt lat="52.694075144827366" lon="5.999946836382151">
        <ele>-12.399999618530273</ele>
      </trkpt>
      <trkpt lat="52.694057961925864" lon="5.999949015676975">
        <ele>-12.399999618530273</ele>
      </trkpt>
      <trkpt lat="52.69404178485274" lon="5.999951278790832">
        <ele>-12.199999809265137</ele>
      </trkpt>
      <trkpt lat="52.69402409903705" lon="5.999953541904688">
        <ele>-12.199999809265137</ele>
      </trkpt>
      <trkpt lat="52.694007670506835" lon="5.999955050647259">
        <ele>-12.399999618530273</ele>
      </trkpt>
      <trkpt lat="52.6939904037863" lon="5.999955469742417">
        <ele>-12.399999618530273</ele>
      </trkpt>
      <trkpt lat="52.69397414289415" lon="5.999955637380481">
        <ele>-12.399999618530273</ele>
      </trkpt>
      <trkpt lat="52.69395771436393" lon="5.999956727027893">
        <ele>-12.399999618530273</ele>
      </trkpt>
      <trkpt lat="52.69394053146243" lon="5.999956727027893">
        <ele>-12.399999618530273</ele>
      </trkpt>
      <trkpt lat="52.693924102932215" lon="5.999956140294671">
        <ele>-12.399999618530273</ele>
      </trkpt>
      <trkpt lat="52.69390759058297" lon="5.999954799190164">
        <ele>-12.399999618530273</ele>
      </trkpt>
      <trkpt lat="52.693888479843736" lon="5.999955218285322">
        <ele>-12.399999618530273</ele>
      </trkpt>
      <trkpt lat="52.69387112930417" lon="5.99995655938983">
        <ele>-12.399999618530273</ele>
      </trkpt>
      <trkpt lat="52.69385319203138" lon="5.9999586548656225">
        <ele>-12.399999618530273</ele>
      </trkpt>
      <trkpt lat="52.69383559003472" lon="5.999958151951432">
        <ele>-12.399999618530273</ele>
      </trkpt>
      <trkpt lat="52.69381874240935" lon="5.99996049888432">
        <ele>-12.399999618530273</ele>
      </trkpt>
      <trkpt lat="52.693801894783974" lon="5.999961588531733">
        <ele>-12.600000381469727</ele>
      </trkpt>
      <trkpt lat="52.69378521479666" lon="5.999963181093335">
        <ele>-12.399999618530273</ele>
      </trkpt>
      <trkpt lat="52.69376912154257" lon="5.999966785311699">
        <ele>-12.800000190734863</ele>
      </trkpt>
      <trkpt lat="52.69375344738364" lon="5.999969718977809">
        <ele>-12.800000190734863</ele>
      </trkpt>
      <trkpt lat="52.693736515939236" lon="5.999973155558109">
        <ele>-13.0</ele>
      </trkpt>
      <trkpt lat="52.69372117705643" lon="5.999979022890329">
        <ele>-12.800000190734863</ele>
      </trkpt>
      <trkpt lat="52.6937039103359" lon="5.999985057860613">
        <ele>-12.800000190734863</ele>
      </trkpt>
      <trkpt lat="52.69368790090084" lon="5.999989751726389">
        <ele>-12.800000190734863</ele>
      </trkpt>
      <trkpt lat="52.69367130473256" lon="5.999994361773133">
        <ele>-12.800000190734863</ele>
      </trkpt>
      <trkpt lat="52.6936552952975" lon="6.000002324581146">
        <ele>-12.800000190734863</ele>
      </trkpt>
      <trkpt lat="52.6936383638531" lon="6.0000102035701275">
        <ele>-12.800000190734863</ele>
      </trkpt>
      <trkpt lat="52.69362134858966" lon="6.000016741454601">
        <ele>-12.800000190734863</ele>
      </trkpt>
      <trkpt lat="52.69360885955393" lon="6.0000252071768045">
        <ele>-12.800000190734863</ele>
      </trkpt>
      <trkpt lat="52.69359779544175" lon="6.0000319965183735">
        <ele>-12.800000190734863</ele>
      </trkpt>
      <trkpt lat="52.69358765333891" lon="6.000036355108023">
        <ele>-12.600000381469727</ele>
      </trkpt>
      <trkpt lat="52.69357826560736" lon="6.000041048973799">
        <ele>-12.600000381469727</ele>
      </trkpt>
      <trkpt lat="52.69357021898031" lon="6.000043815001845">
        <ele>-12.800000190734863</ele>
      </trkpt>
      <trkpt lat="52.69356426782906" lon="6.00004649721086">
        <ele>-12.800000190734863</ele>
      </trkpt>
      <trkpt lat="52.69355999305844" lon="6.00004892796278">
        <ele>-12.800000190734863</ele>
      </trkpt>
      <trkpt lat="52.6935553830117" lon="6.000049598515034">
        <ele>-13.0</ele>
      </trkpt>
      <trkpt lat="52.69354993477464" lon="6.000051610171795">
        <ele>-13.0</ele>
      </trkpt>
      <trkpt lat="52.69354599528015" lon="6.000055801123381">
        <ele>-13.0</ele>
      </trkpt>
      <trkpt lat="52.69354079850018" lon="6.000058986246586">
        <ele>-13.0</ele>
      </trkpt>
      <trkpt lat="52.69353551790118" lon="6.000062087550759">
        <ele>-13.199999809265137</ele>
      </trkpt>
      <trkpt lat="52.6935310754925" lon="6.000063931569457">
        <ele>-13.199999809265137</ele>
      </trkpt>
      <trkpt lat="52.69352613016963" lon="6.000065105035901">
        <ele>-13.199999809265137</ele>
      </trkpt>
      <trkpt lat="52.69352026283741" lon="6.000066781416535">
        <ele>-13.0</ele>
      </trkpt>
      <trkpt lat="52.69351456314325" lon="6.000070217996836">
        <ele>-13.0</ele>
      </trkpt>
      <trkpt lat="52.693508611992" lon="6.000074241310358">
        <ele>-13.0</ele>
      </trkpt>
      <trkpt lat="52.69350282847881" lon="6.000077174976468">
        <ele>-12.800000190734863</ele>
      </trkpt>
      <trkpt lat="52.69349771551788" lon="6.000080024823546">
        <ele>-12.600000381469727</ele>
      </trkpt>
      <trkpt lat="52.69349277019501" lon="6.000083712860942">
        <ele>-12.600000381469727</ele>
      </trkpt>
      <trkpt lat="52.69348807632923" lon="6.000085975974798">
        <ele>-12.399999618530273</ele>
      </trkpt>
      <trkpt lat="52.69348355010152" lon="6.000087819993496">
        <ele>-12.600000381469727</ele>
      </trkpt>
      <trkpt lat="52.69347919151187" lon="6.000089664012194">
        <ele>-12.600000381469727</ele>
      </trkpt>
      <trkpt lat="52.69347533583641" lon="6.000092681497335">
        <ele>-12.600000381469727</ele>
      </trkpt>
      <trkpt lat="52.6934708096087" lon="6.000094190239906">
        <ele>-12.399999618530273</ele>
      </trkpt>
      <trkpt lat="52.69346653483808" lon="6.000095950439572">
        <ele>-12.399999618530273</ele>
      </trkpt>
      <trkpt lat="52.69346351735294" lon="6.000095866620541">
        <ele>-12.600000381469727</ele>
      </trkpt>
      <trkpt lat="52.69346033222973" lon="6.00009486079216">
        <ele>-12.600000381469727</ele>
      </trkpt>
      <trkpt lat="52.6934568118304" lon="6.000096034258604">
        <ele>-12.800000190734863</ele>
      </trkpt>
      <trkpt lat="52.693452117964625" lon="6.000097878277302">
        <ele>-12.800000190734863</ele>
      </trkpt>
      <trkpt lat="52.69344734027982" lon="6.000101650133729">
        <ele>-12.800000190734863</ele>
      </trkpt>
      <trkpt lat="52.6934414729476" lon="6.000105673447251">
        <ele>-12.800000190734863</ele>
      </trkpt>
      <trkpt lat="52.693433593958616" lon="6.000109110027552">
        <ele>-12.800000190734863</ele>
      </trkpt>
      <trkpt lat="52.69342269748449" lon="6.000114222988486">
        <ele>-12.800000190734863</ele>
      </trkpt>
      <trkpt lat="52.69341330975294" lon="6.0001215152442455">
        <ele>-12.800000190734863</ele>
      </trkpt>
      <trkpt lat="52.69340098835528" lon="6.000128388404846">
        <ele>-12.800000190734863</ele>
      </trkpt>
      <trkpt lat="52.69338875077665" lon="6.000136937946081">
        <ele>-12.800000190734863</ele>
      </trkpt>
      <trkpt lat="52.693376345559955" lon="6.000148672610521">
        <ele>-12.800000190734863</ele>
      </trkpt>
      <trkpt lat="52.69336159341037" lon="6.000158479437232">
        <ele>-12.800000190734863</ele>
      </trkpt>
      <trkpt lat="52.69334575161338" lon="6.000168286263943">
        <ele>-12.800000190734863</ele>
      </trkpt>
      <trkpt lat="52.69333351403475" lon="6.000176751986146">
        <ele>-12.800000190734863</ele>
      </trkpt>
      <trkpt lat="52.693320102989674" lon="6.000188821926713">
        <ele>-12.800000190734863</ele>
      </trkpt>
      <trkpt lat="52.693307027220726" lon="6.000200640410185">
        <ele>-12.600000381469727</ele>
      </trkpt>
      <trkpt lat="52.69329344853759" lon="6.000212877988815">
        <ele>-12.399999618530273</ele>
      </trkpt>
      <trkpt lat="52.69327945075929" lon="6.000223271548748">
        <ele>-12.399999618530273</ele>
      </trkpt>
      <trkpt lat="52.69326436333358" lon="6.000233748927712">
        <ele>-12.199999809265137</ele>
      </trkpt>
      <trkpt lat="52.69324810244143" lon="6.000247159972787">
        <ele>-12.199999809265137</ele>
      </trkpt>
      <trkpt lat="52.693232176825404" lon="6.000261073932052">
        <ele>-12.199999809265137</ele>
      </trkpt>
      <trkpt lat="52.693215245381" lon="6.000275909900665">
        <ele>-12.199999809265137</ele>
      </trkpt>
      <trkpt lat="52.69320133142173" lon="6.000289237126708">
        <ele>-12.199999809265137</ele>
      </trkpt>
      <trkpt lat="52.69318649545312" lon="6.000304073095322">
        <ele>-12.199999809265137</ele>
      </trkpt>
      <trkpt lat="52.693169144913554" lon="6.000316981226206">
        <ele>-12.199999809265137</ele>
      </trkpt>
      <trkpt lat="52.69315070472658" lon="6.000327877700329">
        <ele>-12.399999618530273</ele>
      </trkpt>
      <trkpt lat="52.693134527653456" lon="6.000340534374118">
        <ele>-12.600000381469727</ele>
      </trkpt>
      <trkpt lat="52.69311860203743" lon="6.000354448333383">
        <ele>-12.600000381469727</ele>
      </trkpt>
      <trkpt lat="52.69310200586915" lon="6.0003662668168545">
        <ele>-12.600000381469727</ele>
      </trkpt>
      <trkpt lat="52.69308582879603" lon="6.000377582386136">
        <ele>-12.600000381469727</ele>
      </trkpt>
      <trkpt lat="52.693070909008384" lon="6.000391077250242">
        <ele>-12.600000381469727</ele>
      </trkpt>
      <trkpt lat="52.69303997978568" lon="6.000419072806835">
        <ele>-12.600000381469727</ele>
      </trkpt>
      <trkpt lat="52.69303997978568" lon="6.000419072806835">
        <ele>-12.399999618530273</ele>
      </trkpt>
      <trkpt lat="52.693024557083845" lon="6.00043248385191">
        <ele>-12.600000381469727</ele>
      </trkpt>
      <trkpt lat="52.69300980493426" lon="6.000445140525699">
        <ele>-12.600000381469727</ele>
      </trkpt>
      <trkpt lat="52.69299270585179" lon="6.000457797199488">
        <ele>-12.800000190734863</ele>
      </trkpt>
      <trkpt lat="52.69297728314996" lon="6.000471208244562">
        <ele>-12.800000190734863</ele>
      </trkpt>
      <trkpt lat="52.69296093843877" lon="6.000484535470605">
        <ele>-12.600000381469727</ele>
      </trkpt>
      <trkpt lat="52.69294526427984" lon="6.000496856868267">
        <ele>-12.600000381469727</ele>
      </trkpt>
      <trkpt lat="52.6929285004735" lon="6.000508004799485">
        <ele>-12.399999618530273</ele>
      </trkpt>
      <trkpt lat="52.69291182048619" lon="6.000520074740052">
        <ele>-12.399999618530273</ele>
      </trkpt>
      <trkpt lat="52.692896062508225" lon="6.000530384480953">
        <ele>-12.399999618530273</ele>
      </trkpt>
      <trkpt lat="52.69288131035864" lon="6.000543963164091">
        <ele>-12.399999618530273</ele>
      </trkpt>
      <trkpt lat="52.692866390571" lon="6.000555865466595">
        <ele>-12.399999618530273</ele>
      </trkpt>
      <trkpt lat="52.69285021349788" lon="6.000569695606828">
        <ele>-12.399999618530273</ele>
      </trkpt>
      <trkpt lat="52.69283512607217" lon="6.000582771375775">
        <ele>-12.600000381469727</ele>
      </trkpt>
      <trkpt lat="52.69282003864646" lon="6.000595344230533">
        <ele>-12.800000190734863</ele>
      </trkpt>
      <trkpt lat="52.6928058732301" lon="6.000605821609497">
        <ele>-12.800000190734863</ele>
      </trkpt>
      <trkpt lat="52.69278969615698" lon="6.000616131350398">
        <ele>-13.0</ele>
      </trkpt>
      <trkpt lat="52.69277360290289" lon="6.000627027824521">
        <ele>-12.800000190734863</ele>
      </trkpt>
      <trkpt lat="52.69275642000139" lon="6.000637169927359">
        <ele>-12.800000190734863</ele>
      </trkpt>
      <trkpt lat="52.692741164937615" lon="6.0006478149443865">
        <ele>-12.800000190734863</ele>
      </trkpt>
      <trkpt lat="52.6927247364074" lon="6.0006592981517315">
        <ele>-12.800000190734863</ele>
      </trkpt>
      <trkpt lat="52.69270897842944" lon="6.000673631206155">
        <ele>-12.600000381469727</ele>
      </trkpt>
      <trkpt lat="52.692691963166" lon="6.00068612024188">
        <ele>-12.600000381469727</ele>
      </trkpt>
      <trkpt lat="52.69267536699772" lon="6.000696932896972">
        <ele>-12.600000381469727</ele>
      </trkpt>
      <trkpt lat="52.692658603191376" lon="6.000707577914">
        <ele>-12.600000381469727</ele>
      </trkpt>
      <trkpt lat="52.69264259375632" lon="6.000719899311662">
        <ele>-12.600000381469727</ele>
      </trkpt>
      <trkpt lat="52.69262608140707" lon="6.000734148547053">
        <ele>-12.600000381469727</ele>
      </trkpt>
      <trkpt lat="52.69261099398136" lon="6.000750660896301">
        <ele>-12.600000381469727</ele>
      </trkpt>
      <trkpt lat="52.69259565509856" lon="6.000764323398471">
        <ele>-12.600000381469727</ele>
      </trkpt>
      <trkpt lat="52.69258014857769" lon="6.000776560977101">
        <ele>-12.600000381469727</ele>
      </trkpt>
      <trkpt lat="52.69256455823779" lon="6.000786786898971">
        <ele>-12.600000381469727</ele>
      </trkpt>
      <trkpt lat="52.69254997372627" lon="6.000798856839538">
        <ele>-12.600000381469727</ele>
      </trkpt>
      <trkpt lat="52.692534467205405" lon="6.000810591503978">
        <ele>-12.600000381469727</ele>
      </trkpt>
      <trkpt lat="52.69251996651292" lon="6.000824589282274">
        <ele>-12.600000381469727</ele>
      </trkpt>
      <trkpt lat="52.69250496290624" lon="6.000835653394461">
        <ele>-12.600000381469727</ele>
      </trkpt>
      <trkpt lat="52.69248920492828" lon="6.000848226249218">
        <ele>-12.399999618530273</ele>
      </trkpt>
      <trkpt lat="52.692472357302904" lon="6.00086004473269">
        <ele>-12.399999618530273</ele>
      </trkpt>
      <trkpt lat="52.69245618022978" lon="6.000872785225511">
        <ele>-12.600000381469727</ele>
      </trkpt>
      <trkpt lat="52.692440170794725" lon="6.000884938985109">
        <ele>-12.399999618530273</ele>
      </trkpt>
      <trkpt lat="52.69242382608354" lon="6.000898014754057">
        <ele>-12.600000381469727</ele>
      </trkpt>
      <trkpt lat="52.69239583052695" lon="6.000920981168747">
        <ele>-12.800000190734863</ele>
      </trkpt>
      <trkpt lat="52.69239583052695" lon="6.000920981168747">
        <ele>-12.800000190734863</ele>
      </trkpt>
      <trkpt lat="52.692380575463176" lon="6.00093187764287">
        <ele>-13.0</ele>
      </trkpt>
      <trkpt lat="52.69236423075199" lon="6.000942271202803">
        <ele>-13.0</ele>
      </trkpt>
      <trkpt lat="52.692348808050156" lon="6.00095534697175">
        <ele>-12.800000190734863</ele>
      </trkpt>
      <trkpt lat="52.69233330152929" lon="6.000966411083937">
        <ele>-12.800000190734863</ele>
      </trkpt>
      <trkpt lat="52.69231787882745" lon="6.000978983938694">
        <ele>-13.0</ele>
      </trkpt>
      <trkpt lat="52.69230312667787" lon="6.000992059707642">
        <ele>-12.800000190734863</ele>
      </trkpt>
      <trkpt lat="52.69228887744248" lon="6.001005135476589">
        <ele>-12.800000190734863</ele>
      </trkpt>
      <trkpt lat="52.692273538559675" lon="6.001016367226839">
        <ele>-12.600000381469727</ele>
      </trkpt>
      <trkpt lat="52.69225702621043" lon="6.001028520986438">
        <ele>-12.600000381469727</ele>
      </trkpt>
      <trkpt lat="52.692240849137306" lon="6.001039668917656">
        <ele>-12.600000381469727</ele>
      </trkpt>
      <trkpt lat="52.69222525879741" lon="6.0010515712201595">
        <ele>-12.600000381469727</ele>
      </trkpt>
      <trkpt lat="52.692208578810096" lon="6.001065317541361">
        <ele>-12.600000381469727</ele>
      </trkpt>
      <trkpt lat="52.6921929884702" lon="6.0010807402431965">
        <ele>-12.600000381469727</ele>
      </trkpt>
      <trkpt lat="52.69217882305384" lon="6.001095660030842">
        <ele>-12.399999618530273</ele>
      </trkpt>
      <trkpt lat="52.692164992913604" lon="6.001113094389439">
        <ele>-12.399999618530273</ele>
      </trkpt>
      <trkpt lat="52.69215258769691" lon="6.001131534576416">
        <ele>-12.600000381469727</ele>
      </trkpt>
      <trkpt lat="52.69213833846152" lon="6.00115031003952">
        <ele>-12.600000381469727</ele>
      </trkpt>
      <trkpt lat="52.69212417304516" lon="6.001166235655546">
        <ele>-12.600000381469727</ele>
      </trkpt>
      <trkpt lat="52.69210858270526" lon="6.001178305596113">
        <ele>-12.600000381469727</ele>
      </trkpt>
      <trkpt lat="52.692094668745995" lon="6.0011920519173145">
        <ele>-12.800000190734863</ele>
      </trkpt>
      <trkpt lat="52.692081006243825" lon="6.001203702762723">
        <ele>-12.800000190734863</ele>
      </trkpt>
      <trkpt lat="52.69206767901778" lon="6.001214263960719">
        <ele>-12.800000190734863</ele>
      </trkpt>
      <trkpt lat="52.692058961838484" lon="6.001225160434842">
        <ele>-12.600000381469727</ele>
      </trkpt>
      <trkpt lat="52.69205351360142" lon="6.001234799623489">
        <ele>-12.600000381469727</ele>
      </trkpt>
      <trkpt lat="52.69204848445952" lon="6.001240331679583">
        <ele>-12.800000190734863</ele>
      </trkpt>
      <trkpt lat="52.692042952403426" lon="6.0012412536889315">
        <ele>-12.800000190734863</ele>
      </trkpt>
      <trkpt lat="52.69203909672797" lon="6.001239912584424">
        <ele>-12.800000190734863</ele>
      </trkpt>
      <trkpt lat="52.69203976728022" lon="6.001242762431502">
        <ele>-12.800000190734863</ele>
      </trkpt>
      <trkpt lat="52.69203985109925" lon="6.001245193183422">
        <ele>-12.800000190734863</ele>
      </trkpt>
      <trkpt lat="52.69203934818506" lon="6.001238571479917">
        <ele>-12.800000190734863</ele>
      </trkpt>
      <trkpt lat="52.69204370677471" lon="6.001235721632838">
        <ele>-12.800000190734863</ele>
      </trkpt>
      <trkpt lat="52.69204865209758" lon="6.001238906756043">
        <ele>-12.399999618530273</ele>
      </trkpt>
      <trkpt lat="52.69205242395401" lon="6.001236392185092">
        <ele>-12.399999618530273</ele>
      </trkpt>
      <trkpt lat="52.69205845892429" lon="6.001234631985426">
        <ele>-12.600000381469727</ele>
      </trkpt>
      <trkpt lat="52.69206516444683" lon="6.001234715804458">
        <ele>-12.600000381469727</ele>
      </trkpt>
      <trkpt lat="52.692070193588734" lon="6.001235721632838">
        <ele>-12.800000190734863</ele>
      </trkpt>
      <trkpt lat="52.6920753903687" lon="6.001239325851202">
        <ele>-12.800000190734863</ele>
      </trkpt>
      <trkpt lat="52.69207991659641" lon="6.0012412536889315">
        <ele>-12.800000190734863</ele>
      </trkpt>
      <trkpt lat="52.69208209589124" lon="6.0012430138885975">
        <ele>-12.800000190734863</ele>
      </trkpt>
      <trkpt lat="52.69208276644349" lon="6.001243265345693">
        <ele>-12.800000190734863</ele>
      </trkpt>
      <trkpt lat="52.69208109006286" lon="6.001243516802788">
        <ele>-12.800000190734863</ele>
      </trkpt>
      <trkpt lat="52.69207874312997" lon="6.0012441873550415">
        <ele>-12.800000190734863</ele>
      </trkpt>
      <trkpt lat="52.69207530654967" lon="6.001242343336344">
        <ele>-12.800000190734863</ele>
      </trkpt>
      <trkpt lat="52.692070277407765" lon="6.001243265345693">
        <ele>-12.800000190734863</ele>
      </trkpt>
      <trkpt lat="52.692067343741655" lon="6.001246953383088">
        <ele>-12.800000190734863</ele>
      </trkpt>
      <trkpt lat="52.69206373952329" lon="6.001248713582754">
        <ele>-12.800000190734863</ele>
      </trkpt>
      <trkpt lat="52.6920598000288" lon="6.001250389963388">
        <ele>-12.600000381469727</ele>
      </trkpt>
      <trkpt lat="52.69205745309591" lon="6.001254078000784">
        <ele>-12.600000381469727</ele>
      </trkpt>
      <trkpt lat="52.69205493852496" lon="6.001256173476577">
        <ele>-12.600000381469727</ele>
      </trkpt>
      <trkpt lat="52.69205275923014" lon="6.001256927847862">
        <ele>-12.600000381469727</ele>
      </trkpt>
      <trkpt lat="52.692051166668534" lon="6.001258855685592">
        <ele>-12.800000190734863</ele>
      </trkpt>
      <trkpt lat="52.69204990938306" lon="6.001261370256543">
        <ele>-12.600000381469727</ele>
      </trkpt>
      <trkpt lat="52.69204957410693" lon="6.001264303922653">
        <ele>-12.600000381469727</ele>
      </trkpt>
      <trkpt lat="52.69205007702112" lon="6.0012677405029535">
        <ele>-12.800000190734863</ele>
      </trkpt>
      <trkpt lat="52.69204957410693" lon="6.001268411055207">
        <ele>-13.0</ele>
      </trkpt>
      <trkpt lat="52.692051753401756" lon="6.001271679997444">
        <ele>-13.0</ele>
      </trkpt>
      <trkpt lat="52.69205259159207" lon="6.001273272559047">
        <ele>-13.199999809265137</ele>
      </trkpt>
      <trkpt lat="52.692055609077215" lon="6.001276206225157">
        <ele>-13.199999809265137</ele>
      </trkpt>
      <trkpt lat="52.69205929711461" lon="6.0012774635106325">
        <ele>-13.199999809265137</ele>
      </trkpt>
      <trkpt lat="52.69206231459975" lon="6.001278469339013">
        <ele>-13.199999809265137</ele>
      </trkpt>
      <trkpt lat="52.69206474535167" lon="6.001279642805457">
        <ele>-13.0</ele>
      </trkpt>
      <trkpt lat="52.692065834999084" lon="6.001279558986425">
        <ele>-13.0</ele>
      </trkpt>
      <trkpt lat="52.69206642173231" lon="6.001279139891267">
        <ele>-13.0</ele>
      </trkpt>
      <trkpt lat="52.69206642173231" lon="6.001279056072235">
        <ele>-13.0</ele>
      </trkpt>
      <trkpt lat="52.69206600263715" lon="6.001278469339013">
        <ele>-12.800000190734863</ele>
      </trkpt>
      <trkpt lat="52.692065415903926" lon="6.001277714967728">
        <ele>-12.800000190734863</ele>
      </trkpt>
      <trkpt lat="52.69206524826586" lon="6.0012774635106325">
        <ele>-13.0</ele>
      </trkpt>
      <trkpt lat="52.692064829170704" lon="6.001276038587093">
        <ele>-12.800000190734863</ele>
      </trkpt>
      <trkpt lat="52.692064410075545" lon="6.001274194568396">
        <ele>-13.0</ele>
      </trkpt>
      <trkpt lat="52.69206424243748" lon="6.00127344019711">
        <ele>-13.0</ele>
      </trkpt>
      <trkpt lat="52.69206315279007" lon="6.00127243436873">
        <ele>-13.0</ele>
      </trkpt>
      <trkpt lat="52.69206172786653" lon="6.001271260902286">
        <ele>-13.0</ele>
      </trkpt>
      <trkpt lat="52.692060554400086" lon="6.001270841807127">
        <ele>-13.0</ele>
      </trkpt>
      <trkpt lat="52.69206030294299" lon="6.001271093264222">
        <ele>-13.0</ele>
      </trkpt>
      <trkpt lat="52.692060051485896" lon="6.001271428540349">
        <ele>-12.800000190734863</ele>
      </trkpt>
      <trkpt lat="52.6920598000288" lon="6.001272350549698">
        <ele>-12.800000190734863</ele>
      </trkpt>
      <trkpt lat="52.69205912947655" lon="6.001272015273571">
        <ele>-13.0</ele>
      </trkpt>
      <trkpt lat="52.69205871038139" lon="6.001272099092603">
        <ele>-13.0</ele>
      </trkpt>
      <trkpt lat="52.69205837510526" lon="6.00127100944519">
        <ele>-13.0</ele>
      </trkpt>
      <trkpt lat="52.6920582074672" lon="6.001270506531">
        <ele>-13.0</ele>
      </trkpt>
      <trkpt lat="52.69205845892429" lon="6.00127293728292">
        <ele>-13.0</ele>
      </trkpt>
      <trkpt lat="52.69205845892429" lon="6.00127293728292">
        <ele>-13.0</ele>
      </trkpt>
      <trkpt lat="52.692059045657516" lon="6.001273021101952">
        <ele>-13.199999809265137</ele>
      </trkpt>
      <trkpt lat="52.69205988384783" lon="6.001271177083254">
        <ele>-13.199999809265137</ele>
      </trkpt>
      <trkpt lat="52.692060554400086" lon="6.001269919797778">
        <ele>-13.199999809265137</ele>
      </trkpt>
      <trkpt lat="52.69206038676202" lon="6.0012689139693975">
        <ele>-13.199999809265137</ele>
      </trkpt>
      <trkpt lat="52.69206449389458" lon="6.001272015273571">
        <ele>-13.399999618530273</ele>
      </trkpt>
      <trkpt lat="52.692067762836814" lon="6.001275284215808">
        <ele>-13.199999809265137</ele>
      </trkpt>
      <trkpt lat="52.69206935539842" lon="6.001278217881918">
        <ele>-13.199999809265137</ele>
      </trkpt>
      <trkpt lat="52.692068768665195" lon="6.001280900090933">
        <ele>-13.199999809265137</ele>
      </trkpt>
      <trkpt lat="52.69206675700843" lon="6.001280983909965">
        <ele>-13.199999809265137</ele>
      </trkpt>
      <trkpt lat="52.69206315279007" lon="6.00128224119544">
        <ele>-13.199999809265137</ele>
      </trkpt>
      <trkpt lat="52.69205879420042" lon="6.001286935061216">
        <ele>-13.0</ele>
      </trkpt>
      <trkpt lat="52.69204848445952" lon="6.001287018880248">
        <ele>-13.0</ele>
      </trkpt>
      <trkpt lat="52.69203968346119" lon="6.001288779079914">
        <ele>-13.199999809265137</ele>
      </trkpt>
      <trkpt lat="52.69203197211027" lon="6.001290958374739">
        <ele>-13.199999809265137</ele>
      </trkpt>
      <trkpt lat="52.69202342256904" lon="6.001294227316976">
        <ele>-13.0</ele>
      </trkpt>
      <trkpt lat="52.69201294519007" lon="6.001295819878578">
        <ele>-13.199999809265137</ele>
      </trkpt>
      <trkpt lat="52.692002803087234" lon="6.001296155154705">
        <ele>-13.199999809265137</ele>
      </trkpt>
      <trkpt lat="52.69199341535568" lon="6.001298921182752">
        <ele>-13.199999809265137</ele>
      </trkpt>
      <trkpt lat="52.69198511727154" lon="6.001304117962718">
        <ele>-13.399999618530273</ele>
      </trkpt>
      <trkpt lat="52.691975897178054" lon="6.001307470723987">
        <ele>-13.199999809265137</ele>
      </trkpt>
      <trkpt lat="52.69196533598006" lon="6.001309733837843">
        <ele>-13.199999809265137</ele>
      </trkpt>
      <trkpt lat="52.69195502623916" lon="6.001314595341682">
        <ele>-13.199999809265137</ele>
      </trkpt>
      <trkpt lat="52.69194639287889" lon="6.001319205388427">
        <ele>-13.199999809265137</ele>
      </trkpt>
      <trkpt lat="52.691938765347004" lon="6.001325072720647">
        <ele>-13.0</ele>
      </trkpt>
      <trkpt lat="52.691931473091245" lon="6.001332364976406">
        <ele>-13.0</ele>
      </trkpt>
      <trkpt lat="52.69192535430193" lon="6.001339573413134">
        <ele>-13.199999809265137</ele>
      </trkpt>
      <trkpt lat="52.69191948696971" lon="6.001348625868559">
        <ele>-13.399999618530273</ele>
      </trkpt>
      <trkpt lat="52.69191261380911" lon="6.001354241743684">
        <ele>-13.199999809265137</ele>
      </trkpt>
      <trkpt lat="52.69190683029592" lon="6.001358684152365">
        <ele>-13.199999809265137</ele>
      </trkpt>
      <trkpt lat="52.69190146587789" lon="6.001363545656204">
        <ele>-13.199999809265137</ele>
      </trkpt>
      <trkpt lat="52.691898699849844" lon="6.001366898417473">
        <ele>-13.199999809265137</ele>
      </trkpt>
      <trkpt lat="52.691895347088575" lon="6.0013622883707285">
        <ele>-13.0</ele>
      </trkpt>
      <trkpt lat="52.691889898851514" lon="6.001357175409794">
        <ele>-13.0</ele>
      </trkpt>
      <trkpt lat="52.69188478589058" lon="6.001356588676572">
        <ele>-13.0</ele>
      </trkpt>
      <trkpt lat="52.691881684586406" lon="6.001357929781079">
        <ele>-13.0</ele>
      </trkpt>
      <trkpt lat="52.691878750920296" lon="6.001354409381747">
        <ele>-13.0</ele>
      </trkpt>
    </trkseg>
  </trk>
</gpx>