<?xml version="1.0" encoding="UTF-8"?>
<gpx xmlns="http://www.topografix.com/GPX/1/1" xmlns:xsi="http://www.w3.org/2001/XMLSchema-instance" xsi:schemaLocation="http://www.topografix.com/GPX/1/1 http://www.topografix.com/GPX/1/1/gpx.xsd" version="1.1" creator="gpx.py -- https://github.com/tkrajina/gpxpy">
  <trk>
    <name>
   Wormer en Jisperveld
  </name>
    <desc>12.99 km; wormer_en_jisperveld.gpx</desc>
    <type>
   Kayaking
  </type>
    <trkseg>
      <trkpt lat="52.50545" lon="4.79638">
        <ele>-4.6</ele>
      </trkpt>
      <trkpt lat="52.50545" lon="4.796383">
        <ele>-4.6</ele>
      </trkpt>
      <trkpt lat="52.505449" lon="4.796388">
        <ele>-4.6</ele>
      </trkpt>
      <trkpt lat="52.505447" lon="4.796394">
        <ele>-4.6</ele>
      </trkpt>
      <trkpt lat="52.505447" lon="4.796396">
        <ele>-4.6</ele>
      </trkpt>
      <trkpt lat="52.505445" lon="4.796401">
        <ele>-4.4</ele>
      </trkpt>
      <trkpt lat="52.505443" lon="4.796402">
        <ele>-4.2</ele>
      </trkpt>
      <trkpt lat="52.505441" lon="4.796409">
        <ele>-4.2</ele>
      </trkpt>
      <trkpt lat="52.505439" lon="4.796414">
        <ele>-4.0</ele>
      </trkpt>
      <trkpt lat="52.505436" lon="4.796417">
        <ele>-4.0</ele>
      </trkpt>
      <trkpt lat="52.505432" lon="4.796419">
        <ele>-3.8</ele>
      </trkpt>
      <trkpt lat="52.505437" lon="4.796424">
        <ele>-3.6</ele>
      </trkpt>
      <trkpt lat="52.505438" lon="4.796424">
        <ele>-3.6</ele>
      </trkpt>
      <trkpt lat="52.505442" lon="4.796426">
        <ele>-3.4</ele>
      </trkpt>
      <trkpt lat="52.505447" lon="4.796428">
        <ele>-3.4</ele>
      </trkpt>
      <trkpt lat="52.505452" lon="4.796428">
        <ele>-3.4</ele>
      </trkpt>
      <trkpt lat="52.505456" lon="4.796426">
        <ele>-3.4</ele>
      </trkpt>
      <trkpt lat="52.505458" lon="4.796425">
        <ele>-3.4</ele>
      </trkpt>
      <trkpt lat="52.505461" lon="4.796429">
        <ele>-3.4</ele>
      </trkpt>
      <trkpt lat="52.505468" lon="4.796433">
        <ele>-3.4</ele>
      </trkpt>
      <trkpt lat="52.505475" lon="4.796437">
        <ele>-3.4</ele>
      </trkpt>
      <trkpt lat="52.505482" lon="4.796449">
        <ele>-3.4</ele>
      </trkpt>
      <trkpt lat="52.505488" lon="4.796462">
        <ele>-3.4</ele>
      </trkpt>
      <trkpt lat="52.505494" lon="4.796482">
        <ele>-3.4</ele>
      </trkpt>
      <trkpt lat="52.505499" lon="4.7965">
        <ele>-3.4</ele>
      </trkpt>
      <trkpt lat="52.505503" lon="4.796521">
        <ele>-3.4</ele>
      </trkpt>
      <trkpt lat="52.505508" lon="4.796543">
        <ele>-3.6</ele>
      </trkpt>
      <trkpt lat="52.50551" lon="4.796565">
        <ele>-3.6</ele>
      </trkpt>
      <trkpt lat="52.505511" lon="4.796588">
        <ele>-3.4</ele>
      </trkpt>
      <trkpt lat="52.505508" lon="4.796612">
        <ele>-3.4</ele>
      </trkpt>
      <trkpt lat="52.505507" lon="4.796637">
        <ele>-3.0</ele>
      </trkpt>
      <trkpt lat="52.505503" lon="4.796659">
        <ele>-2.8</ele>
      </trkpt>
      <trkpt lat="52.505498" lon="4.796682">
        <ele>-2.8</ele>
      </trkpt>
      <trkpt lat="52.505493" lon="4.796704">
        <ele>-2.8</ele>
      </trkpt>
      <trkpt lat="52.505485" lon="4.796725">
        <ele>-2.6</ele>
      </trkpt>
      <trkpt lat="52.505477" lon="4.796749">
        <ele>-2.6</ele>
      </trkpt>
      <trkpt lat="52.50547" lon="4.796771">
        <ele>-2.6</ele>
      </trkpt>
      <trkpt lat="52.505462" lon="4.796793">
        <ele>-2.8</ele>
      </trkpt>
      <trkpt lat="52.505455" lon="4.796815">
        <ele>-2.8</ele>
      </trkpt>
      <trkpt lat="52.505445" lon="4.796836">
        <ele>-2.8</ele>
      </trkpt>
      <trkpt lat="52.505436" lon="4.796859">
        <ele>-3.0</ele>
      </trkpt>
      <trkpt lat="52.505425" lon="4.796883">
        <ele>-3.2</ele>
      </trkpt>
      <trkpt lat="52.505414" lon="4.796906">
        <ele>-3.0</ele>
      </trkpt>
      <trkpt lat="52.505405" lon="4.796927">
        <ele>-3.0</ele>
      </trkpt>
      <trkpt lat="52.505398" lon="4.796949">
        <ele>-3.2</ele>
      </trkpt>
      <trkpt lat="52.505389" lon="4.79697">
        <ele>-3.4</ele>
      </trkpt>
      <trkpt lat="52.50538" lon="4.796993">
        <ele>-3.4</ele>
      </trkpt>
      <trkpt lat="52.505372" lon="4.797017">
        <ele>-3.2</ele>
      </trkpt>
      <trkpt lat="52.505363" lon="4.797041">
        <ele>-3.2</ele>
      </trkpt>
      <trkpt lat="52.50535" lon="4.79706">
        <ele>-3.2</ele>
      </trkpt>
      <trkpt lat="52.505343" lon="4.797079">
        <ele>-3.4</ele>
      </trkpt>
      <trkpt lat="52.505336" lon="4.7971">
        <ele>-3.4</ele>
      </trkpt>
      <trkpt lat="52.505326" lon="4.797121">
        <ele>-3.6</ele>
      </trkpt>
      <trkpt lat="52.50532" lon="4.79714">
        <ele>-3.6</ele>
      </trkpt>
      <trkpt lat="52.505312" lon="4.797159">
        <ele>-3.6</ele>
      </trkpt>
      <trkpt lat="52.505305" lon="4.797184">
        <ele>-3.6</ele>
      </trkpt>
      <trkpt lat="52.505297" lon="4.797207">
        <ele>-3.4</ele>
      </trkpt>
      <trkpt lat="52.50529" lon="4.797229">
        <ele>-3.2</ele>
      </trkpt>
      <trkpt lat="52.505285" lon="4.79725">
        <ele>-3.2</ele>
      </trkpt>
      <trkpt lat="52.505275" lon="4.797271">
        <ele>-3.0</ele>
      </trkpt>
      <trkpt lat="52.505267" lon="4.797296">
        <ele>-3.0</ele>
      </trkpt>
      <trkpt lat="52.505262" lon="4.797321">
        <ele>-3.0</ele>
      </trkpt>
      <trkpt lat="52.505258" lon="4.797346">
        <ele>-3.2</ele>
      </trkpt>
      <trkpt lat="52.505255" lon="4.797368">
        <ele>-3.2</ele>
      </trkpt>
      <trkpt lat="52.505248" lon="4.797395">
        <ele>-3.4</ele>
      </trkpt>
      <trkpt lat="52.505245" lon="4.79742">
        <ele>-3.4</ele>
      </trkpt>
      <trkpt lat="52.505241" lon="4.797447">
        <ele>-3.4</ele>
      </trkpt>
      <trkpt lat="52.505237" lon="4.797474">
        <ele>-3.4</ele>
      </trkpt>
      <trkpt lat="52.505235" lon="4.797499">
        <ele>-3.2</ele>
      </trkpt>
      <trkpt lat="52.505231" lon="4.797526">
        <ele>-3.0</ele>
      </trkpt>
      <trkpt lat="52.505228" lon="4.79755">
        <ele>-3.0</ele>
      </trkpt>
      <trkpt lat="52.505224" lon="4.797576">
        <ele>-2.8</ele>
      </trkpt>
      <trkpt lat="52.505222" lon="4.797603">
        <ele>-2.8</ele>
      </trkpt>
      <trkpt lat="52.505219" lon="4.797626">
        <ele>-2.8</ele>
      </trkpt>
      <trkpt lat="52.505214" lon="4.797653">
        <ele>-3.0</ele>
      </trkpt>
      <trkpt lat="52.505211" lon="4.797685">
        <ele>-3.0</ele>
      </trkpt>
      <trkpt lat="52.505209" lon="4.797714">
        <ele>-2.8</ele>
      </trkpt>
      <trkpt lat="52.505205" lon="4.797739">
        <ele>-2.8</ele>
      </trkpt>
      <trkpt lat="52.505204" lon="4.797763">
        <ele>-2.8</ele>
      </trkpt>
      <trkpt lat="52.505201" lon="4.797792">
        <ele>-2.8</ele>
      </trkpt>
      <trkpt lat="52.505196" lon="4.79782">
        <ele>-2.8</ele>
      </trkpt>
      <trkpt lat="52.505191" lon="4.797849">
        <ele>-2.6</ele>
      </trkpt>
      <trkpt lat="52.505187" lon="4.797877">
        <ele>-2.4</ele>
      </trkpt>
      <trkpt lat="52.505183" lon="4.797904">
        <ele>-2.4</ele>
      </trkpt>
      <trkpt lat="52.50518" lon="4.797931">
        <ele>-2.4</ele>
      </trkpt>
      <trkpt lat="52.505174" lon="4.797958">
        <ele>-2.4</ele>
      </trkpt>
      <trkpt lat="52.50517" lon="4.797985">
        <ele>-2.4</ele>
      </trkpt>
      <trkpt lat="52.505166" lon="4.798011">
        <ele>-2.4</ele>
      </trkpt>
      <trkpt lat="52.505161" lon="4.798042">
        <ele>-2.4</ele>
      </trkpt>
      <trkpt lat="52.505155" lon="4.798073">
        <ele>-2.4</ele>
      </trkpt>
      <trkpt lat="52.50515" lon="4.798101">
        <ele>-2.6</ele>
      </trkpt>
      <trkpt lat="52.505146" lon="4.798129">
        <ele>-2.8</ele>
      </trkpt>
      <trkpt lat="52.50514" lon="4.798157">
        <ele>-3.2</ele>
      </trkpt>
      <trkpt lat="52.505134" lon="4.798184">
        <ele>-3.6</ele>
      </trkpt>
      <trkpt lat="52.505131" lon="4.798212">
        <ele>-3.8</ele>
      </trkpt>
      <trkpt lat="52.505125" lon="4.798241">
        <ele>-3.8</ele>
      </trkpt>
      <trkpt lat="52.505122" lon="4.798274">
        <ele>-3.8</ele>
      </trkpt>
      <trkpt lat="52.505121" lon="4.798303">
        <ele>-3.8</ele>
      </trkpt>
      <trkpt lat="52.505119" lon="4.798334">
        <ele>-3.6</ele>
      </trkpt>
      <trkpt lat="52.505119" lon="4.798365">
        <ele>-3.6</ele>
      </trkpt>
      <trkpt lat="52.505116" lon="4.798396">
        <ele>-3.6</ele>
      </trkpt>
      <trkpt lat="52.505114" lon="4.798429">
        <ele>-3.6</ele>
      </trkpt>
      <trkpt lat="52.505113" lon="4.798455">
        <ele>-3.4</ele>
      </trkpt>
      <trkpt lat="52.505112" lon="4.798484">
        <ele>-3.4</ele>
      </trkpt>
      <trkpt lat="52.505112" lon="4.79851">
        <ele>-3.4</ele>
      </trkpt>
      <trkpt lat="52.505112" lon="4.79854">
        <ele>-3.4</ele>
      </trkpt>
      <trkpt lat="52.505112" lon="4.798572">
        <ele>-3.4</ele>
      </trkpt>
      <trkpt lat="52.505112" lon="4.7986">
        <ele>-3.6</ele>
      </trkpt>
      <trkpt lat="52.505111" lon="4.798629">
        <ele>-3.6</ele>
      </trkpt>
      <trkpt lat="52.505111" lon="4.798657">
        <ele>-3.6</ele>
      </trkpt>
      <trkpt lat="52.505112" lon="4.79868">
        <ele>-3.4</ele>
      </trkpt>
      <trkpt lat="52.505111" lon="4.798707">
        <ele>-3.0</ele>
      </trkpt>
      <trkpt lat="52.505112" lon="4.798734">
        <ele>-3.2</ele>
      </trkpt>
      <trkpt lat="52.505113" lon="4.798762">
        <ele>-3.2</ele>
      </trkpt>
      <trkpt lat="52.505114" lon="4.798796">
        <ele>-3.2</ele>
      </trkpt>
      <trkpt lat="52.505117" lon="4.798824">
        <ele>-3.0</ele>
      </trkpt>
      <trkpt lat="52.505118" lon="4.798857">
        <ele>-2.8</ele>
      </trkpt>
      <trkpt lat="52.505121" lon="4.798886">
        <ele>-2.8</ele>
      </trkpt>
      <trkpt lat="52.505124" lon="4.798917">
        <ele>-2.8</ele>
      </trkpt>
      <trkpt lat="52.505128" lon="4.798945">
        <ele>-2.8</ele>
      </trkpt>
      <trkpt lat="52.505131" lon="4.798975">
        <ele>-2.8</ele>
      </trkpt>
      <trkpt lat="52.505135" lon="4.799004">
        <ele>-2.6</ele>
      </trkpt>
      <trkpt lat="52.505141" lon="4.799033">
        <ele>-2.8</ele>
      </trkpt>
      <trkpt lat="52.505148" lon="4.799066">
        <ele>-2.8</ele>
      </trkpt>
      <trkpt lat="52.505154" lon="4.799096">
        <ele>-2.8</ele>
      </trkpt>
      <trkpt lat="52.505161" lon="4.799129">
        <ele>-3.0</ele>
      </trkpt>
      <trkpt lat="52.505166" lon="4.799157">
        <ele>-3.0</ele>
      </trkpt>
      <trkpt lat="52.505169" lon="4.799187">
        <ele>-3.0</ele>
      </trkpt>
      <trkpt lat="52.505174" lon="4.799219">
        <ele>-3.0</ele>
      </trkpt>
      <trkpt lat="52.505178" lon="4.799246">
        <ele>-2.8</ele>
      </trkpt>
      <trkpt lat="52.50518" lon="4.799277">
        <ele>-2.8</ele>
      </trkpt>
      <trkpt lat="52.505185" lon="4.799309">
        <ele>-2.6</ele>
      </trkpt>
      <trkpt lat="52.505189" lon="4.799341">
        <ele>-2.6</ele>
      </trkpt>
      <trkpt lat="52.505194" lon="4.799377">
        <ele>-2.4</ele>
      </trkpt>
      <trkpt lat="52.505198" lon="4.799408">
        <ele>-2.6</ele>
      </trkpt>
      <trkpt lat="52.505203" lon="4.799441">
        <ele>-2.8</ele>
      </trkpt>
      <trkpt lat="52.505206" lon="4.799469">
        <ele>-3.0</ele>
      </trkpt>
      <trkpt lat="52.505209" lon="4.799504">
        <ele>-3.0</ele>
      </trkpt>
      <trkpt lat="52.505214" lon="4.799531">
        <ele>-3.0</ele>
      </trkpt>
      <trkpt lat="52.505217" lon="4.799561">
        <ele>-3.0</ele>
      </trkpt>
      <trkpt lat="52.505223" lon="4.79959">
        <ele>-3.0</ele>
      </trkpt>
      <trkpt lat="52.505229" lon="4.799617">
        <ele>-3.2</ele>
      </trkpt>
      <trkpt lat="52.505237" lon="4.799647">
        <ele>-3.0</ele>
      </trkpt>
      <trkpt lat="52.505246" lon="4.799674">
        <ele>-3.0</ele>
      </trkpt>
      <trkpt lat="52.50525" lon="4.799705">
        <ele>-3.0</ele>
      </trkpt>
      <trkpt lat="52.505258" lon="4.799731">
        <ele>-3.0</ele>
      </trkpt>
      <trkpt lat="52.505265" lon="4.799764">
        <ele>-3.2</ele>
      </trkpt>
      <trkpt lat="52.505271" lon="4.799792">
        <ele>-3.2</ele>
      </trkpt>
      <trkpt lat="52.505275" lon="4.799825">
        <ele>-3.0</ele>
      </trkpt>
      <trkpt lat="52.505281" lon="4.799854">
        <ele>-3.0</ele>
      </trkpt>
      <trkpt lat="52.505286" lon="4.799884">
        <ele>-2.8</ele>
      </trkpt>
      <trkpt lat="52.505292" lon="4.799914">
        <ele>-2.8</ele>
      </trkpt>
      <trkpt lat="52.505297" lon="4.799946">
        <ele>-2.8</ele>
      </trkpt>
      <trkpt lat="52.505303" lon="4.799978">
        <ele>-2.8</ele>
      </trkpt>
      <trkpt lat="52.50531" lon="4.800006">
        <ele>-2.8</ele>
      </trkpt>
      <trkpt lat="52.505316" lon="4.800037">
        <ele>-2.8</ele>
      </trkpt>
      <trkpt lat="52.505323" lon="4.800063">
        <ele>-2.8</ele>
      </trkpt>
      <trkpt lat="52.505328" lon="4.800094">
        <ele>-2.8</ele>
      </trkpt>
      <trkpt lat="52.505332" lon="4.800122">
        <ele>-2.8</ele>
      </trkpt>
      <trkpt lat="52.505335" lon="4.800152">
        <ele>-2.8</ele>
      </trkpt>
      <trkpt lat="52.505339" lon="4.800183">
        <ele>-2.8</ele>
      </trkpt>
      <trkpt lat="52.505341" lon="4.800213">
        <ele>-2.8</ele>
      </trkpt>
      <trkpt lat="52.505345" lon="4.800246">
        <ele>-2.8</ele>
      </trkpt>
      <trkpt lat="52.505349" lon="4.800275">
        <ele>-2.8</ele>
      </trkpt>
      <trkpt lat="52.505354" lon="4.800309">
        <ele>-3.0</ele>
      </trkpt>
      <trkpt lat="52.505359" lon="4.800336">
        <ele>-3.0</ele>
      </trkpt>
      <trkpt lat="52.505363" lon="4.800368">
        <ele>-3.2</ele>
      </trkpt>
      <trkpt lat="52.505366" lon="4.800398">
        <ele>-3.2</ele>
      </trkpt>
      <trkpt lat="52.505369" lon="4.800428">
        <ele>-3.4</ele>
      </trkpt>
      <trkpt lat="52.505372" lon="4.800458">
        <ele>-3.2</ele>
      </trkpt>
      <trkpt lat="52.505373" lon="4.80049">
        <ele>-3.4</ele>
      </trkpt>
      <trkpt lat="52.505376" lon="4.800522">
        <ele>-3.4</ele>
      </trkpt>
      <trkpt lat="52.505378" lon="4.800555">
        <ele>-3.4</ele>
      </trkpt>
      <trkpt lat="52.505381" lon="4.80059">
        <ele>-3.4</ele>
      </trkpt>
      <trkpt lat="52.505379" lon="4.800622">
        <ele>-3.4</ele>
      </trkpt>
      <trkpt lat="52.505378" lon="4.800656">
        <ele>-3.4</ele>
      </trkpt>
      <trkpt lat="52.505379" lon="4.800685">
        <ele>-3.6</ele>
      </trkpt>
      <trkpt lat="52.50538" lon="4.800716">
        <ele>-3.6</ele>
      </trkpt>
      <trkpt lat="52.505379" lon="4.800745">
        <ele>-3.4</ele>
      </trkpt>
      <trkpt lat="52.505379" lon="4.800776">
        <ele>-3.4</ele>
      </trkpt>
      <trkpt lat="52.50538" lon="4.800802">
        <ele>-3.0</ele>
      </trkpt>
      <trkpt lat="52.50538" lon="4.800831">
        <ele>-3.2</ele>
      </trkpt>
      <trkpt lat="52.505385" lon="4.800861">
        <ele>-3.0</ele>
      </trkpt>
      <trkpt lat="52.505386" lon="4.800892">
        <ele>-3.0</ele>
      </trkpt>
      <trkpt lat="52.505388" lon="4.800923">
        <ele>-2.8</ele>
      </trkpt>
      <trkpt lat="52.505388" lon="4.800955">
        <ele>-2.8</ele>
      </trkpt>
      <trkpt lat="52.505386" lon="4.800988">
        <ele>-2.6</ele>
      </trkpt>
      <trkpt lat="52.505387" lon="4.801021">
        <ele>-2.8</ele>
      </trkpt>
      <trkpt lat="52.50539" lon="4.801053">
        <ele>-2.8</ele>
      </trkpt>
      <trkpt lat="52.505392" lon="4.801087">
        <ele>-3.0</ele>
      </trkpt>
      <trkpt lat="52.505392" lon="4.801122">
        <ele>-3.0</ele>
      </trkpt>
      <trkpt lat="52.505391" lon="4.801156">
        <ele>-3.0</ele>
      </trkpt>
      <trkpt lat="52.50539" lon="4.801193">
        <ele>-3.2</ele>
      </trkpt>
      <trkpt lat="52.50539" lon="4.801224">
        <ele>-3.2</ele>
      </trkpt>
      <trkpt lat="52.505389" lon="4.801257">
        <ele>-3.2</ele>
      </trkpt>
      <trkpt lat="52.505391" lon="4.801286">
        <ele>-3.2</ele>
      </trkpt>
      <trkpt lat="52.505391" lon="4.80132">
        <ele>-3.4</ele>
      </trkpt>
      <trkpt lat="52.505394" lon="4.80135">
        <ele>-3.2</ele>
      </trkpt>
      <trkpt lat="52.505396" lon="4.801381">
        <ele>-3.2</ele>
      </trkpt>
      <trkpt lat="52.505397" lon="4.801412">
        <ele>-3.2</ele>
      </trkpt>
      <trkpt lat="52.505398" lon="4.801443">
        <ele>-3.2</ele>
      </trkpt>
      <trkpt lat="52.505398" lon="4.801475">
        <ele>-3.2</ele>
      </trkpt>
      <trkpt lat="52.5054" lon="4.801507">
        <ele>-3.4</ele>
      </trkpt>
      <trkpt lat="52.5054" lon="4.801536">
        <ele>-3.4</ele>
      </trkpt>
      <trkpt lat="52.505399" lon="4.801569">
        <ele>-3.4</ele>
      </trkpt>
      <trkpt lat="52.505399" lon="4.801602">
        <ele>-3.6</ele>
      </trkpt>
      <trkpt lat="52.505402" lon="4.801633">
        <ele>-3.6</ele>
      </trkpt>
      <trkpt lat="52.505404" lon="4.801666">
        <ele>-3.6</ele>
      </trkpt>
      <trkpt lat="52.505404" lon="4.801698">
        <ele>-3.8</ele>
      </trkpt>
      <trkpt lat="52.505406" lon="4.801732">
        <ele>-3.8</ele>
      </trkpt>
      <trkpt lat="52.505405" lon="4.801764">
        <ele>-3.8</ele>
      </trkpt>
      <trkpt lat="52.505404" lon="4.801796">
        <ele>-3.8</ele>
      </trkpt>
      <trkpt lat="52.505406" lon="4.801829">
        <ele>-3.8</ele>
      </trkpt>
      <trkpt lat="52.505408" lon="4.801861">
        <ele>-4.0</ele>
      </trkpt>
      <trkpt lat="52.505408" lon="4.801895">
        <ele>-4.0</ele>
      </trkpt>
      <trkpt lat="52.505408" lon="4.80193">
        <ele>-4.0</ele>
      </trkpt>
      <trkpt lat="52.505407" lon="4.801961">
        <ele>-4.0</ele>
      </trkpt>
      <trkpt lat="52.505407" lon="4.801995">
        <ele>-4.0</ele>
      </trkpt>
      <trkpt lat="52.505407" lon="4.802027">
        <ele>-4.0</ele>
      </trkpt>
      <trkpt lat="52.505408" lon="4.802061">
        <ele>-4.0</ele>
      </trkpt>
      <trkpt lat="52.505412" lon="4.80209">
        <ele>-3.8</ele>
      </trkpt>
      <trkpt lat="52.505416" lon="4.802123">
        <ele>-3.8</ele>
      </trkpt>
      <trkpt lat="52.505418" lon="4.802152">
        <ele>-3.8</ele>
      </trkpt>
      <trkpt lat="52.505419" lon="4.802184">
        <ele>-3.8</ele>
      </trkpt>
      <trkpt lat="52.505421" lon="4.802214">
        <ele>-3.8</ele>
      </trkpt>
      <trkpt lat="52.505423" lon="4.802245">
        <ele>-3.8</ele>
      </trkpt>
      <trkpt lat="52.505424" lon="4.802276">
        <ele>-3.6</ele>
      </trkpt>
      <trkpt lat="52.505425" lon="4.802309">
        <ele>-3.6</ele>
      </trkpt>
      <trkpt lat="52.505428" lon="4.802339">
        <ele>-3.6</ele>
      </trkpt>
      <trkpt lat="52.505431" lon="4.802371">
        <ele>-3.4</ele>
      </trkpt>
      <trkpt lat="52.505433" lon="4.802401">
        <ele>-3.4</ele>
      </trkpt>
      <trkpt lat="52.505436" lon="4.802433">
        <ele>-3.4</ele>
      </trkpt>
      <trkpt lat="52.505439" lon="4.802465">
        <ele>-3.2</ele>
      </trkpt>
      <trkpt lat="52.50544" lon="4.802499">
        <ele>-3.2</ele>
      </trkpt>
      <trkpt lat="52.505443" lon="4.802532">
        <ele>-3.0</ele>
      </trkpt>
      <trkpt lat="52.505444" lon="4.802563">
        <ele>-3.4</ele>
      </trkpt>
      <trkpt lat="52.505445" lon="4.802595">
        <ele>-3.2</ele>
      </trkpt>
      <trkpt lat="52.505447" lon="4.802627">
        <ele>-3.4</ele>
      </trkpt>
      <trkpt lat="52.505448" lon="4.802658">
        <ele>-3.2</ele>
      </trkpt>
      <trkpt lat="52.505448" lon="4.80269">
        <ele>-3.2</ele>
      </trkpt>
      <trkpt lat="52.505448" lon="4.802723">
        <ele>-3.0</ele>
      </trkpt>
      <trkpt lat="52.505447" lon="4.802756">
        <ele>-3.4</ele>
      </trkpt>
      <trkpt lat="52.505447" lon="4.802787">
        <ele>-3.4</ele>
      </trkpt>
      <trkpt lat="52.505446" lon="4.802819">
        <ele>-3.6</ele>
      </trkpt>
      <trkpt lat="52.505444" lon="4.802851">
        <ele>-3.6</ele>
      </trkpt>
      <trkpt lat="52.505443" lon="4.802882">
        <ele>-3.6</ele>
      </trkpt>
      <trkpt lat="52.505444" lon="4.802915">
        <ele>-3.6</ele>
      </trkpt>
      <trkpt lat="52.505445" lon="4.802945">
        <ele>-3.4</ele>
      </trkpt>
      <trkpt lat="52.505446" lon="4.802978">
        <ele>-3.2</ele>
      </trkpt>
      <trkpt lat="52.505446" lon="4.803009">
        <ele>-3.0</ele>
      </trkpt>
      <trkpt lat="52.505443" lon="4.803043">
        <ele>-3.0</ele>
      </trkpt>
      <trkpt lat="52.505442" lon="4.803073">
        <ele>-3.0</ele>
      </trkpt>
      <trkpt lat="52.505439" lon="4.803105">
        <ele>-3.0</ele>
      </trkpt>
      <trkpt lat="52.505439" lon="4.803135">
        <ele>-3.0</ele>
      </trkpt>
      <trkpt lat="52.505437" lon="4.803166">
        <ele>-3.0</ele>
      </trkpt>
      <trkpt lat="52.505438" lon="4.803192">
        <ele>-3.2</ele>
      </trkpt>
      <trkpt lat="52.505437" lon="4.803222">
        <ele>-3.4</ele>
      </trkpt>
      <trkpt lat="52.505437" lon="4.803251">
        <ele>-3.2</ele>
      </trkpt>
      <trkpt lat="52.505436" lon="4.803282">
        <ele>-3.2</ele>
      </trkpt>
      <trkpt lat="52.505434" lon="4.803312">
        <ele>-3.2</ele>
      </trkpt>
      <trkpt lat="52.505434" lon="4.803342">
        <ele>-3.4</ele>
      </trkpt>
      <trkpt lat="52.505435" lon="4.803373">
        <ele>-3.0</ele>
      </trkpt>
      <trkpt lat="52.505437" lon="4.803405">
        <ele>-3.0</ele>
      </trkpt>
      <trkpt lat="52.505437" lon="4.803438">
        <ele>-2.6</ele>
      </trkpt>
      <trkpt lat="52.505438" lon="4.80347">
        <ele>-2.8</ele>
      </trkpt>
      <trkpt lat="52.505439" lon="4.8035">
        <ele>-2.8</ele>
      </trkpt>
      <trkpt lat="52.505438" lon="4.803531">
        <ele>-2.8</ele>
      </trkpt>
      <trkpt lat="52.505437" lon="4.803563">
        <ele>-2.8</ele>
      </trkpt>
      <trkpt lat="52.505436" lon="4.803594">
        <ele>-2.6</ele>
      </trkpt>
      <trkpt lat="52.505436" lon="4.803625">
        <ele>-2.6</ele>
      </trkpt>
      <trkpt lat="52.505438" lon="4.803656">
        <ele>-2.8</ele>
      </trkpt>
      <trkpt lat="52.50544" lon="4.803689">
        <ele>-2.8</ele>
      </trkpt>
      <trkpt lat="52.505444" lon="4.803718">
        <ele>-2.8</ele>
      </trkpt>
      <trkpt lat="52.505447" lon="4.803748">
        <ele>-3.0</ele>
      </trkpt>
      <trkpt lat="52.505451" lon="4.803774">
        <ele>-3.0</ele>
      </trkpt>
      <trkpt lat="52.505454" lon="4.803796">
        <ele>-3.2</ele>
      </trkpt>
      <trkpt lat="52.505456" lon="4.803812">
        <ele>-3.4</ele>
      </trkpt>
      <trkpt lat="52.505459" lon="4.803831">
        <ele>-3.2</ele>
      </trkpt>
      <trkpt lat="52.505462" lon="4.803857">
        <ele>-3.2</ele>
      </trkpt>
      <trkpt lat="52.505466" lon="4.803877">
        <ele>-3.2</ele>
      </trkpt>
      <trkpt lat="52.505467" lon="4.803901">
        <ele>-3.0</ele>
      </trkpt>
      <trkpt lat="52.505468" lon="4.80393">
        <ele>-3.0</ele>
      </trkpt>
      <trkpt lat="52.505474" lon="4.803953">
        <ele>-3.0</ele>
      </trkpt>
      <trkpt lat="52.505479" lon="4.803973">
        <ele>-3.0</ele>
      </trkpt>
      <trkpt lat="52.505481" lon="4.80399">
        <ele>-3.2</ele>
      </trkpt>
      <trkpt lat="52.505482" lon="4.80401">
        <ele>-3.4</ele>
      </trkpt>
      <trkpt lat="52.505484" lon="4.80403">
        <ele>-3.4</ele>
      </trkpt>
      <trkpt lat="52.505488" lon="4.804057">
        <ele>-3.4</ele>
      </trkpt>
      <trkpt lat="52.505491" lon="4.804084">
        <ele>-3.4</ele>
      </trkpt>
      <trkpt lat="52.505493" lon="4.804115">
        <ele>-3.0</ele>
      </trkpt>
      <trkpt lat="52.505497" lon="4.804144">
        <ele>-2.8</ele>
      </trkpt>
      <trkpt lat="52.505499" lon="4.804176">
        <ele>-2.6</ele>
      </trkpt>
      <trkpt lat="52.505501" lon="4.804207">
        <ele>-2.6</ele>
      </trkpt>
      <trkpt lat="52.505503" lon="4.80424">
        <ele>-2.6</ele>
      </trkpt>
      <trkpt lat="52.505505" lon="4.804274">
        <ele>-2.6</ele>
      </trkpt>
      <trkpt lat="52.505506" lon="4.804308">
        <ele>-2.8</ele>
      </trkpt>
      <trkpt lat="52.505506" lon="4.804347">
        <ele>-3.0</ele>
      </trkpt>
      <trkpt lat="52.505509" lon="4.804382">
        <ele>-3.2</ele>
      </trkpt>
      <trkpt lat="52.505505" lon="4.804415">
        <ele>-3.2</ele>
      </trkpt>
      <trkpt lat="52.505507" lon="4.804446">
        <ele>-3.2</ele>
      </trkpt>
      <trkpt lat="52.505507" lon="4.804478">
        <ele>-3.6</ele>
      </trkpt>
      <trkpt lat="52.50551" lon="4.804508">
        <ele>-3.4</ele>
      </trkpt>
      <trkpt lat="52.505513" lon="4.804536">
        <ele>-3.6</ele>
      </trkpt>
      <trkpt lat="52.505514" lon="4.804567">
        <ele>-3.4</ele>
      </trkpt>
      <trkpt lat="52.505515" lon="4.8046">
        <ele>-3.4</ele>
      </trkpt>
      <trkpt lat="52.505515" lon="4.804629">
        <ele>-3.2</ele>
      </trkpt>
      <trkpt lat="52.505514" lon="4.804663">
        <ele>-3.4</ele>
      </trkpt>
      <trkpt lat="52.505514" lon="4.804692">
        <ele>-3.2</ele>
      </trkpt>
      <trkpt lat="52.505513" lon="4.804724">
        <ele>-3.4</ele>
      </trkpt>
      <trkpt lat="52.505514" lon="4.804755">
        <ele>-3.0</ele>
      </trkpt>
      <trkpt lat="52.505513" lon="4.804787">
        <ele>-3.2</ele>
      </trkpt>
      <trkpt lat="52.505514" lon="4.804816">
        <ele>-3.2</ele>
      </trkpt>
      <trkpt lat="52.505513" lon="4.804848">
        <ele>-3.4</ele>
      </trkpt>
      <trkpt lat="52.505512" lon="4.80488">
        <ele>-3.6</ele>
      </trkpt>
      <trkpt lat="52.50551" lon="4.804915">
        <ele>-3.6</ele>
      </trkpt>
      <trkpt lat="52.505509" lon="4.804947">
        <ele>-3.6</ele>
      </trkpt>
      <trkpt lat="52.505505" lon="4.804981">
        <ele>-3.6</ele>
      </trkpt>
      <trkpt lat="52.505505" lon="4.805011">
        <ele>-3.6</ele>
      </trkpt>
      <trkpt lat="52.505503" lon="4.805043">
        <ele>-3.6</ele>
      </trkpt>
      <trkpt lat="52.505504" lon="4.805072">
        <ele>-3.6</ele>
      </trkpt>
      <trkpt lat="52.505502" lon="4.805102">
        <ele>-3.6</ele>
      </trkpt>
      <trkpt lat="52.505502" lon="4.805131">
        <ele>-3.6</ele>
      </trkpt>
      <trkpt lat="52.505501" lon="4.805164">
        <ele>-3.6</ele>
      </trkpt>
      <trkpt lat="52.505505" lon="4.805192">
        <ele>-3.6</ele>
      </trkpt>
      <trkpt lat="52.505504" lon="4.805228">
        <ele>-3.6</ele>
      </trkpt>
      <trkpt lat="52.505507" lon="4.805256">
        <ele>-3.6</ele>
      </trkpt>
      <trkpt lat="52.505508" lon="4.805291">
        <ele>-3.6</ele>
      </trkpt>
      <trkpt lat="52.505509" lon="4.805322">
        <ele>-3.4</ele>
      </trkpt>
      <trkpt lat="52.505511" lon="4.805357">
        <ele>-3.6</ele>
      </trkpt>
      <trkpt lat="52.505512" lon="4.80539">
        <ele>-3.4</ele>
      </trkpt>
      <trkpt lat="52.505511" lon="4.805422">
        <ele>-3.4</ele>
      </trkpt>
      <trkpt lat="52.505513" lon="4.805455">
        <ele>-3.0</ele>
      </trkpt>
      <trkpt lat="52.505512" lon="4.805487">
        <ele>-2.8</ele>
      </trkpt>
      <trkpt lat="52.505512" lon="4.805518">
        <ele>-2.6</ele>
      </trkpt>
      <trkpt lat="52.50551" lon="4.805549">
        <ele>-2.6</ele>
      </trkpt>
      <trkpt lat="52.505509" lon="4.80558">
        <ele>-2.4</ele>
      </trkpt>
      <trkpt lat="52.505507" lon="4.805611">
        <ele>-2.4</ele>
      </trkpt>
      <trkpt lat="52.505504" lon="4.805641">
        <ele>-2.2</ele>
      </trkpt>
      <trkpt lat="52.505501" lon="4.805667">
        <ele>-2.6</ele>
      </trkpt>
      <trkpt lat="52.505497" lon="4.805694">
        <ele>-2.6</ele>
      </trkpt>
      <trkpt lat="52.505494" lon="4.805715">
        <ele>-2.6</ele>
      </trkpt>
      <trkpt lat="52.505491" lon="4.805739">
        <ele>-2.8</ele>
      </trkpt>
      <trkpt lat="52.505491" lon="4.805762">
        <ele>-2.8</ele>
      </trkpt>
      <trkpt lat="52.505491" lon="4.805788">
        <ele>-2.8</ele>
      </trkpt>
      <trkpt lat="52.505492" lon="4.805817">
        <ele>-2.8</ele>
      </trkpt>
      <trkpt lat="52.505494" lon="4.80584">
        <ele>-3.0</ele>
      </trkpt>
      <trkpt lat="52.505492" lon="4.805867">
        <ele>-2.8</ele>
      </trkpt>
      <trkpt lat="52.505491" lon="4.805896">
        <ele>-3.0</ele>
      </trkpt>
      <trkpt lat="52.505491" lon="4.805924">
        <ele>-3.0</ele>
      </trkpt>
      <trkpt lat="52.505492" lon="4.805952">
        <ele>-3.0</ele>
      </trkpt>
      <trkpt lat="52.50549" lon="4.805985">
        <ele>-3.0</ele>
      </trkpt>
      <trkpt lat="52.505489" lon="4.806016">
        <ele>-2.8</ele>
      </trkpt>
      <trkpt lat="52.505489" lon="4.806047">
        <ele>-2.6</ele>
      </trkpt>
      <trkpt lat="52.505488" lon="4.806079">
        <ele>-2.6</ele>
      </trkpt>
      <trkpt lat="52.505487" lon="4.806113">
        <ele>-2.6</ele>
      </trkpt>
      <trkpt lat="52.505483" lon="4.806144">
        <ele>-2.4</ele>
      </trkpt>
      <trkpt lat="52.505479" lon="4.806178">
        <ele>-2.4</ele>
      </trkpt>
      <trkpt lat="52.505477" lon="4.806208">
        <ele>-2.4</ele>
      </trkpt>
      <trkpt lat="52.505473" lon="4.806244">
        <ele>-2.4</ele>
      </trkpt>
      <trkpt lat="52.505471" lon="4.806273">
        <ele>-2.4</ele>
      </trkpt>
      <trkpt lat="52.505467" lon="4.806307">
        <ele>-2.6</ele>
      </trkpt>
      <trkpt lat="52.505465" lon="4.806341">
        <ele>-2.6</ele>
      </trkpt>
      <trkpt lat="52.505465" lon="4.806375">
        <ele>-2.8</ele>
      </trkpt>
      <trkpt lat="52.505467" lon="4.806407">
        <ele>-3.0</ele>
      </trkpt>
      <trkpt lat="52.505468" lon="4.806439">
        <ele>-3.2</ele>
      </trkpt>
      <trkpt lat="52.505471" lon="4.806472">
        <ele>-3.2</ele>
      </trkpt>
      <trkpt lat="52.505473" lon="4.806503">
        <ele>-3.2</ele>
      </trkpt>
      <trkpt lat="52.505475" lon="4.806533">
        <ele>-3.2</ele>
      </trkpt>
      <trkpt lat="52.505476" lon="4.806567">
        <ele>-3.2</ele>
      </trkpt>
      <trkpt lat="52.505477" lon="4.806598">
        <ele>-3.4</ele>
      </trkpt>
      <trkpt lat="52.505477" lon="4.806631">
        <ele>-3.4</ele>
      </trkpt>
      <trkpt lat="52.505479" lon="4.806661">
        <ele>-2.6</ele>
      </trkpt>
      <trkpt lat="52.505484" lon="4.806691">
        <ele>-3.0</ele>
      </trkpt>
      <trkpt lat="52.505489" lon="4.806722">
        <ele>-2.8</ele>
      </trkpt>
      <trkpt lat="52.50549" lon="4.806755">
        <ele>-2.8</ele>
      </trkpt>
      <trkpt lat="52.505494" lon="4.806788">
        <ele>-2.8</ele>
      </trkpt>
      <trkpt lat="52.505492" lon="4.80682">
        <ele>-2.8</ele>
      </trkpt>
      <trkpt lat="52.505494" lon="4.806852">
        <ele>-2.6</ele>
      </trkpt>
      <trkpt lat="52.505492" lon="4.806887">
        <ele>-2.6</ele>
      </trkpt>
      <trkpt lat="52.50549" lon="4.806918">
        <ele>-2.4</ele>
      </trkpt>
      <trkpt lat="52.505486" lon="4.806955">
        <ele>-2.2</ele>
      </trkpt>
      <trkpt lat="52.505483" lon="4.806989">
        <ele>-2.2</ele>
      </trkpt>
      <trkpt lat="52.505479" lon="4.807026">
        <ele>-2.4</ele>
      </trkpt>
      <trkpt lat="52.505476" lon="4.807061">
        <ele>-2.2</ele>
      </trkpt>
      <trkpt lat="52.505471" lon="4.807098">
        <ele>-2.4</ele>
      </trkpt>
      <trkpt lat="52.505468" lon="4.807129">
        <ele>-2.4</ele>
      </trkpt>
      <trkpt lat="52.505464" lon="4.807157">
        <ele>-2.8</ele>
      </trkpt>
      <trkpt lat="52.505459" lon="4.807182">
        <ele>-3.0</ele>
      </trkpt>
      <trkpt lat="52.505456" lon="4.807203">
        <ele>-3.0</ele>
      </trkpt>
      <trkpt lat="52.505455" lon="4.80722">
        <ele>-3.2</ele>
      </trkpt>
      <trkpt lat="52.505456" lon="4.807236">
        <ele>-3.2</ele>
      </trkpt>
      <trkpt lat="52.505458" lon="4.807256">
        <ele>-3.2</ele>
      </trkpt>
      <trkpt lat="52.505459" lon="4.807275">
        <ele>-3.0</ele>
      </trkpt>
      <trkpt lat="52.505462" lon="4.807298">
        <ele>-3.0</ele>
      </trkpt>
      <trkpt lat="52.505463" lon="4.807326">
        <ele>-3.2</ele>
      </trkpt>
      <trkpt lat="52.505464" lon="4.807356">
        <ele>-3.0</ele>
      </trkpt>
      <trkpt lat="52.505465" lon="4.807388">
        <ele>-3.0</ele>
      </trkpt>
      <trkpt lat="52.505466" lon="4.807419">
        <ele>-2.8</ele>
      </trkpt>
      <trkpt lat="52.505464" lon="4.807448">
        <ele>-2.8</ele>
      </trkpt>
      <trkpt lat="52.505463" lon="4.807478">
        <ele>-2.8</ele>
      </trkpt>
      <trkpt lat="52.505462" lon="4.807511">
        <ele>-2.8</ele>
      </trkpt>
      <trkpt lat="52.505462" lon="4.807544">
        <ele>-2.8</ele>
      </trkpt>
      <trkpt lat="52.505459" lon="4.807584">
        <ele>-3.0</ele>
      </trkpt>
      <trkpt lat="52.505458" lon="4.807616">
        <ele>-3.0</ele>
      </trkpt>
      <trkpt lat="52.505456" lon="4.807652">
        <ele>-3.0</ele>
      </trkpt>
      <trkpt lat="52.505453" lon="4.807683">
        <ele>-3.0</ele>
      </trkpt>
      <trkpt lat="52.505452" lon="4.807716">
        <ele>-3.0</ele>
      </trkpt>
      <trkpt lat="52.505449" lon="4.807748">
        <ele>-3.2</ele>
      </trkpt>
      <trkpt lat="52.505448" lon="4.80778">
        <ele>-3.2</ele>
      </trkpt>
      <trkpt lat="52.505446" lon="4.807814">
        <ele>-3.0</ele>
      </trkpt>
      <trkpt lat="52.50544" lon="4.807846">
        <ele>-2.8</ele>
      </trkpt>
      <trkpt lat="52.505436" lon="4.80788">
        <ele>-2.8</ele>
      </trkpt>
      <trkpt lat="52.505432" lon="4.80791">
        <ele>-2.8</ele>
      </trkpt>
      <trkpt lat="52.505425" lon="4.807945">
        <ele>-2.8</ele>
      </trkpt>
      <trkpt lat="52.505422" lon="4.807976">
        <ele>-2.8</ele>
      </trkpt>
      <trkpt lat="52.505417" lon="4.808006">
        <ele>-2.6</ele>
      </trkpt>
      <trkpt lat="52.505413" lon="4.808035">
        <ele>-2.6</ele>
      </trkpt>
      <trkpt lat="52.505409" lon="4.808066">
        <ele>-2.6</ele>
      </trkpt>
      <trkpt lat="52.505403" lon="4.808096">
        <ele>-2.6</ele>
      </trkpt>
      <trkpt lat="52.505399" lon="4.808127">
        <ele>-2.6</ele>
      </trkpt>
      <trkpt lat="52.505392" lon="4.808159">
        <ele>-2.6</ele>
      </trkpt>
      <trkpt lat="52.505386" lon="4.808189">
        <ele>-2.6</ele>
      </trkpt>
      <trkpt lat="52.505383" lon="4.808219">
        <ele>-2.6</ele>
      </trkpt>
      <trkpt lat="52.505377" lon="4.808252">
        <ele>-2.8</ele>
      </trkpt>
      <trkpt lat="52.505373" lon="4.808285">
        <ele>-2.8</ele>
      </trkpt>
      <trkpt lat="52.505369" lon="4.808313">
        <ele>-2.8</ele>
      </trkpt>
      <trkpt lat="52.505365" lon="4.808344">
        <ele>-2.8</ele>
      </trkpt>
      <trkpt lat="52.505362" lon="4.808376">
        <ele>-2.8</ele>
      </trkpt>
      <trkpt lat="52.50536" lon="4.808404">
        <ele>-2.8</ele>
      </trkpt>
      <trkpt lat="52.505357" lon="4.808433">
        <ele>-3.0</ele>
      </trkpt>
      <trkpt lat="52.505355" lon="4.808464">
        <ele>-3.2</ele>
      </trkpt>
      <trkpt lat="52.505351" lon="4.808497">
        <ele>-3.2</ele>
      </trkpt>
      <trkpt lat="52.50535" lon="4.808525">
        <ele>-3.2</ele>
      </trkpt>
      <trkpt lat="52.505347" lon="4.808558">
        <ele>-3.4</ele>
      </trkpt>
      <trkpt lat="52.505345" lon="4.808587">
        <ele>-3.2</ele>
      </trkpt>
      <trkpt lat="52.505339" lon="4.808621">
        <ele>-3.4</ele>
      </trkpt>
      <trkpt lat="52.505338" lon="4.808652">
        <ele>-3.4</ele>
      </trkpt>
      <trkpt lat="52.505334" lon="4.808686">
        <ele>-3.4</ele>
      </trkpt>
      <trkpt lat="52.505332" lon="4.808717">
        <ele>-3.4</ele>
      </trkpt>
      <trkpt lat="52.505332" lon="4.808745">
        <ele>-3.4</ele>
      </trkpt>
      <trkpt lat="52.505331" lon="4.808772">
        <ele>-3.4</ele>
      </trkpt>
      <trkpt lat="52.505329" lon="4.808798">
        <ele>-3.4</ele>
      </trkpt>
      <trkpt lat="52.505324" lon="4.808827">
        <ele>-3.4</ele>
      </trkpt>
      <trkpt lat="52.505321" lon="4.808852">
        <ele>-3.4</ele>
      </trkpt>
      <trkpt lat="52.505318" lon="4.808881">
        <ele>-3.2</ele>
      </trkpt>
      <trkpt lat="52.505316" lon="4.808907">
        <ele>-2.4</ele>
      </trkpt>
      <trkpt lat="52.505314" lon="4.808935">
        <ele>-2.0</ele>
      </trkpt>
      <trkpt lat="52.505309" lon="4.808964">
        <ele>-1.8</ele>
      </trkpt>
      <trkpt lat="52.505304" lon="4.808994">
        <ele>-1.6</ele>
      </trkpt>
      <trkpt lat="52.5053" lon="4.809024">
        <ele>-2.2</ele>
      </trkpt>
      <trkpt lat="52.505295" lon="4.809054">
        <ele>-2.6</ele>
      </trkpt>
      <trkpt lat="52.50529" lon="4.809083">
        <ele>-2.6</ele>
      </trkpt>
      <trkpt lat="52.505289" lon="4.809112">
        <ele>-2.8</ele>
      </trkpt>
      <trkpt lat="52.505283" lon="4.809146">
        <ele>-2.4</ele>
      </trkpt>
      <trkpt lat="52.50528" lon="4.809173">
        <ele>-2.4</ele>
      </trkpt>
      <trkpt lat="52.505278" lon="4.809203">
        <ele>-2.0</ele>
      </trkpt>
      <trkpt lat="52.505273" lon="4.809235">
        <ele>-1.6</ele>
      </trkpt>
      <trkpt lat="52.505267" lon="4.809265">
        <ele>-1.4</ele>
      </trkpt>
      <trkpt lat="52.505262" lon="4.809293">
        <ele>-1.2</ele>
      </trkpt>
      <trkpt lat="52.505255" lon="4.809317">
        <ele>-1.4</ele>
      </trkpt>
      <trkpt lat="52.505248" lon="4.809337">
        <ele>-1.4</ele>
      </trkpt>
      <trkpt lat="52.505242" lon="4.809354">
        <ele>-1.8</ele>
      </trkpt>
      <trkpt lat="52.505235" lon="4.809374">
        <ele>-2.2</ele>
      </trkpt>
      <trkpt lat="52.505234" lon="4.809391">
        <ele>-2.4</ele>
      </trkpt>
      <trkpt lat="52.50523" lon="4.809411">
        <ele>-2.4</ele>
      </trkpt>
      <trkpt lat="52.505223" lon="4.809436">
        <ele>-2.4</ele>
      </trkpt>
      <trkpt lat="52.505218" lon="4.80946">
        <ele>-2.4</ele>
      </trkpt>
      <trkpt lat="52.505213" lon="4.809486">
        <ele>-2.4</ele>
      </trkpt>
      <trkpt lat="52.505208" lon="4.809513">
        <ele>-2.2</ele>
      </trkpt>
      <trkpt lat="52.505204" lon="4.809542">
        <ele>-2.0</ele>
      </trkpt>
      <trkpt lat="52.5052" lon="4.809569">
        <ele>-1.6</ele>
      </trkpt>
      <trkpt lat="52.505194" lon="4.809597">
        <ele>-1.8</ele>
      </trkpt>
      <trkpt lat="52.505191" lon="4.809624">
        <ele>-1.4</ele>
      </trkpt>
      <trkpt lat="52.505187" lon="4.809655">
        <ele>-1.8</ele>
      </trkpt>
      <trkpt lat="52.505183" lon="4.809683">
        <ele>-1.4</ele>
      </trkpt>
      <trkpt lat="52.505179" lon="4.809716">
        <ele>-1.6</ele>
      </trkpt>
      <trkpt lat="52.505177" lon="4.809747">
        <ele>-1.4</ele>
      </trkpt>
      <trkpt lat="52.505174" lon="4.809779">
        <ele>-1.6</ele>
      </trkpt>
      <trkpt lat="52.505171" lon="4.809809">
        <ele>-1.6</ele>
      </trkpt>
      <trkpt lat="52.505166" lon="4.809843">
        <ele>-2.0</ele>
      </trkpt>
      <trkpt lat="52.505164" lon="4.809875">
        <ele>-2.4</ele>
      </trkpt>
      <trkpt lat="52.50516" lon="4.809907">
        <ele>-2.6</ele>
      </trkpt>
      <trkpt lat="52.505155" lon="4.809943">
        <ele>-2.6</ele>
      </trkpt>
      <trkpt lat="52.505148" lon="4.80998">
        <ele>-2.6</ele>
      </trkpt>
      <trkpt lat="52.505144" lon="4.810011">
        <ele>-2.6</ele>
      </trkpt>
      <trkpt lat="52.50514" lon="4.810043">
        <ele>-2.6</ele>
      </trkpt>
      <trkpt lat="52.505137" lon="4.810077">
        <ele>-2.6</ele>
      </trkpt>
      <trkpt lat="52.50513" lon="4.81011">
        <ele>-2.6</ele>
      </trkpt>
      <trkpt lat="52.505127" lon="4.810142">
        <ele>-2.6</ele>
      </trkpt>
      <trkpt lat="52.505122" lon="4.810173">
        <ele>-2.8</ele>
      </trkpt>
      <trkpt lat="52.505117" lon="4.810202">
        <ele>-2.8</ele>
      </trkpt>
      <trkpt lat="52.505111" lon="4.81023">
        <ele>-2.8</ele>
      </trkpt>
      <trkpt lat="52.505107" lon="4.81026">
        <ele>-2.6</ele>
      </trkpt>
      <trkpt lat="52.505101" lon="4.810289">
        <ele>-2.6</ele>
      </trkpt>
      <trkpt lat="52.505098" lon="4.81032">
        <ele>-2.2</ele>
      </trkpt>
      <trkpt lat="52.505093" lon="4.810349">
        <ele>-2.2</ele>
      </trkpt>
      <trkpt lat="52.505088" lon="4.810381">
        <ele>-2.0</ele>
      </trkpt>
      <trkpt lat="52.505084" lon="4.810411">
        <ele>-2.0</ele>
      </trkpt>
      <trkpt lat="52.505082" lon="4.810443">
        <ele>-2.0</ele>
      </trkpt>
      <trkpt lat="52.50508" lon="4.810477">
        <ele>-1.8</ele>
      </trkpt>
      <trkpt lat="52.505076" lon="4.810507">
        <ele>-1.8</ele>
      </trkpt>
      <trkpt lat="52.50507" lon="4.810534">
        <ele>-2.0</ele>
      </trkpt>
      <trkpt lat="52.505062" lon="4.810564">
        <ele>-2.2</ele>
      </trkpt>
      <trkpt lat="52.505056" lon="4.810591">
        <ele>-2.2</ele>
      </trkpt>
      <trkpt lat="52.505052" lon="4.81062">
        <ele>-2.2</ele>
      </trkpt>
      <trkpt lat="52.505047" lon="4.810649">
        <ele>-2.4</ele>
      </trkpt>
      <trkpt lat="52.505042" lon="4.810678">
        <ele>-2.6</ele>
      </trkpt>
      <trkpt lat="52.505038" lon="4.810707">
        <ele>-2.8</ele>
      </trkpt>
      <trkpt lat="52.505032" lon="4.810737">
        <ele>-2.8</ele>
      </trkpt>
      <trkpt lat="52.505029" lon="4.810768">
        <ele>-2.0</ele>
      </trkpt>
      <trkpt lat="52.505022" lon="4.810799">
        <ele>-2.6</ele>
      </trkpt>
      <trkpt lat="52.505019" lon="4.81083">
        <ele>-2.2</ele>
      </trkpt>
      <trkpt lat="52.505012" lon="4.810861">
        <ele>-2.8</ele>
      </trkpt>
      <trkpt lat="52.505011" lon="4.810887">
        <ele>-2.4</ele>
      </trkpt>
      <trkpt lat="52.505003" lon="4.810918">
        <ele>-2.8</ele>
      </trkpt>
      <trkpt lat="52.505" lon="4.810947">
        <ele>-2.4</ele>
      </trkpt>
      <trkpt lat="52.504996" lon="4.810976">
        <ele>-2.0</ele>
      </trkpt>
      <trkpt lat="52.504992" lon="4.811005">
        <ele>-2.0</ele>
      </trkpt>
      <trkpt lat="52.504986" lon="4.811034">
        <ele>-2.0</ele>
      </trkpt>
      <trkpt lat="52.504979" lon="4.811061">
        <ele>-1.8</ele>
      </trkpt>
      <trkpt lat="52.504971" lon="4.811089">
        <ele>-2.0</ele>
      </trkpt>
      <trkpt lat="52.504962" lon="4.811118">
        <ele>-1.8</ele>
      </trkpt>
      <trkpt lat="52.504954" lon="4.81115">
        <ele>-2.0</ele>
      </trkpt>
      <trkpt lat="52.50495" lon="4.811179">
        <ele>-2.2</ele>
      </trkpt>
      <trkpt lat="52.504945" lon="4.811207">
        <ele>-2.2</ele>
      </trkpt>
      <trkpt lat="52.504943" lon="4.811232">
        <ele>-2.4</ele>
      </trkpt>
      <trkpt lat="52.504938" lon="4.811258">
        <ele>-2.6</ele>
      </trkpt>
      <trkpt lat="52.504933" lon="4.811283">
        <ele>-2.8</ele>
      </trkpt>
      <trkpt lat="52.504928" lon="4.811306">
        <ele>-3.0</ele>
      </trkpt>
      <trkpt lat="52.504923" lon="4.811326">
        <ele>-3.0</ele>
      </trkpt>
      <trkpt lat="52.504918" lon="4.811347">
        <ele>-3.2</ele>
      </trkpt>
      <trkpt lat="52.504913" lon="4.811366">
        <ele>-3.0</ele>
      </trkpt>
      <trkpt lat="52.504909" lon="4.811384">
        <ele>-3.0</ele>
      </trkpt>
      <trkpt lat="52.504905" lon="4.811401">
        <ele>-3.0</ele>
      </trkpt>
      <trkpt lat="52.504901" lon="4.811417">
        <ele>-3.0</ele>
      </trkpt>
      <trkpt lat="52.504899" lon="4.811431">
        <ele>-3.0</ele>
      </trkpt>
      <trkpt lat="52.504896" lon="4.811445">
        <ele>-3.0</ele>
      </trkpt>
      <trkpt lat="52.504893" lon="4.811458">
        <ele>-2.8</ele>
      </trkpt>
      <trkpt lat="52.504891" lon="4.811471">
        <ele>-2.8</ele>
      </trkpt>
      <trkpt lat="52.504889" lon="4.811481">
        <ele>-2.8</ele>
      </trkpt>
      <trkpt lat="52.504885" lon="4.811496">
        <ele>-2.6</ele>
      </trkpt>
      <trkpt lat="52.504883" lon="4.811512">
        <ele>-2.6</ele>
      </trkpt>
      <trkpt lat="52.50488" lon="4.811532">
        <ele>-2.6</ele>
      </trkpt>
      <trkpt lat="52.504877" lon="4.811558">
        <ele>-2.4</ele>
      </trkpt>
      <trkpt lat="52.504875" lon="4.811583">
        <ele>-2.4</ele>
      </trkpt>
      <trkpt lat="52.504873" lon="4.81161">
        <ele>-2.4</ele>
      </trkpt>
      <trkpt lat="52.504873" lon="4.811633">
        <ele>-2.6</ele>
      </trkpt>
      <trkpt lat="52.504871" lon="4.811657">
        <ele>-2.6</ele>
      </trkpt>
      <trkpt lat="52.504869" lon="4.81168">
        <ele>-2.6</ele>
      </trkpt>
      <trkpt lat="52.504867" lon="4.811703">
        <ele>-2.6</ele>
      </trkpt>
      <trkpt lat="52.504865" lon="4.811725">
        <ele>-2.6</ele>
      </trkpt>
      <trkpt lat="52.504864" lon="4.811747">
        <ele>-2.8</ele>
      </trkpt>
      <trkpt lat="52.504863" lon="4.811766">
        <ele>-2.6</ele>
      </trkpt>
      <trkpt lat="52.504862" lon="4.811783">
        <ele>-2.6</ele>
      </trkpt>
      <trkpt lat="52.504862" lon="4.811801">
        <ele>-2.6</ele>
      </trkpt>
      <trkpt lat="52.504861" lon="4.811817">
        <ele>-2.8</ele>
      </trkpt>
      <trkpt lat="52.504861" lon="4.811834">
        <ele>-2.8</ele>
      </trkpt>
      <trkpt lat="52.504861" lon="4.811852">
        <ele>-2.8</ele>
      </trkpt>
      <trkpt lat="52.504862" lon="4.811868">
        <ele>-2.8</ele>
      </trkpt>
      <trkpt lat="52.504863" lon="4.811886">
        <ele>-2.8</ele>
      </trkpt>
      <trkpt lat="52.504863" lon="4.811903">
        <ele>-2.8</ele>
      </trkpt>
      <trkpt lat="52.504863" lon="4.811918">
        <ele>-2.8</ele>
      </trkpt>
      <trkpt lat="52.504863" lon="4.811935">
        <ele>-2.6</ele>
      </trkpt>
      <trkpt lat="52.504864" lon="4.811951">
        <ele>-2.8</ele>
      </trkpt>
      <trkpt lat="52.504865" lon="4.811967">
        <ele>-2.8</ele>
      </trkpt>
      <trkpt lat="52.504867" lon="4.811987">
        <ele>-2.8</ele>
      </trkpt>
      <trkpt lat="52.504869" lon="4.812004">
        <ele>-2.8</ele>
      </trkpt>
      <trkpt lat="52.504867" lon="4.812025">
        <ele>-2.8</ele>
      </trkpt>
      <trkpt lat="52.504868" lon="4.812045">
        <ele>-3.0</ele>
      </trkpt>
      <trkpt lat="52.50487" lon="4.812069">
        <ele>-2.8</ele>
      </trkpt>
      <trkpt lat="52.50487" lon="4.812094">
        <ele>-2.8</ele>
      </trkpt>
      <trkpt lat="52.504873" lon="4.81212">
        <ele>-2.6</ele>
      </trkpt>
      <trkpt lat="52.504876" lon="4.812152">
        <ele>-2.6</ele>
      </trkpt>
      <trkpt lat="52.504877" lon="4.812178">
        <ele>-2.8</ele>
      </trkpt>
      <trkpt lat="52.504876" lon="4.812211">
        <ele>-2.8</ele>
      </trkpt>
      <trkpt lat="52.504879" lon="4.812242">
        <ele>-3.0</ele>
      </trkpt>
      <trkpt lat="52.50488" lon="4.812273">
        <ele>-3.2</ele>
      </trkpt>
      <trkpt lat="52.504882" lon="4.812303">
        <ele>-3.4</ele>
      </trkpt>
      <trkpt lat="52.504885" lon="4.812335">
        <ele>-3.4</ele>
      </trkpt>
      <trkpt lat="52.504885" lon="4.812364">
        <ele>-3.4</ele>
      </trkpt>
      <trkpt lat="52.504887" lon="4.812394">
        <ele>-3.6</ele>
      </trkpt>
      <trkpt lat="52.504888" lon="4.812424">
        <ele>-3.6</ele>
      </trkpt>
      <trkpt lat="52.504888" lon="4.812456">
        <ele>-3.6</ele>
      </trkpt>
      <trkpt lat="52.50489" lon="4.812487">
        <ele>-3.8</ele>
      </trkpt>
      <trkpt lat="52.504893" lon="4.812517">
        <ele>-3.8</ele>
      </trkpt>
      <trkpt lat="52.504895" lon="4.812546">
        <ele>-3.8</ele>
      </trkpt>
      <trkpt lat="52.504896" lon="4.812573">
        <ele>-3.8</ele>
      </trkpt>
      <trkpt lat="52.504897" lon="4.812605">
        <ele>-3.8</ele>
      </trkpt>
      <trkpt lat="52.504898" lon="4.812636">
        <ele>-3.8</ele>
      </trkpt>
      <trkpt lat="52.5049" lon="4.812664">
        <ele>-4.0</ele>
      </trkpt>
      <trkpt lat="52.5049" lon="4.8127">
        <ele>-4.0</ele>
      </trkpt>
      <trkpt lat="52.504902" lon="4.812729">
        <ele>-4.0</ele>
      </trkpt>
      <trkpt lat="52.504902" lon="4.81276">
        <ele>-4.0</ele>
      </trkpt>
      <trkpt lat="52.504902" lon="4.812793">
        <ele>-3.8</ele>
      </trkpt>
      <trkpt lat="52.504901" lon="4.812826">
        <ele>-3.6</ele>
      </trkpt>
      <trkpt lat="52.504902" lon="4.812856">
        <ele>-3.4</ele>
      </trkpt>
      <trkpt lat="52.5049" lon="4.812887">
        <ele>-3.2</ele>
      </trkpt>
      <trkpt lat="52.5049" lon="4.81292">
        <ele>-3.2</ele>
      </trkpt>
      <trkpt lat="52.504899" lon="4.812954">
        <ele>-3.2</ele>
      </trkpt>
      <trkpt lat="52.504898" lon="4.812987">
        <ele>-3.2</ele>
      </trkpt>
      <trkpt lat="52.504896" lon="4.813022">
        <ele>-3.2</ele>
      </trkpt>
      <trkpt lat="52.504894" lon="4.813055">
        <ele>-3.0</ele>
      </trkpt>
      <trkpt lat="52.504893" lon="4.813088">
        <ele>-3.0</ele>
      </trkpt>
      <trkpt lat="52.504893" lon="4.813121">
        <ele>-2.8</ele>
      </trkpt>
      <trkpt lat="52.50489" lon="4.813157">
        <ele>-2.8</ele>
      </trkpt>
      <trkpt lat="52.504889" lon="4.813191">
        <ele>-2.6</ele>
      </trkpt>
      <trkpt lat="52.504888" lon="4.813224">
        <ele>-2.8</ele>
      </trkpt>
      <trkpt lat="52.504889" lon="4.81326">
        <ele>-2.8</ele>
      </trkpt>
      <trkpt lat="52.504893" lon="4.813296">
        <ele>-2.8</ele>
      </trkpt>
      <trkpt lat="52.504894" lon="4.813334">
        <ele>-2.8</ele>
      </trkpt>
      <trkpt lat="52.504899" lon="4.813364">
        <ele>-3.2</ele>
      </trkpt>
      <trkpt lat="52.504903" lon="4.813406">
        <ele>-3.2</ele>
      </trkpt>
      <trkpt lat="52.504909" lon="4.813439">
        <ele>-3.4</ele>
      </trkpt>
      <trkpt lat="52.504913" lon="4.813479">
        <ele>-3.2</ele>
      </trkpt>
      <trkpt lat="52.504917" lon="4.813516">
        <ele>-3.2</ele>
      </trkpt>
      <trkpt lat="52.50492" lon="4.813552">
        <ele>-3.2</ele>
      </trkpt>
      <trkpt lat="52.504923" lon="4.813586">
        <ele>-3.2</ele>
      </trkpt>
      <trkpt lat="52.504925" lon="4.813622">
        <ele>-3.2</ele>
      </trkpt>
      <trkpt lat="52.504927" lon="4.813658">
        <ele>-3.2</ele>
      </trkpt>
      <trkpt lat="52.50493" lon="4.813689">
        <ele>-3.4</ele>
      </trkpt>
      <trkpt lat="52.504931" lon="4.813723">
        <ele>-3.8</ele>
      </trkpt>
      <trkpt lat="52.504935" lon="4.813752">
        <ele>-4.0</ele>
      </trkpt>
      <trkpt lat="52.504936" lon="4.813792">
        <ele>-4.2</ele>
      </trkpt>
      <trkpt lat="52.50494" lon="4.813824">
        <ele>-4.2</ele>
      </trkpt>
      <trkpt lat="52.504941" lon="4.813855">
        <ele>-4.4</ele>
      </trkpt>
      <trkpt lat="52.504942" lon="4.813883">
        <ele>-4.4</ele>
      </trkpt>
      <trkpt lat="52.504942" lon="4.813909">
        <ele>-4.4</ele>
      </trkpt>
      <trkpt lat="52.504941" lon="4.813939">
        <ele>-4.2</ele>
      </trkpt>
      <trkpt lat="52.50494" lon="4.813967">
        <ele>-4.2</ele>
      </trkpt>
      <trkpt lat="52.504937" lon="4.813992">
        <ele>-4.2</ele>
      </trkpt>
      <trkpt lat="52.504935" lon="4.814017">
        <ele>-4.2</ele>
      </trkpt>
      <trkpt lat="52.504935" lon="4.814041">
        <ele>-4.0</ele>
      </trkpt>
      <trkpt lat="52.504935" lon="4.814062">
        <ele>-4.0</ele>
      </trkpt>
      <trkpt lat="52.504933" lon="4.814081">
        <ele>-4.0</ele>
      </trkpt>
      <trkpt lat="52.50493" lon="4.814098">
        <ele>-4.0</ele>
      </trkpt>
      <trkpt lat="52.50493" lon="4.814118">
        <ele>-4.0</ele>
      </trkpt>
      <trkpt lat="52.50493" lon="4.814136">
        <ele>-4.0</ele>
      </trkpt>
      <trkpt lat="52.50493" lon="4.814159">
        <ele>-4.0</ele>
      </trkpt>
      <trkpt lat="52.504929" lon="4.814184">
        <ele>-4.0</ele>
      </trkpt>
      <trkpt lat="52.504928" lon="4.814207">
        <ele>-3.8</ele>
      </trkpt>
      <trkpt lat="52.504927" lon="4.814233">
        <ele>-3.8</ele>
      </trkpt>
      <trkpt lat="52.504931" lon="4.814259">
        <ele>-4.0</ele>
      </trkpt>
      <trkpt lat="52.50493" lon="4.814287">
        <ele>-4.0</ele>
      </trkpt>
      <trkpt lat="52.504932" lon="4.814314">
        <ele>-4.0</ele>
      </trkpt>
      <trkpt lat="52.504932" lon="4.814348">
        <ele>-4.0</ele>
      </trkpt>
      <trkpt lat="52.504933" lon="4.814378">
        <ele>-4.2</ele>
      </trkpt>
      <trkpt lat="52.504933" lon="4.814414">
        <ele>-4.2</ele>
      </trkpt>
      <trkpt lat="52.504934" lon="4.814445">
        <ele>-4.2</ele>
      </trkpt>
      <trkpt lat="52.504934" lon="4.814476">
        <ele>-4.2</ele>
      </trkpt>
      <trkpt lat="52.504937" lon="4.814507">
        <ele>-3.8</ele>
      </trkpt>
      <trkpt lat="52.504938" lon="4.81454">
        <ele>-4.0</ele>
      </trkpt>
      <trkpt lat="52.50494" lon="4.814571">
        <ele>-3.8</ele>
      </trkpt>
      <trkpt lat="52.504942" lon="4.814601">
        <ele>-3.8</ele>
      </trkpt>
      <trkpt lat="52.504945" lon="4.814631">
        <ele>-4.0</ele>
      </trkpt>
      <trkpt lat="52.504949" lon="4.814664">
        <ele>-4.2</ele>
      </trkpt>
      <trkpt lat="52.50495" lon="4.814696">
        <ele>-4.0</ele>
      </trkpt>
      <trkpt lat="52.504951" lon="4.814726">
        <ele>-4.0</ele>
      </trkpt>
      <trkpt lat="52.504952" lon="4.814759">
        <ele>-4.0</ele>
      </trkpt>
      <trkpt lat="52.504956" lon="4.814786">
        <ele>-4.0</ele>
      </trkpt>
      <trkpt lat="52.504955" lon="4.814816">
        <ele>-4.0</ele>
      </trkpt>
      <trkpt lat="52.504954" lon="4.814848">
        <ele>-4.0</ele>
      </trkpt>
      <trkpt lat="52.504955" lon="4.814879">
        <ele>-4.0</ele>
      </trkpt>
      <trkpt lat="52.504956" lon="4.814914">
        <ele>-4.0</ele>
      </trkpt>
      <trkpt lat="52.504961" lon="4.814944">
        <ele>-4.0</ele>
      </trkpt>
      <trkpt lat="52.504962" lon="4.814977">
        <ele>-4.0</ele>
      </trkpt>
      <trkpt lat="52.504965" lon="4.815008">
        <ele>-3.8</ele>
      </trkpt>
      <trkpt lat="52.504968" lon="4.815042">
        <ele>-3.8</ele>
      </trkpt>
      <trkpt lat="52.504974" lon="4.815073">
        <ele>-3.8</ele>
      </trkpt>
      <trkpt lat="52.504978" lon="4.815103">
        <ele>-3.8</ele>
      </trkpt>
      <trkpt lat="52.504983" lon="4.815131">
        <ele>-3.8</ele>
      </trkpt>
      <trkpt lat="52.504987" lon="4.815161">
        <ele>-3.8</ele>
      </trkpt>
      <trkpt lat="52.504992" lon="4.81519">
        <ele>-3.8</ele>
      </trkpt>
      <trkpt lat="52.504999" lon="4.81522">
        <ele>-3.8</ele>
      </trkpt>
      <trkpt lat="52.505008" lon="4.815249">
        <ele>-3.4</ele>
      </trkpt>
      <trkpt lat="52.505014" lon="4.81528">
        <ele>-3.2</ele>
      </trkpt>
      <trkpt lat="52.50502" lon="4.81531">
        <ele>-3.2</ele>
      </trkpt>
      <trkpt lat="52.505026" lon="4.815338">
        <ele>-3.2</ele>
      </trkpt>
      <trkpt lat="52.505031" lon="4.815368">
        <ele>-3.2</ele>
      </trkpt>
      <trkpt lat="52.505037" lon="4.815399">
        <ele>-3.2</ele>
      </trkpt>
      <trkpt lat="52.505046" lon="4.815436">
        <ele>-3.4</ele>
      </trkpt>
      <trkpt lat="52.505053" lon="4.815467">
        <ele>-3.6</ele>
      </trkpt>
      <trkpt lat="52.505057" lon="4.815504">
        <ele>-3.6</ele>
      </trkpt>
      <trkpt lat="52.505063" lon="4.815536">
        <ele>-3.6</ele>
      </trkpt>
      <trkpt lat="52.505066" lon="4.81557">
        <ele>-3.4</ele>
      </trkpt>
      <trkpt lat="52.505071" lon="4.815601">
        <ele>-3.4</ele>
      </trkpt>
      <trkpt lat="52.505077" lon="4.815635">
        <ele>-3.4</ele>
      </trkpt>
      <trkpt lat="52.505084" lon="4.81567">
        <ele>-3.2</ele>
      </trkpt>
      <trkpt lat="52.505087" lon="4.815704">
        <ele>-3.2</ele>
      </trkpt>
      <trkpt lat="52.505092" lon="4.815736">
        <ele>-3.0</ele>
      </trkpt>
      <trkpt lat="52.505094" lon="4.81577">
        <ele>-3.0</ele>
      </trkpt>
      <trkpt lat="52.505095" lon="4.815802">
        <ele>-3.0</ele>
      </trkpt>
      <trkpt lat="52.505096" lon="4.815832">
        <ele>-3.2</ele>
      </trkpt>
      <trkpt lat="52.505097" lon="4.815864">
        <ele>-3.4</ele>
      </trkpt>
      <trkpt lat="52.505102" lon="4.815891">
        <ele>-3.6</ele>
      </trkpt>
      <trkpt lat="52.505105" lon="4.815927">
        <ele>-3.8</ele>
      </trkpt>
      <trkpt lat="52.505109" lon="4.815957">
        <ele>-4.0</ele>
      </trkpt>
      <trkpt lat="52.505112" lon="4.81599">
        <ele>-3.8</ele>
      </trkpt>
      <trkpt lat="52.505115" lon="4.816021">
        <ele>-3.8</ele>
      </trkpt>
      <trkpt lat="52.505116" lon="4.816051">
        <ele>-3.8</ele>
      </trkpt>
      <trkpt lat="52.505119" lon="4.816082">
        <ele>-3.4</ele>
      </trkpt>
      <trkpt lat="52.505121" lon="4.816109">
        <ele>-3.6</ele>
      </trkpt>
      <trkpt lat="52.505123" lon="4.816136">
        <ele>-3.6</ele>
      </trkpt>
      <trkpt lat="52.505123" lon="4.816166">
        <ele>-3.6</ele>
      </trkpt>
      <trkpt lat="52.505123" lon="4.8162">
        <ele>-3.4</ele>
      </trkpt>
      <trkpt lat="52.505122" lon="4.816228">
        <ele>-3.4</ele>
      </trkpt>
      <trkpt lat="52.505123" lon="4.816254">
        <ele>-3.4</ele>
      </trkpt>
      <trkpt lat="52.505122" lon="4.816279">
        <ele>-3.6</ele>
      </trkpt>
      <trkpt lat="52.505121" lon="4.816306">
        <ele>-3.8</ele>
      </trkpt>
      <trkpt lat="52.505122" lon="4.816331">
        <ele>-3.8</ele>
      </trkpt>
      <trkpt lat="52.505126" lon="4.816358">
        <ele>-3.8</ele>
      </trkpt>
      <trkpt lat="52.505126" lon="4.816391">
        <ele>-3.8</ele>
      </trkpt>
      <trkpt lat="52.50513" lon="4.816419">
        <ele>-3.8</ele>
      </trkpt>
      <trkpt lat="52.505133" lon="4.816454">
        <ele>-4.0</ele>
      </trkpt>
      <trkpt lat="52.505137" lon="4.816486">
        <ele>-4.0</ele>
      </trkpt>
      <trkpt lat="52.50514" lon="4.816522">
        <ele>-3.8</ele>
      </trkpt>
      <trkpt lat="52.505144" lon="4.816555">
        <ele>-3.8</ele>
      </trkpt>
      <trkpt lat="52.505148" lon="4.816586">
        <ele>-3.8</ele>
      </trkpt>
      <trkpt lat="52.505153" lon="4.816618">
        <ele>-3.8</ele>
      </trkpt>
      <trkpt lat="52.505158" lon="4.81665">
        <ele>-3.8</ele>
      </trkpt>
      <trkpt lat="52.505161" lon="4.816677">
        <ele>-3.6</ele>
      </trkpt>
      <trkpt lat="52.505166" lon="4.816707">
        <ele>-3.6</ele>
      </trkpt>
      <trkpt lat="52.505171" lon="4.816738">
        <ele>-3.6</ele>
      </trkpt>
      <trkpt lat="52.505181" lon="4.816767">
        <ele>-3.8</ele>
      </trkpt>
      <trkpt lat="52.505183" lon="4.816797">
        <ele>-3.8</ele>
      </trkpt>
      <trkpt lat="52.505189" lon="4.816827">
        <ele>-3.8</ele>
      </trkpt>
      <trkpt lat="52.505195" lon="4.81686">
        <ele>-4.0</ele>
      </trkpt>
      <trkpt lat="52.505202" lon="4.816891">
        <ele>-3.8</ele>
      </trkpt>
      <trkpt lat="52.505207" lon="4.816925">
        <ele>-3.8</ele>
      </trkpt>
      <trkpt lat="52.505212" lon="4.816954">
        <ele>-3.8</ele>
      </trkpt>
      <trkpt lat="52.505217" lon="4.816985">
        <ele>-4.0</ele>
      </trkpt>
      <trkpt lat="52.505223" lon="4.817016">
        <ele>-4.0</ele>
      </trkpt>
      <trkpt lat="52.505227" lon="4.817046">
        <ele>-4.0</ele>
      </trkpt>
      <trkpt lat="52.505232" lon="4.817077">
        <ele>-4.0</ele>
      </trkpt>
      <trkpt lat="52.505238" lon="4.817106">
        <ele>-4.0</ele>
      </trkpt>
      <trkpt lat="52.505245" lon="4.817135">
        <ele>-4.0</ele>
      </trkpt>
      <trkpt lat="52.505252" lon="4.817162">
        <ele>-4.0</ele>
      </trkpt>
      <trkpt lat="52.505258" lon="4.817192">
        <ele>-4.2</ele>
      </trkpt>
      <trkpt lat="52.505264" lon="4.817222">
        <ele>-4.2</ele>
      </trkpt>
      <trkpt lat="52.505271" lon="4.817255">
        <ele>-4.2</ele>
      </trkpt>
      <trkpt lat="52.505278" lon="4.817288">
        <ele>-4.2</ele>
      </trkpt>
      <trkpt lat="52.505284" lon="4.81732">
        <ele>-4.2</ele>
      </trkpt>
      <trkpt lat="52.505291" lon="4.81735">
        <ele>-4.4</ele>
      </trkpt>
      <trkpt lat="52.505298" lon="4.817382">
        <ele>-4.4</ele>
      </trkpt>
      <trkpt lat="52.505304" lon="4.817418">
        <ele>-4.4</ele>
      </trkpt>
      <trkpt lat="52.505313" lon="4.817451">
        <ele>-4.4</ele>
      </trkpt>
      <trkpt lat="52.505323" lon="4.817489">
        <ele>-4.4</ele>
      </trkpt>
      <trkpt lat="52.505332" lon="4.81752">
        <ele>-4.4</ele>
      </trkpt>
      <trkpt lat="52.50534" lon="4.817556">
        <ele>-4.4</ele>
      </trkpt>
      <trkpt lat="52.505348" lon="4.817586">
        <ele>-4.4</ele>
      </trkpt>
      <trkpt lat="52.505353" lon="4.817616">
        <ele>-4.4</ele>
      </trkpt>
      <trkpt lat="52.505359" lon="4.817644">
        <ele>-4.4</ele>
      </trkpt>
      <trkpt lat="52.505365" lon="4.817674">
        <ele>-4.2</ele>
      </trkpt>
      <trkpt lat="52.505371" lon="4.817703">
        <ele>-4.2</ele>
      </trkpt>
      <trkpt lat="52.505379" lon="4.817734">
        <ele>-4.2</ele>
      </trkpt>
      <trkpt lat="52.505389" lon="4.817764">
        <ele>-4.2</ele>
      </trkpt>
      <trkpt lat="52.505397" lon="4.817792">
        <ele>-4.2</ele>
      </trkpt>
      <trkpt lat="52.505404" lon="4.817822">
        <ele>-4.4</ele>
      </trkpt>
      <trkpt lat="52.505412" lon="4.81785">
        <ele>-4.4</ele>
      </trkpt>
      <trkpt lat="52.50542" lon="4.817878">
        <ele>-4.4</ele>
      </trkpt>
      <trkpt lat="52.505426" lon="4.817907">
        <ele>-4.4</ele>
      </trkpt>
      <trkpt lat="52.50543" lon="4.817939">
        <ele>-4.4</ele>
      </trkpt>
      <trkpt lat="52.505436" lon="4.817968">
        <ele>-4.4</ele>
      </trkpt>
      <trkpt lat="52.505445" lon="4.818002">
        <ele>-4.4</ele>
      </trkpt>
      <trkpt lat="52.50545" lon="4.81803">
        <ele>-4.4</ele>
      </trkpt>
      <trkpt lat="52.505458" lon="4.818059">
        <ele>-4.4</ele>
      </trkpt>
      <trkpt lat="52.505463" lon="4.818085">
        <ele>-4.4</ele>
      </trkpt>
      <trkpt lat="52.505472" lon="4.818107">
        <ele>-4.4</ele>
      </trkpt>
      <trkpt lat="52.505479" lon="4.818139">
        <ele>-4.4</ele>
      </trkpt>
      <trkpt lat="52.50549" lon="4.818169">
        <ele>-4.2</ele>
      </trkpt>
      <trkpt lat="52.505495" lon="4.8182">
        <ele>-4.2</ele>
      </trkpt>
      <trkpt lat="52.505504" lon="4.818231">
        <ele>-4.0</ele>
      </trkpt>
      <trkpt lat="52.505509" lon="4.818261">
        <ele>-4.0</ele>
      </trkpt>
      <trkpt lat="52.505515" lon="4.818292">
        <ele>-3.8</ele>
      </trkpt>
      <trkpt lat="52.505521" lon="4.818322">
        <ele>-3.8</ele>
      </trkpt>
      <trkpt lat="52.505527" lon="4.818351">
        <ele>-3.8</ele>
      </trkpt>
      <trkpt lat="52.505532" lon="4.818384">
        <ele>-3.8</ele>
      </trkpt>
      <trkpt lat="52.505538" lon="4.818416">
        <ele>-3.8</ele>
      </trkpt>
      <trkpt lat="52.505544" lon="4.818448">
        <ele>-3.8</ele>
      </trkpt>
      <trkpt lat="52.505551" lon="4.81848">
        <ele>-4.0</ele>
      </trkpt>
      <trkpt lat="52.505557" lon="4.818512">
        <ele>-4.0</ele>
      </trkpt>
      <trkpt lat="52.505565" lon="4.81855">
        <ele>-4.2</ele>
      </trkpt>
      <trkpt lat="52.505571" lon="4.818584">
        <ele>-4.2</ele>
      </trkpt>
      <trkpt lat="52.505579" lon="4.818623">
        <ele>-4.0</ele>
      </trkpt>
      <trkpt lat="52.505587" lon="4.818656">
        <ele>-4.0</ele>
      </trkpt>
      <trkpt lat="52.505596" lon="4.818694">
        <ele>-3.8</ele>
      </trkpt>
      <trkpt lat="52.505604" lon="4.818727">
        <ele>-3.8</ele>
      </trkpt>
      <trkpt lat="52.505612" lon="4.818763">
        <ele>-3.8</ele>
      </trkpt>
      <trkpt lat="52.505619" lon="4.818793">
        <ele>-3.8</ele>
      </trkpt>
      <trkpt lat="52.505626" lon="4.818829">
        <ele>-3.8</ele>
      </trkpt>
      <trkpt lat="52.505634" lon="4.818864">
        <ele>-3.8</ele>
      </trkpt>
      <trkpt lat="52.505639" lon="4.818897">
        <ele>-3.8</ele>
      </trkpt>
      <trkpt lat="52.505645" lon="4.818932">
        <ele>-3.8</ele>
      </trkpt>
      <trkpt lat="52.505652" lon="4.818962">
        <ele>-4.0</ele>
      </trkpt>
      <trkpt lat="52.505659" lon="4.818997">
        <ele>-4.4</ele>
      </trkpt>
      <trkpt lat="52.505667" lon="4.819024">
        <ele>-4.2</ele>
      </trkpt>
      <trkpt lat="52.505673" lon="4.819059">
        <ele>-4.4</ele>
      </trkpt>
      <trkpt lat="52.505678" lon="4.819087">
        <ele>-4.6</ele>
      </trkpt>
      <trkpt lat="52.505682" lon="4.819118">
        <ele>-4.6</ele>
      </trkpt>
      <trkpt lat="52.505689" lon="4.819144">
        <ele>-4.6</ele>
      </trkpt>
      <trkpt lat="52.505691" lon="4.819173">
        <ele>-4.6</ele>
      </trkpt>
      <trkpt lat="52.505698" lon="4.8192">
        <ele>-4.6</ele>
      </trkpt>
      <trkpt lat="52.505703" lon="4.819229">
        <ele>-4.6</ele>
      </trkpt>
      <trkpt lat="52.505709" lon="4.819259">
        <ele>-4.4</ele>
      </trkpt>
      <trkpt lat="52.505715" lon="4.81929">
        <ele>-4.4</ele>
      </trkpt>
      <trkpt lat="52.505721" lon="4.819319">
        <ele>-4.4</ele>
      </trkpt>
      <trkpt lat="52.505725" lon="4.81935">
        <ele>-4.4</ele>
      </trkpt>
      <trkpt lat="52.50573" lon="4.819382">
        <ele>-4.4</ele>
      </trkpt>
      <trkpt lat="52.505735" lon="4.819413">
        <ele>-4.4</ele>
      </trkpt>
      <trkpt lat="52.505741" lon="4.819444">
        <ele>-4.4</ele>
      </trkpt>
      <trkpt lat="52.505744" lon="4.819474">
        <ele>-4.4</ele>
      </trkpt>
      <trkpt lat="52.505748" lon="4.819506">
        <ele>-4.6</ele>
      </trkpt>
      <trkpt lat="52.505753" lon="4.819532">
        <ele>-4.6</ele>
      </trkpt>
      <trkpt lat="52.505756" lon="4.81956">
        <ele>-4.6</ele>
      </trkpt>
      <trkpt lat="52.505762" lon="4.819587">
        <ele>-4.6</ele>
      </trkpt>
      <trkpt lat="52.505764" lon="4.819615">
        <ele>-4.6</ele>
      </trkpt>
      <trkpt lat="52.505768" lon="4.819644">
        <ele>-4.6</ele>
      </trkpt>
      <trkpt lat="52.505773" lon="4.819673">
        <ele>-4.6</ele>
      </trkpt>
      <trkpt lat="52.50578" lon="4.819701">
        <ele>-4.6</ele>
      </trkpt>
      <trkpt lat="52.505784" lon="4.819731">
        <ele>-4.6</ele>
      </trkpt>
      <trkpt lat="52.505788" lon="4.819761">
        <ele>-4.6</ele>
      </trkpt>
      <trkpt lat="52.505793" lon="4.81979">
        <ele>-4.6</ele>
      </trkpt>
      <trkpt lat="52.505797" lon="4.81982">
        <ele>-4.8</ele>
      </trkpt>
      <trkpt lat="52.505801" lon="4.819848">
        <ele>-4.8</ele>
      </trkpt>
      <trkpt lat="52.505804" lon="4.819878">
        <ele>-5.0</ele>
      </trkpt>
      <trkpt lat="52.505809" lon="4.819902">
        <ele>-5.0</ele>
      </trkpt>
      <trkpt lat="52.505813" lon="4.819935">
        <ele>-5.0</ele>
      </trkpt>
      <trkpt lat="52.505818" lon="4.81996">
        <ele>-5.0</ele>
      </trkpt>
      <trkpt lat="52.505823" lon="4.819988">
        <ele>-5.0</ele>
      </trkpt>
      <trkpt lat="52.50583" lon="4.820016">
        <ele>-5.0</ele>
      </trkpt>
      <trkpt lat="52.505835" lon="4.820043">
        <ele>-5.0</ele>
      </trkpt>
      <trkpt lat="52.505841" lon="4.82007">
        <ele>-5.0</ele>
      </trkpt>
      <trkpt lat="52.505847" lon="4.820095">
        <ele>-5.0</ele>
      </trkpt>
      <trkpt lat="52.505852" lon="4.820123">
        <ele>-5.2</ele>
      </trkpt>
      <trkpt lat="52.505859" lon="4.820147">
        <ele>-4.8</ele>
      </trkpt>
      <trkpt lat="52.505863" lon="4.820178">
        <ele>-4.8</ele>
      </trkpt>
      <trkpt lat="52.505869" lon="4.820202">
        <ele>-4.6</ele>
      </trkpt>
      <trkpt lat="52.505879" lon="4.820229">
        <ele>-4.6</ele>
      </trkpt>
      <trkpt lat="52.505885" lon="4.820257">
        <ele>-4.6</ele>
      </trkpt>
      <trkpt lat="52.505892" lon="4.820283">
        <ele>-4.6</ele>
      </trkpt>
      <trkpt lat="52.505895" lon="4.820314">
        <ele>-4.8</ele>
      </trkpt>
      <trkpt lat="52.505902" lon="4.820339">
        <ele>-4.8</ele>
      </trkpt>
      <trkpt lat="52.505907" lon="4.82037">
        <ele>-5.0</ele>
      </trkpt>
      <trkpt lat="52.505914" lon="4.820397">
        <ele>-5.0</ele>
      </trkpt>
      <trkpt lat="52.505917" lon="4.820427">
        <ele>-5.0</ele>
      </trkpt>
      <trkpt lat="52.505921" lon="4.820458">
        <ele>-5.0</ele>
      </trkpt>
      <trkpt lat="52.505926" lon="4.820485">
        <ele>-5.0</ele>
      </trkpt>
      <trkpt lat="52.505931" lon="4.820513">
        <ele>-5.0</ele>
      </trkpt>
      <trkpt lat="52.505936" lon="4.820539">
        <ele>-5.0</ele>
      </trkpt>
      <trkpt lat="52.505941" lon="4.820568">
        <ele>-5.0</ele>
      </trkpt>
      <trkpt lat="52.505946" lon="4.820595">
        <ele>-5.0</ele>
      </trkpt>
      <trkpt lat="52.50595" lon="4.820624">
        <ele>-5.0</ele>
      </trkpt>
      <trkpt lat="52.505954" lon="4.820652">
        <ele>-5.0</ele>
      </trkpt>
      <trkpt lat="52.505959" lon="4.820681">
        <ele>-5.0</ele>
      </trkpt>
      <trkpt lat="52.505962" lon="4.820709">
        <ele>-4.8</ele>
      </trkpt>
      <trkpt lat="52.505965" lon="4.820738">
        <ele>-5.0</ele>
      </trkpt>
      <trkpt lat="52.505967" lon="4.820769">
        <ele>-5.0</ele>
      </trkpt>
      <trkpt lat="52.50597" lon="4.8208">
        <ele>-5.0</ele>
      </trkpt>
      <trkpt lat="52.505972" lon="4.820834">
        <ele>-5.0</ele>
      </trkpt>
      <trkpt lat="52.505976" lon="4.820861">
        <ele>-5.0</ele>
      </trkpt>
      <trkpt lat="52.505976" lon="4.820888">
        <ele>-5.0</ele>
      </trkpt>
      <trkpt lat="52.50598" lon="4.820915">
        <ele>-5.0</ele>
      </trkpt>
      <trkpt lat="52.505983" lon="4.820942">
        <ele>-5.0</ele>
      </trkpt>
      <trkpt lat="52.505988" lon="4.820968">
        <ele>-5.0</ele>
      </trkpt>
      <trkpt lat="52.505991" lon="4.820997">
        <ele>-5.0</ele>
      </trkpt>
      <trkpt lat="52.505994" lon="4.821028">
        <ele>-4.8</ele>
      </trkpt>
      <trkpt lat="52.505999" lon="4.821054">
        <ele>-4.8</ele>
      </trkpt>
      <trkpt lat="52.506002" lon="4.821089">
        <ele>-4.8</ele>
      </trkpt>
      <trkpt lat="52.506007" lon="4.821118">
        <ele>-4.6</ele>
      </trkpt>
      <trkpt lat="52.50601" lon="4.821151">
        <ele>-4.6</ele>
      </trkpt>
      <trkpt lat="52.506016" lon="4.82118">
        <ele>-4.6</ele>
      </trkpt>
      <trkpt lat="52.506019" lon="4.821209">
        <ele>-4.4</ele>
      </trkpt>
      <trkpt lat="52.506024" lon="4.821236">
        <ele>-4.2</ele>
      </trkpt>
      <trkpt lat="52.506029" lon="4.821265">
        <ele>-4.0</ele>
      </trkpt>
      <trkpt lat="52.506033" lon="4.821294">
        <ele>-4.0</ele>
      </trkpt>
      <trkpt lat="52.506038" lon="4.821322">
        <ele>-3.8</ele>
      </trkpt>
      <trkpt lat="52.50604" lon="4.821351">
        <ele>-3.8</ele>
      </trkpt>
      <trkpt lat="52.506046" lon="4.821375">
        <ele>-3.8</ele>
      </trkpt>
      <trkpt lat="52.50605" lon="4.821405">
        <ele>-4.0</ele>
      </trkpt>
      <trkpt lat="52.506058" lon="4.821431">
        <ele>-4.2</ele>
      </trkpt>
      <trkpt lat="52.506064" lon="4.82146">
        <ele>-4.2</ele>
      </trkpt>
      <trkpt lat="52.506069" lon="4.821485">
        <ele>-4.2</ele>
      </trkpt>
      <trkpt lat="52.506071" lon="4.821513">
        <ele>-4.4</ele>
      </trkpt>
      <trkpt lat="52.506076" lon="4.821544">
        <ele>-4.4</ele>
      </trkpt>
      <trkpt lat="52.506081" lon="4.821573">
        <ele>-4.4</ele>
      </trkpt>
      <trkpt lat="52.506086" lon="4.821604">
        <ele>-4.6</ele>
      </trkpt>
      <trkpt lat="52.506091" lon="4.821633">
        <ele>-4.6</ele>
      </trkpt>
      <trkpt lat="52.506095" lon="4.821666">
        <ele>-4.8</ele>
      </trkpt>
      <trkpt lat="52.506102" lon="4.821692">
        <ele>-4.8</ele>
      </trkpt>
      <trkpt lat="52.506105" lon="4.821723">
        <ele>-4.8</ele>
      </trkpt>
      <trkpt lat="52.506111" lon="4.821748">
        <ele>-4.8</ele>
      </trkpt>
      <trkpt lat="52.506118" lon="4.821775">
        <ele>-4.8</ele>
      </trkpt>
      <trkpt lat="52.506124" lon="4.821801">
        <ele>-4.8</ele>
      </trkpt>
      <trkpt lat="52.506129" lon="4.821829">
        <ele>-4.8</ele>
      </trkpt>
      <trkpt lat="52.506135" lon="4.82186">
        <ele>-4.8</ele>
      </trkpt>
      <trkpt lat="52.506137" lon="4.821889">
        <ele>-4.8</ele>
      </trkpt>
      <trkpt lat="52.506142" lon="4.821924">
        <ele>-4.8</ele>
      </trkpt>
      <trkpt lat="52.506148" lon="4.821951">
        <ele>-4.8</ele>
      </trkpt>
      <trkpt lat="52.506153" lon="4.821983">
        <ele>-4.8</ele>
      </trkpt>
      <trkpt lat="52.506158" lon="4.822007">
        <ele>-4.6</ele>
      </trkpt>
      <trkpt lat="52.506166" lon="4.822034">
        <ele>-4.6</ele>
      </trkpt>
      <trkpt lat="52.506171" lon="4.822063">
        <ele>-4.6</ele>
      </trkpt>
      <trkpt lat="52.506177" lon="4.822089">
        <ele>-4.8</ele>
      </trkpt>
      <trkpt lat="52.506182" lon="4.822119">
        <ele>-4.8</ele>
      </trkpt>
      <trkpt lat="52.506189" lon="4.822145">
        <ele>-5.0</ele>
      </trkpt>
      <trkpt lat="52.506194" lon="4.822172">
        <ele>-5.0</ele>
      </trkpt>
      <trkpt lat="52.5062" lon="4.822198">
        <ele>-5.2</ele>
      </trkpt>
      <trkpt lat="52.506208" lon="4.822224">
        <ele>-5.0</ele>
      </trkpt>
      <trkpt lat="52.506216" lon="4.822252">
        <ele>-5.0</ele>
      </trkpt>
      <trkpt lat="52.506222" lon="4.822279">
        <ele>-5.0</ele>
      </trkpt>
      <trkpt lat="52.506226" lon="4.822312">
        <ele>-4.8</ele>
      </trkpt>
      <trkpt lat="52.506233" lon="4.822336">
        <ele>-4.8</ele>
      </trkpt>
      <trkpt lat="52.506239" lon="4.822364">
        <ele>-4.8</ele>
      </trkpt>
      <trkpt lat="52.506245" lon="4.822393">
        <ele>-4.8</ele>
      </trkpt>
      <trkpt lat="52.506251" lon="4.822422">
        <ele>-4.6</ele>
      </trkpt>
      <trkpt lat="52.506256" lon="4.822456">
        <ele>-4.6</ele>
      </trkpt>
      <trkpt lat="52.506263" lon="4.822481">
        <ele>-4.4</ele>
      </trkpt>
      <trkpt lat="52.50627" lon="4.822512">
        <ele>-4.4</ele>
      </trkpt>
      <trkpt lat="52.506277" lon="4.822539">
        <ele>-3.4</ele>
      </trkpt>
      <trkpt lat="52.506284" lon="4.822567">
        <ele>-3.0</ele>
      </trkpt>
      <trkpt lat="52.506293" lon="4.822595">
        <ele>-2.4</ele>
      </trkpt>
      <trkpt lat="52.506302" lon="4.822621">
        <ele>-2.0</ele>
      </trkpt>
      <trkpt lat="52.50631" lon="4.822647">
        <ele>-2.0</ele>
      </trkpt>
      <trkpt lat="52.506319" lon="4.822673">
        <ele>-2.2</ele>
      </trkpt>
      <trkpt lat="52.506326" lon="4.822703">
        <ele>-2.6</ele>
      </trkpt>
      <trkpt lat="52.506334" lon="4.82273">
        <ele>-3.0</ele>
      </trkpt>
      <trkpt lat="52.506341" lon="4.822762">
        <ele>-3.0</ele>
      </trkpt>
      <trkpt lat="52.506351" lon="4.82279">
        <ele>-3.0</ele>
      </trkpt>
      <trkpt lat="52.506361" lon="4.822817">
        <ele>-3.0</ele>
      </trkpt>
      <trkpt lat="52.506368" lon="4.822845">
        <ele>-2.4</ele>
      </trkpt>
      <trkpt lat="52.506374" lon="4.822873">
        <ele>-2.2</ele>
      </trkpt>
      <trkpt lat="52.506382" lon="4.822901">
        <ele>-2.0</ele>
      </trkpt>
      <trkpt lat="52.506386" lon="4.82293">
        <ele>-2.4</ele>
      </trkpt>
      <trkpt lat="52.506393" lon="4.822962">
        <ele>-3.0</ele>
      </trkpt>
      <trkpt lat="52.506399" lon="4.822993">
        <ele>-3.2</ele>
      </trkpt>
      <trkpt lat="52.506405" lon="4.823026">
        <ele>-3.4</ele>
      </trkpt>
      <trkpt lat="52.506412" lon="4.823056">
        <ele>-3.4</ele>
      </trkpt>
      <trkpt lat="52.506417" lon="4.823091">
        <ele>-3.4</ele>
      </trkpt>
      <trkpt lat="52.506424" lon="4.823122">
        <ele>-3.0</ele>
      </trkpt>
      <trkpt lat="52.506429" lon="4.823154">
        <ele>-2.8</ele>
      </trkpt>
      <trkpt lat="52.506435" lon="4.823181">
        <ele>-2.6</ele>
      </trkpt>
      <trkpt lat="52.50644" lon="4.823209">
        <ele>-2.6</ele>
      </trkpt>
      <trkpt lat="52.506446" lon="4.823238">
        <ele>-2.8</ele>
      </trkpt>
      <trkpt lat="52.506451" lon="4.823269">
        <ele>-3.0</ele>
      </trkpt>
      <trkpt lat="52.506456" lon="4.823303">
        <ele>-3.0</ele>
      </trkpt>
      <trkpt lat="52.506463" lon="4.823332">
        <ele>-3.0</ele>
      </trkpt>
      <trkpt lat="52.50647" lon="4.823366">
        <ele>-3.2</ele>
      </trkpt>
      <trkpt lat="52.506479" lon="4.823399">
        <ele>-3.4</ele>
      </trkpt>
      <trkpt lat="52.506482" lon="4.823429">
        <ele>-3.4</ele>
      </trkpt>
      <trkpt lat="52.506488" lon="4.823459">
        <ele>-3.4</ele>
      </trkpt>
      <trkpt lat="52.506493" lon="4.82349">
        <ele>-3.4</ele>
      </trkpt>
      <trkpt lat="52.506499" lon="4.82352">
        <ele>-3.4</ele>
      </trkpt>
      <trkpt lat="52.506507" lon="4.823549">
        <ele>-3.4</ele>
      </trkpt>
      <trkpt lat="52.506514" lon="4.823581">
        <ele>-3.6</ele>
      </trkpt>
      <trkpt lat="52.50652" lon="4.82361">
        <ele>-3.6</ele>
      </trkpt>
      <trkpt lat="52.506527" lon="4.823645">
        <ele>-3.6</ele>
      </trkpt>
      <trkpt lat="52.506534" lon="4.823673">
        <ele>-3.6</ele>
      </trkpt>
      <trkpt lat="52.506538" lon="4.823708">
        <ele>-3.6</ele>
      </trkpt>
      <trkpt lat="52.506544" lon="4.823736">
        <ele>-3.6</ele>
      </trkpt>
      <trkpt lat="52.506549" lon="4.823767">
        <ele>-3.4</ele>
      </trkpt>
      <trkpt lat="52.506554" lon="4.823797">
        <ele>-3.4</ele>
      </trkpt>
      <trkpt lat="52.506559" lon="4.823829">
        <ele>-3.2</ele>
      </trkpt>
      <trkpt lat="52.506565" lon="4.823861">
        <ele>-3.2</ele>
      </trkpt>
      <trkpt lat="52.50657" lon="4.823891">
        <ele>-3.2</ele>
      </trkpt>
      <trkpt lat="52.506574" lon="4.823928">
        <ele>-3.2</ele>
      </trkpt>
      <trkpt lat="52.506581" lon="4.823955">
        <ele>-3.2</ele>
      </trkpt>
      <trkpt lat="52.506585" lon="4.823985">
        <ele>-3.2</ele>
      </trkpt>
      <trkpt lat="52.50659" lon="4.824014">
        <ele>-3.4</ele>
      </trkpt>
      <trkpt lat="52.506592" lon="4.824044">
        <ele>-3.4</ele>
      </trkpt>
      <trkpt lat="52.506596" lon="4.824074">
        <ele>-3.2</ele>
      </trkpt>
      <trkpt lat="52.506599" lon="4.824103">
        <ele>-3.2</ele>
      </trkpt>
      <trkpt lat="52.506602" lon="4.824136">
        <ele>-3.0</ele>
      </trkpt>
      <trkpt lat="52.506608" lon="4.824163">
        <ele>-3.0</ele>
      </trkpt>
      <trkpt lat="52.506611" lon="4.824193">
        <ele>-3.0</ele>
      </trkpt>
      <trkpt lat="52.506618" lon="4.824221">
        <ele>-3.0</ele>
      </trkpt>
      <trkpt lat="52.506621" lon="4.82425">
        <ele>-3.0</ele>
      </trkpt>
      <trkpt lat="52.506626" lon="4.824278">
        <ele>-2.8</ele>
      </trkpt>
      <trkpt lat="52.50663" lon="4.824306">
        <ele>-2.8</ele>
      </trkpt>
      <trkpt lat="52.506634" lon="4.824338">
        <ele>-2.8</ele>
      </trkpt>
      <trkpt lat="52.506641" lon="4.824365">
        <ele>-3.0</ele>
      </trkpt>
      <trkpt lat="52.506645" lon="4.824399">
        <ele>-3.0</ele>
      </trkpt>
      <trkpt lat="52.50665" lon="4.824429">
        <ele>-3.0</ele>
      </trkpt>
      <trkpt lat="52.506653" lon="4.824461">
        <ele>-3.0</ele>
      </trkpt>
      <trkpt lat="52.506658" lon="4.824492">
        <ele>-3.0</ele>
      </trkpt>
      <trkpt lat="52.506661" lon="4.824523">
        <ele>-3.0</ele>
      </trkpt>
      <trkpt lat="52.506666" lon="4.824553">
        <ele>-3.0</ele>
      </trkpt>
      <trkpt lat="52.506672" lon="4.824582">
        <ele>-3.4</ele>
      </trkpt>
      <trkpt lat="52.506677" lon="4.824612">
        <ele>-3.8</ele>
      </trkpt>
      <trkpt lat="52.506683" lon="4.82464">
        <ele>-4.0</ele>
      </trkpt>
      <trkpt lat="52.506687" lon="4.824674">
        <ele>-4.0</ele>
      </trkpt>
      <trkpt lat="52.506693" lon="4.824701">
        <ele>-4.0</ele>
      </trkpt>
      <trkpt lat="52.506696" lon="4.824732">
        <ele>-3.8</ele>
      </trkpt>
      <trkpt lat="52.5067" lon="4.824759">
        <ele>-3.8</ele>
      </trkpt>
      <trkpt lat="52.506703" lon="4.824788">
        <ele>-3.8</ele>
      </trkpt>
      <trkpt lat="52.506706" lon="4.824822">
        <ele>-3.8</ele>
      </trkpt>
      <trkpt lat="52.506711" lon="4.82485">
        <ele>-3.8</ele>
      </trkpt>
      <trkpt lat="52.506714" lon="4.82488">
        <ele>-3.8</ele>
      </trkpt>
      <trkpt lat="52.506718" lon="4.824909">
        <ele>-3.6</ele>
      </trkpt>
      <trkpt lat="52.506725" lon="4.824941">
        <ele>-3.4</ele>
      </trkpt>
      <trkpt lat="52.506731" lon="4.824974">
        <ele>-3.2</ele>
      </trkpt>
      <trkpt lat="52.506736" lon="4.825004">
        <ele>-3.0</ele>
      </trkpt>
      <trkpt lat="52.506741" lon="4.825037">
        <ele>-2.8</ele>
      </trkpt>
      <trkpt lat="52.506745" lon="4.825067">
        <ele>-3.2</ele>
      </trkpt>
      <trkpt lat="52.506749" lon="4.825095">
        <ele>-3.4</ele>
      </trkpt>
      <trkpt lat="52.506754" lon="4.825124">
        <ele>-3.6</ele>
      </trkpt>
      <trkpt lat="52.506758" lon="4.825157">
        <ele>-3.8</ele>
      </trkpt>
      <trkpt lat="52.506763" lon="4.825193">
        <ele>-4.0</ele>
      </trkpt>
      <trkpt lat="52.506767" lon="4.825223">
        <ele>-4.0</ele>
      </trkpt>
      <trkpt lat="52.506769" lon="4.825256">
        <ele>-4.0</ele>
      </trkpt>
      <trkpt lat="52.506774" lon="4.825283">
        <ele>-4.0</ele>
      </trkpt>
      <trkpt lat="52.506778" lon="4.825313">
        <ele>-4.0</ele>
      </trkpt>
      <trkpt lat="52.506783" lon="4.825342">
        <ele>-4.0</ele>
      </trkpt>
      <trkpt lat="52.506788" lon="4.825374">
        <ele>-4.0</ele>
      </trkpt>
      <trkpt lat="52.506794" lon="4.825407">
        <ele>-4.0</ele>
      </trkpt>
      <trkpt lat="52.5068" lon="4.825436">
        <ele>-4.0</ele>
      </trkpt>
      <trkpt lat="52.506803" lon="4.825467">
        <ele>-3.6</ele>
      </trkpt>
      <trkpt lat="52.506807" lon="4.825493">
        <ele>-3.8</ele>
      </trkpt>
      <trkpt lat="52.506812" lon="4.825523">
        <ele>-3.8</ele>
      </trkpt>
      <trkpt lat="52.506817" lon="4.825552">
        <ele>-3.6</ele>
      </trkpt>
      <trkpt lat="52.506822" lon="4.82558">
        <ele>-3.6</ele>
      </trkpt>
      <trkpt lat="52.506827" lon="4.825608">
        <ele>-3.4</ele>
      </trkpt>
      <trkpt lat="52.506832" lon="4.825634">
        <ele>-3.4</ele>
      </trkpt>
      <trkpt lat="52.506836" lon="4.82566">
        <ele>-3.4</ele>
      </trkpt>
      <trkpt lat="52.506841" lon="4.825684">
        <ele>-3.2</ele>
      </trkpt>
      <trkpt lat="52.506845" lon="4.825707">
        <ele>-3.0</ele>
      </trkpt>
      <trkpt lat="52.506849" lon="4.82573">
        <ele>-2.8</ele>
      </trkpt>
      <trkpt lat="52.506853" lon="4.825759">
        <ele>-2.6</ele>
      </trkpt>
      <trkpt lat="52.506857" lon="4.82579">
        <ele>-2.6</ele>
      </trkpt>
      <trkpt lat="52.506863" lon="4.825815">
        <ele>-2.6</ele>
      </trkpt>
      <trkpt lat="52.506867" lon="4.825844">
        <ele>-2.8</ele>
      </trkpt>
      <trkpt lat="52.506871" lon="4.825872">
        <ele>-2.8</ele>
      </trkpt>
      <trkpt lat="52.506875" lon="4.825901">
        <ele>-3.0</ele>
      </trkpt>
      <trkpt lat="52.506878" lon="4.82593">
        <ele>-2.8</ele>
      </trkpt>
      <trkpt lat="52.506883" lon="4.825959">
        <ele>-3.0</ele>
      </trkpt>
      <trkpt lat="52.506888" lon="4.825989">
        <ele>-3.0</ele>
      </trkpt>
      <trkpt lat="52.506893" lon="4.826018">
        <ele>-3.2</ele>
      </trkpt>
      <trkpt lat="52.506899" lon="4.82605">
        <ele>-3.2</ele>
      </trkpt>
      <trkpt lat="52.506904" lon="4.826079">
        <ele>-3.2</ele>
      </trkpt>
      <trkpt lat="52.506907" lon="4.826114">
        <ele>-3.4</ele>
      </trkpt>
      <trkpt lat="52.506911" lon="4.826146">
        <ele>-3.6</ele>
      </trkpt>
      <trkpt lat="52.506913" lon="4.82618">
        <ele>-3.6</ele>
      </trkpt>
      <trkpt lat="52.506916" lon="4.826211">
        <ele>-3.6</ele>
      </trkpt>
      <trkpt lat="52.506919" lon="4.826243">
        <ele>-3.8</ele>
      </trkpt>
      <trkpt lat="52.506923" lon="4.826273">
        <ele>-3.4</ele>
      </trkpt>
      <trkpt lat="52.506924" lon="4.826306">
        <ele>-3.4</ele>
      </trkpt>
      <trkpt lat="52.506929" lon="4.826334">
        <ele>-3.4</ele>
      </trkpt>
      <trkpt lat="52.506933" lon="4.826364">
        <ele>-3.4</ele>
      </trkpt>
      <trkpt lat="52.506939" lon="4.826391">
        <ele>-3.4</ele>
      </trkpt>
      <trkpt lat="52.506944" lon="4.826423">
        <ele>-3.8</ele>
      </trkpt>
      <trkpt lat="52.50695" lon="4.826453">
        <ele>-4.0</ele>
      </trkpt>
      <trkpt lat="52.506951" lon="4.826484">
        <ele>-4.0</ele>
      </trkpt>
      <trkpt lat="52.506955" lon="4.826515">
        <ele>-4.0</ele>
      </trkpt>
      <trkpt lat="52.506958" lon="4.826544">
        <ele>-4.2</ele>
      </trkpt>
      <trkpt lat="52.506961" lon="4.826575">
        <ele>-4.2</ele>
      </trkpt>
      <trkpt lat="52.506967" lon="4.826605">
        <ele>-4.0</ele>
      </trkpt>
      <trkpt lat="52.50697" lon="4.826637">
        <ele>-4.0</ele>
      </trkpt>
      <trkpt lat="52.506975" lon="4.826665">
        <ele>-3.8</ele>
      </trkpt>
      <trkpt lat="52.506979" lon="4.826695">
        <ele>-3.8</ele>
      </trkpt>
      <trkpt lat="52.506984" lon="4.826725">
        <ele>-3.8</ele>
      </trkpt>
      <trkpt lat="52.506988" lon="4.826755">
        <ele>-3.8</ele>
      </trkpt>
      <trkpt lat="52.506992" lon="4.826786">
        <ele>-3.8</ele>
      </trkpt>
      <trkpt lat="52.506996" lon="4.826816">
        <ele>-4.0</ele>
      </trkpt>
      <trkpt lat="52.507" lon="4.826848">
        <ele>-4.2</ele>
      </trkpt>
      <trkpt lat="52.507004" lon="4.82688">
        <ele>-4.2</ele>
      </trkpt>
      <trkpt lat="52.507006" lon="4.826914">
        <ele>-4.2</ele>
      </trkpt>
      <trkpt lat="52.507011" lon="4.826943">
        <ele>-4.0</ele>
      </trkpt>
      <trkpt lat="52.507014" lon="4.826973">
        <ele>-4.0</ele>
      </trkpt>
      <trkpt lat="52.507016" lon="4.827002">
        <ele>-3.8</ele>
      </trkpt>
      <trkpt lat="52.50702" lon="4.82703">
        <ele>-3.8</ele>
      </trkpt>
      <trkpt lat="52.507025" lon="4.827057">
        <ele>-3.8</ele>
      </trkpt>
      <trkpt lat="52.507027" lon="4.827089">
        <ele>-3.6</ele>
      </trkpt>
      <trkpt lat="52.50703" lon="4.827123">
        <ele>-3.4</ele>
      </trkpt>
      <trkpt lat="52.507035" lon="4.827152">
        <ele>-3.2</ele>
      </trkpt>
      <trkpt lat="52.507038" lon="4.827184">
        <ele>-3.2</ele>
      </trkpt>
      <trkpt lat="52.507042" lon="4.827214">
        <ele>-3.2</ele>
      </trkpt>
      <trkpt lat="52.507045" lon="4.827241">
        <ele>-2.8</ele>
      </trkpt>
      <trkpt lat="52.507049" lon="4.827271">
        <ele>-2.8</ele>
      </trkpt>
      <trkpt lat="52.507053" lon="4.827301">
        <ele>-2.6</ele>
      </trkpt>
      <trkpt lat="52.507056" lon="4.827334">
        <ele>-2.6</ele>
      </trkpt>
      <trkpt lat="52.507059" lon="4.827364">
        <ele>-2.8</ele>
      </trkpt>
      <trkpt lat="52.507059" lon="4.827396">
        <ele>-2.8</ele>
      </trkpt>
      <trkpt lat="52.507063" lon="4.827426">
        <ele>-3.0</ele>
      </trkpt>
      <trkpt lat="52.507064" lon="4.827456">
        <ele>-3.0</ele>
      </trkpt>
      <trkpt lat="52.507067" lon="4.827486">
        <ele>-3.0</ele>
      </trkpt>
      <trkpt lat="52.507069" lon="4.827519">
        <ele>-3.0</ele>
      </trkpt>
      <trkpt lat="52.507073" lon="4.827551">
        <ele>-3.4</ele>
      </trkpt>
      <trkpt lat="52.507078" lon="4.827583">
        <ele>-3.4</ele>
      </trkpt>
      <trkpt lat="52.507081" lon="4.827616">
        <ele>-3.6</ele>
      </trkpt>
      <trkpt lat="52.507086" lon="4.827648">
        <ele>-3.8</ele>
      </trkpt>
      <trkpt lat="52.50709" lon="4.827684">
        <ele>-3.8</ele>
      </trkpt>
      <trkpt lat="52.507096" lon="4.827713">
        <ele>-4.0</ele>
      </trkpt>
      <trkpt lat="52.507099" lon="4.827745">
        <ele>-3.8</ele>
      </trkpt>
      <trkpt lat="52.507104" lon="4.827776">
        <ele>-3.4</ele>
      </trkpt>
      <trkpt lat="52.507108" lon="4.827809">
        <ele>-3.6</ele>
      </trkpt>
      <trkpt lat="52.507112" lon="4.827839">
        <ele>-3.2</ele>
      </trkpt>
      <trkpt lat="52.507114" lon="4.82787">
        <ele>-3.0</ele>
      </trkpt>
      <trkpt lat="52.507119" lon="4.827899">
        <ele>-2.8</ele>
      </trkpt>
      <trkpt lat="52.507121" lon="4.827929">
        <ele>-2.8</ele>
      </trkpt>
      <trkpt lat="52.507123" lon="4.827959">
        <ele>-2.8</ele>
      </trkpt>
      <trkpt lat="52.507125" lon="4.82799">
        <ele>-3.0</ele>
      </trkpt>
      <trkpt lat="52.507126" lon="4.828022">
        <ele>-2.6</ele>
      </trkpt>
      <trkpt lat="52.507128" lon="4.828051">
        <ele>-3.0</ele>
      </trkpt>
      <trkpt lat="52.50713" lon="4.828084">
        <ele>-3.2</ele>
      </trkpt>
      <trkpt lat="52.507134" lon="4.828115">
        <ele>-3.4</ele>
      </trkpt>
      <trkpt lat="52.507137" lon="4.828148">
        <ele>-3.6</ele>
      </trkpt>
      <trkpt lat="52.50714" lon="4.828179">
        <ele>-3.6</ele>
      </trkpt>
      <trkpt lat="52.507143" lon="4.828213">
        <ele>-3.8</ele>
      </trkpt>
      <trkpt lat="52.507145" lon="4.828244">
        <ele>-3.8</ele>
      </trkpt>
      <trkpt lat="52.507147" lon="4.828279">
        <ele>-3.8</ele>
      </trkpt>
      <trkpt lat="52.507152" lon="4.828309">
        <ele>-3.8</ele>
      </trkpt>
      <trkpt lat="52.507155" lon="4.82834">
        <ele>-3.8</ele>
      </trkpt>
      <trkpt lat="52.50716" lon="4.828372">
        <ele>-3.6</ele>
      </trkpt>
      <trkpt lat="52.507163" lon="4.828403">
        <ele>-3.6</ele>
      </trkpt>
      <trkpt lat="52.507166" lon="4.828433">
        <ele>-3.6</ele>
      </trkpt>
      <trkpt lat="52.507171" lon="4.828463">
        <ele>-3.6</ele>
      </trkpt>
      <trkpt lat="52.507176" lon="4.828492">
        <ele>-3.6</ele>
      </trkpt>
      <trkpt lat="52.507178" lon="4.828524">
        <ele>-3.6</ele>
      </trkpt>
      <trkpt lat="52.507183" lon="4.828558">
        <ele>-3.6</ele>
      </trkpt>
      <trkpt lat="52.507186" lon="4.828587">
        <ele>-3.8</ele>
      </trkpt>
      <trkpt lat="52.50719" lon="4.828618">
        <ele>-3.8</ele>
      </trkpt>
      <trkpt lat="52.507195" lon="4.828643">
        <ele>-3.8</ele>
      </trkpt>
      <trkpt lat="52.507198" lon="4.828677">
        <ele>-3.8</ele>
      </trkpt>
      <trkpt lat="52.507203" lon="4.828708">
        <ele>-3.6</ele>
      </trkpt>
      <trkpt lat="52.507206" lon="4.828741">
        <ele>-3.8</ele>
      </trkpt>
      <trkpt lat="52.507212" lon="4.828769">
        <ele>-3.6</ele>
      </trkpt>
      <trkpt lat="52.507216" lon="4.8288">
        <ele>-3.4</ele>
      </trkpt>
      <trkpt lat="52.50722" lon="4.82883">
        <ele>-3.4</ele>
      </trkpt>
      <trkpt lat="52.507223" lon="4.82886">
        <ele>-3.6</ele>
      </trkpt>
      <trkpt lat="52.507227" lon="4.828892">
        <ele>-3.6</ele>
      </trkpt>
      <trkpt lat="52.507232" lon="4.828922">
        <ele>-3.4</ele>
      </trkpt>
      <trkpt lat="52.507238" lon="4.828953">
        <ele>-3.4</ele>
      </trkpt>
      <trkpt lat="52.507241" lon="4.828983">
        <ele>-3.4</ele>
      </trkpt>
      <trkpt lat="52.507245" lon="4.829015">
        <ele>-3.0</ele>
      </trkpt>
      <trkpt lat="52.507252" lon="4.829043">
        <ele>-2.8</ele>
      </trkpt>
      <trkpt lat="52.507257" lon="4.829079">
        <ele>-2.8</ele>
      </trkpt>
      <trkpt lat="52.507262" lon="4.82911">
        <ele>-3.0</ele>
      </trkpt>
      <trkpt lat="52.507265" lon="4.829147">
        <ele>-3.2</ele>
      </trkpt>
      <trkpt lat="52.507269" lon="4.829178">
        <ele>-3.2</ele>
      </trkpt>
      <trkpt lat="52.507273" lon="4.829209">
        <ele>-3.2</ele>
      </trkpt>
      <trkpt lat="52.507276" lon="4.829238">
        <ele>-3.4</ele>
      </trkpt>
      <trkpt lat="52.50728" lon="4.829271">
        <ele>-3.2</ele>
      </trkpt>
      <trkpt lat="52.507284" lon="4.829302">
        <ele>-3.2</ele>
      </trkpt>
      <trkpt lat="52.507287" lon="4.829333">
        <ele>-3.2</ele>
      </trkpt>
      <trkpt lat="52.50729" lon="4.829362">
        <ele>-3.2</ele>
      </trkpt>
      <trkpt lat="52.507293" lon="4.829394">
        <ele>-3.4</ele>
      </trkpt>
      <trkpt lat="52.507297" lon="4.829428">
        <ele>-3.4</ele>
      </trkpt>
      <trkpt lat="52.5073" lon="4.829461">
        <ele>-3.6</ele>
      </trkpt>
      <trkpt lat="52.507304" lon="4.829497">
        <ele>-3.8</ele>
      </trkpt>
      <trkpt lat="52.507308" lon="4.829528">
        <ele>-3.8</ele>
      </trkpt>
      <trkpt lat="52.507311" lon="4.829563">
        <ele>-4.0</ele>
      </trkpt>
      <trkpt lat="52.507314" lon="4.829594">
        <ele>-3.6</ele>
      </trkpt>
      <trkpt lat="52.507319" lon="4.829624">
        <ele>-3.4</ele>
      </trkpt>
      <trkpt lat="52.507324" lon="4.829657">
        <ele>-3.4</ele>
      </trkpt>
      <trkpt lat="52.507327" lon="4.829692">
        <ele>-3.4</ele>
      </trkpt>
      <trkpt lat="52.507331" lon="4.829728">
        <ele>-3.6</ele>
      </trkpt>
      <trkpt lat="52.507338" lon="4.829756">
        <ele>-3.6</ele>
      </trkpt>
      <trkpt lat="52.507341" lon="4.829788">
        <ele>-3.6</ele>
      </trkpt>
      <trkpt lat="52.507348" lon="4.829815">
        <ele>-3.8</ele>
      </trkpt>
      <trkpt lat="52.507353" lon="4.829844">
        <ele>-3.8</ele>
      </trkpt>
      <trkpt lat="52.507358" lon="4.829873">
        <ele>-3.8</ele>
      </trkpt>
      <trkpt lat="52.507364" lon="4.829903">
        <ele>-3.8</ele>
      </trkpt>
      <trkpt lat="52.50737" lon="4.829935">
        <ele>-4.0</ele>
      </trkpt>
      <trkpt lat="52.507373" lon="4.829966">
        <ele>-4.0</ele>
      </trkpt>
      <trkpt lat="52.507378" lon="4.829999">
        <ele>-4.0</ele>
      </trkpt>
      <trkpt lat="52.507381" lon="4.830028">
        <ele>-4.2</ele>
      </trkpt>
      <trkpt lat="52.507384" lon="4.830063">
        <ele>-4.4</ele>
      </trkpt>
      <trkpt lat="52.507389" lon="4.830091">
        <ele>-4.2</ele>
      </trkpt>
      <trkpt lat="52.507391" lon="4.830121">
        <ele>-4.2</ele>
      </trkpt>
      <trkpt lat="52.507394" lon="4.830152">
        <ele>-4.2</ele>
      </trkpt>
      <trkpt lat="52.507394" lon="4.830185">
        <ele>-4.2</ele>
      </trkpt>
      <trkpt lat="52.507398" lon="4.830217">
        <ele>-4.2</ele>
      </trkpt>
      <trkpt lat="52.5074" lon="4.830248">
        <ele>-4.2</ele>
      </trkpt>
      <trkpt lat="52.507403" lon="4.83028">
        <ele>-4.0</ele>
      </trkpt>
      <trkpt lat="52.507408" lon="4.830308">
        <ele>-4.0</ele>
      </trkpt>
      <trkpt lat="52.507411" lon="4.830341">
        <ele>-4.2</ele>
      </trkpt>
      <trkpt lat="52.507417" lon="4.830369">
        <ele>-4.2</ele>
      </trkpt>
      <trkpt lat="52.50742" lon="4.8304">
        <ele>-4.2</ele>
      </trkpt>
      <trkpt lat="52.507424" lon="4.830432">
        <ele>-4.0</ele>
      </trkpt>
      <trkpt lat="52.507429" lon="4.830464">
        <ele>-4.0</ele>
      </trkpt>
      <trkpt lat="52.507433" lon="4.830496">
        <ele>-4.0</ele>
      </trkpt>
      <trkpt lat="52.507435" lon="4.830529">
        <ele>-4.0</ele>
      </trkpt>
      <trkpt lat="52.507439" lon="4.830561">
        <ele>-4.0</ele>
      </trkpt>
      <trkpt lat="52.507443" lon="4.83059">
        <ele>-4.0</ele>
      </trkpt>
      <trkpt lat="52.507446" lon="4.830622">
        <ele>-3.8</ele>
      </trkpt>
      <trkpt lat="52.507448" lon="4.830653">
        <ele>-4.0</ele>
      </trkpt>
      <trkpt lat="52.507451" lon="4.830686">
        <ele>-4.0</ele>
      </trkpt>
      <trkpt lat="52.507454" lon="4.830716">
        <ele>-4.2</ele>
      </trkpt>
      <trkpt lat="52.507456" lon="4.830747">
        <ele>-4.2</ele>
      </trkpt>
      <trkpt lat="52.50746" lon="4.830777">
        <ele>-4.2</ele>
      </trkpt>
      <trkpt lat="52.507463" lon="4.830811">
        <ele>-4.2</ele>
      </trkpt>
      <trkpt lat="52.507465" lon="4.830842">
        <ele>-4.2</ele>
      </trkpt>
      <trkpt lat="52.507468" lon="4.830875">
        <ele>-4.2</ele>
      </trkpt>
      <trkpt lat="52.507471" lon="4.830909">
        <ele>-4.2</ele>
      </trkpt>
      <trkpt lat="52.507472" lon="4.830942">
        <ele>-4.0</ele>
      </trkpt>
      <trkpt lat="52.507476" lon="4.830974">
        <ele>-3.8</ele>
      </trkpt>
      <trkpt lat="52.507476" lon="4.831007">
        <ele>-3.8</ele>
      </trkpt>
      <trkpt lat="52.507479" lon="4.831037">
        <ele>-3.6</ele>
      </trkpt>
      <trkpt lat="52.507479" lon="4.831071">
        <ele>-3.6</ele>
      </trkpt>
      <trkpt lat="52.507482" lon="4.8311">
        <ele>-3.4</ele>
      </trkpt>
      <trkpt lat="52.507485" lon="4.831129">
        <ele>-3.6</ele>
      </trkpt>
      <trkpt lat="52.507488" lon="4.831157">
        <ele>-3.8</ele>
      </trkpt>
      <trkpt lat="52.507491" lon="4.831186">
        <ele>-3.8</ele>
      </trkpt>
      <trkpt lat="52.507495" lon="4.831215">
        <ele>-3.8</ele>
      </trkpt>
      <trkpt lat="52.507497" lon="4.831244">
        <ele>-4.0</ele>
      </trkpt>
      <trkpt lat="52.507498" lon="4.831275">
        <ele>-4.0</ele>
      </trkpt>
      <trkpt lat="52.507502" lon="4.831304">
        <ele>-4.0</ele>
      </trkpt>
      <trkpt lat="52.507507" lon="4.831333">
        <ele>-4.2</ele>
      </trkpt>
      <trkpt lat="52.507512" lon="4.831361">
        <ele>-4.4</ele>
      </trkpt>
      <trkpt lat="52.507513" lon="4.831394">
        <ele>-4.6</ele>
      </trkpt>
      <trkpt lat="52.50752" lon="4.831422">
        <ele>-4.6</ele>
      </trkpt>
      <trkpt lat="52.507523" lon="4.831452">
        <ele>-4.6</ele>
      </trkpt>
      <trkpt lat="52.507529" lon="4.831479">
        <ele>-4.6</ele>
      </trkpt>
      <trkpt lat="52.507533" lon="4.831506">
        <ele>-4.6</ele>
      </trkpt>
      <trkpt lat="52.507538" lon="4.831534">
        <ele>-4.6</ele>
      </trkpt>
      <trkpt lat="52.507542" lon="4.831562">
        <ele>-4.4</ele>
      </trkpt>
      <trkpt lat="52.507547" lon="4.831589">
        <ele>-4.4</ele>
      </trkpt>
      <trkpt lat="52.507553" lon="4.831619">
        <ele>-4.4</ele>
      </trkpt>
      <trkpt lat="52.507558" lon="4.831646">
        <ele>-4.4</ele>
      </trkpt>
      <trkpt lat="52.507566" lon="4.831674">
        <ele>-4.4</ele>
      </trkpt>
      <trkpt lat="52.507574" lon="4.831703">
        <ele>-4.4</ele>
      </trkpt>
      <trkpt lat="52.50758" lon="4.831735">
        <ele>-4.4</ele>
      </trkpt>
      <trkpt lat="52.507586" lon="4.831766">
        <ele>-4.4</ele>
      </trkpt>
      <trkpt lat="52.50759" lon="4.831799">
        <ele>-4.4</ele>
      </trkpt>
      <trkpt lat="52.507594" lon="4.831835">
        <ele>-4.4</ele>
      </trkpt>
      <trkpt lat="52.507597" lon="4.831869">
        <ele>-4.4</ele>
      </trkpt>
      <trkpt lat="52.507601" lon="4.831902">
        <ele>-4.4</ele>
      </trkpt>
      <trkpt lat="52.507605" lon="4.831935">
        <ele>-4.4</ele>
      </trkpt>
      <trkpt lat="52.507608" lon="4.831971">
        <ele>-4.4</ele>
      </trkpt>
      <trkpt lat="52.507613" lon="4.832">
        <ele>-4.4</ele>
      </trkpt>
      <trkpt lat="52.507615" lon="4.832032">
        <ele>-4.4</ele>
      </trkpt>
      <trkpt lat="52.507618" lon="4.832061">
        <ele>-4.2</ele>
      </trkpt>
      <trkpt lat="52.50762" lon="4.832091">
        <ele>-4.2</ele>
      </trkpt>
      <trkpt lat="52.507624" lon="4.832121">
        <ele>-4.2</ele>
      </trkpt>
      <trkpt lat="52.507627" lon="4.832153">
        <ele>-4.4</ele>
      </trkpt>
      <trkpt lat="52.507631" lon="4.832186">
        <ele>-4.4</ele>
      </trkpt>
      <trkpt lat="52.507635" lon="4.832217">
        <ele>-4.4</ele>
      </trkpt>
      <trkpt lat="52.507637" lon="4.83225">
        <ele>-4.4</ele>
      </trkpt>
      <trkpt lat="52.50764" lon="4.832278">
        <ele>-4.8</ele>
      </trkpt>
      <trkpt lat="52.507641" lon="4.832307">
        <ele>-4.6</ele>
      </trkpt>
      <trkpt lat="52.507642" lon="4.832337">
        <ele>-4.8</ele>
      </trkpt>
      <trkpt lat="52.507643" lon="4.832365">
        <ele>-5.0</ele>
      </trkpt>
      <trkpt lat="52.507646" lon="4.832397">
        <ele>-5.2</ele>
      </trkpt>
      <trkpt lat="52.507647" lon="4.832426">
        <ele>-5.2</ele>
      </trkpt>
      <trkpt lat="52.507647" lon="4.83246">
        <ele>-5.2</ele>
      </trkpt>
      <trkpt lat="52.507649" lon="4.832486">
        <ele>-5.0</ele>
      </trkpt>
      <trkpt lat="52.50765" lon="4.832513">
        <ele>-4.8</ele>
      </trkpt>
      <trkpt lat="52.507653" lon="4.832539">
        <ele>-4.6</ele>
      </trkpt>
      <trkpt lat="52.507657" lon="4.832567">
        <ele>-4.4</ele>
      </trkpt>
      <trkpt lat="52.50766" lon="4.832597">
        <ele>-4.4</ele>
      </trkpt>
      <trkpt lat="52.507663" lon="4.832626">
        <ele>-4.4</ele>
      </trkpt>
      <trkpt lat="52.507666" lon="4.832655">
        <ele>-4.4</ele>
      </trkpt>
      <trkpt lat="52.507671" lon="4.832682">
        <ele>-4.4</ele>
      </trkpt>
      <trkpt lat="52.507674" lon="4.832711">
        <ele>-4.4</ele>
      </trkpt>
      <trkpt lat="52.50768" lon="4.832738">
        <ele>-4.2</ele>
      </trkpt>
      <trkpt lat="52.507683" lon="4.832765">
        <ele>-4.2</ele>
      </trkpt>
      <trkpt lat="52.507689" lon="4.832792">
        <ele>-4.2</ele>
      </trkpt>
      <trkpt lat="52.507695" lon="4.832821">
        <ele>-4.2</ele>
      </trkpt>
      <trkpt lat="52.507701" lon="4.83285">
        <ele>-4.2</ele>
      </trkpt>
      <trkpt lat="52.507704" lon="4.832884">
        <ele>-4.2</ele>
      </trkpt>
      <trkpt lat="52.507708" lon="4.832915">
        <ele>-4.4</ele>
      </trkpt>
      <trkpt lat="52.507711" lon="4.832948">
        <ele>-4.4</ele>
      </trkpt>
      <trkpt lat="52.507715" lon="4.832981">
        <ele>-4.4</ele>
      </trkpt>
      <trkpt lat="52.507719" lon="4.833011">
        <ele>-4.2</ele>
      </trkpt>
      <trkpt lat="52.50772" lon="4.833046">
        <ele>-4.2</ele>
      </trkpt>
      <trkpt lat="52.507724" lon="4.833074">
        <ele>-4.2</ele>
      </trkpt>
      <trkpt lat="52.507724" lon="4.833104">
        <ele>-4.2</ele>
      </trkpt>
      <trkpt lat="52.507725" lon="4.833133">
        <ele>-4.0</ele>
      </trkpt>
      <trkpt lat="52.507727" lon="4.833163">
        <ele>-4.0</ele>
      </trkpt>
      <trkpt lat="52.507728" lon="4.833195">
        <ele>-4.0</ele>
      </trkpt>
      <trkpt lat="52.507732" lon="4.833223">
        <ele>-4.0</ele>
      </trkpt>
      <trkpt lat="52.507732" lon="4.833253">
        <ele>-4.0</ele>
      </trkpt>
      <trkpt lat="52.507733" lon="4.833281">
        <ele>-4.0</ele>
      </trkpt>
      <trkpt lat="52.507736" lon="4.833308">
        <ele>-4.0</ele>
      </trkpt>
      <trkpt lat="52.50774" lon="4.833338">
        <ele>-4.0</ele>
      </trkpt>
      <trkpt lat="52.507745" lon="4.833367">
        <ele>-4.0</ele>
      </trkpt>
      <trkpt lat="52.507745" lon="4.833402">
        <ele>-4.0</ele>
      </trkpt>
      <trkpt lat="52.507751" lon="4.833428">
        <ele>-4.0</ele>
      </trkpt>
      <trkpt lat="52.507754" lon="4.833457">
        <ele>-4.0</ele>
      </trkpt>
      <trkpt lat="52.507759" lon="4.833483">
        <ele>-4.2</ele>
      </trkpt>
      <trkpt lat="52.507762" lon="4.833512">
        <ele>-4.4</ele>
      </trkpt>
      <trkpt lat="52.507766" lon="4.83354">
        <ele>-4.4</ele>
      </trkpt>
      <trkpt lat="52.507771" lon="4.83357">
        <ele>-4.6</ele>
      </trkpt>
      <trkpt lat="52.507773" lon="4.833603">
        <ele>-4.6</ele>
      </trkpt>
      <trkpt lat="52.507776" lon="4.833631">
        <ele>-4.6</ele>
      </trkpt>
      <trkpt lat="52.507778" lon="4.833662">
        <ele>-4.6</ele>
      </trkpt>
      <trkpt lat="52.507782" lon="4.833686">
        <ele>-4.6</ele>
      </trkpt>
      <trkpt lat="52.507784" lon="4.833714">
        <ele>-4.6</ele>
      </trkpt>
      <trkpt lat="52.507788" lon="4.833742">
        <ele>-4.4</ele>
      </trkpt>
      <trkpt lat="52.507791" lon="4.833772">
        <ele>-4.4</ele>
      </trkpt>
      <trkpt lat="52.507793" lon="4.833805">
        <ele>-4.2</ele>
      </trkpt>
      <trkpt lat="52.507796" lon="4.833834">
        <ele>-4.6</ele>
      </trkpt>
      <trkpt lat="52.5078" lon="4.833866">
        <ele>-4.6</ele>
      </trkpt>
      <trkpt lat="52.507802" lon="4.833894">
        <ele>-4.8</ele>
      </trkpt>
      <trkpt lat="52.5078" lon="4.833925">
        <ele>-4.6</ele>
      </trkpt>
      <trkpt lat="52.507802" lon="4.833953">
        <ele>-4.6</ele>
      </trkpt>
      <trkpt lat="52.507803" lon="4.833984">
        <ele>-4.6</ele>
      </trkpt>
      <trkpt lat="52.507805" lon="4.834014">
        <ele>-4.6</ele>
      </trkpt>
      <trkpt lat="52.507805" lon="4.834044">
        <ele>-4.4</ele>
      </trkpt>
      <trkpt lat="52.507804" lon="4.834082">
        <ele>-4.2</ele>
      </trkpt>
      <trkpt lat="52.507807" lon="4.834109">
        <ele>-4.0</ele>
      </trkpt>
      <trkpt lat="52.507807" lon="4.834143">
        <ele>-4.0</ele>
      </trkpt>
      <trkpt lat="52.507809" lon="4.834172">
        <ele>-4.0</ele>
      </trkpt>
      <trkpt lat="52.50781" lon="4.834201">
        <ele>-4.0</ele>
      </trkpt>
      <trkpt lat="52.507812" lon="4.834229">
        <ele>-4.2</ele>
      </trkpt>
      <trkpt lat="52.507815" lon="4.83426">
        <ele>-4.2</ele>
      </trkpt>
      <trkpt lat="52.507816" lon="4.834293">
        <ele>-4.4</ele>
      </trkpt>
      <trkpt lat="52.507822" lon="4.834324">
        <ele>-4.4</ele>
      </trkpt>
      <trkpt lat="52.507818" lon="4.834355">
        <ele>-4.4</ele>
      </trkpt>
      <trkpt lat="52.507818" lon="4.834382">
        <ele>-4.4</ele>
      </trkpt>
      <trkpt lat="52.507816" lon="4.834411">
        <ele>-4.4</ele>
      </trkpt>
      <trkpt lat="52.507814" lon="4.83444">
        <ele>-4.2</ele>
      </trkpt>
      <trkpt lat="52.507813" lon="4.834469">
        <ele>-4.2</ele>
      </trkpt>
      <trkpt lat="52.507813" lon="4.834502">
        <ele>-4.2</ele>
      </trkpt>
      <trkpt lat="52.507812" lon="4.834531">
        <ele>-4.4</ele>
      </trkpt>
      <trkpt lat="52.507811" lon="4.834565">
        <ele>-4.4</ele>
      </trkpt>
      <trkpt lat="52.507811" lon="4.834594">
        <ele>-4.4</ele>
      </trkpt>
      <trkpt lat="52.507812" lon="4.834624">
        <ele>-4.4</ele>
      </trkpt>
      <trkpt lat="52.507814" lon="4.83465">
        <ele>-4.4</ele>
      </trkpt>
      <trkpt lat="52.507817" lon="4.834677">
        <ele>-4.4</ele>
      </trkpt>
      <trkpt lat="52.507822" lon="4.834707">
        <ele>-4.4</ele>
      </trkpt>
      <trkpt lat="52.507824" lon="4.834736">
        <ele>-4.4</ele>
      </trkpt>
      <trkpt lat="52.507826" lon="4.834768">
        <ele>-4.4</ele>
      </trkpt>
      <trkpt lat="52.507828" lon="4.834794">
        <ele>-4.6</ele>
      </trkpt>
      <trkpt lat="52.507828" lon="4.834827">
        <ele>-4.6</ele>
      </trkpt>
      <trkpt lat="52.507831" lon="4.834856">
        <ele>-4.6</ele>
      </trkpt>
      <trkpt lat="52.507832" lon="4.834884">
        <ele>-4.8</ele>
      </trkpt>
      <trkpt lat="52.507835" lon="4.834911">
        <ele>-4.8</ele>
      </trkpt>
      <trkpt lat="52.507836" lon="4.834939">
        <ele>-4.8</ele>
      </trkpt>
      <trkpt lat="52.507837" lon="4.834967">
        <ele>-4.8</ele>
      </trkpt>
      <trkpt lat="52.50784" lon="4.834997">
        <ele>-5.0</ele>
      </trkpt>
      <trkpt lat="52.507843" lon="4.835029">
        <ele>-5.0</ele>
      </trkpt>
      <trkpt lat="52.507846" lon="4.835056">
        <ele>-5.0</ele>
      </trkpt>
      <trkpt lat="52.507849" lon="4.835087">
        <ele>-5.0</ele>
      </trkpt>
      <trkpt lat="52.507852" lon="4.835114">
        <ele>-5.0</ele>
      </trkpt>
      <trkpt lat="52.507854" lon="4.835142">
        <ele>-5.0</ele>
      </trkpt>
      <trkpt lat="52.507859" lon="4.835169">
        <ele>-5.0</ele>
      </trkpt>
      <trkpt lat="52.507863" lon="4.835197">
        <ele>-5.0</ele>
      </trkpt>
      <trkpt lat="52.507866" lon="4.835228">
        <ele>-5.2</ele>
      </trkpt>
      <trkpt lat="52.50787" lon="4.835254">
        <ele>-5.2</ele>
      </trkpt>
      <trkpt lat="52.507872" lon="4.835284">
        <ele>-5.4</ele>
      </trkpt>
      <trkpt lat="52.507874" lon="4.83531">
        <ele>-5.4</ele>
      </trkpt>
      <trkpt lat="52.507875" lon="4.835339">
        <ele>-5.4</ele>
      </trkpt>
      <trkpt lat="52.507877" lon="4.835366">
        <ele>-5.2</ele>
      </trkpt>
      <trkpt lat="52.507881" lon="4.835394">
        <ele>-5.0</ele>
      </trkpt>
      <trkpt lat="52.507884" lon="4.835425">
        <ele>-4.8</ele>
      </trkpt>
      <trkpt lat="52.507887" lon="4.83545">
        <ele>-4.8</ele>
      </trkpt>
      <trkpt lat="52.507889" lon="4.835482">
        <ele>-5.0</ele>
      </trkpt>
      <trkpt lat="52.507893" lon="4.835507">
        <ele>-5.0</ele>
      </trkpt>
      <trkpt lat="52.507897" lon="4.835535">
        <ele>-5.0</ele>
      </trkpt>
      <trkpt lat="52.507904" lon="4.835563">
        <ele>-5.0</ele>
      </trkpt>
      <trkpt lat="52.507909" lon="4.835593">
        <ele>-5.0</ele>
      </trkpt>
      <trkpt lat="52.507912" lon="4.835627">
        <ele>-5.0</ele>
      </trkpt>
      <trkpt lat="52.507918" lon="4.835655">
        <ele>-5.0</ele>
      </trkpt>
      <trkpt lat="52.507918" lon="4.835685">
        <ele>-5.0</ele>
      </trkpt>
      <trkpt lat="52.507921" lon="4.835712">
        <ele>-5.0</ele>
      </trkpt>
      <trkpt lat="52.507922" lon="4.83574">
        <ele>-5.0</ele>
      </trkpt>
      <trkpt lat="52.507926" lon="4.835769">
        <ele>-5.0</ele>
      </trkpt>
      <trkpt lat="52.507933" lon="4.835798">
        <ele>-5.0</ele>
      </trkpt>
      <trkpt lat="52.507936" lon="4.83583">
        <ele>-5.0</ele>
      </trkpt>
      <trkpt lat="52.507942" lon="4.835857">
        <ele>-5.0</ele>
      </trkpt>
      <trkpt lat="52.507943" lon="4.835887">
        <ele>-5.0</ele>
      </trkpt>
      <trkpt lat="52.507947" lon="4.835912">
        <ele>-4.8</ele>
      </trkpt>
      <trkpt lat="52.507948" lon="4.835938">
        <ele>-4.6</ele>
      </trkpt>
      <trkpt lat="52.50795" lon="4.835966">
        <ele>-4.4</ele>
      </trkpt>
      <trkpt lat="52.507952" lon="4.835994">
        <ele>-4.4</ele>
      </trkpt>
      <trkpt lat="52.507955" lon="4.836026">
        <ele>-4.2</ele>
      </trkpt>
      <trkpt lat="52.507958" lon="4.836057">
        <ele>-4.2</ele>
      </trkpt>
      <trkpt lat="52.50796" lon="4.836091">
        <ele>-4.2</ele>
      </trkpt>
      <trkpt lat="52.507964" lon="4.836122">
        <ele>-4.0</ele>
      </trkpt>
      <trkpt lat="52.507965" lon="4.836153">
        <ele>-3.8</ele>
      </trkpt>
      <trkpt lat="52.507968" lon="4.836179">
        <ele>-3.8</ele>
      </trkpt>
      <trkpt lat="52.507969" lon="4.836207">
        <ele>-3.8</ele>
      </trkpt>
      <trkpt lat="52.507971" lon="4.836234">
        <ele>-3.8</ele>
      </trkpt>
      <trkpt lat="52.507973" lon="4.836262">
        <ele>-4.0</ele>
      </trkpt>
      <trkpt lat="52.507976" lon="4.836293">
        <ele>-4.2</ele>
      </trkpt>
      <trkpt lat="52.507978" lon="4.836319">
        <ele>-4.2</ele>
      </trkpt>
      <trkpt lat="52.507978" lon="4.83635">
        <ele>-4.4</ele>
      </trkpt>
      <trkpt lat="52.50798" lon="4.836378">
        <ele>-4.4</ele>
      </trkpt>
      <trkpt lat="52.50798" lon="4.836405">
        <ele>-4.4</ele>
      </trkpt>
      <trkpt lat="52.507983" lon="4.836432">
        <ele>-4.6</ele>
      </trkpt>
      <trkpt lat="52.507985" lon="4.836463">
        <ele>-4.6</ele>
      </trkpt>
      <trkpt lat="52.507985" lon="4.836496">
        <ele>-4.6</ele>
      </trkpt>
      <trkpt lat="52.507987" lon="4.836524">
        <ele>-4.6</ele>
      </trkpt>
      <trkpt lat="52.507987" lon="4.836555">
        <ele>-4.4</ele>
      </trkpt>
      <trkpt lat="52.50799" lon="4.836583">
        <ele>-4.4</ele>
      </trkpt>
      <trkpt lat="52.50799" lon="4.83661">
        <ele>-4.4</ele>
      </trkpt>
      <trkpt lat="52.507991" lon="4.836639">
        <ele>-4.2</ele>
      </trkpt>
      <trkpt lat="52.507991" lon="4.836669">
        <ele>-4.0</ele>
      </trkpt>
      <trkpt lat="52.507991" lon="4.8367">
        <ele>-4.0</ele>
      </trkpt>
      <trkpt lat="52.507989" lon="4.83673">
        <ele>-4.0</ele>
      </trkpt>
      <trkpt lat="52.507992" lon="4.83676">
        <ele>-4.0</ele>
      </trkpt>
      <trkpt lat="52.507999" lon="4.836787">
        <ele>-4.2</ele>
      </trkpt>
      <trkpt lat="52.508" lon="4.836817">
        <ele>-4.0</ele>
      </trkpt>
      <trkpt lat="52.508" lon="4.836845">
        <ele>-4.0</ele>
      </trkpt>
      <trkpt lat="52.507999" lon="4.836872">
        <ele>-4.0</ele>
      </trkpt>
      <trkpt lat="52.508002" lon="4.836901">
        <ele>-4.0</ele>
      </trkpt>
      <trkpt lat="52.508005" lon="4.83693">
        <ele>-4.0</ele>
      </trkpt>
      <trkpt lat="52.508008" lon="4.836962">
        <ele>-4.0</ele>
      </trkpt>
      <trkpt lat="52.50801" lon="4.836992">
        <ele>-4.0</ele>
      </trkpt>
      <trkpt lat="52.508012" lon="4.837023">
        <ele>-4.0</ele>
      </trkpt>
      <trkpt lat="52.508018" lon="4.83705">
        <ele>-4.0</ele>
      </trkpt>
      <trkpt lat="52.50802" lon="4.837078">
        <ele>-4.2</ele>
      </trkpt>
      <trkpt lat="52.508024" lon="4.837106">
        <ele>-3.0</ele>
      </trkpt>
      <trkpt lat="52.508028" lon="4.837134">
        <ele>-2.6</ele>
      </trkpt>
      <trkpt lat="52.50803" lon="4.837165">
        <ele>-2.2</ele>
      </trkpt>
      <trkpt lat="52.508033" lon="4.837195">
        <ele>-2.0</ele>
      </trkpt>
      <trkpt lat="52.508035" lon="4.837227">
        <ele>-2.0</ele>
      </trkpt>
      <trkpt lat="52.508038" lon="4.837255">
        <ele>-2.6</ele>
      </trkpt>
      <trkpt lat="52.508041" lon="4.837287">
        <ele>-3.4</ele>
      </trkpt>
      <trkpt lat="52.508043" lon="4.837313">
        <ele>-3.6</ele>
      </trkpt>
      <trkpt lat="52.508046" lon="4.837344">
        <ele>-3.8</ele>
      </trkpt>
      <trkpt lat="52.508049" lon="4.837373">
        <ele>-4.0</ele>
      </trkpt>
      <trkpt lat="52.508053" lon="4.837404">
        <ele>-4.0</ele>
      </trkpt>
      <trkpt lat="52.508056" lon="4.837439">
        <ele>-4.0</ele>
      </trkpt>
      <trkpt lat="52.508062" lon="4.83747">
        <ele>-4.2</ele>
      </trkpt>
      <trkpt lat="52.508063" lon="4.837506">
        <ele>-4.2</ele>
      </trkpt>
      <trkpt lat="52.508068" lon="4.837535">
        <ele>-4.2</ele>
      </trkpt>
      <trkpt lat="52.508069" lon="4.837563">
        <ele>-4.2</ele>
      </trkpt>
      <trkpt lat="52.508071" lon="4.837591">
        <ele>-4.0</ele>
      </trkpt>
      <trkpt lat="52.508072" lon="4.837616">
        <ele>-4.2</ele>
      </trkpt>
      <trkpt lat="52.508074" lon="4.837643">
        <ele>-4.2</ele>
      </trkpt>
      <trkpt lat="52.508076" lon="4.837672">
        <ele>-4.4</ele>
      </trkpt>
      <trkpt lat="52.508078" lon="4.837696">
        <ele>-4.0</ele>
      </trkpt>
      <trkpt lat="52.508079" lon="4.837721">
        <ele>-4.0</ele>
      </trkpt>
      <trkpt lat="52.508082" lon="4.837748">
        <ele>-4.2</ele>
      </trkpt>
      <trkpt lat="52.508085" lon="4.837777">
        <ele>-4.4</ele>
      </trkpt>
      <trkpt lat="52.508086" lon="4.837809">
        <ele>-4.2</ele>
      </trkpt>
      <trkpt lat="52.508088" lon="4.837835">
        <ele>-4.2</ele>
      </trkpt>
      <trkpt lat="52.508086" lon="4.837864">
        <ele>-4.0</ele>
      </trkpt>
      <trkpt lat="52.508086" lon="4.83789">
        <ele>-4.0</ele>
      </trkpt>
      <trkpt lat="52.508089" lon="4.837913">
        <ele>-4.0</ele>
      </trkpt>
      <trkpt lat="52.508091" lon="4.837936">
        <ele>-3.8</ele>
      </trkpt>
      <trkpt lat="52.508092" lon="4.83796">
        <ele>-4.0</ele>
      </trkpt>
      <trkpt lat="52.508093" lon="4.837983">
        <ele>-4.0</ele>
      </trkpt>
      <trkpt lat="52.508093" lon="4.838005">
        <ele>-4.0</ele>
      </trkpt>
      <trkpt lat="52.508092" lon="4.838026">
        <ele>-4.0</ele>
      </trkpt>
      <trkpt lat="52.508092" lon="4.838047">
        <ele>-4.2</ele>
      </trkpt>
      <trkpt lat="52.508091" lon="4.83807">
        <ele>-4.2</ele>
      </trkpt>
      <trkpt lat="52.508092" lon="4.838091">
        <ele>-4.4</ele>
      </trkpt>
      <trkpt lat="52.508092" lon="4.838108">
        <ele>-4.4</ele>
      </trkpt>
      <trkpt lat="52.508093" lon="4.838121">
        <ele>-4.6</ele>
      </trkpt>
      <trkpt lat="52.508093" lon="4.838131">
        <ele>-4.6</ele>
      </trkpt>
      <trkpt lat="52.508093" lon="4.838146">
        <ele>-4.6</ele>
      </trkpt>
      <trkpt lat="52.508093" lon="4.838161">
        <ele>-4.6</ele>
      </trkpt>
      <trkpt lat="52.508093" lon="4.838176">
        <ele>-4.6</ele>
      </trkpt>
      <trkpt lat="52.508093" lon="4.838189">
        <ele>-4.6</ele>
      </trkpt>
      <trkpt lat="52.508093" lon="4.838203">
        <ele>-4.4</ele>
      </trkpt>
      <trkpt lat="52.508095" lon="4.838219">
        <ele>-4.2</ele>
      </trkpt>
      <trkpt lat="52.508096" lon="4.838236">
        <ele>-4.2</ele>
      </trkpt>
      <trkpt lat="52.508096" lon="4.838251">
        <ele>-4.0</ele>
      </trkpt>
      <trkpt lat="52.508096" lon="4.83826">
        <ele>-3.8</ele>
      </trkpt>
      <trkpt lat="52.508098" lon="4.838273">
        <ele>-3.8</ele>
      </trkpt>
      <trkpt lat="52.508096" lon="4.838295">
        <ele>-3.8</ele>
      </trkpt>
      <trkpt lat="52.508098" lon="4.838312">
        <ele>-3.8</ele>
      </trkpt>
      <trkpt lat="52.508099" lon="4.838337">
        <ele>-3.8</ele>
      </trkpt>
      <trkpt lat="52.508101" lon="4.83836">
        <ele>-3.8</ele>
      </trkpt>
      <trkpt lat="52.508101" lon="4.838387">
        <ele>-4.2</ele>
      </trkpt>
      <trkpt lat="52.508104" lon="4.838413">
        <ele>-3.8</ele>
      </trkpt>
      <trkpt lat="52.508107" lon="4.838442">
        <ele>-4.0</ele>
      </trkpt>
      <trkpt lat="52.508111" lon="4.838469">
        <ele>-3.8</ele>
      </trkpt>
      <trkpt lat="52.508116" lon="4.838499">
        <ele>-4.2</ele>
      </trkpt>
      <trkpt lat="52.50812" lon="4.838529">
        <ele>-4.2</ele>
      </trkpt>
      <trkpt lat="52.508125" lon="4.838554">
        <ele>-4.4</ele>
      </trkpt>
      <trkpt lat="52.50813" lon="4.838579">
        <ele>-4.4</ele>
      </trkpt>
      <trkpt lat="52.508134" lon="4.838605">
        <ele>-4.4</ele>
      </trkpt>
      <trkpt lat="52.508137" lon="4.838629">
        <ele>-4.2</ele>
      </trkpt>
      <trkpt lat="52.508142" lon="4.838648">
        <ele>-4.2</ele>
      </trkpt>
      <trkpt lat="52.508145" lon="4.838664">
        <ele>-4.2</ele>
      </trkpt>
      <trkpt lat="52.508149" lon="4.838679">
        <ele>-4.2</ele>
      </trkpt>
      <trkpt lat="52.508156" lon="4.838694">
        <ele>-4.2</ele>
      </trkpt>
      <trkpt lat="52.508161" lon="4.838712">
        <ele>-4.2</ele>
      </trkpt>
      <trkpt lat="52.508166" lon="4.838724">
        <ele>-4.2</ele>
      </trkpt>
      <trkpt lat="52.508171" lon="4.838739">
        <ele>-4.2</ele>
      </trkpt>
      <trkpt lat="52.508178" lon="4.838757">
        <ele>-4.4</ele>
      </trkpt>
      <trkpt lat="52.508185" lon="4.838775">
        <ele>-4.4</ele>
      </trkpt>
      <trkpt lat="52.50819" lon="4.838795">
        <ele>-4.4</ele>
      </trkpt>
      <trkpt lat="52.508198" lon="4.838814">
        <ele>-4.2</ele>
      </trkpt>
      <trkpt lat="52.508204" lon="4.838833">
        <ele>-4.2</ele>
      </trkpt>
      <trkpt lat="52.508212" lon="4.83885">
        <ele>-4.4</ele>
      </trkpt>
      <trkpt lat="52.508217" lon="4.838867">
        <ele>-4.2</ele>
      </trkpt>
      <trkpt lat="52.508222" lon="4.838884">
        <ele>-4.0</ele>
      </trkpt>
      <trkpt lat="52.508227" lon="4.838901">
        <ele>-4.0</ele>
      </trkpt>
      <trkpt lat="52.508233" lon="4.838919">
        <ele>-4.0</ele>
      </trkpt>
      <trkpt lat="52.508239" lon="4.838936">
        <ele>-4.2</ele>
      </trkpt>
      <trkpt lat="52.508244" lon="4.838957">
        <ele>-4.2</ele>
      </trkpt>
      <trkpt lat="52.50825" lon="4.838978">
        <ele>-4.0</ele>
      </trkpt>
      <trkpt lat="52.508256" lon="4.838995">
        <ele>-4.2</ele>
      </trkpt>
      <trkpt lat="52.508262" lon="4.839013">
        <ele>-4.2</ele>
      </trkpt>
      <trkpt lat="52.508266" lon="4.839033">
        <ele>-4.2</ele>
      </trkpt>
      <trkpt lat="52.508269" lon="4.839053">
        <ele>-4.4</ele>
      </trkpt>
      <trkpt lat="52.508274" lon="4.839068">
        <ele>-4.2</ele>
      </trkpt>
      <trkpt lat="52.508278" lon="4.839086">
        <ele>-4.4</ele>
      </trkpt>
      <trkpt lat="52.508284" lon="4.839107">
        <ele>-4.4</ele>
      </trkpt>
      <trkpt lat="52.508292" lon="4.83913">
        <ele>-4.6</ele>
      </trkpt>
      <trkpt lat="52.508301" lon="4.839153">
        <ele>-4.6</ele>
      </trkpt>
      <trkpt lat="52.508311" lon="4.839181">
        <ele>-4.6</ele>
      </trkpt>
      <trkpt lat="52.508322" lon="4.839207">
        <ele>-4.4</ele>
      </trkpt>
      <trkpt lat="52.508333" lon="4.839233">
        <ele>-4.2</ele>
      </trkpt>
      <trkpt lat="52.508345" lon="4.839259">
        <ele>-4.2</ele>
      </trkpt>
      <trkpt lat="52.508356" lon="4.839287">
        <ele>-4.2</ele>
      </trkpt>
      <trkpt lat="52.508369" lon="4.839311">
        <ele>-4.0</ele>
      </trkpt>
      <trkpt lat="52.508383" lon="4.839337">
        <ele>-4.2</ele>
      </trkpt>
      <trkpt lat="52.508397" lon="4.839361">
        <ele>-4.0</ele>
      </trkpt>
      <trkpt lat="52.508414" lon="4.83938">
        <ele>-4.2</ele>
      </trkpt>
      <trkpt lat="52.508429" lon="4.839406">
        <ele>-4.2</ele>
      </trkpt>
      <trkpt lat="52.508444" lon="4.839431">
        <ele>-4.2</ele>
      </trkpt>
      <trkpt lat="52.508459" lon="4.839456">
        <ele>-4.0</ele>
      </trkpt>
      <trkpt lat="52.508474" lon="4.839483">
        <ele>-3.6</ele>
      </trkpt>
      <trkpt lat="52.508486" lon="4.839511">
        <ele>-3.4</ele>
      </trkpt>
      <trkpt lat="52.5085" lon="4.839537">
        <ele>-3.8</ele>
      </trkpt>
      <trkpt lat="52.508513" lon="4.839562">
        <ele>-4.0</ele>
      </trkpt>
      <trkpt lat="52.508527" lon="4.839596">
        <ele>-4.2</ele>
      </trkpt>
      <trkpt lat="52.508539" lon="4.839624">
        <ele>-4.0</ele>
      </trkpt>
      <trkpt lat="52.508551" lon="4.839648">
        <ele>-4.2</ele>
      </trkpt>
      <trkpt lat="52.508563" lon="4.839672">
        <ele>-4.4</ele>
      </trkpt>
      <trkpt lat="52.508576" lon="4.8397">
        <ele>-4.6</ele>
      </trkpt>
      <trkpt lat="52.508588" lon="4.839723">
        <ele>-4.6</ele>
      </trkpt>
      <trkpt lat="52.508601" lon="4.839749">
        <ele>-4.8</ele>
      </trkpt>
      <trkpt lat="52.508615" lon="4.83977">
        <ele>-4.8</ele>
      </trkpt>
      <trkpt lat="52.508631" lon="4.839791">
        <ele>-4.8</ele>
      </trkpt>
      <trkpt lat="52.508644" lon="4.839815">
        <ele>-4.8</ele>
      </trkpt>
      <trkpt lat="52.508659" lon="4.839835">
        <ele>-4.6</ele>
      </trkpt>
      <trkpt lat="52.508675" lon="4.839858">
        <ele>-4.6</ele>
      </trkpt>
      <trkpt lat="52.508688" lon="4.839879">
        <ele>-4.6</ele>
      </trkpt>
      <trkpt lat="52.508702" lon="4.839903">
        <ele>-4.6</ele>
      </trkpt>
      <trkpt lat="52.508717" lon="4.839925">
        <ele>-4.6</ele>
      </trkpt>
      <trkpt lat="52.508732" lon="4.839945">
        <ele>-4.6</ele>
      </trkpt>
      <trkpt lat="52.508747" lon="4.839972">
        <ele>-4.6</ele>
      </trkpt>
      <trkpt lat="52.508762" lon="4.83999">
        <ele>-4.6</ele>
      </trkpt>
      <trkpt lat="52.508776" lon="4.840008">
        <ele>-4.6</ele>
      </trkpt>
      <trkpt lat="52.50879" lon="4.840031">
        <ele>-4.4</ele>
      </trkpt>
      <trkpt lat="52.508805" lon="4.84005">
        <ele>-4.2</ele>
      </trkpt>
      <trkpt lat="52.508817" lon="4.840073">
        <ele>-4.2</ele>
      </trkpt>
      <trkpt lat="52.508829" lon="4.840098">
        <ele>-4.2</ele>
      </trkpt>
      <trkpt lat="52.508842" lon="4.840119">
        <ele>-4.2</ele>
      </trkpt>
      <trkpt lat="52.508855" lon="4.840138">
        <ele>-4.2</ele>
      </trkpt>
      <trkpt lat="52.508867" lon="4.840157">
        <ele>-4.2</ele>
      </trkpt>
      <trkpt lat="52.508878" lon="4.840173">
        <ele>-3.6</ele>
      </trkpt>
      <trkpt lat="52.508886" lon="4.840193">
        <ele>-3.4</ele>
      </trkpt>
      <trkpt lat="52.508896" lon="4.840221">
        <ele>-3.4</ele>
      </trkpt>
      <trkpt lat="52.508905" lon="4.840246">
        <ele>-3.4</ele>
      </trkpt>
      <trkpt lat="52.508914" lon="4.840266">
        <ele>-3.4</ele>
      </trkpt>
      <trkpt lat="52.508922" lon="4.840283">
        <ele>-3.4</ele>
      </trkpt>
      <trkpt lat="52.508928" lon="4.840297">
        <ele>-3.4</ele>
      </trkpt>
      <trkpt lat="52.508933" lon="4.84031">
        <ele>-3.4</ele>
      </trkpt>
      <trkpt lat="52.508937" lon="4.840319">
        <ele>-3.4</ele>
      </trkpt>
      <trkpt lat="52.508939" lon="4.840334">
        <ele>-3.4</ele>
      </trkpt>
      <trkpt lat="52.508939" lon="4.840349">
        <ele>-3.4</ele>
      </trkpt>
      <trkpt lat="52.50894" lon="4.840368">
        <ele>-3.4</ele>
      </trkpt>
      <trkpt lat="52.508941" lon="4.840391">
        <ele>-3.6</ele>
      </trkpt>
      <trkpt lat="52.508941" lon="4.840413">
        <ele>-3.6</ele>
      </trkpt>
      <trkpt lat="52.508943" lon="4.840437">
        <ele>-3.6</ele>
      </trkpt>
      <trkpt lat="52.508942" lon="4.840463">
        <ele>-3.8</ele>
      </trkpt>
      <trkpt lat="52.508939" lon="4.840488">
        <ele>-3.8</ele>
      </trkpt>
      <trkpt lat="52.508937" lon="4.840513">
        <ele>-3.8</ele>
      </trkpt>
      <trkpt lat="52.508935" lon="4.840542">
        <ele>-3.6</ele>
      </trkpt>
      <trkpt lat="52.50893" lon="4.840562">
        <ele>-3.6</ele>
      </trkpt>
      <trkpt lat="52.508922" lon="4.840586">
        <ele>-3.6</ele>
      </trkpt>
      <trkpt lat="52.508914" lon="4.84061">
        <ele>-3.6</ele>
      </trkpt>
      <trkpt lat="52.508904" lon="4.840631">
        <ele>-3.6</ele>
      </trkpt>
      <trkpt lat="52.508896" lon="4.840652">
        <ele>-3.6</ele>
      </trkpt>
      <trkpt lat="52.508884" lon="4.840673">
        <ele>-3.6</ele>
      </trkpt>
      <trkpt lat="52.508872" lon="4.840696">
        <ele>-3.6</ele>
      </trkpt>
      <trkpt lat="52.50886" lon="4.840718">
        <ele>-3.8</ele>
      </trkpt>
      <trkpt lat="52.508848" lon="4.840737">
        <ele>-3.8</ele>
      </trkpt>
      <trkpt lat="52.508835" lon="4.840754">
        <ele>-3.8</ele>
      </trkpt>
      <trkpt lat="52.508822" lon="4.840773">
        <ele>-3.8</ele>
      </trkpt>
      <trkpt lat="52.508813" lon="4.840788">
        <ele>-3.8</ele>
      </trkpt>
      <trkpt lat="52.508802" lon="4.840802">
        <ele>-3.8</ele>
      </trkpt>
      <trkpt lat="52.50879" lon="4.840813">
        <ele>-4.0</ele>
      </trkpt>
      <trkpt lat="52.508779" lon="4.840832">
        <ele>-4.0</ele>
      </trkpt>
      <trkpt lat="52.508769" lon="4.84085">
        <ele>-4.0</ele>
      </trkpt>
      <trkpt lat="52.508759" lon="4.840868">
        <ele>-4.0</ele>
      </trkpt>
      <trkpt lat="52.50875" lon="4.840889">
        <ele>-3.6</ele>
      </trkpt>
      <trkpt lat="52.50874" lon="4.84091">
        <ele>-3.4</ele>
      </trkpt>
      <trkpt lat="52.508731" lon="4.840933">
        <ele>-3.2</ele>
      </trkpt>
      <trkpt lat="52.508722" lon="4.840957">
        <ele>-3.0</ele>
      </trkpt>
      <trkpt lat="52.508716" lon="4.840983">
        <ele>-3.0</ele>
      </trkpt>
      <trkpt lat="52.508708" lon="4.841009">
        <ele>-3.0</ele>
      </trkpt>
      <trkpt lat="52.5087" lon="4.841032">
        <ele>-3.0</ele>
      </trkpt>
      <trkpt lat="52.508689" lon="4.841055">
        <ele>-3.2</ele>
      </trkpt>
      <trkpt lat="52.508678" lon="4.841074">
        <ele>-3.2</ele>
      </trkpt>
      <trkpt lat="52.508667" lon="4.841091">
        <ele>-3.2</ele>
      </trkpt>
      <trkpt lat="52.508656" lon="4.841108">
        <ele>-3.4</ele>
      </trkpt>
      <trkpt lat="52.50865" lon="4.841126">
        <ele>-3.4</ele>
      </trkpt>
      <trkpt lat="52.508643" lon="4.841142">
        <ele>-3.6</ele>
      </trkpt>
      <trkpt lat="52.508634" lon="4.841155">
        <ele>-3.6</ele>
      </trkpt>
      <trkpt lat="52.508629" lon="4.841175">
        <ele>-3.8</ele>
      </trkpt>
      <trkpt lat="52.508625" lon="4.841196">
        <ele>-3.6</ele>
      </trkpt>
      <trkpt lat="52.508619" lon="4.84122">
        <ele>-3.4</ele>
      </trkpt>
      <trkpt lat="52.508617" lon="4.841243">
        <ele>-3.6</ele>
      </trkpt>
      <trkpt lat="52.50861" lon="4.84127">
        <ele>-3.8</ele>
      </trkpt>
      <trkpt lat="52.508609" lon="4.8413">
        <ele>-3.6</ele>
      </trkpt>
      <trkpt lat="52.508605" lon="4.841335">
        <ele>-3.8</ele>
      </trkpt>
      <trkpt lat="52.508601" lon="4.841366">
        <ele>-3.8</ele>
      </trkpt>
      <trkpt lat="52.508595" lon="4.841402">
        <ele>-3.8</ele>
      </trkpt>
      <trkpt lat="52.508592" lon="4.841434">
        <ele>-3.8</ele>
      </trkpt>
      <trkpt lat="52.508584" lon="4.841471">
        <ele>-3.8</ele>
      </trkpt>
      <trkpt lat="52.508578" lon="4.841504">
        <ele>-3.6</ele>
      </trkpt>
      <trkpt lat="52.508572" lon="4.841537">
        <ele>-3.6</ele>
      </trkpt>
      <trkpt lat="52.508569" lon="4.841568">
        <ele>-3.6</ele>
      </trkpt>
      <trkpt lat="52.508563" lon="4.841598">
        <ele>-3.4</ele>
      </trkpt>
      <trkpt lat="52.508558" lon="4.841627">
        <ele>-3.4</ele>
      </trkpt>
      <trkpt lat="52.508552" lon="4.841656">
        <ele>-3.4</ele>
      </trkpt>
      <trkpt lat="52.508547" lon="4.841685">
        <ele>-3.4</ele>
      </trkpt>
      <trkpt lat="52.508541" lon="4.841714">
        <ele>-3.4</ele>
      </trkpt>
      <trkpt lat="52.508538" lon="4.841746">
        <ele>-3.2</ele>
      </trkpt>
      <trkpt lat="52.508531" lon="4.841777">
        <ele>-3.2</ele>
      </trkpt>
      <trkpt lat="52.508527" lon="4.841807">
        <ele>-3.0</ele>
      </trkpt>
      <trkpt lat="52.508524" lon="4.841836">
        <ele>-3.0</ele>
      </trkpt>
      <trkpt lat="52.508521" lon="4.841865">
        <ele>-3.0</ele>
      </trkpt>
      <trkpt lat="52.508514" lon="4.841898">
        <ele>-2.6</ele>
      </trkpt>
      <trkpt lat="52.508509" lon="4.841927">
        <ele>-2.2</ele>
      </trkpt>
      <trkpt lat="52.5085" lon="4.841954">
        <ele>-2.0</ele>
      </trkpt>
      <trkpt lat="52.508495" lon="4.841979">
        <ele>-1.8</ele>
      </trkpt>
      <trkpt lat="52.508485" lon="4.842008">
        <ele>-1.8</ele>
      </trkpt>
      <trkpt lat="52.508478" lon="4.842036">
        <ele>-1.8</ele>
      </trkpt>
      <trkpt lat="52.50847" lon="4.842063">
        <ele>-2.0</ele>
      </trkpt>
      <trkpt lat="52.508463" lon="4.84209">
        <ele>-2.0</ele>
      </trkpt>
      <trkpt lat="52.508458" lon="4.842119">
        <ele>-2.4</ele>
      </trkpt>
      <trkpt lat="52.508452" lon="4.842149">
        <ele>-2.6</ele>
      </trkpt>
      <trkpt lat="52.508448" lon="4.84218">
        <ele>-2.6</ele>
      </trkpt>
      <trkpt lat="52.508444" lon="4.842211">
        <ele>-2.8</ele>
      </trkpt>
      <trkpt lat="52.508442" lon="4.842242">
        <ele>-2.8</ele>
      </trkpt>
      <trkpt lat="52.508439" lon="4.842274">
        <ele>-2.8</ele>
      </trkpt>
      <trkpt lat="52.508436" lon="4.842306">
        <ele>-2.8</ele>
      </trkpt>
      <trkpt lat="52.508433" lon="4.842337">
        <ele>-2.6</ele>
      </trkpt>
      <trkpt lat="52.508431" lon="4.84237">
        <ele>-3.0</ele>
      </trkpt>
      <trkpt lat="52.508428" lon="4.842402">
        <ele>-3.2</ele>
      </trkpt>
      <trkpt lat="52.508426" lon="4.842434">
        <ele>-3.0</ele>
      </trkpt>
      <trkpt lat="52.508423" lon="4.842467">
        <ele>-2.6</ele>
      </trkpt>
      <trkpt lat="52.50842" lon="4.842499">
        <ele>-2.8</ele>
      </trkpt>
      <trkpt lat="52.508419" lon="4.84253">
        <ele>-2.4</ele>
      </trkpt>
      <trkpt lat="52.508419" lon="4.842563">
        <ele>-2.6</ele>
      </trkpt>
      <trkpt lat="52.508418" lon="4.842596">
        <ele>-2.4</ele>
      </trkpt>
      <trkpt lat="52.508416" lon="4.84263">
        <ele>-2.6</ele>
      </trkpt>
      <trkpt lat="52.508415" lon="4.84266">
        <ele>-2.8</ele>
      </trkpt>
      <trkpt lat="52.508416" lon="4.842691">
        <ele>-2.8</ele>
      </trkpt>
      <trkpt lat="52.508412" lon="4.842722">
        <ele>-2.8</ele>
      </trkpt>
      <trkpt lat="52.508412" lon="4.842752">
        <ele>-2.8</ele>
      </trkpt>
      <trkpt lat="52.508408" lon="4.842783">
        <ele>-2.8</ele>
      </trkpt>
      <trkpt lat="52.508409" lon="4.84281">
        <ele>-2.8</ele>
      </trkpt>
      <trkpt lat="52.508408" lon="4.842844">
        <ele>-3.2</ele>
      </trkpt>
      <trkpt lat="52.508409" lon="4.842875">
        <ele>-3.2</ele>
      </trkpt>
      <trkpt lat="52.508408" lon="4.842909">
        <ele>-3.4</ele>
      </trkpt>
      <trkpt lat="52.50841" lon="4.842939">
        <ele>-3.4</ele>
      </trkpt>
      <trkpt lat="52.508408" lon="4.842973">
        <ele>-3.4</ele>
      </trkpt>
      <trkpt lat="52.50841" lon="4.843004">
        <ele>-3.4</ele>
      </trkpt>
      <trkpt lat="52.508407" lon="4.843037">
        <ele>-3.6</ele>
      </trkpt>
      <trkpt lat="52.508408" lon="4.843068">
        <ele>-3.6</ele>
      </trkpt>
      <trkpt lat="52.508405" lon="4.843103">
        <ele>-3.8</ele>
      </trkpt>
      <trkpt lat="52.508404" lon="4.843134">
        <ele>-3.6</ele>
      </trkpt>
      <trkpt lat="52.508402" lon="4.843166">
        <ele>-3.4</ele>
      </trkpt>
      <trkpt lat="52.508401" lon="4.843196">
        <ele>-3.4</ele>
      </trkpt>
      <trkpt lat="52.508399" lon="4.843227">
        <ele>-3.6</ele>
      </trkpt>
      <trkpt lat="52.508397" lon="4.843259">
        <ele>-3.4</ele>
      </trkpt>
      <trkpt lat="52.508395" lon="4.84329">
        <ele>-3.6</ele>
      </trkpt>
      <trkpt lat="52.508394" lon="4.843322">
        <ele>-3.2</ele>
      </trkpt>
      <trkpt lat="52.508393" lon="4.843356">
        <ele>-3.2</ele>
      </trkpt>
      <trkpt lat="52.508392" lon="4.843387">
        <ele>-3.2</ele>
      </trkpt>
      <trkpt lat="52.508394" lon="4.843419">
        <ele>-3.2</ele>
      </trkpt>
      <trkpt lat="52.508393" lon="4.843455">
        <ele>-3.2</ele>
      </trkpt>
      <trkpt lat="52.508393" lon="4.843486">
        <ele>-3.2</ele>
      </trkpt>
      <trkpt lat="52.508388" lon="4.84352">
        <ele>-3.2</ele>
      </trkpt>
      <trkpt lat="52.50839" lon="4.843549">
        <ele>-3.2</ele>
      </trkpt>
      <trkpt lat="52.508386" lon="4.843582">
        <ele>-3.4</ele>
      </trkpt>
      <trkpt lat="52.508385" lon="4.843609">
        <ele>-3.4</ele>
      </trkpt>
      <trkpt lat="52.508381" lon="4.843636">
        <ele>-3.4</ele>
      </trkpt>
      <trkpt lat="52.50838" lon="4.843664">
        <ele>-3.2</ele>
      </trkpt>
      <trkpt lat="52.508377" lon="4.843695">
        <ele>-3.2</ele>
      </trkpt>
      <trkpt lat="52.508375" lon="4.843725">
        <ele>-3.0</ele>
      </trkpt>
      <trkpt lat="52.508374" lon="4.843758">
        <ele>-3.4</ele>
      </trkpt>
      <trkpt lat="52.508372" lon="4.843794">
        <ele>-3.4</ele>
      </trkpt>
      <trkpt lat="52.50837" lon="4.843824">
        <ele>-3.6</ele>
      </trkpt>
      <trkpt lat="52.508364" lon="4.843858">
        <ele>-3.8</ele>
      </trkpt>
      <trkpt lat="52.508362" lon="4.843888">
        <ele>-3.8</ele>
      </trkpt>
      <trkpt lat="52.508357" lon="4.84392">
        <ele>-4.0</ele>
      </trkpt>
      <trkpt lat="52.508355" lon="4.843947">
        <ele>-4.2</ele>
      </trkpt>
      <trkpt lat="52.508351" lon="4.843978">
        <ele>-3.8</ele>
      </trkpt>
      <trkpt lat="52.508347" lon="4.844008">
        <ele>-3.2</ele>
      </trkpt>
      <trkpt lat="52.508343" lon="4.844038">
        <ele>-3.2</ele>
      </trkpt>
      <trkpt lat="52.508338" lon="4.844073">
        <ele>-3.2</ele>
      </trkpt>
      <trkpt lat="52.508334" lon="4.844104">
        <ele>-3.4</ele>
      </trkpt>
      <trkpt lat="52.508329" lon="4.844138">
        <ele>-3.4</ele>
      </trkpt>
      <trkpt lat="52.508329" lon="4.844168">
        <ele>-3.4</ele>
      </trkpt>
      <trkpt lat="52.508323" lon="4.8442">
        <ele>-3.4</ele>
      </trkpt>
      <trkpt lat="52.50832" lon="4.844228">
        <ele>-3.6</ele>
      </trkpt>
      <trkpt lat="52.508315" lon="4.844259">
        <ele>-3.6</ele>
      </trkpt>
      <trkpt lat="52.508314" lon="4.844286">
        <ele>-3.4</ele>
      </trkpt>
      <trkpt lat="52.508311" lon="4.844317">
        <ele>-3.6</ele>
      </trkpt>
      <trkpt lat="52.50831" lon="4.84435">
        <ele>-3.8</ele>
      </trkpt>
      <trkpt lat="52.50831" lon="4.844381">
        <ele>-3.8</ele>
      </trkpt>
      <trkpt lat="52.50831" lon="4.844416">
        <ele>-3.8</ele>
      </trkpt>
      <trkpt lat="52.508312" lon="4.844445">
        <ele>-3.8</ele>
      </trkpt>
      <trkpt lat="52.508311" lon="4.844476">
        <ele>-4.0</ele>
      </trkpt>
      <trkpt lat="52.508312" lon="4.844506">
        <ele>-4.0</ele>
      </trkpt>
      <trkpt lat="52.508315" lon="4.844537">
        <ele>-4.0</ele>
      </trkpt>
      <trkpt lat="52.508319" lon="4.844568">
        <ele>-4.0</ele>
      </trkpt>
      <trkpt lat="52.508321" lon="4.844598">
        <ele>-4.2</ele>
      </trkpt>
      <trkpt lat="52.508325" lon="4.84463">
        <ele>-4.4</ele>
      </trkpt>
      <trkpt lat="52.50833" lon="4.844658">
        <ele>-4.4</ele>
      </trkpt>
      <trkpt lat="52.508334" lon="4.844693">
        <ele>-4.8</ele>
      </trkpt>
      <trkpt lat="52.508339" lon="4.844722">
        <ele>-5.0</ele>
      </trkpt>
      <trkpt lat="52.508341" lon="4.844754">
        <ele>-4.8</ele>
      </trkpt>
      <trkpt lat="52.508345" lon="4.844785">
        <ele>-4.4</ele>
      </trkpt>
      <trkpt lat="52.508349" lon="4.844816">
        <ele>-4.2</ele>
      </trkpt>
      <trkpt lat="52.508353" lon="4.844847">
        <ele>-4.0</ele>
      </trkpt>
      <trkpt lat="52.508358" lon="4.844871">
        <ele>-4.0</ele>
      </trkpt>
      <trkpt lat="52.508361" lon="4.844901">
        <ele>-4.0</ele>
      </trkpt>
      <trkpt lat="52.508365" lon="4.844929">
        <ele>-4.0</ele>
      </trkpt>
      <trkpt lat="52.508371" lon="4.844957">
        <ele>-4.2</ele>
      </trkpt>
      <trkpt lat="52.508376" lon="4.844983">
        <ele>-4.2</ele>
      </trkpt>
      <trkpt lat="52.508382" lon="4.845014">
        <ele>-4.4</ele>
      </trkpt>
      <trkpt lat="52.508387" lon="4.845045">
        <ele>-4.4</ele>
      </trkpt>
      <trkpt lat="52.508392" lon="4.845072">
        <ele>-4.4</ele>
      </trkpt>
      <trkpt lat="52.508396" lon="4.845101">
        <ele>-4.4</ele>
      </trkpt>
      <trkpt lat="52.508402" lon="4.845129">
        <ele>-4.4</ele>
      </trkpt>
      <trkpt lat="52.508406" lon="4.845159">
        <ele>-4.4</ele>
      </trkpt>
      <trkpt lat="52.50841" lon="4.845187">
        <ele>-4.4</ele>
      </trkpt>
      <trkpt lat="52.508415" lon="4.845211">
        <ele>-4.4</ele>
      </trkpt>
      <trkpt lat="52.508417" lon="4.845236">
        <ele>-4.4</ele>
      </trkpt>
      <trkpt lat="52.50842" lon="4.845262">
        <ele>-4.4</ele>
      </trkpt>
      <trkpt lat="52.508423" lon="4.84529">
        <ele>-4.4</ele>
      </trkpt>
      <trkpt lat="52.508429" lon="4.845315">
        <ele>-4.4</ele>
      </trkpt>
      <trkpt lat="52.508434" lon="4.845334">
        <ele>-4.4</ele>
      </trkpt>
      <trkpt lat="52.508439" lon="4.845355">
        <ele>-4.4</ele>
      </trkpt>
      <trkpt lat="52.508445" lon="4.845374">
        <ele>-4.4</ele>
      </trkpt>
      <trkpt lat="52.508453" lon="4.845395">
        <ele>-4.2</ele>
      </trkpt>
      <trkpt lat="52.508461" lon="4.845416">
        <ele>-4.4</ele>
      </trkpt>
      <trkpt lat="52.508467" lon="4.845433">
        <ele>-4.4</ele>
      </trkpt>
      <trkpt lat="52.508472" lon="4.845452">
        <ele>-4.4</ele>
      </trkpt>
      <trkpt lat="52.508478" lon="4.845472">
        <ele>-4.6</ele>
      </trkpt>
      <trkpt lat="52.508484" lon="4.845492">
        <ele>-4.6</ele>
      </trkpt>
      <trkpt lat="52.508493" lon="4.845515">
        <ele>-4.6</ele>
      </trkpt>
      <trkpt lat="52.5085" lon="4.845534">
        <ele>-4.8</ele>
      </trkpt>
      <trkpt lat="52.508508" lon="4.845557">
        <ele>-5.0</ele>
      </trkpt>
      <trkpt lat="52.508519" lon="4.845577">
        <ele>-5.0</ele>
      </trkpt>
      <trkpt lat="52.508531" lon="4.845594">
        <ele>-5.2</ele>
      </trkpt>
      <trkpt lat="52.508544" lon="4.84562">
        <ele>-5.4</ele>
      </trkpt>
      <trkpt lat="52.508557" lon="4.845638">
        <ele>-5.4</ele>
      </trkpt>
      <trkpt lat="52.50857" lon="4.845659">
        <ele>-5.4</ele>
      </trkpt>
      <trkpt lat="52.508585" lon="4.845681">
        <ele>-5.4</ele>
      </trkpt>
      <trkpt lat="52.508599" lon="4.8457">
        <ele>-5.4</ele>
      </trkpt>
      <trkpt lat="52.508612" lon="4.845714">
        <ele>-5.4</ele>
      </trkpt>
      <trkpt lat="52.508625" lon="4.845729">
        <ele>-5.4</ele>
      </trkpt>
      <trkpt lat="52.508637" lon="4.845739">
        <ele>-5.4</ele>
      </trkpt>
      <trkpt lat="52.508646" lon="4.845749">
        <ele>-5.2</ele>
      </trkpt>
      <trkpt lat="52.508656" lon="4.845759">
        <ele>-5.2</ele>
      </trkpt>
      <trkpt lat="52.508666" lon="4.84577">
        <ele>-5.2</ele>
      </trkpt>
      <trkpt lat="52.508676" lon="4.845779">
        <ele>-5.2</ele>
      </trkpt>
      <trkpt lat="52.508685" lon="4.845789">
        <ele>-5.2</ele>
      </trkpt>
      <trkpt lat="52.508694" lon="4.845798">
        <ele>-5.2</ele>
      </trkpt>
      <trkpt lat="52.508704" lon="4.845807">
        <ele>-5.2</ele>
      </trkpt>
      <trkpt lat="52.508714" lon="4.845816">
        <ele>-5.2</ele>
      </trkpt>
      <trkpt lat="52.508724" lon="4.845823">
        <ele>-5.2</ele>
      </trkpt>
      <trkpt lat="52.508734" lon="4.845831">
        <ele>-5.2</ele>
      </trkpt>
      <trkpt lat="52.508743" lon="4.845838">
        <ele>-5.4</ele>
      </trkpt>
      <trkpt lat="52.508753" lon="4.845844">
        <ele>-5.2</ele>
      </trkpt>
      <trkpt lat="52.508763" lon="4.84585">
        <ele>-4.8</ele>
      </trkpt>
      <trkpt lat="52.508773" lon="4.845858">
        <ele>-4.8</ele>
      </trkpt>
      <trkpt lat="52.508782" lon="4.845865">
        <ele>-4.6</ele>
      </trkpt>
      <trkpt lat="52.508792" lon="4.845871">
        <ele>-4.6</ele>
      </trkpt>
      <trkpt lat="52.508799" lon="4.845877">
        <ele>-4.6</ele>
      </trkpt>
      <trkpt lat="52.508806" lon="4.845881">
        <ele>-4.6</ele>
      </trkpt>
      <trkpt lat="52.508816" lon="4.845885">
        <ele>-4.6</ele>
      </trkpt>
      <trkpt lat="52.508823" lon="4.845889">
        <ele>-4.6</ele>
      </trkpt>
      <trkpt lat="52.508833" lon="4.845891">
        <ele>-4.6</ele>
      </trkpt>
      <trkpt lat="52.508842" lon="4.845896">
        <ele>-4.6</ele>
      </trkpt>
      <trkpt lat="52.508851" lon="4.8459">
        <ele>-4.6</ele>
      </trkpt>
      <trkpt lat="52.508861" lon="4.845903">
        <ele>-4.4</ele>
      </trkpt>
      <trkpt lat="52.508869" lon="4.845905">
        <ele>-4.2</ele>
      </trkpt>
      <trkpt lat="52.508877" lon="4.845907">
        <ele>-4.0</ele>
      </trkpt>
      <trkpt lat="52.508885" lon="4.84591">
        <ele>-4.2</ele>
      </trkpt>
      <trkpt lat="52.508892" lon="4.845912">
        <ele>-4.4</ele>
      </trkpt>
      <trkpt lat="52.508901" lon="4.845912">
        <ele>-4.6</ele>
      </trkpt>
      <trkpt lat="52.508909" lon="4.845913">
        <ele>-4.6</ele>
      </trkpt>
      <trkpt lat="52.508918" lon="4.845913">
        <ele>-4.6</ele>
      </trkpt>
      <trkpt lat="52.508926" lon="4.845912">
        <ele>-4.6</ele>
      </trkpt>
      <trkpt lat="52.508937" lon="4.845913">
        <ele>-4.6</ele>
      </trkpt>
      <trkpt lat="52.508951" lon="4.845916">
        <ele>-4.8</ele>
      </trkpt>
      <trkpt lat="52.508966" lon="4.845918">
        <ele>-5.0</ele>
      </trkpt>
      <trkpt lat="52.508981" lon="4.845921">
        <ele>-5.0</ele>
      </trkpt>
      <trkpt lat="52.508999" lon="4.845926">
        <ele>-5.2</ele>
      </trkpt>
      <trkpt lat="52.509016" lon="4.845936">
        <ele>-5.2</ele>
      </trkpt>
      <trkpt lat="52.509033" lon="4.845943">
        <ele>-5.2</ele>
      </trkpt>
      <trkpt lat="52.509052" lon="4.845955">
        <ele>-5.0</ele>
      </trkpt>
      <trkpt lat="52.509068" lon="4.845966">
        <ele>-5.0</ele>
      </trkpt>
      <trkpt lat="52.509087" lon="4.845984">
        <ele>-5.0</ele>
      </trkpt>
      <trkpt lat="52.509106" lon="4.846001">
        <ele>-5.0</ele>
      </trkpt>
      <trkpt lat="52.509125" lon="4.84602">
        <ele>-5.0</ele>
      </trkpt>
      <trkpt lat="52.509145" lon="4.84604">
        <ele>-5.0</ele>
      </trkpt>
      <trkpt lat="52.509164" lon="4.846061">
        <ele>-5.0</ele>
      </trkpt>
      <trkpt lat="52.509183" lon="4.846083">
        <ele>-5.0</ele>
      </trkpt>
      <trkpt lat="52.509202" lon="4.846106">
        <ele>-4.6</ele>
      </trkpt>
      <trkpt lat="52.509221" lon="4.846129">
        <ele>-4.4</ele>
      </trkpt>
      <trkpt lat="52.509237" lon="4.846151">
        <ele>-4.4</ele>
      </trkpt>
      <trkpt lat="52.509255" lon="4.846173">
        <ele>-4.4</ele>
      </trkpt>
      <trkpt lat="52.509273" lon="4.846195">
        <ele>-4.2</ele>
      </trkpt>
      <trkpt lat="52.509289" lon="4.846217">
        <ele>-4.4</ele>
      </trkpt>
      <trkpt lat="52.509306" lon="4.846241">
        <ele>-4.2</ele>
      </trkpt>
      <trkpt lat="52.509325" lon="4.846265">
        <ele>-4.2</ele>
      </trkpt>
      <trkpt lat="52.509344" lon="4.84629">
        <ele>-4.0</ele>
      </trkpt>
      <trkpt lat="52.50936" lon="4.846316">
        <ele>-4.2</ele>
      </trkpt>
      <trkpt lat="52.509375" lon="4.846344">
        <ele>-4.2</ele>
      </trkpt>
      <trkpt lat="52.509392" lon="4.846368">
        <ele>-4.2</ele>
      </trkpt>
      <trkpt lat="52.509409" lon="4.846391">
        <ele>-4.2</ele>
      </trkpt>
      <trkpt lat="52.509426" lon="4.846413">
        <ele>-4.2</ele>
      </trkpt>
      <trkpt lat="52.509441" lon="4.846439">
        <ele>-4.6</ele>
      </trkpt>
      <trkpt lat="52.509458" lon="4.846463">
        <ele>-5.0</ele>
      </trkpt>
      <trkpt lat="52.509475" lon="4.846486">
        <ele>-5.2</ele>
      </trkpt>
      <trkpt lat="52.509494" lon="4.846508">
        <ele>-5.2</ele>
      </trkpt>
      <trkpt lat="52.50951" lon="4.846526">
        <ele>-5.2</ele>
      </trkpt>
      <trkpt lat="52.50953" lon="4.846549">
        <ele>-5.4</ele>
      </trkpt>
      <trkpt lat="52.509549" lon="4.846571">
        <ele>-5.4</ele>
      </trkpt>
      <trkpt lat="52.509565" lon="4.84659">
        <ele>-5.4</ele>
      </trkpt>
      <trkpt lat="52.50958" lon="4.846608">
        <ele>-5.6</ele>
      </trkpt>
      <trkpt lat="52.509596" lon="4.846628">
        <ele>-5.6</ele>
      </trkpt>
      <trkpt lat="52.50961" lon="4.846643">
        <ele>-5.4</ele>
      </trkpt>
      <trkpt lat="52.509626" lon="4.846662">
        <ele>-5.4</ele>
      </trkpt>
      <trkpt lat="52.509643" lon="4.846679">
        <ele>-5.4</ele>
      </trkpt>
      <trkpt lat="52.509659" lon="4.846696">
        <ele>-5.2</ele>
      </trkpt>
      <trkpt lat="52.509676" lon="4.846718">
        <ele>-5.0</ele>
      </trkpt>
      <trkpt lat="52.509692" lon="4.846735">
        <ele>-4.8</ele>
      </trkpt>
      <trkpt lat="52.509708" lon="4.846755">
        <ele>-4.8</ele>
      </trkpt>
      <trkpt lat="52.509725" lon="4.846773">
        <ele>-4.8</ele>
      </trkpt>
      <trkpt lat="52.509741" lon="4.846793">
        <ele>-4.8</ele>
      </trkpt>
      <trkpt lat="52.509757" lon="4.846811">
        <ele>-4.8</ele>
      </trkpt>
      <trkpt lat="52.509773" lon="4.846826">
        <ele>-4.8</ele>
      </trkpt>
      <trkpt lat="52.50979" lon="4.846847">
        <ele>-5.2</ele>
      </trkpt>
      <trkpt lat="52.509806" lon="4.846863">
        <ele>-5.4</ele>
      </trkpt>
      <trkpt lat="52.509821" lon="4.846883">
        <ele>-5.4</ele>
      </trkpt>
      <trkpt lat="52.509836" lon="4.846901">
        <ele>-5.4</ele>
      </trkpt>
      <trkpt lat="52.509852" lon="4.846922">
        <ele>-5.4</ele>
      </trkpt>
      <trkpt lat="52.509869" lon="4.846937">
        <ele>-5.4</ele>
      </trkpt>
      <trkpt lat="52.509884" lon="4.846953">
        <ele>-5.6</ele>
      </trkpt>
      <trkpt lat="52.509899" lon="4.846973">
        <ele>-5.6</ele>
      </trkpt>
      <trkpt lat="52.509913" lon="4.846989">
        <ele>-5.6</ele>
      </trkpt>
      <trkpt lat="52.509928" lon="4.847008">
        <ele>-5.6</ele>
      </trkpt>
      <trkpt lat="52.509941" lon="4.847023">
        <ele>-5.4</ele>
      </trkpt>
      <trkpt lat="52.509956" lon="4.84704">
        <ele>-5.4</ele>
      </trkpt>
      <trkpt lat="52.509971" lon="4.847055">
        <ele>-5.4</ele>
      </trkpt>
      <trkpt lat="52.509986" lon="4.847072">
        <ele>-5.4</ele>
      </trkpt>
      <trkpt lat="52.510002" lon="4.84709">
        <ele>-5.4</ele>
      </trkpt>
      <trkpt lat="52.510017" lon="4.847106">
        <ele>-5.4</ele>
      </trkpt>
      <trkpt lat="52.510033" lon="4.847122">
        <ele>-5.4</ele>
      </trkpt>
      <trkpt lat="52.510047" lon="4.84714">
        <ele>-5.4</ele>
      </trkpt>
      <trkpt lat="52.510062" lon="4.847158">
        <ele>-5.4</ele>
      </trkpt>
      <trkpt lat="52.510076" lon="4.847173">
        <ele>-5.6</ele>
      </trkpt>
      <trkpt lat="52.51009" lon="4.84719">
        <ele>-5.4</ele>
      </trkpt>
      <trkpt lat="52.510106" lon="4.847206">
        <ele>-5.4</ele>
      </trkpt>
      <trkpt lat="52.51012" lon="4.847226">
        <ele>-5.2</ele>
      </trkpt>
      <trkpt lat="52.510135" lon="4.847241">
        <ele>-5.2</ele>
      </trkpt>
      <trkpt lat="52.510149" lon="4.84726">
        <ele>-5.2</ele>
      </trkpt>
      <trkpt lat="52.510164" lon="4.847278">
        <ele>-5.2</ele>
      </trkpt>
      <trkpt lat="52.510178" lon="4.847297">
        <ele>-5.0</ele>
      </trkpt>
      <trkpt lat="52.510192" lon="4.847316">
        <ele>-5.0</ele>
      </trkpt>
      <trkpt lat="52.510206" lon="4.847334">
        <ele>-5.0</ele>
      </trkpt>
      <trkpt lat="52.51022" lon="4.847353">
        <ele>-5.0</ele>
      </trkpt>
      <trkpt lat="52.510236" lon="4.84737">
        <ele>-4.8</ele>
      </trkpt>
      <trkpt lat="52.51025" lon="4.847388">
        <ele>-4.8</ele>
      </trkpt>
      <trkpt lat="52.510264" lon="4.847404">
        <ele>-4.6</ele>
      </trkpt>
      <trkpt lat="52.510278" lon="4.847423">
        <ele>-4.6</ele>
      </trkpt>
      <trkpt lat="52.510293" lon="4.84744">
        <ele>-4.6</ele>
      </trkpt>
      <trkpt lat="52.510308" lon="4.84746">
        <ele>-4.6</ele>
      </trkpt>
      <trkpt lat="52.510324" lon="4.847477">
        <ele>-4.4</ele>
      </trkpt>
      <trkpt lat="52.510341" lon="4.847496">
        <ele>-4.6</ele>
      </trkpt>
      <trkpt lat="52.510358" lon="4.847514">
        <ele>-4.8</ele>
      </trkpt>
      <trkpt lat="52.510373" lon="4.847533">
        <ele>-5.0</ele>
      </trkpt>
      <trkpt lat="52.51039" lon="4.847553">
        <ele>-5.2</ele>
      </trkpt>
      <trkpt lat="52.510404" lon="4.847572">
        <ele>-5.2</ele>
      </trkpt>
      <trkpt lat="52.510418" lon="4.847594">
        <ele>-5.2</ele>
      </trkpt>
      <trkpt lat="52.510433" lon="4.847612">
        <ele>-5.2</ele>
      </trkpt>
      <trkpt lat="52.510448" lon="4.847631">
        <ele>-5.0</ele>
      </trkpt>
      <trkpt lat="52.510463" lon="4.847649">
        <ele>-5.0</ele>
      </trkpt>
      <trkpt lat="52.510479" lon="4.847665">
        <ele>-4.8</ele>
      </trkpt>
      <trkpt lat="52.510494" lon="4.847684">
        <ele>-4.8</ele>
      </trkpt>
      <trkpt lat="52.510508" lon="4.847705">
        <ele>-4.8</ele>
      </trkpt>
      <trkpt lat="52.510523" lon="4.847721">
        <ele>-4.8</ele>
      </trkpt>
      <trkpt lat="52.510537" lon="4.847739">
        <ele>-4.8</ele>
      </trkpt>
      <trkpt lat="52.510552" lon="4.847758">
        <ele>-4.8</ele>
      </trkpt>
      <trkpt lat="52.510566" lon="4.847779">
        <ele>-4.8</ele>
      </trkpt>
      <trkpt lat="52.510581" lon="4.8478">
        <ele>-4.8</ele>
      </trkpt>
      <trkpt lat="52.510595" lon="4.847817">
        <ele>-5.0</ele>
      </trkpt>
      <trkpt lat="52.510609" lon="4.847835">
        <ele>-5.0</ele>
      </trkpt>
      <trkpt lat="52.510623" lon="4.847853">
        <ele>-5.0</ele>
      </trkpt>
      <trkpt lat="52.510637" lon="4.847872">
        <ele>-5.0</ele>
      </trkpt>
      <trkpt lat="52.510651" lon="4.84789">
        <ele>-5.0</ele>
      </trkpt>
      <trkpt lat="52.510664" lon="4.847908">
        <ele>-5.0</ele>
      </trkpt>
      <trkpt lat="52.510679" lon="4.847928">
        <ele>-5.0</ele>
      </trkpt>
      <trkpt lat="52.510695" lon="4.847945">
        <ele>-5.0</ele>
      </trkpt>
      <trkpt lat="52.51071" lon="4.847965">
        <ele>-5.0</ele>
      </trkpt>
      <trkpt lat="52.510727" lon="4.847985">
        <ele>-5.0</ele>
      </trkpt>
      <trkpt lat="52.510742" lon="4.848004">
        <ele>-5.0</ele>
      </trkpt>
      <trkpt lat="52.510756" lon="4.848024">
        <ele>-5.0</ele>
      </trkpt>
      <trkpt lat="52.51077" lon="4.848042">
        <ele>-4.8</ele>
      </trkpt>
      <trkpt lat="52.510784" lon="4.848062">
        <ele>-4.8</ele>
      </trkpt>
      <trkpt lat="52.510799" lon="4.848078">
        <ele>-4.8</ele>
      </trkpt>
      <trkpt lat="52.510815" lon="4.848097">
        <ele>-4.8</ele>
      </trkpt>
      <trkpt lat="52.510831" lon="4.848114">
        <ele>-5.0</ele>
      </trkpt>
      <trkpt lat="52.510847" lon="4.848132">
        <ele>-5.0</ele>
      </trkpt>
      <trkpt lat="52.510863" lon="4.848151">
        <ele>-5.0</ele>
      </trkpt>
      <trkpt lat="52.510877" lon="4.848168">
        <ele>-5.0</ele>
      </trkpt>
      <trkpt lat="52.510891" lon="4.848188">
        <ele>-5.0</ele>
      </trkpt>
      <trkpt lat="52.510905" lon="4.848204">
        <ele>-5.2</ele>
      </trkpt>
      <trkpt lat="52.51092" lon="4.848222">
        <ele>-5.2</ele>
      </trkpt>
      <trkpt lat="52.510934" lon="4.848239">
        <ele>-5.2</ele>
      </trkpt>
      <trkpt lat="52.510949" lon="4.848259">
        <ele>-5.2</ele>
      </trkpt>
      <trkpt lat="52.510965" lon="4.848276">
        <ele>-5.0</ele>
      </trkpt>
      <trkpt lat="52.51098" lon="4.848295">
        <ele>-5.0</ele>
      </trkpt>
      <trkpt lat="52.510997" lon="4.848312">
        <ele>-5.2</ele>
      </trkpt>
      <trkpt lat="52.51101" lon="4.848332">
        <ele>-5.2</ele>
      </trkpt>
      <trkpt lat="52.511026" lon="4.848351">
        <ele>-5.2</ele>
      </trkpt>
      <trkpt lat="52.511041" lon="4.84837">
        <ele>-5.2</ele>
      </trkpt>
      <trkpt lat="52.511056" lon="4.848391">
        <ele>-5.2</ele>
      </trkpt>
      <trkpt lat="52.51107" lon="4.848409">
        <ele>-5.2</ele>
      </trkpt>
      <trkpt lat="52.511086" lon="4.848431">
        <ele>-5.2</ele>
      </trkpt>
      <trkpt lat="52.511101" lon="4.84845">
        <ele>-5.2</ele>
      </trkpt>
      <trkpt lat="52.511116" lon="4.848472">
        <ele>-5.0</ele>
      </trkpt>
      <trkpt lat="52.511133" lon="4.848493">
        <ele>-5.0</ele>
      </trkpt>
      <trkpt lat="52.511149" lon="4.848513">
        <ele>-5.0</ele>
      </trkpt>
      <trkpt lat="52.511166" lon="4.848532">
        <ele>-4.8</ele>
      </trkpt>
      <trkpt lat="52.51118" lon="4.848551">
        <ele>-5.0</ele>
      </trkpt>
      <trkpt lat="52.511195" lon="4.848571">
        <ele>-5.2</ele>
      </trkpt>
      <trkpt lat="52.51121" lon="4.848591">
        <ele>-5.2</ele>
      </trkpt>
      <trkpt lat="52.511224" lon="4.848616">
        <ele>-5.2</ele>
      </trkpt>
      <trkpt lat="52.511238" lon="4.848635">
        <ele>-5.4</ele>
      </trkpt>
      <trkpt lat="52.511253" lon="4.848657">
        <ele>-5.4</ele>
      </trkpt>
      <trkpt lat="52.511268" lon="4.848676">
        <ele>-5.4</ele>
      </trkpt>
      <trkpt lat="52.511283" lon="4.848696">
        <ele>-5.4</ele>
      </trkpt>
      <trkpt lat="52.511299" lon="4.848718">
        <ele>-5.4</ele>
      </trkpt>
      <trkpt lat="52.511313" lon="4.848735">
        <ele>-5.6</ele>
      </trkpt>
      <trkpt lat="52.511327" lon="4.848756">
        <ele>-5.6</ele>
      </trkpt>
      <trkpt lat="52.51134" lon="4.848774">
        <ele>-5.6</ele>
      </trkpt>
      <trkpt lat="52.511352" lon="4.848794">
        <ele>-5.6</ele>
      </trkpt>
      <trkpt lat="52.511366" lon="4.848814">
        <ele>-5.6</ele>
      </trkpt>
      <trkpt lat="52.511379" lon="4.848833">
        <ele>-5.6</ele>
      </trkpt>
      <trkpt lat="52.511392" lon="4.848855">
        <ele>-5.6</ele>
      </trkpt>
      <trkpt lat="52.511405" lon="4.848873">
        <ele>-5.4</ele>
      </trkpt>
      <trkpt lat="52.511419" lon="4.848894">
        <ele>-5.4</ele>
      </trkpt>
      <trkpt lat="52.511432" lon="4.848913">
        <ele>-5.4</ele>
      </trkpt>
      <trkpt lat="52.511444" lon="4.848931">
        <ele>-5.4</ele>
      </trkpt>
      <trkpt lat="52.511456" lon="4.848953">
        <ele>-5.4</ele>
      </trkpt>
      <trkpt lat="52.511469" lon="4.848973">
        <ele>-5.4</ele>
      </trkpt>
      <trkpt lat="52.511481" lon="4.848995">
        <ele>-5.4</ele>
      </trkpt>
      <trkpt lat="52.511493" lon="4.849014">
        <ele>-5.4</ele>
      </trkpt>
      <trkpt lat="52.511507" lon="4.849035">
        <ele>-5.4</ele>
      </trkpt>
      <trkpt lat="52.511521" lon="4.849053">
        <ele>-5.4</ele>
      </trkpt>
      <trkpt lat="52.511537" lon="4.849068">
        <ele>-5.4</ele>
      </trkpt>
      <trkpt lat="52.511553" lon="4.849085">
        <ele>-5.6</ele>
      </trkpt>
      <trkpt lat="52.511565" lon="4.849101">
        <ele>-5.6</ele>
      </trkpt>
      <trkpt lat="52.511578" lon="4.849119">
        <ele>-5.6</ele>
      </trkpt>
      <trkpt lat="52.511589" lon="4.849136">
        <ele>-5.2</ele>
      </trkpt>
      <trkpt lat="52.511602" lon="4.849153">
        <ele>-5.0</ele>
      </trkpt>
      <trkpt lat="52.511614" lon="4.84917">
        <ele>-5.0</ele>
      </trkpt>
      <trkpt lat="52.51163" lon="4.849188">
        <ele>-5.0</ele>
      </trkpt>
      <trkpt lat="52.511643" lon="4.849206">
        <ele>-5.0</ele>
      </trkpt>
      <trkpt lat="52.511659" lon="4.849225">
        <ele>-5.0</ele>
      </trkpt>
      <trkpt lat="52.511675" lon="4.849246">
        <ele>-5.4</ele>
      </trkpt>
      <trkpt lat="52.51169" lon="4.849264">
        <ele>-5.6</ele>
      </trkpt>
      <trkpt lat="52.511706" lon="4.849282">
        <ele>-5.8</ele>
      </trkpt>
      <trkpt lat="52.51172" lon="4.8493">
        <ele>-5.8</ele>
      </trkpt>
      <trkpt lat="52.511735" lon="4.849319">
        <ele>-6.0</ele>
      </trkpt>
      <trkpt lat="52.511749" lon="4.849337">
        <ele>-6.0</ele>
      </trkpt>
      <trkpt lat="52.511764" lon="4.849356">
        <ele>-5.6</ele>
      </trkpt>
      <trkpt lat="52.511778" lon="4.849373">
        <ele>-5.6</ele>
      </trkpt>
      <trkpt lat="52.511792" lon="4.849393">
        <ele>-5.4</ele>
      </trkpt>
      <trkpt lat="52.511807" lon="4.849412">
        <ele>-5.4</ele>
      </trkpt>
      <trkpt lat="52.511822" lon="4.849432">
        <ele>-5.4</ele>
      </trkpt>
      <trkpt lat="52.511838" lon="4.849452">
        <ele>-5.4</ele>
      </trkpt>
      <trkpt lat="52.511852" lon="4.84947">
        <ele>-5.4</ele>
      </trkpt>
      <trkpt lat="52.511867" lon="4.84949">
        <ele>-5.4</ele>
      </trkpt>
      <trkpt lat="52.511882" lon="4.849509">
        <ele>-5.4</ele>
      </trkpt>
      <trkpt lat="52.511897" lon="4.849529">
        <ele>-5.2</ele>
      </trkpt>
      <trkpt lat="52.51191" lon="4.849549">
        <ele>-5.0</ele>
      </trkpt>
      <trkpt lat="52.511925" lon="4.849569">
        <ele>-5.0</ele>
      </trkpt>
      <trkpt lat="52.51194" lon="4.849589">
        <ele>-5.0</ele>
      </trkpt>
      <trkpt lat="52.511955" lon="4.849608">
        <ele>-4.8</ele>
      </trkpt>
      <trkpt lat="52.51197" lon="4.849625">
        <ele>-4.8</ele>
      </trkpt>
      <trkpt lat="52.511987" lon="4.849643">
        <ele>-4.8</ele>
      </trkpt>
      <trkpt lat="52.512003" lon="4.84966">
        <ele>-5.2</ele>
      </trkpt>
      <trkpt lat="52.512018" lon="4.849675">
        <ele>-5.2</ele>
      </trkpt>
      <trkpt lat="52.512035" lon="4.849693">
        <ele>-5.4</ele>
      </trkpt>
      <trkpt lat="52.51205" lon="4.849708">
        <ele>-5.4</ele>
      </trkpt>
      <trkpt lat="52.512063" lon="4.849726">
        <ele>-5.4</ele>
      </trkpt>
      <trkpt lat="52.512077" lon="4.849742">
        <ele>-5.4</ele>
      </trkpt>
      <trkpt lat="52.512094" lon="4.849759">
        <ele>-5.4</ele>
      </trkpt>
      <trkpt lat="52.512111" lon="4.849777">
        <ele>-5.4</ele>
      </trkpt>
      <trkpt lat="52.512125" lon="4.849793">
        <ele>-5.4</ele>
      </trkpt>
      <trkpt lat="52.51214" lon="4.849812">
        <ele>-5.4</ele>
      </trkpt>
      <trkpt lat="52.512153" lon="4.849828">
        <ele>-5.4</ele>
      </trkpt>
      <trkpt lat="52.512167" lon="4.849846">
        <ele>-5.4</ele>
      </trkpt>
      <trkpt lat="52.512182" lon="4.849862">
        <ele>-5.4</ele>
      </trkpt>
      <trkpt lat="52.512199" lon="4.849879">
        <ele>-5.4</ele>
      </trkpt>
      <trkpt lat="52.512215" lon="4.849899">
        <ele>-5.2</ele>
      </trkpt>
      <trkpt lat="52.512231" lon="4.849911">
        <ele>-5.2</ele>
      </trkpt>
      <trkpt lat="52.512247" lon="4.849928">
        <ele>-5.2</ele>
      </trkpt>
      <trkpt lat="52.51226" lon="4.849944">
        <ele>-5.4</ele>
      </trkpt>
      <trkpt lat="52.512275" lon="4.849965">
        <ele>-5.4</ele>
      </trkpt>
      <trkpt lat="52.512289" lon="4.849981">
        <ele>-5.4</ele>
      </trkpt>
      <trkpt lat="52.512304" lon="4.849998">
        <ele>-5.4</ele>
      </trkpt>
      <trkpt lat="52.51232" lon="4.850017">
        <ele>-5.4</ele>
      </trkpt>
      <trkpt lat="52.512333" lon="4.850033">
        <ele>-5.4</ele>
      </trkpt>
      <trkpt lat="52.512347" lon="4.850053">
        <ele>-5.4</ele>
      </trkpt>
      <trkpt lat="52.51236" lon="4.850068">
        <ele>-5.4</ele>
      </trkpt>
      <trkpt lat="52.512375" lon="4.850088">
        <ele>-5.4</ele>
      </trkpt>
      <trkpt lat="52.51239" lon="4.850104">
        <ele>-5.4</ele>
      </trkpt>
      <trkpt lat="52.512406" lon="4.850122">
        <ele>-5.4</ele>
      </trkpt>
      <trkpt lat="52.512422" lon="4.850139">
        <ele>-5.4</ele>
      </trkpt>
      <trkpt lat="52.512438" lon="4.850155">
        <ele>-5.4</ele>
      </trkpt>
      <trkpt lat="52.512456" lon="4.850172">
        <ele>-5.4</ele>
      </trkpt>
      <trkpt lat="52.512471" lon="4.850186">
        <ele>-5.4</ele>
      </trkpt>
      <trkpt lat="52.512487" lon="4.850203">
        <ele>-5.4</ele>
      </trkpt>
      <trkpt lat="52.512501" lon="4.850219">
        <ele>-5.4</ele>
      </trkpt>
      <trkpt lat="52.512517" lon="4.850237">
        <ele>-5.2</ele>
      </trkpt>
      <trkpt lat="52.512532" lon="4.850254">
        <ele>-5.2</ele>
      </trkpt>
      <trkpt lat="52.512548" lon="4.850272">
        <ele>-5.0</ele>
      </trkpt>
      <trkpt lat="52.512565" lon="4.850288">
        <ele>-5.0</ele>
      </trkpt>
      <trkpt lat="52.51258" lon="4.850303">
        <ele>-5.2</ele>
      </trkpt>
      <trkpt lat="52.512595" lon="4.850322">
        <ele>-5.2</ele>
      </trkpt>
      <trkpt lat="52.512608" lon="4.850337">
        <ele>-5.4</ele>
      </trkpt>
      <trkpt lat="52.512622" lon="4.850357">
        <ele>-5.4</ele>
      </trkpt>
      <trkpt lat="52.512635" lon="4.850374">
        <ele>-5.4</ele>
      </trkpt>
      <trkpt lat="52.51265" lon="4.850394">
        <ele>-5.4</ele>
      </trkpt>
      <trkpt lat="52.512664" lon="4.850409">
        <ele>-5.2</ele>
      </trkpt>
      <trkpt lat="52.51268" lon="4.850425">
        <ele>-5.2</ele>
      </trkpt>
      <trkpt lat="52.512695" lon="4.850441">
        <ele>-5.2</ele>
      </trkpt>
      <trkpt lat="52.512708" lon="4.850459">
        <ele>-5.2</ele>
      </trkpt>
      <trkpt lat="52.512724" lon="4.850479">
        <ele>-5.2</ele>
      </trkpt>
      <trkpt lat="52.512737" lon="4.850496">
        <ele>-5.2</ele>
      </trkpt>
      <trkpt lat="52.51275" lon="4.850516">
        <ele>-5.2</ele>
      </trkpt>
      <trkpt lat="52.512764" lon="4.850532">
        <ele>-5.2</ele>
      </trkpt>
      <trkpt lat="52.51278" lon="4.85055">
        <ele>-5.2</ele>
      </trkpt>
      <trkpt lat="52.512794" lon="4.850566">
        <ele>-5.2</ele>
      </trkpt>
      <trkpt lat="52.512809" lon="4.850584">
        <ele>-5.4</ele>
      </trkpt>
      <trkpt lat="52.512824" lon="4.850603">
        <ele>-5.4</ele>
      </trkpt>
      <trkpt lat="52.512839" lon="4.85062">
        <ele>-5.6</ele>
      </trkpt>
      <trkpt lat="52.512854" lon="4.85064">
        <ele>-5.6</ele>
      </trkpt>
      <trkpt lat="52.512867" lon="4.85066">
        <ele>-5.8</ele>
      </trkpt>
      <trkpt lat="52.51288" lon="4.85068">
        <ele>-5.8</ele>
      </trkpt>
      <trkpt lat="52.512893" lon="4.850697">
        <ele>-5.8</ele>
      </trkpt>
      <trkpt lat="52.512906" lon="4.850716">
        <ele>-5.8</ele>
      </trkpt>
      <trkpt lat="52.51292" lon="4.850739">
        <ele>-5.8</ele>
      </trkpt>
      <trkpt lat="52.512932" lon="4.850758">
        <ele>-5.6</ele>
      </trkpt>
      <trkpt lat="52.512944" lon="4.850779">
        <ele>-5.4</ele>
      </trkpt>
      <trkpt lat="52.512956" lon="4.850795">
        <ele>-5.4</ele>
      </trkpt>
      <trkpt lat="52.512972" lon="4.850813">
        <ele>-5.2</ele>
      </trkpt>
      <trkpt lat="52.512986" lon="4.850829">
        <ele>-5.2</ele>
      </trkpt>
      <trkpt lat="52.513" lon="4.850847">
        <ele>-5.2</ele>
      </trkpt>
      <trkpt lat="52.513017" lon="4.850865">
        <ele>-5.4</ele>
      </trkpt>
      <trkpt lat="52.51303" lon="4.85088">
        <ele>-5.4</ele>
      </trkpt>
      <trkpt lat="52.513042" lon="4.850899">
        <ele>-5.6</ele>
      </trkpt>
      <trkpt lat="52.513054" lon="4.850914">
        <ele>-5.6</ele>
      </trkpt>
      <trkpt lat="52.513066" lon="4.85093">
        <ele>-5.6</ele>
      </trkpt>
      <trkpt lat="52.51308" lon="4.850947">
        <ele>-5.6</ele>
      </trkpt>
      <trkpt lat="52.513092" lon="4.850961">
        <ele>-5.6</ele>
      </trkpt>
      <trkpt lat="52.513102" lon="4.85098">
        <ele>-5.6</ele>
      </trkpt>
      <trkpt lat="52.513114" lon="4.850996">
        <ele>-5.4</ele>
      </trkpt>
      <trkpt lat="52.513125" lon="4.851016">
        <ele>-5.4</ele>
      </trkpt>
      <trkpt lat="52.513137" lon="4.851039">
        <ele>-5.4</ele>
      </trkpt>
      <trkpt lat="52.513148" lon="4.851064">
        <ele>-5.4</ele>
      </trkpt>
      <trkpt lat="52.513157" lon="4.851089">
        <ele>-5.4</ele>
      </trkpt>
      <trkpt lat="52.513163" lon="4.851114">
        <ele>-5.4</ele>
      </trkpt>
      <trkpt lat="52.513169" lon="4.851143">
        <ele>-5.6</ele>
      </trkpt>
      <trkpt lat="52.513177" lon="4.85117">
        <ele>-5.6</ele>
      </trkpt>
      <trkpt lat="52.513177" lon="4.851198">
        <ele>-5.8</ele>
      </trkpt>
      <trkpt lat="52.513179" lon="4.851226">
        <ele>-5.6</ele>
      </trkpt>
      <trkpt lat="52.51318" lon="4.851256">
        <ele>-5.4</ele>
      </trkpt>
      <trkpt lat="52.513181" lon="4.851287">
        <ele>-5.2</ele>
      </trkpt>
      <trkpt lat="52.513183" lon="4.851318">
        <ele>-5.2</ele>
      </trkpt>
      <trkpt lat="52.513184" lon="4.851347">
        <ele>-5.2</ele>
      </trkpt>
      <trkpt lat="52.513187" lon="4.851378">
        <ele>-5.2</ele>
      </trkpt>
      <trkpt lat="52.513186" lon="4.851412">
        <ele>-5.2</ele>
      </trkpt>
      <trkpt lat="52.513188" lon="4.851442">
        <ele>-5.4</ele>
      </trkpt>
      <trkpt lat="52.513187" lon="4.851474">
        <ele>-5.4</ele>
      </trkpt>
      <trkpt lat="52.513186" lon="4.851501">
        <ele>-5.2</ele>
      </trkpt>
      <trkpt lat="52.513184" lon="4.851529">
        <ele>-5.2</ele>
      </trkpt>
      <trkpt lat="52.513182" lon="4.851558">
        <ele>-5.0</ele>
      </trkpt>
      <trkpt lat="52.513177" lon="4.851586">
        <ele>-5.0</ele>
      </trkpt>
      <trkpt lat="52.513174" lon="4.851613">
        <ele>-4.8</ele>
      </trkpt>
      <trkpt lat="52.513169" lon="4.851641">
        <ele>-4.8</ele>
      </trkpt>
      <trkpt lat="52.513164" lon="4.851668">
        <ele>-4.8</ele>
      </trkpt>
      <trkpt lat="52.513162" lon="4.851697">
        <ele>-5.0</ele>
      </trkpt>
      <trkpt lat="52.513155" lon="4.851726">
        <ele>-5.0</ele>
      </trkpt>
      <trkpt lat="52.51315" lon="4.85175">
        <ele>-5.0</ele>
      </trkpt>
      <trkpt lat="52.513144" lon="4.851771">
        <ele>-5.0</ele>
      </trkpt>
      <trkpt lat="52.513139" lon="4.851788">
        <ele>-5.2</ele>
      </trkpt>
      <trkpt lat="52.513132" lon="4.851808">
        <ele>-5.2</ele>
      </trkpt>
      <trkpt lat="52.513128" lon="4.851826">
        <ele>-5.2</ele>
      </trkpt>
      <trkpt lat="52.513121" lon="4.851846">
        <ele>-5.2</ele>
      </trkpt>
      <trkpt lat="52.513114" lon="4.851866">
        <ele>-5.4</ele>
      </trkpt>
      <trkpt lat="52.513108" lon="4.851887">
        <ele>-5.4</ele>
      </trkpt>
      <trkpt lat="52.5131" lon="4.851912">
        <ele>-5.6</ele>
      </trkpt>
      <trkpt lat="52.513096" lon="4.851936">
        <ele>-5.6</ele>
      </trkpt>
      <trkpt lat="52.513088" lon="4.851962">
        <ele>-5.6</ele>
      </trkpt>
      <trkpt lat="52.513082" lon="4.851985">
        <ele>-5.6</ele>
      </trkpt>
      <trkpt lat="52.513075" lon="4.85201">
        <ele>-5.8</ele>
      </trkpt>
      <trkpt lat="52.51307" lon="4.852032">
        <ele>-5.8</ele>
      </trkpt>
      <trkpt lat="52.513061" lon="4.852057">
        <ele>-5.6</ele>
      </trkpt>
      <trkpt lat="52.513055" lon="4.85208">
        <ele>-5.6</ele>
      </trkpt>
      <trkpt lat="52.513049" lon="4.852104">
        <ele>-5.6</ele>
      </trkpt>
      <trkpt lat="52.513042" lon="4.85213">
        <ele>-5.6</ele>
      </trkpt>
      <trkpt lat="52.51304" lon="4.852153">
        <ele>-5.6</ele>
      </trkpt>
      <trkpt lat="52.513032" lon="4.852177">
        <ele>-5.6</ele>
      </trkpt>
      <trkpt lat="52.513029" lon="4.852196">
        <ele>-5.6</ele>
      </trkpt>
      <trkpt lat="52.513021" lon="4.852217">
        <ele>-5.6</ele>
      </trkpt>
      <trkpt lat="52.513015" lon="4.852236">
        <ele>-5.6</ele>
      </trkpt>
      <trkpt lat="52.513009" lon="4.852257">
        <ele>-5.6</ele>
      </trkpt>
      <trkpt lat="52.513" lon="4.852282">
        <ele>-5.6</ele>
      </trkpt>
      <trkpt lat="52.512996" lon="4.852306">
        <ele>-5.6</ele>
      </trkpt>
      <trkpt lat="52.512986" lon="4.852328">
        <ele>-5.6</ele>
      </trkpt>
      <trkpt lat="52.51298" lon="4.852346">
        <ele>-5.8</ele>
      </trkpt>
      <trkpt lat="52.512971" lon="4.852366">
        <ele>-5.6</ele>
      </trkpt>
      <trkpt lat="52.512964" lon="4.852387">
        <ele>-5.6</ele>
      </trkpt>
      <trkpt lat="52.512959" lon="4.85241">
        <ele>-5.6</ele>
      </trkpt>
      <trkpt lat="52.512949" lon="4.852437">
        <ele>-5.8</ele>
      </trkpt>
      <trkpt lat="52.512944" lon="4.852455">
        <ele>-5.8</ele>
      </trkpt>
      <trkpt lat="52.512935" lon="4.852475">
        <ele>-5.8</ele>
      </trkpt>
      <trkpt lat="52.512928" lon="4.852495">
        <ele>-5.6</ele>
      </trkpt>
      <trkpt lat="52.512921" lon="4.852517">
        <ele>-5.6</ele>
      </trkpt>
      <trkpt lat="52.512913" lon="4.852543">
        <ele>-5.6</ele>
      </trkpt>
      <trkpt lat="52.512909" lon="4.852567">
        <ele>-5.6</ele>
      </trkpt>
      <trkpt lat="52.512902" lon="4.852593">
        <ele>-5.8</ele>
      </trkpt>
      <trkpt lat="52.512898" lon="4.852613">
        <ele>-5.8</ele>
      </trkpt>
      <trkpt lat="52.512891" lon="4.852635">
        <ele>-5.8</ele>
      </trkpt>
      <trkpt lat="52.512886" lon="4.852655">
        <ele>-5.6</ele>
      </trkpt>
      <trkpt lat="52.512881" lon="4.852679">
        <ele>-5.8</ele>
      </trkpt>
      <trkpt lat="52.512874" lon="4.852705">
        <ele>-5.8</ele>
      </trkpt>
      <trkpt lat="52.512874" lon="4.852731">
        <ele>-5.8</ele>
      </trkpt>
      <trkpt lat="52.512867" lon="4.852759">
        <ele>-5.8</ele>
      </trkpt>
      <trkpt lat="52.512864" lon="4.85278">
        <ele>-5.8</ele>
      </trkpt>
      <trkpt lat="52.512856" lon="4.852804">
        <ele>-5.8</ele>
      </trkpt>
      <trkpt lat="52.51285" lon="4.852826">
        <ele>-5.8</ele>
      </trkpt>
      <trkpt lat="52.512846" lon="4.852846">
        <ele>-5.8</ele>
      </trkpt>
      <trkpt lat="52.512839" lon="4.852872">
        <ele>-5.8</ele>
      </trkpt>
      <trkpt lat="52.512832" lon="4.852897">
        <ele>-5.6</ele>
      </trkpt>
      <trkpt lat="52.512827" lon="4.852919">
        <ele>-5.6</ele>
      </trkpt>
      <trkpt lat="52.512823" lon="4.852943">
        <ele>-5.6</ele>
      </trkpt>
      <trkpt lat="52.512822" lon="4.852964">
        <ele>-5.6</ele>
      </trkpt>
      <trkpt lat="52.512817" lon="4.852988">
        <ele>-5.6</ele>
      </trkpt>
      <trkpt lat="52.512815" lon="4.853011">
        <ele>-5.6</ele>
      </trkpt>
      <trkpt lat="52.512811" lon="4.853034">
        <ele>-5.6</ele>
      </trkpt>
      <trkpt lat="52.512805" lon="4.853057">
        <ele>-5.6</ele>
      </trkpt>
      <trkpt lat="52.512802" lon="4.853081">
        <ele>-5.6</ele>
      </trkpt>
      <trkpt lat="52.512797" lon="4.853109">
        <ele>-5.6</ele>
      </trkpt>
      <trkpt lat="52.512794" lon="4.853133">
        <ele>-5.6</ele>
      </trkpt>
      <trkpt lat="52.51279" lon="4.853158">
        <ele>-5.6</ele>
      </trkpt>
      <trkpt lat="52.512788" lon="4.853179">
        <ele>-5.8</ele>
      </trkpt>
      <trkpt lat="52.512786" lon="4.853195">
        <ele>-5.8</ele>
      </trkpt>
      <trkpt lat="52.512784" lon="4.853211">
        <ele>-5.8</ele>
      </trkpt>
      <trkpt lat="52.512781" lon="4.853231">
        <ele>-5.8</ele>
      </trkpt>
      <trkpt lat="52.512777" lon="4.853248">
        <ele>-5.6</ele>
      </trkpt>
      <trkpt lat="52.512775" lon="4.853267">
        <ele>-5.2</ele>
      </trkpt>
      <trkpt lat="52.512773" lon="4.853295">
        <ele>-5.2</ele>
      </trkpt>
      <trkpt lat="52.512773" lon="4.853317">
        <ele>-5.0</ele>
      </trkpt>
      <trkpt lat="52.51277" lon="4.853345">
        <ele>-5.0</ele>
      </trkpt>
      <trkpt lat="52.512767" lon="4.853374">
        <ele>-5.0</ele>
      </trkpt>
      <trkpt lat="52.512764" lon="4.853402">
        <ele>-5.0</ele>
      </trkpt>
      <trkpt lat="52.512758" lon="4.853434">
        <ele>-5.0</ele>
      </trkpt>
      <trkpt lat="52.512758" lon="4.853461">
        <ele>-5.0</ele>
      </trkpt>
      <trkpt lat="52.512752" lon="4.853489">
        <ele>-5.0</ele>
      </trkpt>
      <trkpt lat="52.512748" lon="4.853513">
        <ele>-5.0</ele>
      </trkpt>
      <trkpt lat="52.512741" lon="4.853537">
        <ele>-5.0</ele>
      </trkpt>
      <trkpt lat="52.512736" lon="4.853561">
        <ele>-5.2</ele>
      </trkpt>
      <trkpt lat="52.512734" lon="4.853586">
        <ele>-5.2</ele>
      </trkpt>
      <trkpt lat="52.51273" lon="4.853615">
        <ele>-5.2</ele>
      </trkpt>
      <trkpt lat="52.512728" lon="4.853641">
        <ele>-5.4</ele>
      </trkpt>
      <trkpt lat="52.512721" lon="4.853668">
        <ele>-5.4</ele>
      </trkpt>
      <trkpt lat="52.512719" lon="4.853691">
        <ele>-5.4</ele>
      </trkpt>
      <trkpt lat="52.512715" lon="4.853715">
        <ele>-5.4</ele>
      </trkpt>
      <trkpt lat="52.51271" lon="4.853739">
        <ele>-5.4</ele>
      </trkpt>
      <trkpt lat="52.512705" lon="4.853767">
        <ele>-5.4</ele>
      </trkpt>
      <trkpt lat="52.512694" lon="4.853792">
        <ele>-5.4</ele>
      </trkpt>
      <trkpt lat="52.512689" lon="4.853817">
        <ele>-5.4</ele>
      </trkpt>
      <trkpt lat="52.512679" lon="4.853845">
        <ele>-5.4</ele>
      </trkpt>
      <trkpt lat="52.512675" lon="4.853869">
        <ele>-5.4</ele>
      </trkpt>
      <trkpt lat="52.512667" lon="4.853894">
        <ele>-5.4</ele>
      </trkpt>
      <trkpt lat="52.51266" lon="4.853919">
        <ele>-5.0</ele>
      </trkpt>
      <trkpt lat="52.51265" lon="4.853943">
        <ele>-5.0</ele>
      </trkpt>
      <trkpt lat="52.512641" lon="4.853967">
        <ele>-4.8</ele>
      </trkpt>
      <trkpt lat="52.512634" lon="4.853993">
        <ele>-4.8</ele>
      </trkpt>
      <trkpt lat="52.512625" lon="4.854024">
        <ele>-4.8</ele>
      </trkpt>
      <trkpt lat="52.512621" lon="4.85405">
        <ele>-4.8</ele>
      </trkpt>
      <trkpt lat="52.512612" lon="4.85408">
        <ele>-4.8</ele>
      </trkpt>
      <trkpt lat="52.512606" lon="4.854105">
        <ele>-5.0</ele>
      </trkpt>
      <trkpt lat="52.512596" lon="4.854131">
        <ele>-5.2</ele>
      </trkpt>
      <trkpt lat="52.512587" lon="4.854157">
        <ele>-5.2</ele>
      </trkpt>
      <trkpt lat="52.512577" lon="4.854184">
        <ele>-5.2</ele>
      </trkpt>
      <trkpt lat="52.512568" lon="4.854211">
        <ele>-5.2</ele>
      </trkpt>
      <trkpt lat="52.51256" lon="4.854239">
        <ele>-5.4</ele>
      </trkpt>
      <trkpt lat="52.512551" lon="4.854269">
        <ele>-5.4</ele>
      </trkpt>
      <trkpt lat="52.512547" lon="4.854294">
        <ele>-5.2</ele>
      </trkpt>
      <trkpt lat="52.512538" lon="4.854322">
        <ele>-5.2</ele>
      </trkpt>
      <trkpt lat="52.512532" lon="4.854345">
        <ele>-5.2</ele>
      </trkpt>
      <trkpt lat="52.512523" lon="4.85437">
        <ele>-5.4</ele>
      </trkpt>
      <trkpt lat="52.512517" lon="4.854393">
        <ele>-5.4</ele>
      </trkpt>
      <trkpt lat="52.512509" lon="4.854417">
        <ele>-5.2</ele>
      </trkpt>
      <trkpt lat="52.512501" lon="4.854441">
        <ele>-5.2</ele>
      </trkpt>
      <trkpt lat="52.512492" lon="4.854465">
        <ele>-5.2</ele>
      </trkpt>
      <trkpt lat="52.512482" lon="4.854491">
        <ele>-5.2</ele>
      </trkpt>
      <trkpt lat="52.512476" lon="4.854516">
        <ele>-5.2</ele>
      </trkpt>
      <trkpt lat="52.512465" lon="4.854544">
        <ele>-5.2</ele>
      </trkpt>
      <trkpt lat="52.512458" lon="4.854567">
        <ele>-5.2</ele>
      </trkpt>
      <trkpt lat="52.512447" lon="4.854588">
        <ele>-5.2</ele>
      </trkpt>
      <trkpt lat="52.512438" lon="4.854608">
        <ele>-5.2</ele>
      </trkpt>
      <trkpt lat="52.512426" lon="4.85463">
        <ele>-5.0</ele>
      </trkpt>
      <trkpt lat="52.512417" lon="4.854651">
        <ele>-5.0</ele>
      </trkpt>
      <trkpt lat="52.512406" lon="4.854676">
        <ele>-5.0</ele>
      </trkpt>
      <trkpt lat="52.512394" lon="4.854702">
        <ele>-5.0</ele>
      </trkpt>
      <trkpt lat="52.512384" lon="4.854729">
        <ele>-4.8</ele>
      </trkpt>
      <trkpt lat="52.512374" lon="4.854756">
        <ele>-4.6</ele>
      </trkpt>
      <trkpt lat="52.512366" lon="4.854782">
        <ele>-4.6</ele>
      </trkpt>
      <trkpt lat="52.512356" lon="4.854807">
        <ele>-5.0</ele>
      </trkpt>
      <trkpt lat="52.512348" lon="4.854828">
        <ele>-5.2</ele>
      </trkpt>
      <trkpt lat="52.512338" lon="4.854852">
        <ele>-5.2</ele>
      </trkpt>
      <trkpt lat="52.51233" lon="4.854874">
        <ele>-5.2</ele>
      </trkpt>
      <trkpt lat="52.512319" lon="4.854899">
        <ele>-5.2</ele>
      </trkpt>
      <trkpt lat="52.512312" lon="4.854921">
        <ele>-5.0</ele>
      </trkpt>
      <trkpt lat="52.512303" lon="4.854945">
        <ele>-5.0</ele>
      </trkpt>
      <trkpt lat="52.512293" lon="4.854968">
        <ele>-5.0</ele>
      </trkpt>
      <trkpt lat="52.512281" lon="4.854991">
        <ele>-4.8</ele>
      </trkpt>
      <trkpt lat="52.51227" lon="4.855017">
        <ele>-4.8</ele>
      </trkpt>
      <trkpt lat="52.512261" lon="4.855042">
        <ele>-4.8</ele>
      </trkpt>
      <trkpt lat="52.512249" lon="4.855068">
        <ele>-4.8</ele>
      </trkpt>
      <trkpt lat="52.512244" lon="4.855091">
        <ele>-4.8</ele>
      </trkpt>
      <trkpt lat="52.512235" lon="4.855115">
        <ele>-5.0</ele>
      </trkpt>
      <trkpt lat="52.512226" lon="4.855138">
        <ele>-5.2</ele>
      </trkpt>
      <trkpt lat="52.512217" lon="4.855162">
        <ele>-5.2</ele>
      </trkpt>
      <trkpt lat="52.512205" lon="4.85519">
        <ele>-5.2</ele>
      </trkpt>
      <trkpt lat="52.512197" lon="4.855215">
        <ele>-5.2</ele>
      </trkpt>
      <trkpt lat="52.512188" lon="4.85524">
        <ele>-5.4</ele>
      </trkpt>
      <trkpt lat="52.51218" lon="4.855266">
        <ele>-5.4</ele>
      </trkpt>
      <trkpt lat="52.512169" lon="4.85529">
        <ele>-5.4</ele>
      </trkpt>
      <trkpt lat="52.51216" lon="4.855314">
        <ele>-5.2</ele>
      </trkpt>
      <trkpt lat="52.512152" lon="4.855337">
        <ele>-5.0</ele>
      </trkpt>
      <trkpt lat="52.512145" lon="4.855362">
        <ele>-5.0</ele>
      </trkpt>
      <trkpt lat="52.512136" lon="4.855389">
        <ele>-4.8</ele>
      </trkpt>
      <trkpt lat="52.512126" lon="4.855415">
        <ele>-4.8</ele>
      </trkpt>
      <trkpt lat="52.512119" lon="4.855441">
        <ele>-4.8</ele>
      </trkpt>
      <trkpt lat="52.512108" lon="4.855468">
        <ele>-4.8</ele>
      </trkpt>
      <trkpt lat="52.512103" lon="4.855495">
        <ele>-4.8</ele>
      </trkpt>
      <trkpt lat="52.512094" lon="4.855525">
        <ele>-4.8</ele>
      </trkpt>
      <trkpt lat="52.512087" lon="4.855551">
        <ele>-5.0</ele>
      </trkpt>
      <trkpt lat="52.512078" lon="4.855577">
        <ele>-5.0</ele>
      </trkpt>
      <trkpt lat="52.512072" lon="4.8556">
        <ele>-5.0</ele>
      </trkpt>
      <trkpt lat="52.512061" lon="4.855624">
        <ele>-5.0</ele>
      </trkpt>
      <trkpt lat="52.512053" lon="4.855646">
        <ele>-4.8</ele>
      </trkpt>
      <trkpt lat="52.512043" lon="4.855669">
        <ele>-4.8</ele>
      </trkpt>
      <trkpt lat="52.512034" lon="4.855693">
        <ele>-4.6</ele>
      </trkpt>
      <trkpt lat="52.512028" lon="4.855718">
        <ele>-4.4</ele>
      </trkpt>
      <trkpt lat="52.51202" lon="4.855743">
        <ele>-4.4</ele>
      </trkpt>
      <trkpt lat="52.512012" lon="4.855766">
        <ele>-4.2</ele>
      </trkpt>
      <trkpt lat="52.512004" lon="4.85579">
        <ele>-4.2</ele>
      </trkpt>
      <trkpt lat="52.511997" lon="4.855816">
        <ele>-4.2</ele>
      </trkpt>
      <trkpt lat="52.511986" lon="4.855842">
        <ele>-4.2</ele>
      </trkpt>
      <trkpt lat="52.511976" lon="4.855867">
        <ele>-4.2</ele>
      </trkpt>
      <trkpt lat="52.511969" lon="4.855894">
        <ele>-4.2</ele>
      </trkpt>
      <trkpt lat="52.511958" lon="4.855923">
        <ele>-4.2</ele>
      </trkpt>
      <trkpt lat="52.511952" lon="4.855947">
        <ele>-4.2</ele>
      </trkpt>
      <trkpt lat="52.511942" lon="4.855975">
        <ele>-4.2</ele>
      </trkpt>
      <trkpt lat="52.511936" lon="4.855999">
        <ele>-4.2</ele>
      </trkpt>
      <trkpt lat="52.511927" lon="4.856024">
        <ele>-4.2</ele>
      </trkpt>
      <trkpt lat="52.511919" lon="4.856048">
        <ele>-4.2</ele>
      </trkpt>
      <trkpt lat="52.511909" lon="4.856073">
        <ele>-4.4</ele>
      </trkpt>
      <trkpt lat="52.511899" lon="4.856098">
        <ele>-4.4</ele>
      </trkpt>
      <trkpt lat="52.511892" lon="4.856122">
        <ele>-4.4</ele>
      </trkpt>
      <trkpt lat="52.511881" lon="4.856151">
        <ele>-4.4</ele>
      </trkpt>
      <trkpt lat="52.511874" lon="4.856173">
        <ele>-4.6</ele>
      </trkpt>
      <trkpt lat="52.511863" lon="4.856198">
        <ele>-4.6</ele>
      </trkpt>
      <trkpt lat="52.511853" lon="4.856219">
        <ele>-4.6</ele>
      </trkpt>
      <trkpt lat="52.511843" lon="4.856241">
        <ele>-4.4</ele>
      </trkpt>
      <trkpt lat="52.511832" lon="4.856265">
        <ele>-4.4</ele>
      </trkpt>
      <trkpt lat="52.511824" lon="4.85629">
        <ele>-4.4</ele>
      </trkpt>
      <trkpt lat="52.511813" lon="4.856317">
        <ele>-4.2</ele>
      </trkpt>
      <trkpt lat="52.511806" lon="4.856343">
        <ele>-4.4</ele>
      </trkpt>
      <trkpt lat="52.511797" lon="4.856368">
        <ele>-4.4</ele>
      </trkpt>
      <trkpt lat="52.511788" lon="4.85639">
        <ele>-4.4</ele>
      </trkpt>
      <trkpt lat="52.511777" lon="4.856413">
        <ele>-4.4</ele>
      </trkpt>
      <trkpt lat="52.511767" lon="4.856435">
        <ele>-4.4</ele>
      </trkpt>
      <trkpt lat="52.51176" lon="4.856463">
        <ele>-4.4</ele>
      </trkpt>
      <trkpt lat="52.511748" lon="4.85649">
        <ele>-4.4</ele>
      </trkpt>
      <trkpt lat="52.511742" lon="4.856514">
        <ele>-4.2</ele>
      </trkpt>
      <trkpt lat="52.511732" lon="4.856537">
        <ele>-4.2</ele>
      </trkpt>
      <trkpt lat="52.511722" lon="4.85656">
        <ele>-4.0</ele>
      </trkpt>
      <trkpt lat="52.511711" lon="4.856585">
        <ele>-4.2</ele>
      </trkpt>
      <trkpt lat="52.511699" lon="4.856615">
        <ele>-4.2</ele>
      </trkpt>
      <trkpt lat="52.511694" lon="4.856641">
        <ele>-4.2</ele>
      </trkpt>
      <trkpt lat="52.511684" lon="4.856667">
        <ele>-4.2</ele>
      </trkpt>
      <trkpt lat="52.511674" lon="4.856689">
        <ele>-4.2</ele>
      </trkpt>
      <trkpt lat="52.511662" lon="4.85671">
        <ele>-4.6</ele>
      </trkpt>
      <trkpt lat="52.511651" lon="4.856734">
        <ele>-5.0</ele>
      </trkpt>
      <trkpt lat="52.511642" lon="4.856758">
        <ele>-5.0</ele>
      </trkpt>
      <trkpt lat="52.51163" lon="4.856785">
        <ele>-5.2</ele>
      </trkpt>
      <trkpt lat="52.511623" lon="4.856808">
        <ele>-5.2</ele>
      </trkpt>
      <trkpt lat="52.511613" lon="4.856831">
        <ele>-5.2</ele>
      </trkpt>
      <trkpt lat="52.511603" lon="4.856851">
        <ele>-5.2</ele>
      </trkpt>
      <trkpt lat="52.511593" lon="4.85687">
        <ele>-5.2</ele>
      </trkpt>
      <trkpt lat="52.511582" lon="4.856892">
        <ele>-5.2</ele>
      </trkpt>
      <trkpt lat="52.51157" lon="4.856915">
        <ele>-5.2</ele>
      </trkpt>
      <trkpt lat="52.511558" lon="4.856939">
        <ele>-5.0</ele>
      </trkpt>
      <trkpt lat="52.511549" lon="4.856962">
        <ele>-5.0</ele>
      </trkpt>
      <trkpt lat="52.511538" lon="4.856981">
        <ele>-5.0</ele>
      </trkpt>
      <trkpt lat="52.511529" lon="4.857">
        <ele>-4.8</ele>
      </trkpt>
      <trkpt lat="52.511523" lon="4.857021">
        <ele>-4.6</ele>
      </trkpt>
      <trkpt lat="52.511514" lon="4.857047">
        <ele>-4.6</ele>
      </trkpt>
      <trkpt lat="52.511507" lon="4.857067">
        <ele>-4.8</ele>
      </trkpt>
      <trkpt lat="52.511498" lon="4.857088">
        <ele>-4.8</ele>
      </trkpt>
      <trkpt lat="52.51149" lon="4.857106">
        <ele>-4.8</ele>
      </trkpt>
      <trkpt lat="52.511481" lon="4.857126">
        <ele>-5.0</ele>
      </trkpt>
      <trkpt lat="52.511472" lon="4.857148">
        <ele>-5.0</ele>
      </trkpt>
      <trkpt lat="52.511466" lon="4.857167">
        <ele>-5.0</ele>
      </trkpt>
      <trkpt lat="52.511458" lon="4.85719">
        <ele>-5.0</ele>
      </trkpt>
      <trkpt lat="52.511452" lon="4.857208">
        <ele>-5.0</ele>
      </trkpt>
      <trkpt lat="52.511442" lon="4.857228">
        <ele>-5.0</ele>
      </trkpt>
      <trkpt lat="52.511435" lon="4.857248">
        <ele>-5.0</ele>
      </trkpt>
      <trkpt lat="52.511428" lon="4.857269">
        <ele>-5.0</ele>
      </trkpt>
      <trkpt lat="52.51142" lon="4.857294">
        <ele>-5.0</ele>
      </trkpt>
      <trkpt lat="52.511416" lon="4.857314">
        <ele>-5.0</ele>
      </trkpt>
      <trkpt lat="52.511407" lon="4.857337">
        <ele>-5.0</ele>
      </trkpt>
      <trkpt lat="52.5114" lon="4.857359">
        <ele>-5.0</ele>
      </trkpt>
      <trkpt lat="52.511396" lon="4.857379">
        <ele>-5.0</ele>
      </trkpt>
      <trkpt lat="52.51139" lon="4.857398">
        <ele>-5.0</ele>
      </trkpt>
      <trkpt lat="52.511384" lon="4.857416">
        <ele>-5.0</ele>
      </trkpt>
      <trkpt lat="52.511378" lon="4.857434">
        <ele>-5.0</ele>
      </trkpt>
      <trkpt lat="52.511374" lon="4.857452">
        <ele>-5.2</ele>
      </trkpt>
      <trkpt lat="52.511372" lon="4.857467">
        <ele>-5.0</ele>
      </trkpt>
      <trkpt lat="52.51137" lon="4.85748">
        <ele>-5.0</ele>
      </trkpt>
      <trkpt lat="52.511368" lon="4.857492">
        <ele>-5.0</ele>
      </trkpt>
      <trkpt lat="52.511365" lon="4.857505">
        <ele>-5.0</ele>
      </trkpt>
      <trkpt lat="52.511364" lon="4.857515">
        <ele>-5.0</ele>
      </trkpt>
      <trkpt lat="52.511362" lon="4.857526">
        <ele>-5.0</ele>
      </trkpt>
      <trkpt lat="52.511358" lon="4.857539">
        <ele>-5.0</ele>
      </trkpt>
      <trkpt lat="52.511355" lon="4.857551">
        <ele>-5.0</ele>
      </trkpt>
      <trkpt lat="52.51135" lon="4.857562">
        <ele>-4.8</ele>
      </trkpt>
      <trkpt lat="52.511345" lon="4.857573">
        <ele>-4.8</ele>
      </trkpt>
      <trkpt lat="52.511341" lon="4.857584">
        <ele>-5.0</ele>
      </trkpt>
      <trkpt lat="52.511338" lon="4.857593">
        <ele>-4.8</ele>
      </trkpt>
      <trkpt lat="52.511333" lon="4.857606">
        <ele>-4.8</ele>
      </trkpt>
      <trkpt lat="52.51133" lon="4.857619">
        <ele>-4.8</ele>
      </trkpt>
      <trkpt lat="52.511329" lon="4.857636">
        <ele>-5.0</ele>
      </trkpt>
      <trkpt lat="52.511326" lon="4.857652">
        <ele>-5.2</ele>
      </trkpt>
      <trkpt lat="52.511323" lon="4.857664">
        <ele>-5.2</ele>
      </trkpt>
      <trkpt lat="52.51132" lon="4.857677">
        <ele>-5.2</ele>
      </trkpt>
      <trkpt lat="52.511318" lon="4.857687">
        <ele>-5.2</ele>
      </trkpt>
      <trkpt lat="52.511317" lon="4.857697">
        <ele>-5.2</ele>
      </trkpt>
      <trkpt lat="52.511317" lon="4.857707">
        <ele>-5.2</ele>
      </trkpt>
      <trkpt lat="52.511316" lon="4.857716">
        <ele>-5.2</ele>
      </trkpt>
      <trkpt lat="52.511315" lon="4.857727">
        <ele>-5.0</ele>
      </trkpt>
      <trkpt lat="52.511315" lon="4.857736">
        <ele>-5.0</ele>
      </trkpt>
      <trkpt lat="52.511314" lon="4.857744">
        <ele>-4.8</ele>
      </trkpt>
      <trkpt lat="52.511314" lon="4.857751">
        <ele>-4.8</ele>
      </trkpt>
      <trkpt lat="52.511313" lon="4.857761">
        <ele>-4.8</ele>
      </trkpt>
      <trkpt lat="52.511312" lon="4.857771">
        <ele>-4.8</ele>
      </trkpt>
      <trkpt lat="52.511312" lon="4.85778">
        <ele>-4.8</ele>
      </trkpt>
      <trkpt lat="52.51131" lon="4.857787">
        <ele>-5.0</ele>
      </trkpt>
      <trkpt lat="52.51131" lon="4.857794">
        <ele>-5.0</ele>
      </trkpt>
      <trkpt lat="52.511311" lon="4.8578">
        <ele>-5.0</ele>
      </trkpt>
      <trkpt lat="52.511311" lon="4.857806">
        <ele>-5.0</ele>
      </trkpt>
      <trkpt lat="52.51131" lon="4.857812">
        <ele>-5.0</ele>
      </trkpt>
      <trkpt lat="52.511309" lon="4.857821">
        <ele>-5.0</ele>
      </trkpt>
      <trkpt lat="52.511308" lon="4.857827">
        <ele>-5.0</ele>
      </trkpt>
      <trkpt lat="52.511309" lon="4.857831">
        <ele>-5.0</ele>
      </trkpt>
      <trkpt lat="52.51131" lon="4.857835">
        <ele>-5.0</ele>
      </trkpt>
      <trkpt lat="52.51131" lon="4.857842">
        <ele>-5.0</ele>
      </trkpt>
      <trkpt lat="52.511312" lon="4.857847">
        <ele>-5.0</ele>
      </trkpt>
      <trkpt lat="52.511312" lon="4.857851">
        <ele>-5.0</ele>
      </trkpt>
      <trkpt lat="52.511312" lon="4.857854">
        <ele>-5.0</ele>
      </trkpt>
      <trkpt lat="52.511313" lon="4.857858">
        <ele>-5.0</ele>
      </trkpt>
      <trkpt lat="52.511315" lon="4.857864">
        <ele>-5.0</ele>
      </trkpt>
      <trkpt lat="52.511316" lon="4.85787">
        <ele>-5.0</ele>
      </trkpt>
      <trkpt lat="52.511317" lon="4.857876">
        <ele>-5.0</ele>
      </trkpt>
      <trkpt lat="52.511319" lon="4.857882">
        <ele>-5.0</ele>
      </trkpt>
      <trkpt lat="52.511321" lon="4.857888">
        <ele>-5.0</ele>
      </trkpt>
      <trkpt lat="52.511324" lon="4.857892">
        <ele>-5.0</ele>
      </trkpt>
      <trkpt lat="52.511328" lon="4.857894">
        <ele>-5.0</ele>
      </trkpt>
      <trkpt lat="52.511331" lon="4.857899">
        <ele>-5.0</ele>
      </trkpt>
      <trkpt lat="52.511333" lon="4.857905">
        <ele>-5.0</ele>
      </trkpt>
      <trkpt lat="52.511336" lon="4.857906">
        <ele>-5.0</ele>
      </trkpt>
      <trkpt lat="52.511336" lon="4.857914">
        <ele>-5.0</ele>
      </trkpt>
      <trkpt lat="52.511337" lon="4.85792">
        <ele>-5.0</ele>
      </trkpt>
      <trkpt lat="52.511338" lon="4.857925">
        <ele>-5.0</ele>
      </trkpt>
      <trkpt lat="52.51134" lon="4.857933">
        <ele>-5.0</ele>
      </trkpt>
      <trkpt lat="52.511342" lon="4.857937">
        <ele>-5.0</ele>
      </trkpt>
      <trkpt lat="52.511342" lon="4.857939">
        <ele>-5.0</ele>
      </trkpt>
      <trkpt lat="52.511342" lon="4.857942">
        <ele>-5.0</ele>
      </trkpt>
      <trkpt lat="52.511341" lon="4.857947">
        <ele>-5.0</ele>
      </trkpt>
      <trkpt lat="52.511337" lon="4.857958">
        <ele>-5.0</ele>
      </trkpt>
      <trkpt lat="52.511336" lon="4.857969">
        <ele>-5.0</ele>
      </trkpt>
      <trkpt lat="52.511334" lon="4.857981">
        <ele>-5.0</ele>
      </trkpt>
      <trkpt lat="52.51133" lon="4.857994">
        <ele>-5.0</ele>
      </trkpt>
      <trkpt lat="52.511326" lon="4.858007">
        <ele>-5.0</ele>
      </trkpt>
      <trkpt lat="52.51132" lon="4.858022">
        <ele>-5.0</ele>
      </trkpt>
      <trkpt lat="52.511318" lon="4.858038">
        <ele>-5.0</ele>
      </trkpt>
      <trkpt lat="52.511315" lon="4.858056">
        <ele>-5.0</ele>
      </trkpt>
      <trkpt lat="52.511311" lon="4.858079">
        <ele>-5.0</ele>
      </trkpt>
      <trkpt lat="52.511308" lon="4.858096">
        <ele>-5.0</ele>
      </trkpt>
      <trkpt lat="52.511304" lon="4.858116">
        <ele>-5.0</ele>
      </trkpt>
      <trkpt lat="52.511298" lon="4.85814">
        <ele>-5.0</ele>
      </trkpt>
      <trkpt lat="52.511296" lon="4.858164">
        <ele>-5.0</ele>
      </trkpt>
      <trkpt lat="52.511288" lon="4.858189">
        <ele>-5.0</ele>
      </trkpt>
      <trkpt lat="52.511284" lon="4.858212">
        <ele>-5.0</ele>
      </trkpt>
      <trkpt lat="52.511278" lon="4.858235">
        <ele>-4.8</ele>
      </trkpt>
      <trkpt lat="52.511273" lon="4.858259">
        <ele>-4.6</ele>
      </trkpt>
      <trkpt lat="52.511268" lon="4.858285">
        <ele>-4.4</ele>
      </trkpt>
      <trkpt lat="52.511261" lon="4.858316">
        <ele>-4.2</ele>
      </trkpt>
      <trkpt lat="52.511258" lon="4.858343">
        <ele>-4.0</ele>
      </trkpt>
      <trkpt lat="52.511251" lon="4.858371">
        <ele>-4.0</ele>
      </trkpt>
      <trkpt lat="52.511245" lon="4.858396">
        <ele>-3.8</ele>
      </trkpt>
      <trkpt lat="52.511238" lon="4.858421">
        <ele>-3.8</ele>
      </trkpt>
      <trkpt lat="52.51123" lon="4.858445">
        <ele>-3.8</ele>
      </trkpt>
      <trkpt lat="52.51122" lon="4.858469">
        <ele>-3.8</ele>
      </trkpt>
      <trkpt lat="52.51121" lon="4.858492">
        <ele>-3.8</ele>
      </trkpt>
      <trkpt lat="52.511199" lon="4.858516">
        <ele>-3.8</ele>
      </trkpt>
      <trkpt lat="52.511187" lon="4.858543">
        <ele>-3.6</ele>
      </trkpt>
      <trkpt lat="52.511177" lon="4.858569">
        <ele>-3.6</ele>
      </trkpt>
      <trkpt lat="52.511166" lon="4.858596">
        <ele>-3.6</ele>
      </trkpt>
      <trkpt lat="52.511158" lon="4.858622">
        <ele>-3.6</ele>
      </trkpt>
      <trkpt lat="52.511147" lon="4.858648">
        <ele>-3.6</ele>
      </trkpt>
      <trkpt lat="52.511138" lon="4.858672">
        <ele>-3.6</ele>
      </trkpt>
      <trkpt lat="52.511127" lon="4.858699">
        <ele>-3.6</ele>
      </trkpt>
      <trkpt lat="52.511118" lon="4.858723">
        <ele>-3.6</ele>
      </trkpt>
      <trkpt lat="52.511108" lon="4.858748">
        <ele>-3.8</ele>
      </trkpt>
      <trkpt lat="52.511098" lon="4.858772">
        <ele>-3.6</ele>
      </trkpt>
      <trkpt lat="52.511088" lon="4.858795">
        <ele>-3.6</ele>
      </trkpt>
      <trkpt lat="52.511077" lon="4.858818">
        <ele>-3.4</ele>
      </trkpt>
      <trkpt lat="52.511065" lon="4.858842">
        <ele>-3.6</ele>
      </trkpt>
      <trkpt lat="52.511053" lon="4.858866">
        <ele>-3.2</ele>
      </trkpt>
      <trkpt lat="52.511043" lon="4.858889">
        <ele>-3.0</ele>
      </trkpt>
      <trkpt lat="52.511032" lon="4.858914">
        <ele>-3.0</ele>
      </trkpt>
      <trkpt lat="52.511023" lon="4.858938">
        <ele>-3.0</ele>
      </trkpt>
      <trkpt lat="52.511013" lon="4.858963">
        <ele>-3.0</ele>
      </trkpt>
      <trkpt lat="52.511005" lon="4.858986">
        <ele>-3.0</ele>
      </trkpt>
      <trkpt lat="52.510995" lon="4.859009">
        <ele>-3.0</ele>
      </trkpt>
      <trkpt lat="52.510986" lon="4.859029">
        <ele>-3.0</ele>
      </trkpt>
      <trkpt lat="52.510975" lon="4.859052">
        <ele>-3.0</ele>
      </trkpt>
      <trkpt lat="52.510964" lon="4.859074">
        <ele>-3.0</ele>
      </trkpt>
      <trkpt lat="52.510952" lon="4.859097">
        <ele>-3.4</ele>
      </trkpt>
      <trkpt lat="52.51094" lon="4.859121">
        <ele>-3.2</ele>
      </trkpt>
      <trkpt lat="52.510929" lon="4.859145">
        <ele>-3.0</ele>
      </trkpt>
      <trkpt lat="52.510918" lon="4.859171">
        <ele>-3.0</ele>
      </trkpt>
      <trkpt lat="52.51091" lon="4.859196">
        <ele>-3.0</ele>
      </trkpt>
      <trkpt lat="52.510899" lon="4.859221">
        <ele>-3.0</ele>
      </trkpt>
      <trkpt lat="52.51089" lon="4.859245">
        <ele>-3.4</ele>
      </trkpt>
      <trkpt lat="52.51088" lon="4.859268">
        <ele>-3.6</ele>
      </trkpt>
      <trkpt lat="52.51087" lon="4.859289">
        <ele>-3.8</ele>
      </trkpt>
      <trkpt lat="52.510857" lon="4.85931">
        <ele>-3.8</ele>
      </trkpt>
      <trkpt lat="52.510844" lon="4.859332">
        <ele>-3.8</ele>
      </trkpt>
      <trkpt lat="52.510834" lon="4.859354">
        <ele>-4.0</ele>
      </trkpt>
      <trkpt lat="52.510821" lon="4.85938">
        <ele>-4.2</ele>
      </trkpt>
      <trkpt lat="52.510812" lon="4.8594">
        <ele>-4.0</ele>
      </trkpt>
      <trkpt lat="52.510799" lon="4.859422">
        <ele>-4.0</ele>
      </trkpt>
      <trkpt lat="52.510787" lon="4.859441">
        <ele>-4.0</ele>
      </trkpt>
      <trkpt lat="52.510775" lon="4.859462">
        <ele>-4.0</ele>
      </trkpt>
      <trkpt lat="52.510763" lon="4.859486">
        <ele>-4.0</ele>
      </trkpt>
      <trkpt lat="52.510754" lon="4.859507">
        <ele>-4.0</ele>
      </trkpt>
      <trkpt lat="52.510742" lon="4.859528">
        <ele>-4.2</ele>
      </trkpt>
      <trkpt lat="52.510733" lon="4.859547">
        <ele>-4.2</ele>
      </trkpt>
      <trkpt lat="52.510721" lon="4.859567">
        <ele>-4.2</ele>
      </trkpt>
      <trkpt lat="52.510709" lon="4.859588">
        <ele>-4.2</ele>
      </trkpt>
      <trkpt lat="52.510698" lon="4.85961">
        <ele>-4.2</ele>
      </trkpt>
      <trkpt lat="52.510688" lon="4.859636">
        <ele>-4.2</ele>
      </trkpt>
      <trkpt lat="52.510679" lon="4.85966">
        <ele>-4.2</ele>
      </trkpt>
      <trkpt lat="52.510668" lon="4.859685">
        <ele>-4.4</ele>
      </trkpt>
      <trkpt lat="52.510657" lon="4.859706">
        <ele>-4.4</ele>
      </trkpt>
      <trkpt lat="52.510645" lon="4.859729">
        <ele>-4.2</ele>
      </trkpt>
      <trkpt lat="52.510635" lon="4.859752">
        <ele>-4.2</ele>
      </trkpt>
      <trkpt lat="52.510624" lon="4.859773">
        <ele>-4.2</ele>
      </trkpt>
      <trkpt lat="52.510613" lon="4.859795">
        <ele>-4.2</ele>
      </trkpt>
      <trkpt lat="52.510603" lon="4.859817">
        <ele>-4.2</ele>
      </trkpt>
      <trkpt lat="52.510591" lon="4.859843">
        <ele>-4.2</ele>
      </trkpt>
      <trkpt lat="52.510582" lon="4.85987">
        <ele>-4.0</ele>
      </trkpt>
      <trkpt lat="52.510572" lon="4.859897">
        <ele>-4.2</ele>
      </trkpt>
      <trkpt lat="52.510562" lon="4.859923">
        <ele>-4.0</ele>
      </trkpt>
      <trkpt lat="52.510551" lon="4.859949">
        <ele>-4.2</ele>
      </trkpt>
      <trkpt lat="52.510542" lon="4.859968">
        <ele>-4.2</ele>
      </trkpt>
      <trkpt lat="52.510532" lon="4.859991">
        <ele>-4.2</ele>
      </trkpt>
      <trkpt lat="52.510526" lon="4.860014">
        <ele>-4.4</ele>
      </trkpt>
      <trkpt lat="52.510516" lon="4.86004">
        <ele>-4.2</ele>
      </trkpt>
      <trkpt lat="52.510508" lon="4.860063">
        <ele>-4.2</ele>
      </trkpt>
      <trkpt lat="52.510498" lon="4.860087">
        <ele>-4.0</ele>
      </trkpt>
      <trkpt lat="52.510487" lon="4.860113">
        <ele>-4.0</ele>
      </trkpt>
      <trkpt lat="52.510477" lon="4.860138">
        <ele>-4.0</ele>
      </trkpt>
      <trkpt lat="52.510467" lon="4.860166">
        <ele>-4.0</ele>
      </trkpt>
      <trkpt lat="52.51046" lon="4.860192">
        <ele>-4.0</ele>
      </trkpt>
      <trkpt lat="52.510451" lon="4.860217">
        <ele>-4.0</ele>
      </trkpt>
      <trkpt lat="52.510445" lon="4.860242">
        <ele>-4.0</ele>
      </trkpt>
      <trkpt lat="52.510437" lon="4.860267">
        <ele>-4.0</ele>
      </trkpt>
      <trkpt lat="52.510431" lon="4.860289">
        <ele>-3.8</ele>
      </trkpt>
      <trkpt lat="52.510422" lon="4.860313">
        <ele>-3.6</ele>
      </trkpt>
      <trkpt lat="52.510415" lon="4.860337">
        <ele>-3.4</ele>
      </trkpt>
      <trkpt lat="52.510406" lon="4.860359">
        <ele>-3.2</ele>
      </trkpt>
      <trkpt lat="52.510396" lon="4.860385">
        <ele>-3.0</ele>
      </trkpt>
      <trkpt lat="52.510388" lon="4.86041">
        <ele>-3.2</ele>
      </trkpt>
      <trkpt lat="52.510378" lon="4.860436">
        <ele>-3.2</ele>
      </trkpt>
      <trkpt lat="52.510371" lon="4.860459">
        <ele>-3.4</ele>
      </trkpt>
      <trkpt lat="52.510361" lon="4.860483">
        <ele>-3.6</ele>
      </trkpt>
      <trkpt lat="52.510352" lon="4.860505">
        <ele>-3.6</ele>
      </trkpt>
      <trkpt lat="52.510342" lon="4.860528">
        <ele>-3.6</ele>
      </trkpt>
      <trkpt lat="52.510333" lon="4.860552">
        <ele>-3.6</ele>
      </trkpt>
      <trkpt lat="52.510325" lon="4.860578">
        <ele>-3.4</ele>
      </trkpt>
      <trkpt lat="52.510317" lon="4.860605">
        <ele>-3.4</ele>
      </trkpt>
      <trkpt lat="52.510313" lon="4.860632">
        <ele>-3.4</ele>
      </trkpt>
      <trkpt lat="52.510304" lon="4.860662">
        <ele>-3.4</ele>
      </trkpt>
      <trkpt lat="52.510299" lon="4.860686">
        <ele>-3.4</ele>
      </trkpt>
      <trkpt lat="52.51029" lon="4.860713">
        <ele>-3.6</ele>
      </trkpt>
      <trkpt lat="52.510283" lon="4.86074">
        <ele>-3.8</ele>
      </trkpt>
      <trkpt lat="52.510276" lon="4.860767">
        <ele>-4.0</ele>
      </trkpt>
      <trkpt lat="52.510268" lon="4.860795">
        <ele>-3.8</ele>
      </trkpt>
      <trkpt lat="52.510262" lon="4.860824">
        <ele>-3.8</ele>
      </trkpt>
      <trkpt lat="52.510252" lon="4.860856">
        <ele>-3.6</ele>
      </trkpt>
      <trkpt lat="52.510249" lon="4.860882">
        <ele>-3.8</ele>
      </trkpt>
      <trkpt lat="52.510239" lon="4.86091">
        <ele>-4.0</ele>
      </trkpt>
      <trkpt lat="52.510234" lon="4.860936">
        <ele>-4.2</ele>
      </trkpt>
      <trkpt lat="52.510225" lon="4.860962">
        <ele>-4.2</ele>
      </trkpt>
      <trkpt lat="52.510218" lon="4.860987">
        <ele>-4.2</ele>
      </trkpt>
      <trkpt lat="52.510211" lon="4.861014">
        <ele>-4.2</ele>
      </trkpt>
      <trkpt lat="52.510202" lon="4.861042">
        <ele>-4.0</ele>
      </trkpt>
      <trkpt lat="52.510198" lon="4.861069">
        <ele>-3.8</ele>
      </trkpt>
      <trkpt lat="52.51019" lon="4.861098">
        <ele>-3.6</ele>
      </trkpt>
      <trkpt lat="52.510185" lon="4.861124">
        <ele>-3.4</ele>
      </trkpt>
      <trkpt lat="52.510176" lon="4.861149">
        <ele>-3.4</ele>
      </trkpt>
      <trkpt lat="52.51017" lon="4.861174">
        <ele>-3.4</ele>
      </trkpt>
      <trkpt lat="52.510163" lon="4.861199">
        <ele>-3.4</ele>
      </trkpt>
      <trkpt lat="52.510157" lon="4.861224">
        <ele>-3.4</ele>
      </trkpt>
      <trkpt lat="52.510148" lon="4.86125">
        <ele>-3.4</ele>
      </trkpt>
      <trkpt lat="52.510139" lon="4.861277">
        <ele>-3.4</ele>
      </trkpt>
      <trkpt lat="52.51013" lon="4.861304">
        <ele>-3.4</ele>
      </trkpt>
      <trkpt lat="52.510122" lon="4.861331">
        <ele>-3.4</ele>
      </trkpt>
      <trkpt lat="52.510115" lon="4.861358">
        <ele>-3.4</ele>
      </trkpt>
      <trkpt lat="52.510105" lon="4.861389">
        <ele>-3.4</ele>
      </trkpt>
      <trkpt lat="52.510099" lon="4.861417">
        <ele>-3.6</ele>
      </trkpt>
      <trkpt lat="52.510088" lon="4.861445">
        <ele>-3.8</ele>
      </trkpt>
      <trkpt lat="52.510081" lon="4.86147">
        <ele>-3.8</ele>
      </trkpt>
      <trkpt lat="52.510071" lon="4.861496">
        <ele>-3.8</ele>
      </trkpt>
      <trkpt lat="52.510063" lon="4.861521">
        <ele>-4.0</ele>
      </trkpt>
      <trkpt lat="52.510055" lon="4.861546">
        <ele>-4.0</ele>
      </trkpt>
      <trkpt lat="52.510047" lon="4.861572">
        <ele>-4.0</ele>
      </trkpt>
      <trkpt lat="52.510036" lon="4.861598">
        <ele>-4.0</ele>
      </trkpt>
      <trkpt lat="52.510025" lon="4.861625">
        <ele>-4.0</ele>
      </trkpt>
      <trkpt lat="52.510016" lon="4.861647">
        <ele>-4.2</ele>
      </trkpt>
      <trkpt lat="52.510005" lon="4.861669">
        <ele>-4.2</ele>
      </trkpt>
      <trkpt lat="52.509995" lon="4.861688">
        <ele>-4.2</ele>
      </trkpt>
      <trkpt lat="52.509984" lon="4.861711">
        <ele>-4.2</ele>
      </trkpt>
      <trkpt lat="52.509975" lon="4.861733">
        <ele>-4.2</ele>
      </trkpt>
      <trkpt lat="52.509966" lon="4.861757">
        <ele>-4.2</ele>
      </trkpt>
      <trkpt lat="52.509955" lon="4.861783">
        <ele>-4.2</ele>
      </trkpt>
      <trkpt lat="52.509948" lon="4.861807">
        <ele>-4.2</ele>
      </trkpt>
      <trkpt lat="52.509937" lon="4.861836">
        <ele>-4.4</ele>
      </trkpt>
      <trkpt lat="52.50993" lon="4.861859">
        <ele>-4.4</ele>
      </trkpt>
      <trkpt lat="52.509918" lon="4.861882">
        <ele>-4.4</ele>
      </trkpt>
      <trkpt lat="52.50991" lon="4.861902">
        <ele>-4.4</ele>
      </trkpt>
      <trkpt lat="52.509901" lon="4.861926">
        <ele>-4.4</ele>
      </trkpt>
      <trkpt lat="52.509891" lon="4.861947">
        <ele>-4.6</ele>
      </trkpt>
      <trkpt lat="52.509879" lon="4.861968">
        <ele>-4.6</ele>
      </trkpt>
      <trkpt lat="52.509867" lon="4.861993">
        <ele>-4.6</ele>
      </trkpt>
      <trkpt lat="52.509858" lon="4.862018">
        <ele>-4.6</ele>
      </trkpt>
      <trkpt lat="52.509846" lon="4.862045">
        <ele>-4.6</ele>
      </trkpt>
      <trkpt lat="52.509838" lon="4.862068">
        <ele>-4.6</ele>
      </trkpt>
      <trkpt lat="52.509828" lon="4.862092">
        <ele>-4.8</ele>
      </trkpt>
      <trkpt lat="52.50982" lon="4.862114">
        <ele>-4.8</ele>
      </trkpt>
      <trkpt lat="52.50981" lon="4.862137">
        <ele>-4.8</ele>
      </trkpt>
      <trkpt lat="52.509801" lon="4.862159">
        <ele>-4.6</ele>
      </trkpt>
      <trkpt lat="52.509791" lon="4.862183">
        <ele>-4.4</ele>
      </trkpt>
      <trkpt lat="52.509781" lon="4.862207">
        <ele>-4.2</ele>
      </trkpt>
      <trkpt lat="52.509771" lon="4.862229">
        <ele>-4.2</ele>
      </trkpt>
      <trkpt lat="52.509759" lon="4.862253">
        <ele>-4.4</ele>
      </trkpt>
      <trkpt lat="52.509752" lon="4.862277">
        <ele>-4.6</ele>
      </trkpt>
      <trkpt lat="52.509742" lon="4.862303">
        <ele>-4.4</ele>
      </trkpt>
      <trkpt lat="52.509734" lon="4.862328">
        <ele>-4.4</ele>
      </trkpt>
      <trkpt lat="52.509723" lon="4.862353">
        <ele>-4.2</ele>
      </trkpt>
      <trkpt lat="52.509713" lon="4.862374">
        <ele>-4.2</ele>
      </trkpt>
      <trkpt lat="52.509703" lon="4.862397">
        <ele>-4.2</ele>
      </trkpt>
      <trkpt lat="52.509692" lon="4.862423">
        <ele>-4.2</ele>
      </trkpt>
      <trkpt lat="52.509685" lon="4.862448">
        <ele>-4.2</ele>
      </trkpt>
      <trkpt lat="52.509675" lon="4.862475">
        <ele>-4.6</ele>
      </trkpt>
      <trkpt lat="52.509667" lon="4.862499">
        <ele>-4.6</ele>
      </trkpt>
      <trkpt lat="52.509658" lon="4.862521">
        <ele>-4.8</ele>
      </trkpt>
      <trkpt lat="52.509649" lon="4.862541">
        <ele>-4.8</ele>
      </trkpt>
      <trkpt lat="52.509638" lon="4.862561">
        <ele>-4.8</ele>
      </trkpt>
      <trkpt lat="52.509625" lon="4.862586">
        <ele>-4.8</ele>
      </trkpt>
      <trkpt lat="52.509618" lon="4.862609">
        <ele>-4.8</ele>
      </trkpt>
      <trkpt lat="52.509609" lon="4.862632">
        <ele>-4.6</ele>
      </trkpt>
      <trkpt lat="52.509601" lon="4.862655">
        <ele>-4.8</ele>
      </trkpt>
      <trkpt lat="52.509591" lon="4.862676">
        <ele>-4.8</ele>
      </trkpt>
      <trkpt lat="52.509581" lon="4.862695">
        <ele>-4.8</ele>
      </trkpt>
      <trkpt lat="52.509571" lon="4.862718">
        <ele>-4.8</ele>
      </trkpt>
      <trkpt lat="52.509562" lon="4.862741">
        <ele>-4.8</ele>
      </trkpt>
      <trkpt lat="52.509555" lon="4.862765">
        <ele>-4.6</ele>
      </trkpt>
      <trkpt lat="52.509545" lon="4.86279">
        <ele>-4.6</ele>
      </trkpt>
      <trkpt lat="52.509536" lon="4.862813">
        <ele>-4.6</ele>
      </trkpt>
      <trkpt lat="52.509527" lon="4.862835">
        <ele>-4.6</ele>
      </trkpt>
      <trkpt lat="52.509521" lon="4.862858">
        <ele>-4.4</ele>
      </trkpt>
      <trkpt lat="52.509512" lon="4.862882">
        <ele>-4.6</ele>
      </trkpt>
      <trkpt lat="52.509506" lon="4.862905">
        <ele>-4.6</ele>
      </trkpt>
      <trkpt lat="52.509497" lon="4.862929">
        <ele>-4.8</ele>
      </trkpt>
      <trkpt lat="52.509489" lon="4.862951">
        <ele>-4.8</ele>
      </trkpt>
      <trkpt lat="52.509482" lon="4.862977">
        <ele>-4.8</ele>
      </trkpt>
      <trkpt lat="52.509476" lon="4.863003">
        <ele>-4.8</ele>
      </trkpt>
      <trkpt lat="52.509469" lon="4.863028">
        <ele>-4.6</ele>
      </trkpt>
      <trkpt lat="52.509461" lon="4.863053">
        <ele>-4.6</ele>
      </trkpt>
      <trkpt lat="52.509453" lon="4.863078">
        <ele>-4.4</ele>
      </trkpt>
      <trkpt lat="52.509444" lon="4.863104">
        <ele>-4.2</ele>
      </trkpt>
      <trkpt lat="52.50944" lon="4.863129">
        <ele>-4.0</ele>
      </trkpt>
      <trkpt lat="52.509431" lon="4.863157">
        <ele>-4.0</ele>
      </trkpt>
      <trkpt lat="52.509426" lon="4.863181">
        <ele>-4.0</ele>
      </trkpt>
      <trkpt lat="52.509417" lon="4.863208">
        <ele>-4.0</ele>
      </trkpt>
      <trkpt lat="52.50941" lon="4.863231">
        <ele>-4.0</ele>
      </trkpt>
      <trkpt lat="52.509401" lon="4.863255">
        <ele>-4.2</ele>
      </trkpt>
      <trkpt lat="52.509392" lon="4.863277">
        <ele>-4.4</ele>
      </trkpt>
      <trkpt lat="52.509385" lon="4.8633">
        <ele>-4.4</ele>
      </trkpt>
      <trkpt lat="52.509375" lon="4.863325">
        <ele>-4.6</ele>
      </trkpt>
      <trkpt lat="52.509367" lon="4.863348">
        <ele>-4.6</ele>
      </trkpt>
      <trkpt lat="52.509358" lon="4.863376">
        <ele>-4.6</ele>
      </trkpt>
      <trkpt lat="52.509351" lon="4.863399">
        <ele>-4.6</ele>
      </trkpt>
      <trkpt lat="52.509342" lon="4.863423">
        <ele>-4.6</ele>
      </trkpt>
      <trkpt lat="52.509334" lon="4.863446">
        <ele>-4.2</ele>
      </trkpt>
      <trkpt lat="52.509324" lon="4.863468">
        <ele>-4.0</ele>
      </trkpt>
      <trkpt lat="52.509316" lon="4.863489">
        <ele>-4.0</ele>
      </trkpt>
      <trkpt lat="52.509309" lon="4.86351">
        <ele>-3.8</ele>
      </trkpt>
      <trkpt lat="52.509299" lon="4.863535">
        <ele>-3.8</ele>
      </trkpt>
      <trkpt lat="52.509294" lon="4.863557">
        <ele>-3.8</ele>
      </trkpt>
      <trkpt lat="52.509283" lon="4.863581">
        <ele>-4.0</ele>
      </trkpt>
      <trkpt lat="52.509276" lon="4.863604">
        <ele>-4.0</ele>
      </trkpt>
      <trkpt lat="52.509267" lon="4.863626">
        <ele>-4.0</ele>
      </trkpt>
      <trkpt lat="52.509257" lon="4.863646">
        <ele>-4.2</ele>
      </trkpt>
      <trkpt lat="52.509249" lon="4.863667">
        <ele>-4.4</ele>
      </trkpt>
      <trkpt lat="52.509239" lon="4.863689">
        <ele>-4.6</ele>
      </trkpt>
      <trkpt lat="52.509231" lon="4.863713">
        <ele>-4.8</ele>
      </trkpt>
      <trkpt lat="52.509219" lon="4.863739">
        <ele>-4.6</ele>
      </trkpt>
      <trkpt lat="52.509214" lon="4.863762">
        <ele>-4.6</ele>
      </trkpt>
      <trkpt lat="52.509203" lon="4.863785">
        <ele>-4.6</ele>
      </trkpt>
      <trkpt lat="52.509195" lon="4.863807">
        <ele>-4.6</ele>
      </trkpt>
      <trkpt lat="52.509186" lon="4.863832">
        <ele>-4.6</ele>
      </trkpt>
      <trkpt lat="52.509176" lon="4.863858">
        <ele>-4.4</ele>
      </trkpt>
      <trkpt lat="52.509169" lon="4.863881">
        <ele>-4.4</ele>
      </trkpt>
      <trkpt lat="52.509159" lon="4.863909">
        <ele>-4.4</ele>
      </trkpt>
      <trkpt lat="52.509154" lon="4.86393">
        <ele>-4.4</ele>
      </trkpt>
      <trkpt lat="52.509146" lon="4.863954">
        <ele>-4.4</ele>
      </trkpt>
      <trkpt lat="52.509139" lon="4.863977">
        <ele>-4.4</ele>
      </trkpt>
      <trkpt lat="52.509132" lon="4.864002">
        <ele>-4.2</ele>
      </trkpt>
      <trkpt lat="52.509124" lon="4.864028">
        <ele>-4.2</ele>
      </trkpt>
      <trkpt lat="52.509118" lon="4.864053">
        <ele>-4.2</ele>
      </trkpt>
      <trkpt lat="52.509109" lon="4.86408">
        <ele>-4.2</ele>
      </trkpt>
      <trkpt lat="52.509103" lon="4.864103">
        <ele>-4.2</ele>
      </trkpt>
      <trkpt lat="52.509095" lon="4.864128">
        <ele>-4.2</ele>
      </trkpt>
      <trkpt lat="52.509089" lon="4.864148">
        <ele>-4.4</ele>
      </trkpt>
      <trkpt lat="52.509083" lon="4.864171">
        <ele>-4.4</ele>
      </trkpt>
      <trkpt lat="52.509076" lon="4.864193">
        <ele>-4.4</ele>
      </trkpt>
      <trkpt lat="52.509067" lon="4.864215">
        <ele>-4.2</ele>
      </trkpt>
      <trkpt lat="52.509059" lon="4.864239">
        <ele>-4.2</ele>
      </trkpt>
      <trkpt lat="52.509053" lon="4.864263">
        <ele>-4.2</ele>
      </trkpt>
      <trkpt lat="52.509045" lon="4.86429">
        <ele>-4.2</ele>
      </trkpt>
      <trkpt lat="52.509041" lon="4.864314">
        <ele>-4.2</ele>
      </trkpt>
      <trkpt lat="52.509032" lon="4.86434">
        <ele>-4.4</ele>
      </trkpt>
      <trkpt lat="52.509027" lon="4.864361">
        <ele>-4.4</ele>
      </trkpt>
      <trkpt lat="52.509016" lon="4.864384">
        <ele>-4.6</ele>
      </trkpt>
      <trkpt lat="52.509008" lon="4.864406">
        <ele>-4.6</ele>
      </trkpt>
      <trkpt lat="52.509" lon="4.864431">
        <ele>-4.6</ele>
      </trkpt>
      <trkpt lat="52.508992" lon="4.864458">
        <ele>-4.6</ele>
      </trkpt>
      <trkpt lat="52.508986" lon="4.864485">
        <ele>-4.4</ele>
      </trkpt>
      <trkpt lat="52.508977" lon="4.864516">
        <ele>-4.2</ele>
      </trkpt>
      <trkpt lat="52.508973" lon="4.864543">
        <ele>-4.2</ele>
      </trkpt>
      <trkpt lat="52.508966" lon="4.864571">
        <ele>-4.2</ele>
      </trkpt>
      <trkpt lat="52.508967" lon="4.864595">
        <ele>-4.2</ele>
      </trkpt>
      <trkpt lat="52.50896" lon="4.864621">
        <ele>-4.2</ele>
      </trkpt>
      <trkpt lat="52.508956" lon="4.864646">
        <ele>-4.0</ele>
      </trkpt>
      <trkpt lat="52.508948" lon="4.864672">
        <ele>-4.0</ele>
      </trkpt>
      <trkpt lat="52.508942" lon="4.864697">
        <ele>-3.2</ele>
      </trkpt>
      <trkpt lat="52.508935" lon="4.864722">
        <ele>-3.0</ele>
      </trkpt>
      <trkpt lat="52.508928" lon="4.864748">
        <ele>-2.8</ele>
      </trkpt>
      <trkpt lat="52.508924" lon="4.864772">
        <ele>-3.2</ele>
      </trkpt>
      <trkpt lat="52.508917" lon="4.864801">
        <ele>-3.6</ele>
      </trkpt>
      <trkpt lat="52.508913" lon="4.864826">
        <ele>-3.8</ele>
      </trkpt>
      <trkpt lat="52.508906" lon="4.864852">
        <ele>-3.8</ele>
      </trkpt>
      <trkpt lat="52.508901" lon="4.864876">
        <ele>-3.8</ele>
      </trkpt>
      <trkpt lat="52.508895" lon="4.864901">
        <ele>-4.0</ele>
      </trkpt>
      <trkpt lat="52.508887" lon="4.864927">
        <ele>-4.0</ele>
      </trkpt>
      <trkpt lat="52.508882" lon="4.864953">
        <ele>-4.0</ele>
      </trkpt>
      <trkpt lat="52.508875" lon="4.864981">
        <ele>-4.2</ele>
      </trkpt>
      <trkpt lat="52.50887" lon="4.865005">
        <ele>-4.2</ele>
      </trkpt>
      <trkpt lat="52.508862" lon="4.86503">
        <ele>-4.2</ele>
      </trkpt>
      <trkpt lat="52.508857" lon="4.865052">
        <ele>-4.4</ele>
      </trkpt>
      <trkpt lat="52.508849" lon="4.865075">
        <ele>-4.4</ele>
      </trkpt>
      <trkpt lat="52.508841" lon="4.865099">
        <ele>-4.4</ele>
      </trkpt>
      <trkpt lat="52.508838" lon="4.865124">
        <ele>-4.4</ele>
      </trkpt>
      <trkpt lat="52.50883" lon="4.86515">
        <ele>-4.4</ele>
      </trkpt>
      <trkpt lat="52.508828" lon="4.865176">
        <ele>-4.4</ele>
      </trkpt>
      <trkpt lat="52.508822" lon="4.865203">
        <ele>-4.2</ele>
      </trkpt>
      <trkpt lat="52.508817" lon="4.865227">
        <ele>-4.2</ele>
      </trkpt>
      <trkpt lat="52.508812" lon="4.865252">
        <ele>-4.2</ele>
      </trkpt>
      <trkpt lat="52.508806" lon="4.865276">
        <ele>-4.0</ele>
      </trkpt>
      <trkpt lat="52.508802" lon="4.865301">
        <ele>-4.0</ele>
      </trkpt>
      <trkpt lat="52.508796" lon="4.865327">
        <ele>-4.0</ele>
      </trkpt>
      <trkpt lat="52.50879" lon="4.865354">
        <ele>-4.2</ele>
      </trkpt>
      <trkpt lat="52.508784" lon="4.86538">
        <ele>-4.2</ele>
      </trkpt>
      <trkpt lat="52.508781" lon="4.865409">
        <ele>-4.2</ele>
      </trkpt>
      <trkpt lat="52.508776" lon="4.865441">
        <ele>-4.2</ele>
      </trkpt>
      <trkpt lat="52.508774" lon="4.865467">
        <ele>-4.2</ele>
      </trkpt>
      <trkpt lat="52.508767" lon="4.865494">
        <ele>-4.2</ele>
      </trkpt>
      <trkpt lat="52.508762" lon="4.865517">
        <ele>-4.2</ele>
      </trkpt>
      <trkpt lat="52.508754" lon="4.865542">
        <ele>-4.2</ele>
      </trkpt>
      <trkpt lat="52.508747" lon="4.865569">
        <ele>-4.2</ele>
      </trkpt>
      <trkpt lat="52.50874" lon="4.865595">
        <ele>-4.2</ele>
      </trkpt>
      <trkpt lat="52.508733" lon="4.865625">
        <ele>-4.2</ele>
      </trkpt>
      <trkpt lat="52.50873" lon="4.865651">
        <ele>-4.4</ele>
      </trkpt>
      <trkpt lat="52.508723" lon="4.865678">
        <ele>-4.4</ele>
      </trkpt>
      <trkpt lat="52.508719" lon="4.865701">
        <ele>-4.4</ele>
      </trkpt>
      <trkpt lat="52.508712" lon="4.865727">
        <ele>-4.6</ele>
      </trkpt>
      <trkpt lat="52.508707" lon="4.865752">
        <ele>-4.6</ele>
      </trkpt>
      <trkpt lat="52.508701" lon="4.865778">
        <ele>-4.6</ele>
      </trkpt>
      <trkpt lat="52.508696" lon="4.865805">
        <ele>-4.4</ele>
      </trkpt>
      <trkpt lat="52.508695" lon="4.86583">
        <ele>-4.4</ele>
      </trkpt>
      <trkpt lat="52.508689" lon="4.86586">
        <ele>-4.4</ele>
      </trkpt>
      <trkpt lat="52.508687" lon="4.865884">
        <ele>-4.6</ele>
      </trkpt>
      <trkpt lat="52.508681" lon="4.865912">
        <ele>-4.6</ele>
      </trkpt>
      <trkpt lat="52.508679" lon="4.865939">
        <ele>-4.8</ele>
      </trkpt>
      <trkpt lat="52.508675" lon="4.865964">
        <ele>-4.8</ele>
      </trkpt>
      <trkpt lat="52.50867" lon="4.86599">
        <ele>-4.4</ele>
      </trkpt>
      <trkpt lat="52.508666" lon="4.866018">
        <ele>-4.4</ele>
      </trkpt>
      <trkpt lat="52.508659" lon="4.866047">
        <ele>-4.4</ele>
      </trkpt>
      <trkpt lat="52.508654" lon="4.866073">
        <ele>-4.2</ele>
      </trkpt>
      <trkpt lat="52.508647" lon="4.866099">
        <ele>-4.0</ele>
      </trkpt>
      <trkpt lat="52.508641" lon="4.866122">
        <ele>-4.0</ele>
      </trkpt>
      <trkpt lat="52.508635" lon="4.866147">
        <ele>-4.0</ele>
      </trkpt>
      <trkpt lat="52.50863" lon="4.866173">
        <ele>-4.0</ele>
      </trkpt>
      <trkpt lat="52.508625" lon="4.8662">
        <ele>-4.0</ele>
      </trkpt>
      <trkpt lat="52.508619" lon="4.866229">
        <ele>-3.8</ele>
      </trkpt>
      <trkpt lat="52.508616" lon="4.866253">
        <ele>-3.8</ele>
      </trkpt>
      <trkpt lat="52.50861" lon="4.86628">
        <ele>-3.8</ele>
      </trkpt>
      <trkpt lat="52.508607" lon="4.866304">
        <ele>-3.8</ele>
      </trkpt>
      <trkpt lat="52.508601" lon="4.86633">
        <ele>-3.8</ele>
      </trkpt>
      <trkpt lat="52.508596" lon="4.866356">
        <ele>-3.8</ele>
      </trkpt>
      <trkpt lat="52.508591" lon="4.866382">
        <ele>-3.8</ele>
      </trkpt>
      <trkpt lat="52.508586" lon="4.86641">
        <ele>-3.6</ele>
      </trkpt>
      <trkpt lat="52.508583" lon="4.866435">
        <ele>-3.6</ele>
      </trkpt>
      <trkpt lat="52.508578" lon="4.866467">
        <ele>-3.6</ele>
      </trkpt>
      <trkpt lat="52.508576" lon="4.86649">
        <ele>-3.6</ele>
      </trkpt>
      <trkpt lat="52.508571" lon="4.866517">
        <ele>-3.6</ele>
      </trkpt>
      <trkpt lat="52.508567" lon="4.866543">
        <ele>-3.8</ele>
      </trkpt>
      <trkpt lat="52.508565" lon="4.86657">
        <ele>-4.0</ele>
      </trkpt>
      <trkpt lat="52.508561" lon="4.8666">
        <ele>-4.2</ele>
      </trkpt>
      <trkpt lat="52.508562" lon="4.866624">
        <ele>-4.2</ele>
      </trkpt>
      <trkpt lat="52.508556" lon="4.866649">
        <ele>-4.4</ele>
      </trkpt>
      <trkpt lat="52.508553" lon="4.866674">
        <ele>-4.4</ele>
      </trkpt>
      <trkpt lat="52.50855" lon="4.866701">
        <ele>-4.2</ele>
      </trkpt>
      <trkpt lat="52.508544" lon="4.866728">
        <ele>-4.2</ele>
      </trkpt>
      <trkpt lat="52.508542" lon="4.866755">
        <ele>-4.4</ele>
      </trkpt>
      <trkpt lat="52.508539" lon="4.866781">
        <ele>-4.4</ele>
      </trkpt>
      <trkpt lat="52.508536" lon="4.866806">
        <ele>-4.4</ele>
      </trkpt>
      <trkpt lat="52.508531" lon="4.866831">
        <ele>-4.4</ele>
      </trkpt>
      <trkpt lat="52.508527" lon="4.866856">
        <ele>-4.4</ele>
      </trkpt>
      <trkpt lat="52.508521" lon="4.866882">
        <ele>-4.4</ele>
      </trkpt>
      <trkpt lat="52.508514" lon="4.866909">
        <ele>-4.4</ele>
      </trkpt>
      <trkpt lat="52.50851" lon="4.866934">
        <ele>-4.4</ele>
      </trkpt>
      <trkpt lat="52.508505" lon="4.866962">
        <ele>-4.6</ele>
      </trkpt>
      <trkpt lat="52.508502" lon="4.866986">
        <ele>-4.8</ele>
      </trkpt>
      <trkpt lat="52.508498" lon="4.867014">
        <ele>-4.8</ele>
      </trkpt>
      <trkpt lat="52.508494" lon="4.86704">
        <ele>-4.8</ele>
      </trkpt>
      <trkpt lat="52.508494" lon="4.867067">
        <ele>-4.8</ele>
      </trkpt>
      <trkpt lat="52.508491" lon="4.867096">
        <ele>-4.8</ele>
      </trkpt>
      <trkpt lat="52.508493" lon="4.867123">
        <ele>-4.8</ele>
      </trkpt>
      <trkpt lat="52.508488" lon="4.86715">
        <ele>-4.8</ele>
      </trkpt>
      <trkpt lat="52.508486" lon="4.867174">
        <ele>-4.8</ele>
      </trkpt>
      <trkpt lat="52.508482" lon="4.8672">
        <ele>-5.0</ele>
      </trkpt>
      <trkpt lat="52.508478" lon="4.867227">
        <ele>-5.0</ele>
      </trkpt>
      <trkpt lat="52.508478" lon="4.867254">
        <ele>-5.0</ele>
      </trkpt>
      <trkpt lat="52.508474" lon="4.867284">
        <ele>-5.0</ele>
      </trkpt>
      <trkpt lat="52.508473" lon="4.867307">
        <ele>-5.0</ele>
      </trkpt>
      <trkpt lat="52.50847" lon="4.867333">
        <ele>-5.0</ele>
      </trkpt>
      <trkpt lat="52.508467" lon="4.867359">
        <ele>-5.0</ele>
      </trkpt>
      <trkpt lat="52.508466" lon="4.867387">
        <ele>-4.8</ele>
      </trkpt>
      <trkpt lat="52.508462" lon="4.867414">
        <ele>-4.6</ele>
      </trkpt>
      <trkpt lat="52.508459" lon="4.867438">
        <ele>-4.6</ele>
      </trkpt>
      <trkpt lat="52.508454" lon="4.867466">
        <ele>-4.4</ele>
      </trkpt>
      <trkpt lat="52.508453" lon="4.867491">
        <ele>-4.6</ele>
      </trkpt>
      <trkpt lat="52.508449" lon="4.867518">
        <ele>-4.6</ele>
      </trkpt>
      <trkpt lat="52.508446" lon="4.867544">
        <ele>-4.4</ele>
      </trkpt>
      <trkpt lat="52.508443" lon="4.867569">
        <ele>-4.2</ele>
      </trkpt>
      <trkpt lat="52.508439" lon="4.867598">
        <ele>-4.4</ele>
      </trkpt>
      <trkpt lat="52.508441" lon="4.867623">
        <ele>-4.4</ele>
      </trkpt>
      <trkpt lat="52.508438" lon="4.86765">
        <ele>-4.2</ele>
      </trkpt>
      <trkpt lat="52.508436" lon="4.867675">
        <ele>-3.8</ele>
      </trkpt>
      <trkpt lat="52.508433" lon="4.867702">
        <ele>-3.6</ele>
      </trkpt>
      <trkpt lat="52.508429" lon="4.86773">
        <ele>-3.8</ele>
      </trkpt>
      <trkpt lat="52.508426" lon="4.867758">
        <ele>-4.0</ele>
      </trkpt>
      <trkpt lat="52.508421" lon="4.867787">
        <ele>-4.0</ele>
      </trkpt>
      <trkpt lat="52.508418" lon="4.867813">
        <ele>-4.2</ele>
      </trkpt>
      <trkpt lat="52.508411" lon="4.867838">
        <ele>-4.4</ele>
      </trkpt>
      <trkpt lat="52.508406" lon="4.867862">
        <ele>-4.6</ele>
      </trkpt>
      <trkpt lat="52.508403" lon="4.867889">
        <ele>-4.6</ele>
      </trkpt>
      <trkpt lat="52.508398" lon="4.867918">
        <ele>-4.8</ele>
      </trkpt>
      <trkpt lat="52.508396" lon="4.86794">
        <ele>-4.8</ele>
      </trkpt>
      <trkpt lat="52.508393" lon="4.867967">
        <ele>-4.8</ele>
      </trkpt>
      <trkpt lat="52.508391" lon="4.867991">
        <ele>-4.8</ele>
      </trkpt>
      <trkpt lat="52.508387" lon="4.868018">
        <ele>-4.8</ele>
      </trkpt>
      <trkpt lat="52.508383" lon="4.868046">
        <ele>-4.8</ele>
      </trkpt>
      <trkpt lat="52.508382" lon="4.868073">
        <ele>-4.8</ele>
      </trkpt>
      <trkpt lat="52.508376" lon="4.868103">
        <ele>-4.8</ele>
      </trkpt>
      <trkpt lat="52.508374" lon="4.868126">
        <ele>-4.8</ele>
      </trkpt>
      <trkpt lat="52.508371" lon="4.868151">
        <ele>-4.8</ele>
      </trkpt>
      <trkpt lat="52.508369" lon="4.868177">
        <ele>-4.8</ele>
      </trkpt>
      <trkpt lat="52.508367" lon="4.868203">
        <ele>-4.8</ele>
      </trkpt>
      <trkpt lat="52.508365" lon="4.868234">
        <ele>-4.8</ele>
      </trkpt>
      <trkpt lat="52.508365" lon="4.868261">
        <ele>-4.8</ele>
      </trkpt>
      <trkpt lat="52.508363" lon="4.86829">
        <ele>-4.8</ele>
      </trkpt>
      <trkpt lat="52.508362" lon="4.868316">
        <ele>-4.8</ele>
      </trkpt>
      <trkpt lat="52.50836" lon="4.868345">
        <ele>-4.8</ele>
      </trkpt>
      <trkpt lat="52.508357" lon="4.868373">
        <ele>-4.8</ele>
      </trkpt>
      <trkpt lat="52.508359" lon="4.868399">
        <ele>-4.8</ele>
      </trkpt>
      <trkpt lat="52.508355" lon="4.86843">
        <ele>-4.8</ele>
      </trkpt>
      <trkpt lat="52.508357" lon="4.868454">
        <ele>-4.6</ele>
      </trkpt>
      <trkpt lat="52.508353" lon="4.868479">
        <ele>-4.6</ele>
      </trkpt>
      <trkpt lat="52.508351" lon="4.868506">
        <ele>-4.6</ele>
      </trkpt>
      <trkpt lat="52.508351" lon="4.868534">
        <ele>-4.8</ele>
      </trkpt>
      <trkpt lat="52.508349" lon="4.868562">
        <ele>-4.8</ele>
      </trkpt>
      <trkpt lat="52.508348" lon="4.868589">
        <ele>-4.8</ele>
      </trkpt>
      <trkpt lat="52.508345" lon="4.868619">
        <ele>-4.8</ele>
      </trkpt>
      <trkpt lat="52.508344" lon="4.868642">
        <ele>-4.8</ele>
      </trkpt>
      <trkpt lat="52.508339" lon="4.868666">
        <ele>-4.8</ele>
      </trkpt>
      <trkpt lat="52.508336" lon="4.86869">
        <ele>-4.8</ele>
      </trkpt>
      <trkpt lat="52.508335" lon="4.868716">
        <ele>-4.8</ele>
      </trkpt>
      <trkpt lat="52.508329" lon="4.868748">
        <ele>-4.8</ele>
      </trkpt>
      <trkpt lat="52.50833" lon="4.868772">
        <ele>-5.0</ele>
      </trkpt>
      <trkpt lat="52.508324" lon="4.868797">
        <ele>-4.8</ele>
      </trkpt>
      <trkpt lat="52.50832" lon="4.868822">
        <ele>-4.6</ele>
      </trkpt>
      <trkpt lat="52.508315" lon="4.868849">
        <ele>-4.6</ele>
      </trkpt>
      <trkpt lat="52.508308" lon="4.868878">
        <ele>-4.6</ele>
      </trkpt>
      <trkpt lat="52.508308" lon="4.868902">
        <ele>-4.8</ele>
      </trkpt>
      <trkpt lat="52.508303" lon="4.868929">
        <ele>-5.0</ele>
      </trkpt>
      <trkpt lat="52.508301" lon="4.868955">
        <ele>-4.8</ele>
      </trkpt>
      <trkpt lat="52.508297" lon="4.86898">
        <ele>-5.0</ele>
      </trkpt>
      <trkpt lat="52.508292" lon="4.869007">
        <ele>-5.2</ele>
      </trkpt>
      <trkpt lat="52.508289" lon="4.86903">
        <ele>-5.2</ele>
      </trkpt>
      <trkpt lat="52.508283" lon="4.869057">
        <ele>-5.4</ele>
      </trkpt>
      <trkpt lat="52.508281" lon="4.869081">
        <ele>-5.4</ele>
      </trkpt>
      <trkpt lat="52.508276" lon="4.869107">
        <ele>-5.4</ele>
      </trkpt>
      <trkpt lat="52.508271" lon="4.869132">
        <ele>-5.4</ele>
      </trkpt>
      <trkpt lat="52.508269" lon="4.869157">
        <ele>-5.2</ele>
      </trkpt>
      <trkpt lat="52.508263" lon="4.869187">
        <ele>-5.0</ele>
      </trkpt>
      <trkpt lat="52.508259" lon="4.86921">
        <ele>-5.0</ele>
      </trkpt>
      <trkpt lat="52.508254" lon="4.869235">
        <ele>-4.8</ele>
      </trkpt>
      <trkpt lat="52.508249" lon="4.869261">
        <ele>-4.8</ele>
      </trkpt>
      <trkpt lat="52.508243" lon="4.869286">
        <ele>-4.8</ele>
      </trkpt>
      <trkpt lat="52.508235" lon="4.869316">
        <ele>-5.0</ele>
      </trkpt>
      <trkpt lat="52.508232" lon="4.869338">
        <ele>-5.0</ele>
      </trkpt>
      <trkpt lat="52.508227" lon="4.869362">
        <ele>-5.0</ele>
      </trkpt>
      <trkpt lat="52.508222" lon="4.869385">
        <ele>-5.2</ele>
      </trkpt>
      <trkpt lat="52.508218" lon="4.869409">
        <ele>-5.2</ele>
      </trkpt>
      <trkpt lat="52.508211" lon="4.869438">
        <ele>-5.2</ele>
      </trkpt>
      <trkpt lat="52.508207" lon="4.86946">
        <ele>-5.2</ele>
      </trkpt>
      <trkpt lat="52.5082" lon="4.869485">
        <ele>-5.2</ele>
      </trkpt>
      <trkpt lat="52.508194" lon="4.86951">
        <ele>-5.2</ele>
      </trkpt>
      <trkpt lat="52.508193" lon="4.869534">
        <ele>-5.2</ele>
      </trkpt>
      <trkpt lat="52.508187" lon="4.869558">
        <ele>-5.0</ele>
      </trkpt>
      <trkpt lat="52.508182" lon="4.869579">
        <ele>-4.8</ele>
      </trkpt>
      <trkpt lat="52.508179" lon="4.869601">
        <ele>-4.8</ele>
      </trkpt>
      <trkpt lat="52.508171" lon="4.869629">
        <ele>-4.8</ele>
      </trkpt>
      <trkpt lat="52.508166" lon="4.869649">
        <ele>-5.0</ele>
      </trkpt>
      <trkpt lat="52.508157" lon="4.869673">
        <ele>-5.0</ele>
      </trkpt>
      <trkpt lat="52.508149" lon="4.869693">
        <ele>-5.0</ele>
      </trkpt>
      <trkpt lat="52.508141" lon="4.869713">
        <ele>-5.2</ele>
      </trkpt>
      <trkpt lat="52.508133" lon="4.869739">
        <ele>-5.2</ele>
      </trkpt>
      <trkpt lat="52.508127" lon="4.869756">
        <ele>-5.4</ele>
      </trkpt>
      <trkpt lat="52.508117" lon="4.869776">
        <ele>-5.4</ele>
      </trkpt>
      <trkpt lat="52.508108" lon="4.869797">
        <ele>-5.4</ele>
      </trkpt>
      <trkpt lat="52.508099" lon="4.869814">
        <ele>-5.6</ele>
      </trkpt>
      <trkpt lat="52.508088" lon="4.869831">
        <ele>-5.8</ele>
      </trkpt>
      <trkpt lat="52.50808" lon="4.869845">
        <ele>-5.8</ele>
      </trkpt>
      <trkpt lat="52.50807" lon="4.869859">
        <ele>-6.0</ele>
      </trkpt>
      <trkpt lat="52.508058" lon="4.869874">
        <ele>-6.0</ele>
      </trkpt>
      <trkpt lat="52.50805" lon="4.869887">
        <ele>-6.0</ele>
      </trkpt>
      <trkpt lat="52.508032" lon="4.869896">
        <ele>-6.0</ele>
      </trkpt>
      <trkpt lat="52.508018" lon="4.869906">
        <ele>-6.0</ele>
      </trkpt>
      <trkpt lat="52.508004" lon="4.869911">
        <ele>-6.0</ele>
      </trkpt>
      <trkpt lat="52.50799" lon="4.869918">
        <ele>-5.8</ele>
      </trkpt>
      <trkpt lat="52.507978" lon="4.869925">
        <ele>-5.8</ele>
      </trkpt>
      <trkpt lat="52.507964" lon="4.869927">
        <ele>-6.0</ele>
      </trkpt>
      <trkpt lat="52.50795" lon="4.869931">
        <ele>-6.0</ele>
      </trkpt>
      <trkpt lat="52.507936" lon="4.869934">
        <ele>-6.2</ele>
      </trkpt>
      <trkpt lat="52.507921" lon="4.869936">
        <ele>-6.2</ele>
      </trkpt>
      <trkpt lat="52.507911" lon="4.869935">
        <ele>-6.0</ele>
      </trkpt>
      <trkpt lat="52.507898" lon="4.869928">
        <ele>-6.0</ele>
      </trkpt>
      <trkpt lat="52.507885" lon="4.869927">
        <ele>-5.8</ele>
      </trkpt>
      <trkpt lat="52.507873" lon="4.869921">
        <ele>-5.8</ele>
      </trkpt>
      <trkpt lat="52.507856" lon="4.869915">
        <ele>-5.6</ele>
      </trkpt>
      <trkpt lat="52.507843" lon="4.869914">
        <ele>-5.6</ele>
      </trkpt>
      <trkpt lat="52.507832" lon="4.869912">
        <ele>-5.6</ele>
      </trkpt>
      <trkpt lat="52.507819" lon="4.869908">
        <ele>-5.8</ele>
      </trkpt>
      <trkpt lat="52.507808" lon="4.869899">
        <ele>-6.2</ele>
      </trkpt>
      <trkpt lat="52.507797" lon="4.869894">
        <ele>-6.2</ele>
      </trkpt>
      <trkpt lat="52.507786" lon="4.869889">
        <ele>-6.4</ele>
      </trkpt>
      <trkpt lat="52.50777" lon="4.86988">
        <ele>-6.4</ele>
      </trkpt>
      <trkpt lat="52.507758" lon="4.869879">
        <ele>-6.0</ele>
      </trkpt>
      <trkpt lat="52.507743" lon="4.869872">
        <ele>-5.8</ele>
      </trkpt>
      <trkpt lat="52.507731" lon="4.86987">
        <ele>-5.6</ele>
      </trkpt>
      <trkpt lat="52.507719" lon="4.869862">
        <ele>-5.4</ele>
      </trkpt>
      <trkpt lat="52.507705" lon="4.869858">
        <ele>-5.6</ele>
      </trkpt>
      <trkpt lat="52.507692" lon="4.869853">
        <ele>-5.6</ele>
      </trkpt>
      <trkpt lat="52.507678" lon="4.869843">
        <ele>-5.6</ele>
      </trkpt>
      <trkpt lat="52.507667" lon="4.869839">
        <ele>-5.4</ele>
      </trkpt>
      <trkpt lat="52.507657" lon="4.86983">
        <ele>-5.2</ele>
      </trkpt>
      <trkpt lat="52.507644" lon="4.869825">
        <ele>-5.2</ele>
      </trkpt>
      <trkpt lat="52.507632" lon="4.86982">
        <ele>-5.2</ele>
      </trkpt>
      <trkpt lat="52.507621" lon="4.869811">
        <ele>-5.2</ele>
      </trkpt>
      <trkpt lat="52.507611" lon="4.869806">
        <ele>-5.2</ele>
      </trkpt>
      <trkpt lat="52.507597" lon="4.869798">
        <ele>-5.2</ele>
      </trkpt>
      <trkpt lat="52.507587" lon="4.869796">
        <ele>-5.2</ele>
      </trkpt>
      <trkpt lat="52.507574" lon="4.86979">
        <ele>-5.2</ele>
      </trkpt>
      <trkpt lat="52.507562" lon="4.869786">
        <ele>-5.2</ele>
      </trkpt>
      <trkpt lat="52.50755" lon="4.869778">
        <ele>-5.2</ele>
      </trkpt>
      <trkpt lat="52.507536" lon="4.869771">
        <ele>-5.2</ele>
      </trkpt>
      <trkpt lat="52.507524" lon="4.869769">
        <ele>-5.2</ele>
      </trkpt>
      <trkpt lat="52.507506" lon="4.869761">
        <ele>-5.2</ele>
      </trkpt>
      <trkpt lat="52.507494" lon="4.869759">
        <ele>-5.4</ele>
      </trkpt>
      <trkpt lat="52.50748" lon="4.869754">
        <ele>-5.4</ele>
      </trkpt>
      <trkpt lat="52.507466" lon="4.869752">
        <ele>-5.4</ele>
      </trkpt>
      <trkpt lat="52.507451" lon="4.869749">
        <ele>-5.4</ele>
      </trkpt>
      <trkpt lat="52.507435" lon="4.869744">
        <ele>-5.4</ele>
      </trkpt>
      <trkpt lat="52.50742" lon="4.869743">
        <ele>-5.4</ele>
      </trkpt>
      <trkpt lat="52.507404" lon="4.869736">
        <ele>-5.6</ele>
      </trkpt>
      <trkpt lat="52.507391" lon="4.869732">
        <ele>-5.4</ele>
      </trkpt>
      <trkpt lat="52.507377" lon="4.869723">
        <ele>-5.4</ele>
      </trkpt>
      <trkpt lat="52.507363" lon="4.869719">
        <ele>-5.6</ele>
      </trkpt>
      <trkpt lat="52.507348" lon="4.869712">
        <ele>-5.6</ele>
      </trkpt>
      <trkpt lat="52.50733" lon="4.869706">
        <ele>-5.6</ele>
      </trkpt>
      <trkpt lat="52.507313" lon="4.8697">
        <ele>-5.6</ele>
      </trkpt>
      <trkpt lat="52.507296" lon="4.869689">
        <ele>-5.6</ele>
      </trkpt>
      <trkpt lat="52.507282" lon="4.869686">
        <ele>-5.6</ele>
      </trkpt>
      <trkpt lat="52.507266" lon="4.869677">
        <ele>-5.6</ele>
      </trkpt>
      <trkpt lat="52.507252" lon="4.869672">
        <ele>-5.4</ele>
      </trkpt>
      <trkpt lat="52.507238" lon="4.869665">
        <ele>-5.2</ele>
      </trkpt>
      <trkpt lat="52.507222" lon="4.869659">
        <ele>-5.0</ele>
      </trkpt>
      <trkpt lat="52.507209" lon="4.869656">
        <ele>-5.0</ele>
      </trkpt>
      <trkpt lat="52.507193" lon="4.869647">
        <ele>-5.0</ele>
      </trkpt>
      <trkpt lat="52.50718" lon="4.869643">
        <ele>-4.8</ele>
      </trkpt>
      <trkpt lat="52.507169" lon="4.869632">
        <ele>-4.8</ele>
      </trkpt>
      <trkpt lat="52.507155" lon="4.869624">
        <ele>-4.6</ele>
      </trkpt>
      <trkpt lat="52.507141" lon="4.869617">
        <ele>-4.6</ele>
      </trkpt>
      <trkpt lat="52.507129" lon="4.869606">
        <ele>-4.4</ele>
      </trkpt>
      <trkpt lat="52.507116" lon="4.869599">
        <ele>-4.2</ele>
      </trkpt>
      <trkpt lat="52.507101" lon="4.869585">
        <ele>-4.2</ele>
      </trkpt>
      <trkpt lat="52.507088" lon="4.86958">
        <ele>-4.0</ele>
      </trkpt>
      <trkpt lat="52.507073" lon="4.869571">
        <ele>-4.0</ele>
      </trkpt>
      <trkpt lat="52.507056" lon="4.869565">
        <ele>-4.0</ele>
      </trkpt>
      <trkpt lat="52.507042" lon="4.869562">
        <ele>-4.2</ele>
      </trkpt>
      <trkpt lat="52.507026" lon="4.869549">
        <ele>-4.4</ele>
      </trkpt>
      <trkpt lat="52.507013" lon="4.869543">
        <ele>-4.4</ele>
      </trkpt>
      <trkpt lat="52.506998" lon="4.869535">
        <ele>-4.4</ele>
      </trkpt>
      <trkpt lat="52.506982" lon="4.869526">
        <ele>-4.4</ele>
      </trkpt>
      <trkpt lat="52.506969" lon="4.869523">
        <ele>-4.4</ele>
      </trkpt>
      <trkpt lat="52.506955" lon="4.869513">
        <ele>-4.4</ele>
      </trkpt>
      <trkpt lat="52.50694" lon="4.869504">
        <ele>-4.4</ele>
      </trkpt>
      <trkpt lat="52.506926" lon="4.8695">
        <ele>-4.4</ele>
      </trkpt>
      <trkpt lat="52.506916" lon="4.8695">
        <ele>-4.6</ele>
      </trkpt>
      <trkpt lat="52.506902" lon="4.869493">
        <ele>-4.6</ele>
      </trkpt>
      <trkpt lat="52.506888" lon="4.86949">
        <ele>-4.6</ele>
      </trkpt>
      <trkpt lat="52.506877" lon="4.86949">
        <ele>-4.6</ele>
      </trkpt>
      <trkpt lat="52.506865" lon="4.869486">
        <ele>-4.8</ele>
      </trkpt>
      <trkpt lat="52.506853" lon="4.869483">
        <ele>-4.8</ele>
      </trkpt>
      <trkpt lat="52.506841" lon="4.869486">
        <ele>-4.8</ele>
      </trkpt>
      <trkpt lat="52.506831" lon="4.869475">
        <ele>-4.8</ele>
      </trkpt>
      <trkpt lat="52.506819" lon="4.869471">
        <ele>-4.8</ele>
      </trkpt>
      <trkpt lat="52.506809" lon="4.869461">
        <ele>-4.6</ele>
      </trkpt>
      <trkpt lat="52.506796" lon="4.869449">
        <ele>-4.6</ele>
      </trkpt>
      <trkpt lat="52.506782" lon="4.869447">
        <ele>-4.6</ele>
      </trkpt>
      <trkpt lat="52.50677" lon="4.869438">
        <ele>-4.6</ele>
      </trkpt>
      <trkpt lat="52.506753" lon="4.869434">
        <ele>-4.6</ele>
      </trkpt>
      <trkpt lat="52.506735" lon="4.869432">
        <ele>-4.6</ele>
      </trkpt>
      <trkpt lat="52.506719" lon="4.869421">
        <ele>-4.6</ele>
      </trkpt>
      <trkpt lat="52.506704" lon="4.869418">
        <ele>-4.8</ele>
      </trkpt>
      <trkpt lat="52.506689" lon="4.86941">
        <ele>-5.0</ele>
      </trkpt>
      <trkpt lat="52.506673" lon="4.869405">
        <ele>-5.0</ele>
      </trkpt>
      <trkpt lat="52.506656" lon="4.869398">
        <ele>-5.2</ele>
      </trkpt>
      <trkpt lat="52.506637" lon="4.869392">
        <ele>-5.2</ele>
      </trkpt>
      <trkpt lat="52.50662" lon="4.869389">
        <ele>-5.2</ele>
      </trkpt>
      <trkpt lat="52.506603" lon="4.869377">
        <ele>-5.2</ele>
      </trkpt>
      <trkpt lat="52.506586" lon="4.869373">
        <ele>-5.2</ele>
      </trkpt>
      <trkpt lat="52.50657" lon="4.869364">
        <ele>-5.0</ele>
      </trkpt>
      <trkpt lat="52.506551" lon="4.869358">
        <ele>-5.0</ele>
      </trkpt>
      <trkpt lat="52.506537" lon="4.869357">
        <ele>-4.8</ele>
      </trkpt>
      <trkpt lat="52.506521" lon="4.869354">
        <ele>-4.8</ele>
      </trkpt>
      <trkpt lat="52.506506" lon="4.869352">
        <ele>-4.8</ele>
      </trkpt>
      <trkpt lat="52.506491" lon="4.86935">
        <ele>-4.8</ele>
      </trkpt>
      <trkpt lat="52.506485" lon="4.869335">
        <ele>-4.8</ele>
      </trkpt>
      <trkpt lat="52.506477" lon="4.869321">
        <ele>-4.8</ele>
      </trkpt>
      <trkpt lat="52.506466" lon="4.86931">
        <ele>-5.2</ele>
      </trkpt>
      <trkpt lat="52.506455" lon="4.869298">
        <ele>-5.4</ele>
      </trkpt>
      <trkpt lat="52.506446" lon="4.869281">
        <ele>-5.6</ele>
      </trkpt>
      <trkpt lat="52.506437" lon="4.869271">
        <ele>-5.6</ele>
      </trkpt>
      <trkpt lat="52.506432" lon="4.869256">
        <ele>-5.6</ele>
      </trkpt>
      <trkpt lat="52.506425" lon="4.869241">
        <ele>-5.8</ele>
      </trkpt>
      <trkpt lat="52.506415" lon="4.869223">
        <ele>-5.8</ele>
      </trkpt>
      <trkpt lat="52.506408" lon="4.869204">
        <ele>-5.8</ele>
      </trkpt>
      <trkpt lat="52.5064" lon="4.869189">
        <ele>-5.6</ele>
      </trkpt>
      <trkpt lat="52.506397" lon="4.869166">
        <ele>-6.0</ele>
      </trkpt>
      <trkpt lat="52.506396" lon="4.869145">
        <ele>-6.4</ele>
      </trkpt>
      <trkpt lat="52.506397" lon="4.869119">
        <ele>-5.6</ele>
      </trkpt>
      <trkpt lat="52.506399" lon="4.869092">
        <ele>-5.4</ele>
      </trkpt>
      <trkpt lat="52.506401" lon="4.869066">
        <ele>-5.2</ele>
      </trkpt>
      <trkpt lat="52.506404" lon="4.869042">
        <ele>-5.2</ele>
      </trkpt>
      <trkpt lat="52.506403" lon="4.869019">
        <ele>-5.0</ele>
      </trkpt>
      <trkpt lat="52.506404" lon="4.868991">
        <ele>-5.0</ele>
      </trkpt>
      <trkpt lat="52.506403" lon="4.868968">
        <ele>-5.0</ele>
      </trkpt>
      <trkpt lat="52.506402" lon="4.868941">
        <ele>-5.4</ele>
      </trkpt>
      <trkpt lat="52.506402" lon="4.868918">
        <ele>-5.6</ele>
      </trkpt>
      <trkpt lat="52.506402" lon="4.868894">
        <ele>-5.6</ele>
      </trkpt>
      <trkpt lat="52.506404" lon="4.868866">
        <ele>-5.6</ele>
      </trkpt>
      <trkpt lat="52.506406" lon="4.868847">
        <ele>-5.8</ele>
      </trkpt>
      <trkpt lat="52.506407" lon="4.868825">
        <ele>-5.8</ele>
      </trkpt>
      <trkpt lat="52.506408" lon="4.868801">
        <ele>-6.0</ele>
      </trkpt>
      <trkpt lat="52.506409" lon="4.868785">
        <ele>-6.0</ele>
      </trkpt>
      <trkpt lat="52.50641" lon="4.868765">
        <ele>-6.0</ele>
      </trkpt>
      <trkpt lat="52.506411" lon="4.868747">
        <ele>-6.0</ele>
      </trkpt>
      <trkpt lat="52.506413" lon="4.868731">
        <ele>-6.0</ele>
      </trkpt>
      <trkpt lat="52.506412" lon="4.868705">
        <ele>-5.8</ele>
      </trkpt>
      <trkpt lat="52.506413" lon="4.868687">
        <ele>-5.8</ele>
      </trkpt>
      <trkpt lat="52.506412" lon="4.868668">
        <ele>-5.8</ele>
      </trkpt>
      <trkpt lat="52.506413" lon="4.868644">
        <ele>-5.8</ele>
      </trkpt>
      <trkpt lat="52.506414" lon="4.868629">
        <ele>-5.8</ele>
      </trkpt>
      <trkpt lat="52.506413" lon="4.86861">
        <ele>-5.8</ele>
      </trkpt>
      <trkpt lat="52.506412" lon="4.86859">
        <ele>-5.8</ele>
      </trkpt>
      <trkpt lat="52.506407" lon="4.868574">
        <ele>-5.8</ele>
      </trkpt>
      <trkpt lat="52.506406" lon="4.868552">
        <ele>-5.8</ele>
      </trkpt>
      <trkpt lat="52.506405" lon="4.868536">
        <ele>-5.8</ele>
      </trkpt>
      <trkpt lat="52.506403" lon="4.868515">
        <ele>-5.6</ele>
      </trkpt>
      <trkpt lat="52.506401" lon="4.868492">
        <ele>-5.6</ele>
      </trkpt>
      <trkpt lat="52.506398" lon="4.868476">
        <ele>-5.6</ele>
      </trkpt>
      <trkpt lat="52.506397" lon="4.868455">
        <ele>-5.4</ele>
      </trkpt>
      <trkpt lat="52.506396" lon="4.868437">
        <ele>-5.6</ele>
      </trkpt>
      <trkpt lat="52.506394" lon="4.868419">
        <ele>-5.4</ele>
      </trkpt>
      <trkpt lat="52.506391" lon="4.868395">
        <ele>-5.6</ele>
      </trkpt>
      <trkpt lat="52.506389" lon="4.868379">
        <ele>-5.6</ele>
      </trkpt>
      <trkpt lat="52.506389" lon="4.868359">
        <ele>-5.6</ele>
      </trkpt>
      <trkpt lat="52.506387" lon="4.86834">
        <ele>-5.8</ele>
      </trkpt>
      <trkpt lat="52.506386" lon="4.868326">
        <ele>-5.8</ele>
      </trkpt>
      <trkpt lat="52.506384" lon="4.86831">
        <ele>-5.8</ele>
      </trkpt>
      <trkpt lat="52.506383" lon="4.868295">
        <ele>-5.8</ele>
      </trkpt>
      <trkpt lat="52.506382" lon="4.868282">
        <ele>-5.6</ele>
      </trkpt>
      <trkpt lat="52.506382" lon="4.868272">
        <ele>-5.6</ele>
      </trkpt>
      <trkpt lat="52.506381" lon="4.868262">
        <ele>-5.8</ele>
      </trkpt>
      <trkpt lat="52.50638" lon="4.868254">
        <ele>-5.6</ele>
      </trkpt>
      <trkpt lat="52.506381" lon="4.868241">
        <ele>-5.6</ele>
      </trkpt>
      <trkpt lat="52.50638" lon="4.868227">
        <ele>-5.6</ele>
      </trkpt>
      <trkpt lat="52.506379" lon="4.868219">
        <ele>-5.6</ele>
      </trkpt>
      <trkpt lat="52.506378" lon="4.86821">
        <ele>-5.6</ele>
      </trkpt>
      <trkpt lat="52.506378" lon="4.868198">
        <ele>-6.0</ele>
      </trkpt>
      <trkpt lat="52.506379" lon="4.868187">
        <ele>-6.0</ele>
      </trkpt>
      <trkpt lat="52.50638" lon="4.868179">
        <ele>-6.0</ele>
      </trkpt>
      <trkpt lat="52.50638" lon="4.868168">
        <ele>-6.0</ele>
      </trkpt>
      <trkpt lat="52.506381" lon="4.868157">
        <ele>-6.0</ele>
      </trkpt>
      <trkpt lat="52.506381" lon="4.868154">
        <ele>-6.0</ele>
      </trkpt>
      <trkpt lat="52.506382" lon="4.868142">
        <ele>-5.6</ele>
      </trkpt>
      <trkpt lat="52.506381" lon="4.868127">
        <ele>-5.4</ele>
      </trkpt>
      <trkpt lat="52.506381" lon="4.86812">
        <ele>-5.0</ele>
      </trkpt>
      <trkpt lat="52.506379" lon="4.868105">
        <ele>-5.0</ele>
      </trkpt>
      <trkpt lat="52.506377" lon="4.868086">
        <ele>-5.0</ele>
      </trkpt>
      <trkpt lat="52.506374" lon="4.868076">
        <ele>-5.0</ele>
      </trkpt>
      <trkpt lat="52.506373" lon="4.868065">
        <ele>-5.0</ele>
      </trkpt>
      <trkpt lat="52.506371" lon="4.868049">
        <ele>-5.2</ele>
      </trkpt>
      <trkpt lat="52.50637" lon="4.868037">
        <ele>-5.2</ele>
      </trkpt>
      <trkpt lat="52.506368" lon="4.868025">
        <ele>-6.2</ele>
      </trkpt>
      <trkpt lat="52.506367" lon="4.868008">
        <ele>-6.8</ele>
      </trkpt>
      <trkpt lat="52.506366" lon="4.86799">
        <ele>-6.8</ele>
      </trkpt>
      <trkpt lat="52.506366" lon="4.867972">
        <ele>-6.8</ele>
      </trkpt>
      <trkpt lat="52.506369" lon="4.86795">
        <ele>-7.0</ele>
      </trkpt>
      <trkpt lat="52.506373" lon="4.867933">
        <ele>-7.0</ele>
      </trkpt>
      <trkpt lat="52.506376" lon="4.867913">
        <ele>-6.4</ele>
      </trkpt>
      <trkpt lat="52.506381" lon="4.867894">
        <ele>-5.8</ele>
      </trkpt>
      <trkpt lat="52.506385" lon="4.867873">
        <ele>-5.2</ele>
      </trkpt>
      <trkpt lat="52.506389" lon="4.867851">
        <ele>-5.0</ele>
      </trkpt>
      <trkpt lat="52.506392" lon="4.867832">
        <ele>-5.0</ele>
      </trkpt>
      <trkpt lat="52.506397" lon="4.86781">
        <ele>-4.8</ele>
      </trkpt>
      <trkpt lat="52.5064" lon="4.867791">
        <ele>-4.8</ele>
      </trkpt>
      <trkpt lat="52.506402" lon="4.867769">
        <ele>-4.8</ele>
      </trkpt>
      <trkpt lat="52.506406" lon="4.867749">
        <ele>-4.6</ele>
      </trkpt>
      <trkpt lat="52.506408" lon="4.867731">
        <ele>-4.6</ele>
      </trkpt>
      <trkpt lat="52.506413" lon="4.867711">
        <ele>-4.6</ele>
      </trkpt>
      <trkpt lat="52.506415" lon="4.867697">
        <ele>-5.0</ele>
      </trkpt>
      <trkpt lat="52.506416" lon="4.867683">
        <ele>-4.8</ele>
      </trkpt>
      <trkpt lat="52.506419" lon="4.867665">
        <ele>-5.2</ele>
      </trkpt>
      <trkpt lat="52.506421" lon="4.867656">
        <ele>-5.4</ele>
      </trkpt>
      <trkpt lat="52.506423" lon="4.867647">
        <ele>-5.6</ele>
      </trkpt>
      <trkpt lat="52.506425" lon="4.867634">
        <ele>-5.6</ele>
      </trkpt>
      <trkpt lat="52.506427" lon="4.867622">
        <ele>-5.6</ele>
      </trkpt>
      <trkpt lat="52.506431" lon="4.867614">
        <ele>-5.6</ele>
      </trkpt>
      <trkpt lat="52.506434" lon="4.867602">
        <ele>-5.6</ele>
      </trkpt>
      <trkpt lat="52.506436" lon="4.86759">
        <ele>-5.6</ele>
      </trkpt>
      <trkpt lat="52.506437" lon="4.86758">
        <ele>-5.6</ele>
      </trkpt>
      <trkpt lat="52.50644" lon="4.867575">
        <ele>-5.6</ele>
      </trkpt>
      <trkpt lat="52.506442" lon="4.867569">
        <ele>-5.6</ele>
      </trkpt>
      <trkpt lat="52.506446" lon="4.867562">
        <ele>-5.6</ele>
      </trkpt>
      <trkpt lat="52.506445" lon="4.867558">
        <ele>-5.6</ele>
      </trkpt>
      <trkpt lat="52.506446" lon="4.867555">
        <ele>-5.4</ele>
      </trkpt>
      <trkpt lat="52.506447" lon="4.867551">
        <ele>-5.4</ele>
      </trkpt>
      <trkpt lat="52.506446" lon="4.867548">
        <ele>-5.4</ele>
      </trkpt>
      <trkpt lat="52.506445" lon="4.867543">
        <ele>-5.4</ele>
      </trkpt>
      <trkpt lat="52.506445" lon="4.867539">
        <ele>-5.4</ele>
      </trkpt>
      <trkpt lat="52.506447" lon="4.867535">
        <ele>-5.4</ele>
      </trkpt>
      <trkpt lat="52.506448" lon="4.867534">
        <ele>-5.6</ele>
      </trkpt>
      <trkpt lat="52.506448" lon="4.867533">
        <ele>-5.6</ele>
      </trkpt>
      <trkpt lat="52.506448" lon="4.867531">
        <ele>-5.6</ele>
      </trkpt>
      <trkpt lat="52.506449" lon="4.867528">
        <ele>-5.6</ele>
      </trkpt>
      <trkpt lat="52.506451" lon="4.867527">
        <ele>-5.6</ele>
      </trkpt>
      <trkpt lat="52.506454" lon="4.867525">
        <ele>-5.6</ele>
      </trkpt>
      <trkpt lat="52.506456" lon="4.867523">
        <ele>-5.8</ele>
      </trkpt>
      <trkpt lat="52.506457" lon="4.86752">
        <ele>-5.8</ele>
      </trkpt>
      <trkpt lat="52.50646" lon="4.867519">
        <ele>-6.0</ele>
      </trkpt>
      <trkpt lat="52.506462" lon="4.867519">
        <ele>-6.0</ele>
      </trkpt>
      <trkpt lat="52.506464" lon="4.867519">
        <ele>-6.0</ele>
      </trkpt>
      <trkpt lat="52.506465" lon="4.867517">
        <ele>-5.8</ele>
      </trkpt>
      <trkpt lat="52.506465" lon="4.867516">
        <ele>-5.6</ele>
      </trkpt>
      <trkpt lat="52.506465" lon="4.867515">
        <ele>-5.6</ele>
      </trkpt>
      <trkpt lat="52.506465" lon="4.867514">
        <ele>-5.6</ele>
      </trkpt>
      <trkpt lat="52.506467" lon="4.867514">
        <ele>-5.4</ele>
      </trkpt>
      <trkpt lat="52.50647" lon="4.867515">
        <ele>-5.2</ele>
      </trkpt>
      <trkpt lat="52.506472" lon="4.867516">
        <ele>-5.4</ele>
      </trkpt>
      <trkpt lat="52.506473" lon="4.867515">
        <ele>-5.6</ele>
      </trkpt>
      <trkpt lat="52.506474" lon="4.867516">
        <ele>-5.6</ele>
      </trkpt>
      <trkpt lat="52.506474" lon="4.867516">
        <ele>-5.8</ele>
      </trkpt>
      <trkpt lat="52.506474" lon="4.867516">
        <ele>-5.8</ele>
      </trkpt>
      <trkpt lat="52.506469" lon="4.867517">
        <ele>-6.0</ele>
      </trkpt>
      <trkpt lat="52.506466" lon="4.867521">
        <ele>-6.0</ele>
      </trkpt>
      <trkpt lat="52.506468" lon="4.867521">
        <ele>-5.8</ele>
      </trkpt>
      <trkpt lat="52.506471" lon="4.867521">
        <ele>-5.8</ele>
      </trkpt>
      <trkpt lat="52.506472" lon="4.867521">
        <ele>-6.0</ele>
      </trkpt>
      <trkpt lat="52.506473" lon="4.867521">
        <ele>-5.6</ele>
      </trkpt>
      <trkpt lat="52.506474" lon="4.867521">
        <ele>-5.4</ele>
      </trkpt>
      <trkpt lat="52.506475" lon="4.867522">
        <ele>-5.4</ele>
      </trkpt>
      <trkpt lat="52.506476" lon="4.867522">
        <ele>-5.4</ele>
      </trkpt>
      <trkpt lat="52.506477" lon="4.867522">
        <ele>-5.8</ele>
      </trkpt>
      <trkpt lat="52.506478" lon="4.867523">
        <ele>-5.8</ele>
      </trkpt>
      <trkpt lat="52.50648" lon="4.867523">
        <ele>-5.8</ele>
      </trkpt>
      <trkpt lat="52.506481" lon="4.867523">
        <ele>-5.8</ele>
      </trkpt>
      <trkpt lat="52.506481" lon="4.867524">
        <ele>-5.8</ele>
      </trkpt>
      <trkpt lat="52.506482" lon="4.867525">
        <ele>-5.8</ele>
      </trkpt>
      <trkpt lat="52.506483" lon="4.867525">
        <ele>-6.0</ele>
      </trkpt>
      <trkpt lat="52.506484" lon="4.867525">
        <ele>-6.2</ele>
      </trkpt>
      <trkpt lat="52.506486" lon="4.867524">
        <ele>-6.2</ele>
      </trkpt>
      <trkpt lat="52.506487" lon="4.867524">
        <ele>-6.4</ele>
      </trkpt>
      <trkpt lat="52.506487" lon="4.867523">
        <ele>-6.4</ele>
      </trkpt>
      <trkpt lat="52.506487" lon="4.867523">
        <ele>-6.4</ele>
      </trkpt>
      <trkpt lat="52.506488" lon="4.867524">
        <ele>-6.4</ele>
      </trkpt>
      <trkpt lat="52.506489" lon="4.867524">
        <ele>-6.4</ele>
      </trkpt>
      <trkpt lat="52.506489" lon="4.867525">
        <ele>-6.4</ele>
      </trkpt>
      <trkpt lat="52.506489" lon="4.867526">
        <ele>-6.4</ele>
      </trkpt>
      <trkpt lat="52.506488" lon="4.867527">
        <ele>-6.4</ele>
      </trkpt>
      <trkpt lat="52.506487" lon="4.867529">
        <ele>-6.4</ele>
      </trkpt>
      <trkpt lat="52.506488" lon="4.867529">
        <ele>-6.4</ele>
      </trkpt>
      <trkpt lat="52.506488" lon="4.867531">
        <ele>-6.4</ele>
      </trkpt>
      <trkpt lat="52.506488" lon="4.867533">
        <ele>-6.4</ele>
      </trkpt>
      <trkpt lat="52.506488" lon="4.867535">
        <ele>-6.4</ele>
      </trkpt>
      <trkpt lat="52.506489" lon="4.867539">
        <ele>-6.6</ele>
      </trkpt>
      <trkpt lat="52.506489" lon="4.867544">
        <ele>-6.6</ele>
      </trkpt>
      <trkpt lat="52.50649" lon="4.867546">
        <ele>-6.6</ele>
      </trkpt>
      <trkpt lat="52.506491" lon="4.867547">
        <ele>-6.8</ele>
      </trkpt>
      <trkpt lat="52.506492" lon="4.86755">
        <ele>-6.6</ele>
      </trkpt>
      <trkpt lat="52.506492" lon="4.867553">
        <ele>-6.8</ele>
      </trkpt>
      <trkpt lat="52.506491" lon="4.867556">
        <ele>-6.8</ele>
      </trkpt>
      <trkpt lat="52.506491" lon="4.867558">
        <ele>-6.6</ele>
      </trkpt>
      <trkpt lat="52.50649" lon="4.867561">
        <ele>-6.6</ele>
      </trkpt>
      <trkpt lat="52.50649" lon="4.867562">
        <ele>-6.6</ele>
      </trkpt>
      <trkpt lat="52.50649" lon="4.867561">
        <ele>-6.6</ele>
      </trkpt>
      <trkpt lat="52.506489" lon="4.867561">
        <ele>-6.6</ele>
      </trkpt>
      <trkpt lat="52.506489" lon="4.867561">
        <ele>-6.4</ele>
      </trkpt>
      <trkpt lat="52.506489" lon="4.86756">
        <ele>-6.4</ele>
      </trkpt>
      <trkpt lat="52.506487" lon="4.867561">
        <ele>-6.4</ele>
      </trkpt>
      <trkpt lat="52.506484" lon="4.867563">
        <ele>-6.2</ele>
      </trkpt>
      <trkpt lat="52.506481" lon="4.867565">
        <ele>-6.4</ele>
      </trkpt>
      <trkpt lat="52.506476" lon="4.867568">
        <ele>-6.4</ele>
      </trkpt>
      <trkpt lat="52.506469" lon="4.867569">
        <ele>-6.4</ele>
      </trkpt>
      <trkpt lat="52.506462" lon="4.867572">
        <ele>-6.4</ele>
      </trkpt>
      <trkpt lat="52.506454" lon="4.867574">
        <ele>-6.4</ele>
      </trkpt>
      <trkpt lat="52.506445" lon="4.867575">
        <ele>-6.6</ele>
      </trkpt>
      <trkpt lat="52.506435" lon="4.867575">
        <ele>-6.4</ele>
      </trkpt>
      <trkpt lat="52.506426" lon="4.867576">
        <ele>-6.8</ele>
      </trkpt>
      <trkpt lat="52.506418" lon="4.867575">
        <ele>-6.6</ele>
      </trkpt>
      <trkpt lat="52.506411" lon="4.867573">
        <ele>-6.4</ele>
      </trkpt>
      <trkpt lat="52.506405" lon="4.867568">
        <ele>-6.4</ele>
      </trkpt>
      <trkpt lat="52.506399" lon="4.867564">
        <ele>-6.4</ele>
      </trkpt>
      <trkpt lat="52.506395" lon="4.867554">
        <ele>-6.4</ele>
      </trkpt>
      <trkpt lat="52.506389" lon="4.867548">
        <ele>-6.4</ele>
      </trkpt>
      <trkpt lat="52.506386" lon="4.867543">
        <ele>-6.4</ele>
      </trkpt>
      <trkpt lat="52.506386" lon="4.867533">
        <ele>-6.4</ele>
      </trkpt>
      <trkpt lat="52.506384" lon="4.867524">
        <ele>-6.4</ele>
      </trkpt>
      <trkpt lat="52.506382" lon="4.86752">
        <ele>-6.4</ele>
      </trkpt>
      <trkpt lat="52.506383" lon="4.867524">
        <ele>-6.4</ele>
      </trkpt>
      <trkpt lat="52.506384" lon="4.867523">
        <ele>-6.4</ele>
      </trkpt>
      <trkpt lat="52.506385" lon="4.867527">
        <ele>-6.4</ele>
      </trkpt>
      <trkpt lat="52.506388" lon="4.867533">
        <ele>-6.4</ele>
      </trkpt>
      <trkpt lat="52.506391" lon="4.867539">
        <ele>-6.4</ele>
      </trkpt>
      <trkpt lat="52.506394" lon="4.867549">
        <ele>-6.4</ele>
      </trkpt>
      <trkpt lat="52.506398" lon="4.867553">
        <ele>-6.6</ele>
      </trkpt>
      <trkpt lat="52.5064" lon="4.867553">
        <ele>-6.6</ele>
      </trkpt>
      <trkpt lat="52.5064" lon="4.867559">
        <ele>-6.4</ele>
      </trkpt>
      <trkpt lat="52.506401" lon="4.867567">
        <ele>-6.6</ele>
      </trkpt>
      <trkpt lat="52.506404" lon="4.867568">
        <ele>-6.6</ele>
      </trkpt>
      <trkpt lat="52.506405" lon="4.867567">
        <ele>-6.6</ele>
      </trkpt>
      <trkpt lat="52.506405" lon="4.867564">
        <ele>-6.4</ele>
      </trkpt>
      <trkpt lat="52.506407" lon="4.86756">
        <ele>-6.4</ele>
      </trkpt>
      <trkpt lat="52.506407" lon="4.867559">
        <ele>-6.4</ele>
      </trkpt>
      <trkpt lat="52.506407" lon="4.867563">
        <ele>-6.6</ele>
      </trkpt>
      <trkpt lat="52.506407" lon="4.867571">
        <ele>-6.6</ele>
      </trkpt>
      <trkpt lat="52.506405" lon="4.867579">
        <ele>-6.4</ele>
      </trkpt>
      <trkpt lat="52.506401" lon="4.86759">
        <ele>-6.2</ele>
      </trkpt>
      <trkpt lat="52.506395" lon="4.867601">
        <ele>-6.2</ele>
      </trkpt>
      <trkpt lat="52.506395" lon="4.867612">
        <ele>-6.2</ele>
      </trkpt>
      <trkpt lat="52.506396" lon="4.867619">
        <ele>-6.2</ele>
      </trkpt>
      <trkpt lat="52.506395" lon="4.867628">
        <ele>-6.0</ele>
      </trkpt>
      <trkpt lat="52.506389" lon="4.86764">
        <ele>-6.0</ele>
      </trkpt>
      <trkpt lat="52.506384" lon="4.867651">
        <ele>-6.0</ele>
      </trkpt>
      <trkpt lat="52.506382" lon="4.867661">
        <ele>-6.0</ele>
      </trkpt>
      <trkpt lat="52.506383" lon="4.867664">
        <ele>-6.0</ele>
      </trkpt>
      <trkpt lat="52.506385" lon="4.867668">
        <ele>-6.0</ele>
      </trkpt>
      <trkpt lat="52.506388" lon="4.867671">
        <ele>-6.0</ele>
      </trkpt>
      <trkpt lat="52.50639" lon="4.867672">
        <ele>-6.0</ele>
      </trkpt>
      <trkpt lat="52.506389" lon="4.867675">
        <ele>-6.2</ele>
      </trkpt>
      <trkpt lat="52.506384" lon="4.867681">
        <ele>-6.2</ele>
      </trkpt>
      <trkpt lat="52.506379" lon="4.867685">
        <ele>-6.2</ele>
      </trkpt>
      <trkpt lat="52.506372" lon="4.867689">
        <ele>-6.2</ele>
      </trkpt>
      <trkpt lat="52.506361" lon="4.867695">
        <ele>-6.2</ele>
      </trkpt>
      <trkpt lat="52.506352" lon="4.8677">
        <ele>-6.2</ele>
      </trkpt>
      <trkpt lat="52.506343" lon="4.867704">
        <ele>-6.2</ele>
      </trkpt>
      <trkpt lat="52.506333" lon="4.867709">
        <ele>-6.2</ele>
      </trkpt>
      <trkpt lat="52.506321" lon="4.867712">
        <ele>-6.2</ele>
      </trkpt>
      <trkpt lat="52.506309" lon="4.867716">
        <ele>-6.2</ele>
      </trkpt>
      <trkpt lat="52.506296" lon="4.867719">
        <ele>-6.2</ele>
      </trkpt>
      <trkpt lat="52.506283" lon="4.867723">
        <ele>-6.2</ele>
      </trkpt>
      <trkpt lat="52.506272" lon="4.867722">
        <ele>-6.2</ele>
      </trkpt>
      <trkpt lat="52.506258" lon="4.867724">
        <ele>-6.2</ele>
      </trkpt>
      <trkpt lat="52.506247" lon="4.867723">
        <ele>-6.2</ele>
      </trkpt>
      <trkpt lat="52.506234" lon="4.867721">
        <ele>-6.2</ele>
      </trkpt>
      <trkpt lat="52.506223" lon="4.867718">
        <ele>-6.2</ele>
      </trkpt>
      <trkpt lat="52.50621" lon="4.867712">
        <ele>-6.4</ele>
      </trkpt>
      <trkpt lat="52.506198" lon="4.867708">
        <ele>-6.4</ele>
      </trkpt>
      <trkpt lat="52.506186" lon="4.8677">
        <ele>-6.4</ele>
      </trkpt>
      <trkpt lat="52.506172" lon="4.867696">
        <ele>-6.4</ele>
      </trkpt>
      <trkpt lat="52.50616" lon="4.867688">
        <ele>-6.4</ele>
      </trkpt>
      <trkpt lat="52.506142" lon="4.867682">
        <ele>-6.4</ele>
      </trkpt>
      <trkpt lat="52.506126" lon="4.867676">
        <ele>-6.4</ele>
      </trkpt>
      <trkpt lat="52.506109" lon="4.86767">
        <ele>-6.4</ele>
      </trkpt>
      <trkpt lat="52.506095" lon="4.867666">
        <ele>-6.2</ele>
      </trkpt>
      <trkpt lat="52.50608" lon="4.867662">
        <ele>-6.2</ele>
      </trkpt>
      <trkpt lat="52.506064" lon="4.867657">
        <ele>-6.2</ele>
      </trkpt>
      <trkpt lat="52.506047" lon="4.867652">
        <ele>-6.2</ele>
      </trkpt>
      <trkpt lat="52.50603" lon="4.867647">
        <ele>-6.2</ele>
      </trkpt>
      <trkpt lat="52.506014" lon="4.867637">
        <ele>-6.0</ele>
      </trkpt>
      <trkpt lat="52.505995" lon="4.86763">
        <ele>-6.0</ele>
      </trkpt>
      <trkpt lat="52.50598" lon="4.867621">
        <ele>-6.0</ele>
      </trkpt>
      <trkpt lat="52.505962" lon="4.867614">
        <ele>-6.0</ele>
      </trkpt>
      <trkpt lat="52.505946" lon="4.867603">
        <ele>-6.0</ele>
      </trkpt>
      <trkpt lat="52.505928" lon="4.867597">
        <ele>-6.2</ele>
      </trkpt>
      <trkpt lat="52.505913" lon="4.867588">
        <ele>-6.2</ele>
      </trkpt>
      <trkpt lat="52.505895" lon="4.867584">
        <ele>-6.2</ele>
      </trkpt>
      <trkpt lat="52.505879" lon="4.867579">
        <ele>-6.2</ele>
      </trkpt>
      <trkpt lat="52.505863" lon="4.867571">
        <ele>-6.4</ele>
      </trkpt>
      <trkpt lat="52.505846" lon="4.867567">
        <ele>-6.6</ele>
      </trkpt>
      <trkpt lat="52.505831" lon="4.867558">
        <ele>-6.6</ele>
      </trkpt>
      <trkpt lat="52.505813" lon="4.867553">
        <ele>-6.4</ele>
      </trkpt>
      <trkpt lat="52.505798" lon="4.867545">
        <ele>-6.4</ele>
      </trkpt>
      <trkpt lat="52.505778" lon="4.867541">
        <ele>-6.6</ele>
      </trkpt>
      <trkpt lat="52.505759" lon="4.867534">
        <ele>-6.6</ele>
      </trkpt>
      <trkpt lat="52.505739" lon="4.867528">
        <ele>-6.6</ele>
      </trkpt>
      <trkpt lat="52.505724" lon="4.867525">
        <ele>-6.6</ele>
      </trkpt>
      <trkpt lat="52.505711" lon="4.867515">
        <ele>-6.4</ele>
      </trkpt>
      <trkpt lat="52.505694" lon="4.86751">
        <ele>-6.4</ele>
      </trkpt>
      <trkpt lat="52.505679" lon="4.867503">
        <ele>-6.4</ele>
      </trkpt>
      <trkpt lat="52.50566" lon="4.8675">
        <ele>-6.4</ele>
      </trkpt>
      <trkpt lat="52.505644" lon="4.867496">
        <ele>-6.4</ele>
      </trkpt>
      <trkpt lat="52.505625" lon="4.867492">
        <ele>-6.4</ele>
      </trkpt>
      <trkpt lat="52.505608" lon="4.867489">
        <ele>-6.6</ele>
      </trkpt>
      <trkpt lat="52.505591" lon="4.867482">
        <ele>-6.6</ele>
      </trkpt>
      <trkpt lat="52.505576" lon="4.867476">
        <ele>-6.6</ele>
      </trkpt>
      <trkpt lat="52.505562" lon="4.867467">
        <ele>-6.6</ele>
      </trkpt>
      <trkpt lat="52.505544" lon="4.867465">
        <ele>-6.6</ele>
      </trkpt>
      <trkpt lat="52.505527" lon="4.867461">
        <ele>-6.4</ele>
      </trkpt>
      <trkpt lat="52.505509" lon="4.867459">
        <ele>-6.0</ele>
      </trkpt>
      <trkpt lat="52.505493" lon="4.867459">
        <ele>-5.6</ele>
      </trkpt>
      <trkpt lat="52.505481" lon="4.867451">
        <ele>-5.2</ele>
      </trkpt>
      <trkpt lat="52.505467" lon="4.867448">
        <ele>-5.2</ele>
      </trkpt>
      <trkpt lat="52.505454" lon="4.867444">
        <ele>-5.2</ele>
      </trkpt>
      <trkpt lat="52.505438" lon="4.867439">
        <ele>-5.2</ele>
      </trkpt>
      <trkpt lat="52.505424" lon="4.867434">
        <ele>-5.4</ele>
      </trkpt>
      <trkpt lat="52.505408" lon="4.86743">
        <ele>-5.4</ele>
      </trkpt>
      <trkpt lat="52.505393" lon="4.867432">
        <ele>-5.4</ele>
      </trkpt>
      <trkpt lat="52.505381" lon="4.867423">
        <ele>-5.4</ele>
      </trkpt>
      <trkpt lat="52.505367" lon="4.867422">
        <ele>-5.4</ele>
      </trkpt>
      <trkpt lat="52.505355" lon="4.867416">
        <ele>-5.4</ele>
      </trkpt>
      <trkpt lat="52.50534" lon="4.867412">
        <ele>-5.4</ele>
      </trkpt>
      <trkpt lat="52.505327" lon="4.867406">
        <ele>-5.2</ele>
      </trkpt>
      <trkpt lat="52.50531" lon="4.867404">
        <ele>-5.2</ele>
      </trkpt>
      <trkpt lat="52.505296" lon="4.867397">
        <ele>-5.2</ele>
      </trkpt>
      <trkpt lat="52.50528" lon="4.867394">
        <ele>-5.6</ele>
      </trkpt>
      <trkpt lat="52.505266" lon="4.867384">
        <ele>-5.8</ele>
      </trkpt>
      <trkpt lat="52.505252" lon="4.867377">
        <ele>-5.8</ele>
      </trkpt>
      <trkpt lat="52.50524" lon="4.867373">
        <ele>-6.0</ele>
      </trkpt>
      <trkpt lat="52.505227" lon="4.867365">
        <ele>-6.0</ele>
      </trkpt>
      <trkpt lat="52.505213" lon="4.867361">
        <ele>-6.0</ele>
      </trkpt>
      <trkpt lat="52.505201" lon="4.867354">
        <ele>-6.0</ele>
      </trkpt>
      <trkpt lat="52.505185" lon="4.86735">
        <ele>-6.0</ele>
      </trkpt>
      <trkpt lat="52.50517" lon="4.867345">
        <ele>-6.2</ele>
      </trkpt>
      <trkpt lat="52.505156" lon="4.867338">
        <ele>-6.0</ele>
      </trkpt>
      <trkpt lat="52.505142" lon="4.867332">
        <ele>-6.0</ele>
      </trkpt>
      <trkpt lat="52.505126" lon="4.867325">
        <ele>-6.0</ele>
      </trkpt>
      <trkpt lat="52.505112" lon="4.867319">
        <ele>-6.0</ele>
      </trkpt>
      <trkpt lat="52.505095" lon="4.867311">
        <ele>-6.0</ele>
      </trkpt>
      <trkpt lat="52.505081" lon="4.867306">
        <ele>-6.0</ele>
      </trkpt>
      <trkpt lat="52.505066" lon="4.867298">
        <ele>-6.0</ele>
      </trkpt>
      <trkpt lat="52.505051" lon="4.867294">
        <ele>-6.0</ele>
      </trkpt>
      <trkpt lat="52.505035" lon="4.867289">
        <ele>-6.2</ele>
      </trkpt>
      <trkpt lat="52.505019" lon="4.867286">
        <ele>-6.2</ele>
      </trkpt>
      <trkpt lat="52.505003" lon="4.867282">
        <ele>-6.2</ele>
      </trkpt>
      <trkpt lat="52.504986" lon="4.867275">
        <ele>-6.2</ele>
      </trkpt>
      <trkpt lat="52.504969" lon="4.86727">
        <ele>-6.2</ele>
      </trkpt>
      <trkpt lat="52.504951" lon="4.867262">
        <ele>-6.2</ele>
      </trkpt>
      <trkpt lat="52.504937" lon="4.867258">
        <ele>-6.0</ele>
      </trkpt>
      <trkpt lat="52.50492" lon="4.86725">
        <ele>-5.8</ele>
      </trkpt>
      <trkpt lat="52.504905" lon="4.867246">
        <ele>-5.8</ele>
      </trkpt>
      <trkpt lat="52.50489" lon="4.867238">
        <ele>-5.6</ele>
      </trkpt>
      <trkpt lat="52.504872" lon="4.867234">
        <ele>-5.6</ele>
      </trkpt>
      <trkpt lat="52.504856" lon="4.867227">
        <ele>-5.8</ele>
      </trkpt>
      <trkpt lat="52.50484" lon="4.867219">
        <ele>-5.8</ele>
      </trkpt>
      <trkpt lat="52.504825" lon="4.867213">
        <ele>-6.0</ele>
      </trkpt>
      <trkpt lat="52.504808" lon="4.867207">
        <ele>-6.2</ele>
      </trkpt>
      <trkpt lat="52.504792" lon="4.8672">
        <ele>-6.4</ele>
      </trkpt>
      <trkpt lat="52.504775" lon="4.867192">
        <ele>-6.4</ele>
      </trkpt>
      <trkpt lat="52.504759" lon="4.867191">
        <ele>-6.4</ele>
      </trkpt>
      <trkpt lat="52.504745" lon="4.867182">
        <ele>-6.4</ele>
      </trkpt>
      <trkpt lat="52.504729" lon="4.867177">
        <ele>-6.4</ele>
      </trkpt>
      <trkpt lat="52.504716" lon="4.86717">
        <ele>-6.2</ele>
      </trkpt>
      <trkpt lat="52.504698" lon="4.867165">
        <ele>-6.2</ele>
      </trkpt>
      <trkpt lat="52.504677" lon="4.86716">
        <ele>-6.0</ele>
      </trkpt>
      <trkpt lat="52.504658" lon="4.867149">
        <ele>-6.0</ele>
      </trkpt>
      <trkpt lat="52.504644" lon="4.867144">
        <ele>-6.2</ele>
      </trkpt>
      <trkpt lat="52.504628" lon="4.867135">
        <ele>-6.2</ele>
      </trkpt>
      <trkpt lat="52.504615" lon="4.86713">
        <ele>-6.2</ele>
      </trkpt>
      <trkpt lat="52.5046" lon="4.867122">
        <ele>-6.4</ele>
      </trkpt>
      <trkpt lat="52.504585" lon="4.867118">
        <ele>-6.4</ele>
      </trkpt>
      <trkpt lat="52.504571" lon="4.867109">
        <ele>-6.2</ele>
      </trkpt>
      <trkpt lat="52.504553" lon="4.867098">
        <ele>-6.2</ele>
      </trkpt>
      <trkpt lat="52.50454" lon="4.867094">
        <ele>-6.0</ele>
      </trkpt>
      <trkpt lat="52.504525" lon="4.867083">
        <ele>-6.0</ele>
      </trkpt>
      <trkpt lat="52.504512" lon="4.867076">
        <ele>-5.8</ele>
      </trkpt>
      <trkpt lat="52.504499" lon="4.867066">
        <ele>-5.6</ele>
      </trkpt>
      <trkpt lat="52.504483" lon="4.86706">
        <ele>-5.4</ele>
      </trkpt>
      <trkpt lat="52.504468" lon="4.867053">
        <ele>-5.4</ele>
      </trkpt>
      <trkpt lat="52.504451" lon="4.867048">
        <ele>-5.2</ele>
      </trkpt>
      <trkpt lat="52.504436" lon="4.867042">
        <ele>-5.2</ele>
      </trkpt>
      <trkpt lat="52.504421" lon="4.867035">
        <ele>-5.6</ele>
      </trkpt>
      <trkpt lat="52.504406" lon="4.86703">
        <ele>-6.2</ele>
      </trkpt>
      <trkpt lat="52.504391" lon="4.86702">
        <ele>-6.4</ele>
      </trkpt>
      <trkpt lat="52.50438" lon="4.867013">
        <ele>-6.4</ele>
      </trkpt>
      <trkpt lat="52.50437" lon="4.866996">
        <ele>-6.4</ele>
      </trkpt>
      <trkpt lat="52.504357" lon="4.866987">
        <ele>-6.4</ele>
      </trkpt>
      <trkpt lat="52.504347" lon="4.866972">
        <ele>-6.6</ele>
      </trkpt>
      <trkpt lat="52.504335" lon="4.86696">
        <ele>-6.6</ele>
      </trkpt>
      <trkpt lat="52.504323" lon="4.866951">
        <ele>-6.2</ele>
      </trkpt>
      <trkpt lat="52.504311" lon="4.866935">
        <ele>-6.2</ele>
      </trkpt>
      <trkpt lat="52.5043" lon="4.866925">
        <ele>-6.0</ele>
      </trkpt>
      <trkpt lat="52.504291" lon="4.866911">
        <ele>-6.0</ele>
      </trkpt>
      <trkpt lat="52.50428" lon="4.866898">
        <ele>-6.0</ele>
      </trkpt>
      <trkpt lat="52.50427" lon="4.866885">
        <ele>-6.0</ele>
      </trkpt>
      <trkpt lat="52.50426" lon="4.866872">
        <ele>-6.2</ele>
      </trkpt>
      <trkpt lat="52.504251" lon="4.866863">
        <ele>-6.2</ele>
      </trkpt>
      <trkpt lat="52.504243" lon="4.866848">
        <ele>-6.4</ele>
      </trkpt>
      <trkpt lat="52.504234" lon="4.866839">
        <ele>-6.4</ele>
      </trkpt>
      <trkpt lat="52.504225" lon="4.866825">
        <ele>-6.4</ele>
      </trkpt>
      <trkpt lat="52.504214" lon="4.866813">
        <ele>-6.4</ele>
      </trkpt>
      <trkpt lat="52.504205" lon="4.866801">
        <ele>-6.4</ele>
      </trkpt>
      <trkpt lat="52.504194" lon="4.866784">
        <ele>-6.0</ele>
      </trkpt>
      <trkpt lat="52.504184" lon="4.866779">
        <ele>-6.0</ele>
      </trkpt>
      <trkpt lat="52.504174" lon="4.866766">
        <ele>-6.0</ele>
      </trkpt>
      <trkpt lat="52.504164" lon="4.866754">
        <ele>-5.8</ele>
      </trkpt>
      <trkpt lat="52.504156" lon="4.866735">
        <ele>-5.8</ele>
      </trkpt>
      <trkpt lat="52.504148" lon="4.866719">
        <ele>-5.8</ele>
      </trkpt>
      <trkpt lat="52.50414" lon="4.8667">
        <ele>-5.6</ele>
      </trkpt>
      <trkpt lat="52.504131" lon="4.866682">
        <ele>-5.6</ele>
      </trkpt>
      <trkpt lat="52.504124" lon="4.866662">
        <ele>-5.2</ele>
      </trkpt>
      <trkpt lat="52.504112" lon="4.86664">
        <ele>-5.2</ele>
      </trkpt>
      <trkpt lat="52.504106" lon="4.86662">
        <ele>-5.4</ele>
      </trkpt>
      <trkpt lat="52.504099" lon="4.8666">
        <ele>-5.2</ele>
      </trkpt>
      <trkpt lat="52.504092" lon="4.86658">
        <ele>-5.2</ele>
      </trkpt>
      <trkpt lat="52.504087" lon="4.866558">
        <ele>-5.0</ele>
      </trkpt>
      <trkpt lat="52.50408" lon="4.866539">
        <ele>-5.0</ele>
      </trkpt>
      <trkpt lat="52.504076" lon="4.866517">
        <ele>-5.4</ele>
      </trkpt>
      <trkpt lat="52.504072" lon="4.866497">
        <ele>-5.4</ele>
      </trkpt>
      <trkpt lat="52.504069" lon="4.866474">
        <ele>-5.8</ele>
      </trkpt>
      <trkpt lat="52.504067" lon="4.866455">
        <ele>-6.2</ele>
      </trkpt>
      <trkpt lat="52.504061" lon="4.866434">
        <ele>-6.4</ele>
      </trkpt>
      <trkpt lat="52.504055" lon="4.866411">
        <ele>-6.2</ele>
      </trkpt>
      <trkpt lat="52.504052" lon="4.86639">
        <ele>-6.2</ele>
      </trkpt>
      <trkpt lat="52.504047" lon="4.866366">
        <ele>-6.2</ele>
      </trkpt>
      <trkpt lat="52.504045" lon="4.866347">
        <ele>-6.2</ele>
      </trkpt>
      <trkpt lat="52.504043" lon="4.866324">
        <ele>-6.2</ele>
      </trkpt>
      <trkpt lat="52.504042" lon="4.866305">
        <ele>-6.0</ele>
      </trkpt>
      <trkpt lat="52.504041" lon="4.86628">
        <ele>-6.0</ele>
      </trkpt>
      <trkpt lat="52.50404" lon="4.866261">
        <ele>-5.6</ele>
      </trkpt>
      <trkpt lat="52.504039" lon="4.866238">
        <ele>-6.4</ele>
      </trkpt>
      <trkpt lat="52.504038" lon="4.86622">
        <ele>-5.8</ele>
      </trkpt>
      <trkpt lat="52.504035" lon="4.866198">
        <ele>-6.4</ele>
      </trkpt>
      <trkpt lat="52.504031" lon="4.866176">
        <ele>-5.8</ele>
      </trkpt>
      <trkpt lat="52.50403" lon="4.866156">
        <ele>-5.6</ele>
      </trkpt>
      <trkpt lat="52.504027" lon="4.866136">
        <ele>-5.4</ele>
      </trkpt>
      <trkpt lat="52.504027" lon="4.866116">
        <ele>-5.2</ele>
      </trkpt>
      <trkpt lat="52.504026" lon="4.866096">
        <ele>-5.2</ele>
      </trkpt>
      <trkpt lat="52.504024" lon="4.866076">
        <ele>-5.2</ele>
      </trkpt>
      <trkpt lat="52.504023" lon="4.866053">
        <ele>-5.2</ele>
      </trkpt>
      <trkpt lat="52.504016" lon="4.866037">
        <ele>-5.2</ele>
      </trkpt>
      <trkpt lat="52.504015" lon="4.866014">
        <ele>-5.6</ele>
      </trkpt>
      <trkpt lat="52.504015" lon="4.865994">
        <ele>-5.8</ele>
      </trkpt>
      <trkpt lat="52.504016" lon="4.865971">
        <ele>-6.2</ele>
      </trkpt>
      <trkpt lat="52.504015" lon="4.865952">
        <ele>-6.0</ele>
      </trkpt>
      <trkpt lat="52.504016" lon="4.86593">
        <ele>-6.0</ele>
      </trkpt>
      <trkpt lat="52.504015" lon="4.86591">
        <ele>-5.6</ele>
      </trkpt>
      <trkpt lat="52.504015" lon="4.865888">
        <ele>-6.2</ele>
      </trkpt>
      <trkpt lat="52.504014" lon="4.865865">
        <ele>-6.2</ele>
      </trkpt>
      <trkpt lat="52.504012" lon="4.865843">
        <ele>-6.2</ele>
      </trkpt>
      <trkpt lat="52.504011" lon="4.865819">
        <ele>-6.2</ele>
      </trkpt>
      <trkpt lat="52.504008" lon="4.865799">
        <ele>-6.2</ele>
      </trkpt>
      <trkpt lat="52.504006" lon="4.865775">
        <ele>-6.2</ele>
      </trkpt>
      <trkpt lat="52.504005" lon="4.865754">
        <ele>-6.2</ele>
      </trkpt>
      <trkpt lat="52.504004" lon="4.865728">
        <ele>-6.2</ele>
      </trkpt>
      <trkpt lat="52.504002" lon="4.865704">
        <ele>-6.2</ele>
      </trkpt>
      <trkpt lat="52.504" lon="4.865681">
        <ele>-6.2</ele>
      </trkpt>
      <trkpt lat="52.503997" lon="4.865659">
        <ele>-6.2</ele>
      </trkpt>
      <trkpt lat="52.503996" lon="4.865637">
        <ele>-6.0</ele>
      </trkpt>
      <trkpt lat="52.503995" lon="4.865614">
        <ele>-6.0</ele>
      </trkpt>
      <trkpt lat="52.503992" lon="4.865596">
        <ele>-6.0</ele>
      </trkpt>
      <trkpt lat="52.503993" lon="4.865574">
        <ele>-6.0</ele>
      </trkpt>
      <trkpt lat="52.503992" lon="4.865557">
        <ele>-5.6</ele>
      </trkpt>
      <trkpt lat="52.50399" lon="4.865536">
        <ele>-6.4</ele>
      </trkpt>
      <trkpt lat="52.503988" lon="4.865518">
        <ele>-6.4</ele>
      </trkpt>
      <trkpt lat="52.503983" lon="4.865499">
        <ele>-7.0</ele>
      </trkpt>
      <trkpt lat="52.503981" lon="4.865476">
        <ele>-6.8</ele>
      </trkpt>
      <trkpt lat="52.503976" lon="4.865455">
        <ele>-6.8</ele>
      </trkpt>
      <trkpt lat="52.503974" lon="4.865437">
        <ele>-6.6</ele>
      </trkpt>
      <trkpt lat="52.50397" lon="4.865416">
        <ele>-6.6</ele>
      </trkpt>
      <trkpt lat="52.503968" lon="4.865389">
        <ele>-6.6</ele>
      </trkpt>
      <trkpt lat="52.503965" lon="4.86537">
        <ele>-6.6</ele>
      </trkpt>
      <trkpt lat="52.503962" lon="4.865345">
        <ele>-6.6</ele>
      </trkpt>
      <trkpt lat="52.503959" lon="4.865321">
        <ele>-6.8</ele>
      </trkpt>
      <trkpt lat="52.503959" lon="4.865297">
        <ele>-7.0</ele>
      </trkpt>
      <trkpt lat="52.503958" lon="4.865272">
        <ele>-6.6</ele>
      </trkpt>
      <trkpt lat="52.503958" lon="4.86525">
        <ele>-6.6</ele>
      </trkpt>
      <trkpt lat="52.503956" lon="4.865225">
        <ele>-6.4</ele>
      </trkpt>
      <trkpt lat="52.503952" lon="4.865204">
        <ele>-6.4</ele>
      </trkpt>
      <trkpt lat="52.503949" lon="4.865179">
        <ele>-6.4</ele>
      </trkpt>
      <trkpt lat="52.503947" lon="4.865159">
        <ele>-6.4</ele>
      </trkpt>
      <trkpt lat="52.503944" lon="4.865137">
        <ele>-6.4</ele>
      </trkpt>
      <trkpt lat="52.50394" lon="4.865113">
        <ele>-7.2</ele>
      </trkpt>
      <trkpt lat="52.503938" lon="4.865094">
        <ele>-7.6</ele>
      </trkpt>
      <trkpt lat="52.503938" lon="4.865072">
        <ele>-7.8</ele>
      </trkpt>
      <trkpt lat="52.503934" lon="4.865054">
        <ele>-7.8</ele>
      </trkpt>
      <trkpt lat="52.503932" lon="4.865032">
        <ele>-7.8</ele>
      </trkpt>
      <trkpt lat="52.503929" lon="4.865014">
        <ele>-7.0</ele>
      </trkpt>
      <trkpt lat="52.503927" lon="4.86499">
        <ele>-6.8</ele>
      </trkpt>
      <trkpt lat="52.503924" lon="4.864968">
        <ele>-6.8</ele>
      </trkpt>
      <trkpt lat="52.503925" lon="4.864945">
        <ele>-6.6</ele>
      </trkpt>
      <trkpt lat="52.503923" lon="4.86492">
        <ele>-6.6</ele>
      </trkpt>
      <trkpt lat="52.503923" lon="4.864897">
        <ele>-6.4</ele>
      </trkpt>
      <trkpt lat="52.503923" lon="4.864871">
        <ele>-6.4</ele>
      </trkpt>
      <trkpt lat="52.503922" lon="4.864851">
        <ele>-6.4</ele>
      </trkpt>
      <trkpt lat="52.503923" lon="4.864827">
        <ele>-6.4</ele>
      </trkpt>
      <trkpt lat="52.503922" lon="4.864807">
        <ele>-5.8</ele>
      </trkpt>
      <trkpt lat="52.503922" lon="4.864785">
        <ele>-6.2</ele>
      </trkpt>
      <trkpt lat="52.503921" lon="4.864763">
        <ele>-6.4</ele>
      </trkpt>
      <trkpt lat="52.503919" lon="4.864741">
        <ele>-6.4</ele>
      </trkpt>
      <trkpt lat="52.503916" lon="4.864719">
        <ele>-6.4</ele>
      </trkpt>
      <trkpt lat="52.503913" lon="4.8647">
        <ele>-6.4</ele>
      </trkpt>
      <trkpt lat="52.503912" lon="4.864679">
        <ele>-6.4</ele>
      </trkpt>
      <trkpt lat="52.503911" lon="4.864662">
        <ele>-6.6</ele>
      </trkpt>
      <trkpt lat="52.503909" lon="4.864641">
        <ele>-6.6</ele>
      </trkpt>
      <trkpt lat="52.503907" lon="4.864622">
        <ele>-6.0</ele>
      </trkpt>
      <trkpt lat="52.503905" lon="4.864601">
        <ele>-7.4</ele>
      </trkpt>
      <trkpt lat="52.503903" lon="4.864581">
        <ele>-6.8</ele>
      </trkpt>
      <trkpt lat="52.5039" lon="4.864559">
        <ele>-6.6</ele>
      </trkpt>
      <trkpt lat="52.503896" lon="4.864534">
        <ele>-6.6</ele>
      </trkpt>
      <trkpt lat="52.503892" lon="4.86451">
        <ele>-6.6</ele>
      </trkpt>
      <trkpt lat="52.50389" lon="4.864487">
        <ele>-6.6</ele>
      </trkpt>
      <trkpt lat="52.503888" lon="4.864464">
        <ele>-6.6</ele>
      </trkpt>
      <trkpt lat="52.503886" lon="4.86444">
        <ele>-6.6</ele>
      </trkpt>
      <trkpt lat="52.503884" lon="4.864419">
        <ele>-6.6</ele>
      </trkpt>
      <trkpt lat="52.503884" lon="4.864396">
        <ele>-7.0</ele>
      </trkpt>
      <trkpt lat="52.503882" lon="4.864377">
        <ele>-6.6</ele>
      </trkpt>
      <trkpt lat="52.503881" lon="4.864355">
        <ele>-7.4</ele>
      </trkpt>
      <trkpt lat="52.503879" lon="4.864336">
        <ele>-6.8</ele>
      </trkpt>
      <trkpt lat="52.503877" lon="4.864313">
        <ele>-6.8</ele>
      </trkpt>
      <trkpt lat="52.503874" lon="4.864291">
        <ele>-6.8</ele>
      </trkpt>
      <trkpt lat="52.503871" lon="4.864271">
        <ele>-6.8</ele>
      </trkpt>
      <trkpt lat="52.503869" lon="4.864247">
        <ele>-6.6</ele>
      </trkpt>
      <trkpt lat="52.503864" lon="4.864226">
        <ele>-6.6</ele>
      </trkpt>
      <trkpt lat="52.50386" lon="4.864202">
        <ele>-6.6</ele>
      </trkpt>
      <trkpt lat="52.503856" lon="4.864183">
        <ele>-6.8</ele>
      </trkpt>
      <trkpt lat="52.503852" lon="4.86416">
        <ele>-6.8</ele>
      </trkpt>
      <trkpt lat="52.503849" lon="4.864134">
        <ele>-7.0</ele>
      </trkpt>
      <trkpt lat="52.503846" lon="4.864111">
        <ele>-7.0</ele>
      </trkpt>
      <trkpt lat="52.503842" lon="4.864087">
        <ele>-7.0</ele>
      </trkpt>
      <trkpt lat="52.503838" lon="4.864063">
        <ele>-7.0</ele>
      </trkpt>
      <trkpt lat="52.503834" lon="4.864039">
        <ele>-7.0</ele>
      </trkpt>
      <trkpt lat="52.503828" lon="4.864017">
        <ele>-6.8</ele>
      </trkpt>
      <trkpt lat="52.503824" lon="4.863993">
        <ele>-6.8</ele>
      </trkpt>
      <trkpt lat="52.50382" lon="4.863974">
        <ele>-6.8</ele>
      </trkpt>
      <trkpt lat="52.503815" lon="4.863949">
        <ele>-6.8</ele>
      </trkpt>
      <trkpt lat="52.503809" lon="4.863927">
        <ele>-7.0</ele>
      </trkpt>
      <trkpt lat="52.503805" lon="4.863907">
        <ele>-7.0</ele>
      </trkpt>
      <trkpt lat="52.5038" lon="4.86388">
        <ele>-7.0</ele>
      </trkpt>
      <trkpt lat="52.503795" lon="4.863861">
        <ele>-7.0</ele>
      </trkpt>
      <trkpt lat="52.503792" lon="4.863838">
        <ele>-7.0</ele>
      </trkpt>
      <trkpt lat="52.503787" lon="4.863817">
        <ele>-7.0</ele>
      </trkpt>
      <trkpt lat="52.503785" lon="4.863792">
        <ele>-7.0</ele>
      </trkpt>
      <trkpt lat="52.503783" lon="4.86377">
        <ele>-7.0</ele>
      </trkpt>
      <trkpt lat="52.503779" lon="4.863748">
        <ele>-7.0</ele>
      </trkpt>
      <trkpt lat="52.503776" lon="4.863724">
        <ele>-7.0</ele>
      </trkpt>
      <trkpt lat="52.503776" lon="4.863703">
        <ele>-6.8</ele>
      </trkpt>
      <trkpt lat="52.503773" lon="4.863678">
        <ele>-6.8</ele>
      </trkpt>
      <trkpt lat="52.503768" lon="4.863657">
        <ele>-6.8</ele>
      </trkpt>
      <trkpt lat="52.503765" lon="4.863632">
        <ele>-6.8</ele>
      </trkpt>
      <trkpt lat="52.503762" lon="4.863612">
        <ele>-6.8</ele>
      </trkpt>
      <trkpt lat="52.50376" lon="4.863587">
        <ele>-7.2</ele>
      </trkpt>
      <trkpt lat="52.503756" lon="4.863563">
        <ele>-7.4</ele>
      </trkpt>
      <trkpt lat="52.503754" lon="4.86354">
        <ele>-7.4</ele>
      </trkpt>
      <trkpt lat="52.503752" lon="4.863515">
        <ele>-7.6</ele>
      </trkpt>
      <trkpt lat="52.503747" lon="4.863494">
        <ele>-7.6</ele>
      </trkpt>
      <trkpt lat="52.503744" lon="4.863469">
        <ele>-7.6</ele>
      </trkpt>
      <trkpt lat="52.503741" lon="4.863451">
        <ele>-7.6</ele>
      </trkpt>
      <trkpt lat="52.503738" lon="4.86343">
        <ele>-7.6</ele>
      </trkpt>
      <trkpt lat="52.503736" lon="4.863409">
        <ele>-7.8</ele>
      </trkpt>
      <trkpt lat="52.503735" lon="4.86339">
        <ele>-7.8</ele>
      </trkpt>
      <trkpt lat="52.503735" lon="4.863366">
        <ele>-7.8</ele>
      </trkpt>
      <trkpt lat="52.503733" lon="4.863347">
        <ele>-7.8</ele>
      </trkpt>
      <trkpt lat="52.503734" lon="4.863326">
        <ele>-8.0</ele>
      </trkpt>
      <trkpt lat="52.503733" lon="4.863308">
        <ele>-8.0</ele>
      </trkpt>
      <trkpt lat="52.50373" lon="4.863285">
        <ele>-8.0</ele>
      </trkpt>
      <trkpt lat="52.503728" lon="4.863264">
        <ele>-7.8</ele>
      </trkpt>
      <trkpt lat="52.503726" lon="4.863241">
        <ele>-7.8</ele>
      </trkpt>
      <trkpt lat="52.503725" lon="4.863215">
        <ele>-7.8</ele>
      </trkpt>
      <trkpt lat="52.503721" lon="4.863196">
        <ele>-7.8</ele>
      </trkpt>
      <trkpt lat="52.50372" lon="4.863172">
        <ele>-7.4</ele>
      </trkpt>
      <trkpt lat="52.503718" lon="4.863153">
        <ele>-6.8</ele>
      </trkpt>
      <trkpt lat="52.50372" lon="4.86313">
        <ele>-6.6</ele>
      </trkpt>
      <trkpt lat="52.503721" lon="4.863107">
        <ele>-6.4</ele>
      </trkpt>
      <trkpt lat="52.50372" lon="4.863085">
        <ele>-6.8</ele>
      </trkpt>
      <trkpt lat="52.50372" lon="4.863063">
        <ele>-7.0</ele>
      </trkpt>
      <trkpt lat="52.503718" lon="4.863041">
        <ele>-7.2</ele>
      </trkpt>
      <trkpt lat="52.503716" lon="4.863017">
        <ele>-7.4</ele>
      </trkpt>
      <trkpt lat="52.503715" lon="4.862997">
        <ele>-7.6</ele>
      </trkpt>
      <trkpt lat="52.503714" lon="4.862974">
        <ele>-7.6</ele>
      </trkpt>
      <trkpt lat="52.503712" lon="4.862954">
        <ele>-7.4</ele>
      </trkpt>
      <trkpt lat="52.503711" lon="4.862929">
        <ele>-7.4</ele>
      </trkpt>
      <trkpt lat="52.503708" lon="4.862906">
        <ele>-7.4</ele>
      </trkpt>
      <trkpt lat="52.503705" lon="4.862883">
        <ele>-7.0</ele>
      </trkpt>
      <trkpt lat="52.5037" lon="4.862859">
        <ele>-6.8</ele>
      </trkpt>
      <trkpt lat="52.503694" lon="4.862838">
        <ele>-6.8</ele>
      </trkpt>
      <trkpt lat="52.503694" lon="4.86281">
        <ele>-6.6</ele>
      </trkpt>
      <trkpt lat="52.503692" lon="4.862789">
        <ele>-6.6</ele>
      </trkpt>
      <trkpt lat="52.503692" lon="4.862765">
        <ele>-6.6</ele>
      </trkpt>
      <trkpt lat="52.50369" lon="4.862745">
        <ele>-6.6</ele>
      </trkpt>
      <trkpt lat="52.503688" lon="4.862723">
        <ele>-6.8</ele>
      </trkpt>
      <trkpt lat="52.503686" lon="4.862699">
        <ele>-6.8</ele>
      </trkpt>
      <trkpt lat="52.503682" lon="4.862681">
        <ele>-6.8</ele>
      </trkpt>
      <trkpt lat="52.503681" lon="4.862656">
        <ele>-6.8</ele>
      </trkpt>
      <trkpt lat="52.503678" lon="4.862636">
        <ele>-6.8</ele>
      </trkpt>
      <trkpt lat="52.503679" lon="4.862613">
        <ele>-6.8</ele>
      </trkpt>
      <trkpt lat="52.503676" lon="4.862594">
        <ele>-7.0</ele>
      </trkpt>
      <trkpt lat="52.503675" lon="4.86257">
        <ele>-7.0</ele>
      </trkpt>
      <trkpt lat="52.503672" lon="4.862547">
        <ele>-7.2</ele>
      </trkpt>
      <trkpt lat="52.503669" lon="4.862528">
        <ele>-7.2</ele>
      </trkpt>
      <trkpt lat="52.503671" lon="4.862499">
        <ele>-7.4</ele>
      </trkpt>
      <trkpt lat="52.503671" lon="4.86248">
        <ele>-7.6</ele>
      </trkpt>
      <trkpt lat="52.503674" lon="4.862459">
        <ele>-7.6</ele>
      </trkpt>
      <trkpt lat="52.503674" lon="4.862441">
        <ele>-7.6</ele>
      </trkpt>
      <trkpt lat="52.503676" lon="4.862421">
        <ele>-7.6</ele>
      </trkpt>
      <trkpt lat="52.503677" lon="4.8624">
        <ele>-7.0</ele>
      </trkpt>
      <trkpt lat="52.503678" lon="4.862375">
        <ele>-7.6</ele>
      </trkpt>
      <trkpt lat="52.503676" lon="4.862354">
        <ele>-8.0</ele>
      </trkpt>
      <trkpt lat="52.503674" lon="4.862336">
        <ele>-8.4</ele>
      </trkpt>
      <trkpt lat="52.503673" lon="4.862314">
        <ele>-8.6</ele>
      </trkpt>
      <trkpt lat="52.503669" lon="4.862295">
        <ele>-8.6</ele>
      </trkpt>
      <trkpt lat="52.503668" lon="4.862272">
        <ele>-8.8</ele>
      </trkpt>
      <trkpt lat="52.503665" lon="4.862253">
        <ele>-8.8</ele>
      </trkpt>
      <trkpt lat="52.503662" lon="4.862231">
        <ele>-8.8</ele>
      </trkpt>
      <trkpt lat="52.503656" lon="4.862214">
        <ele>-8.8</ele>
      </trkpt>
      <trkpt lat="52.50365" lon="4.86219">
        <ele>-8.2</ele>
      </trkpt>
      <trkpt lat="52.503645" lon="4.862167">
        <ele>-7.8</ele>
      </trkpt>
      <trkpt lat="52.503642" lon="4.862146">
        <ele>-7.8</ele>
      </trkpt>
      <trkpt lat="52.503637" lon="4.862121">
        <ele>-7.6</ele>
      </trkpt>
      <trkpt lat="52.503628" lon="4.8621">
        <ele>-7.4</ele>
      </trkpt>
      <trkpt lat="52.503624" lon="4.862075">
        <ele>-7.4</ele>
      </trkpt>
      <trkpt lat="52.50362" lon="4.862055">
        <ele>-7.2</ele>
      </trkpt>
      <trkpt lat="52.503617" lon="4.862033">
        <ele>-7.2</ele>
      </trkpt>
      <trkpt lat="52.503613" lon="4.862014">
        <ele>-7.2</ele>
      </trkpt>
      <trkpt lat="52.503608" lon="4.861997">
        <ele>-7.2</ele>
      </trkpt>
      <trkpt lat="52.503605" lon="4.861974">
        <ele>-7.2</ele>
      </trkpt>
      <trkpt lat="52.503603" lon="4.861949">
        <ele>-7.4</ele>
      </trkpt>
      <trkpt lat="52.5036" lon="4.861928">
        <ele>-7.4</ele>
      </trkpt>
      <trkpt lat="52.503598" lon="4.861908">
        <ele>-7.6</ele>
      </trkpt>
      <trkpt lat="52.503596" lon="4.861888">
        <ele>-7.6</ele>
      </trkpt>
      <trkpt lat="52.503591" lon="4.86187">
        <ele>-7.6</ele>
      </trkpt>
      <trkpt lat="52.503588" lon="4.86185">
        <ele>-7.6</ele>
      </trkpt>
      <trkpt lat="52.503584" lon="4.861833">
        <ele>-7.6</ele>
      </trkpt>
      <trkpt lat="52.503579" lon="4.861813">
        <ele>-8.0</ele>
      </trkpt>
      <trkpt lat="52.503573" lon="4.861797">
        <ele>-7.8</ele>
      </trkpt>
      <trkpt lat="52.503568" lon="4.861771">
        <ele>-7.6</ele>
      </trkpt>
      <trkpt lat="52.503563" lon="4.861747">
        <ele>-7.6</ele>
      </trkpt>
      <trkpt lat="52.503557" lon="4.861731">
        <ele>-7.6</ele>
      </trkpt>
      <trkpt lat="52.503555" lon="4.861707">
        <ele>-7.6</ele>
      </trkpt>
      <trkpt lat="52.503549" lon="4.861691">
        <ele>-6.8</ele>
      </trkpt>
      <trkpt lat="52.503547" lon="4.86167">
        <ele>-6.4</ele>
      </trkpt>
      <trkpt lat="52.503542" lon="4.861654">
        <ele>-6.2</ele>
      </trkpt>
      <trkpt lat="52.503537" lon="4.861634">
        <ele>-7.0</ele>
      </trkpt>
      <trkpt lat="52.503533" lon="4.861616">
        <ele>-6.6</ele>
      </trkpt>
      <trkpt lat="52.503529" lon="4.861596">
        <ele>-6.4</ele>
      </trkpt>
      <trkpt lat="52.503523" lon="4.861576">
        <ele>-6.4</ele>
      </trkpt>
      <trkpt lat="52.503517" lon="4.861557">
        <ele>-6.4</ele>
      </trkpt>
      <trkpt lat="52.503514" lon="4.861536">
        <ele>-6.4</ele>
      </trkpt>
      <trkpt lat="52.503512" lon="4.861518">
        <ele>-6.4</ele>
      </trkpt>
      <trkpt lat="52.503511" lon="4.861498">
        <ele>-6.4</ele>
      </trkpt>
      <trkpt lat="52.503509" lon="4.861478">
        <ele>-6.4</ele>
      </trkpt>
      <trkpt lat="52.503506" lon="4.861456">
        <ele>-6.8</ele>
      </trkpt>
      <trkpt lat="52.503504" lon="4.861436">
        <ele>-7.0</ele>
      </trkpt>
      <trkpt lat="52.5035" lon="4.861415">
        <ele>-7.0</ele>
      </trkpt>
      <trkpt lat="52.503496" lon="4.861396">
        <ele>-7.0</ele>
      </trkpt>
      <trkpt lat="52.503493" lon="4.861379">
        <ele>-7.0</ele>
      </trkpt>
      <trkpt lat="52.503489" lon="4.861359">
        <ele>-7.0</ele>
      </trkpt>
      <trkpt lat="52.503485" lon="4.861344">
        <ele>-7.0</ele>
      </trkpt>
      <trkpt lat="52.503485" lon="4.861326">
        <ele>-7.0</ele>
      </trkpt>
      <trkpt lat="52.503483" lon="4.861311">
        <ele>-7.0</ele>
      </trkpt>
      <trkpt lat="52.503478" lon="4.861293">
        <ele>-7.0</ele>
      </trkpt>
      <trkpt lat="52.503476" lon="4.861276">
        <ele>-6.6</ele>
      </trkpt>
      <trkpt lat="52.503473" lon="4.861256">
        <ele>-6.6</ele>
      </trkpt>
      <trkpt lat="52.50347" lon="4.861232">
        <ele>-6.6</ele>
      </trkpt>
      <trkpt lat="52.503469" lon="4.861213">
        <ele>-6.8</ele>
      </trkpt>
      <trkpt lat="52.503467" lon="4.861195">
        <ele>-6.8</ele>
      </trkpt>
      <trkpt lat="52.503462" lon="4.861178">
        <ele>-6.8</ele>
      </trkpt>
      <trkpt lat="52.503459" lon="4.861157">
        <ele>-6.8</ele>
      </trkpt>
      <trkpt lat="52.503456" lon="4.861141">
        <ele>-6.8</ele>
      </trkpt>
      <trkpt lat="52.503454" lon="4.86112">
        <ele>-8.0</ele>
      </trkpt>
      <trkpt lat="52.503451" lon="4.861101">
        <ele>-7.6</ele>
      </trkpt>
      <trkpt lat="52.503449" lon="4.861082">
        <ele>-7.4</ele>
      </trkpt>
      <trkpt lat="52.503448" lon="4.861062">
        <ele>-7.4</ele>
      </trkpt>
      <trkpt lat="52.503445" lon="4.861046">
        <ele>-7.4</ele>
      </trkpt>
      <trkpt lat="52.503445" lon="4.861025">
        <ele>-7.4</ele>
      </trkpt>
      <trkpt lat="52.503442" lon="4.86101">
        <ele>-7.4</ele>
      </trkpt>
      <trkpt lat="52.503439" lon="4.860992">
        <ele>-7.4</ele>
      </trkpt>
      <trkpt lat="52.503435" lon="4.860975">
        <ele>-7.8</ele>
      </trkpt>
      <trkpt lat="52.503431" lon="4.860958">
        <ele>-8.4</ele>
      </trkpt>
      <trkpt lat="52.503426" lon="4.860939">
        <ele>-8.8</ele>
      </trkpt>
      <trkpt lat="52.503424" lon="4.860923">
        <ele>-9.0</ele>
      </trkpt>
      <trkpt lat="52.503419" lon="4.860905">
        <ele>-9.0</ele>
      </trkpt>
      <trkpt lat="52.503416" lon="4.860888">
        <ele>-9.2</ele>
      </trkpt>
      <trkpt lat="52.503416" lon="4.86087">
        <ele>-8.8</ele>
      </trkpt>
      <trkpt lat="52.503414" lon="4.860854">
        <ele>-8.6</ele>
      </trkpt>
      <trkpt lat="52.503412" lon="4.860835">
        <ele>-8.6</ele>
      </trkpt>
      <trkpt lat="52.503405" lon="4.860815">
        <ele>-8.6</ele>
      </trkpt>
      <trkpt lat="52.503399" lon="4.860798">
        <ele>-8.6</ele>
      </trkpt>
      <trkpt lat="52.503393" lon="4.860778">
        <ele>-8.6</ele>
      </trkpt>
      <trkpt lat="52.503387" lon="4.86076">
        <ele>-8.6</ele>
      </trkpt>
      <trkpt lat="52.503385" lon="4.860739">
        <ele>-8.6</ele>
      </trkpt>
      <trkpt lat="52.503381" lon="4.860721">
        <ele>-8.6</ele>
      </trkpt>
      <trkpt lat="52.503379" lon="4.8607">
        <ele>-7.6</ele>
      </trkpt>
      <trkpt lat="52.503374" lon="4.860679">
        <ele>-7.2</ele>
      </trkpt>
      <trkpt lat="52.503372" lon="4.860662">
        <ele>-7.0</ele>
      </trkpt>
      <trkpt lat="52.50337" lon="4.860641">
        <ele>-6.8</ele>
      </trkpt>
      <trkpt lat="52.503365" lon="4.860626">
        <ele>-6.8</ele>
      </trkpt>
      <trkpt lat="52.50336" lon="4.860607">
        <ele>-6.8</ele>
      </trkpt>
      <trkpt lat="52.503356" lon="4.86059">
        <ele>-7.6</ele>
      </trkpt>
      <trkpt lat="52.503349" lon="4.860573">
        <ele>-8.0</ele>
      </trkpt>
      <trkpt lat="52.503344" lon="4.860553">
        <ele>-8.0</ele>
      </trkpt>
      <trkpt lat="52.503339" lon="4.860538">
        <ele>-8.0</ele>
      </trkpt>
      <trkpt lat="52.503336" lon="4.860518">
        <ele>-8.0</ele>
      </trkpt>
      <trkpt lat="52.503332" lon="4.860501">
        <ele>-8.0</ele>
      </trkpt>
      <trkpt lat="52.503329" lon="4.860481">
        <ele>-8.0</ele>
      </trkpt>
      <trkpt lat="52.503325" lon="4.86046">
        <ele>-7.8</ele>
      </trkpt>
      <trkpt lat="52.503321" lon="4.860442">
        <ele>-7.4</ele>
      </trkpt>
      <trkpt lat="52.503319" lon="4.86042">
        <ele>-7.0</ele>
      </trkpt>
      <trkpt lat="52.503315" lon="4.860404">
        <ele>-7.0</ele>
      </trkpt>
      <trkpt lat="52.503312" lon="4.860385">
        <ele>-6.8</ele>
      </trkpt>
      <trkpt lat="52.503308" lon="4.86037">
        <ele>-6.8</ele>
      </trkpt>
      <trkpt lat="52.503303" lon="4.86035">
        <ele>-7.4</ele>
      </trkpt>
      <trkpt lat="52.503297" lon="4.86033">
        <ele>-7.8</ele>
      </trkpt>
      <trkpt lat="52.503292" lon="4.86031">
        <ele>-8.0</ele>
      </trkpt>
      <trkpt lat="52.503288" lon="4.860287">
        <ele>-8.2</ele>
      </trkpt>
      <trkpt lat="52.503285" lon="4.860272">
        <ele>-8.2</ele>
      </trkpt>
      <trkpt lat="52.503283" lon="4.860251">
        <ele>-8.2</ele>
      </trkpt>
      <trkpt lat="52.50328" lon="4.860232">
        <ele>-8.2</ele>
      </trkpt>
      <trkpt lat="52.503276" lon="4.860213">
        <ele>-8.4</ele>
      </trkpt>
      <trkpt lat="52.503272" lon="4.860193">
        <ele>-8.0</ele>
      </trkpt>
      <trkpt lat="52.503268" lon="4.860172">
        <ele>-8.2</ele>
      </trkpt>
      <trkpt lat="52.503264" lon="4.860149">
        <ele>-8.2</ele>
      </trkpt>
      <trkpt lat="52.503261" lon="4.860132">
        <ele>-8.4</ele>
      </trkpt>
      <trkpt lat="52.503258" lon="4.86011">
        <ele>-8.4</ele>
      </trkpt>
      <trkpt lat="52.503254" lon="4.860091">
        <ele>-8.4</ele>
      </trkpt>
      <trkpt lat="52.503249" lon="4.860068">
        <ele>-8.6</ele>
      </trkpt>
      <trkpt lat="52.503243" lon="4.860048">
        <ele>-8.6</ele>
      </trkpt>
      <trkpt lat="52.503238" lon="4.860026">
        <ele>-8.2</ele>
      </trkpt>
      <trkpt lat="52.503233" lon="4.860005">
        <ele>-8.0</ele>
      </trkpt>
      <trkpt lat="52.503228" lon="4.859984">
        <ele>-8.0</ele>
      </trkpt>
      <trkpt lat="52.503227" lon="4.85996">
        <ele>-8.0</ele>
      </trkpt>
      <trkpt lat="52.503224" lon="4.859942">
        <ele>-8.0</ele>
      </trkpt>
      <trkpt lat="52.503222" lon="4.859921">
        <ele>-8.0</ele>
      </trkpt>
      <trkpt lat="52.50322" lon="4.859901">
        <ele>-7.8</ele>
      </trkpt>
      <trkpt lat="52.503216" lon="4.859881">
        <ele>-8.2</ele>
      </trkpt>
      <trkpt lat="52.503211" lon="4.859862">
        <ele>-8.2</ele>
      </trkpt>
      <trkpt lat="52.503209" lon="4.859839">
        <ele>-8.2</ele>
      </trkpt>
      <trkpt lat="52.503203" lon="4.859817">
        <ele>-8.2</ele>
      </trkpt>
      <trkpt lat="52.503198" lon="4.859799">
        <ele>-8.2</ele>
      </trkpt>
      <trkpt lat="52.503194" lon="4.859777">
        <ele>-8.2</ele>
      </trkpt>
      <trkpt lat="52.50319" lon="4.859762">
        <ele>-8.2</ele>
      </trkpt>
      <trkpt lat="52.503184" lon="4.859743">
        <ele>-8.2</ele>
      </trkpt>
      <trkpt lat="52.503179" lon="4.859723">
        <ele>-8.0</ele>
      </trkpt>
      <trkpt lat="52.503175" lon="4.859699">
        <ele>-7.2</ele>
      </trkpt>
      <trkpt lat="52.503168" lon="4.859676">
        <ele>-7.0</ele>
      </trkpt>
      <trkpt lat="52.503163" lon="4.859656">
        <ele>-7.2</ele>
      </trkpt>
      <trkpt lat="52.503161" lon="4.859633">
        <ele>-7.4</ele>
      </trkpt>
      <trkpt lat="52.503156" lon="4.859615">
        <ele>-7.6</ele>
      </trkpt>
      <trkpt lat="52.503151" lon="4.859593">
        <ele>-7.6</ele>
      </trkpt>
      <trkpt lat="52.503148" lon="4.859574">
        <ele>-7.6</ele>
      </trkpt>
      <trkpt lat="52.503144" lon="4.859551">
        <ele>-8.4</ele>
      </trkpt>
      <trkpt lat="52.503139" lon="4.85953">
        <ele>-8.0</ele>
      </trkpt>
      <trkpt lat="52.503135" lon="4.859509">
        <ele>-7.8</ele>
      </trkpt>
      <trkpt lat="52.503132" lon="4.859488">
        <ele>-7.6</ele>
      </trkpt>
      <trkpt lat="52.503131" lon="4.85947">
        <ele>-7.6</ele>
      </trkpt>
      <trkpt lat="52.503131" lon="4.859447">
        <ele>-7.6</ele>
      </trkpt>
      <trkpt lat="52.503129" lon="4.859427">
        <ele>-7.6</ele>
      </trkpt>
      <trkpt lat="52.503128" lon="4.859405">
        <ele>-7.6</ele>
      </trkpt>
      <trkpt lat="52.503125" lon="4.859387">
        <ele>-7.6</ele>
      </trkpt>
      <trkpt lat="52.50312" lon="4.859363">
        <ele>-7.8</ele>
      </trkpt>
      <trkpt lat="52.503115" lon="4.859343">
        <ele>-8.4</ele>
      </trkpt>
      <trkpt lat="52.503113" lon="4.859323">
        <ele>-8.8</ele>
      </trkpt>
      <trkpt lat="52.503111" lon="4.859301">
        <ele>-9.6</ele>
      </trkpt>
      <trkpt lat="52.503105" lon="4.859282">
        <ele>-10.0</ele>
      </trkpt>
      <trkpt lat="52.503102" lon="4.859259">
        <ele>-9.2</ele>
      </trkpt>
      <trkpt lat="52.503098" lon="4.859238">
        <ele>-9.0</ele>
      </trkpt>
      <trkpt lat="52.503096" lon="4.859215">
        <ele>-8.8</ele>
      </trkpt>
      <trkpt lat="52.503092" lon="4.859192">
        <ele>-8.8</ele>
      </trkpt>
      <trkpt lat="52.50309" lon="4.859166">
        <ele>-8.8</ele>
      </trkpt>
      <trkpt lat="52.503086" lon="4.859144">
        <ele>-8.2</ele>
      </trkpt>
      <trkpt lat="52.50308" lon="4.859127">
        <ele>-8.4</ele>
      </trkpt>
      <trkpt lat="52.503079" lon="4.859106">
        <ele>-8.6</ele>
      </trkpt>
      <trkpt lat="52.503076" lon="4.859088">
        <ele>-8.6</ele>
      </trkpt>
      <trkpt lat="52.503074" lon="4.859065">
        <ele>-8.6</ele>
      </trkpt>
      <trkpt lat="52.503071" lon="4.859045">
        <ele>-8.6</ele>
      </trkpt>
      <trkpt lat="52.503067" lon="4.859023">
        <ele>-8.6</ele>
      </trkpt>
      <trkpt lat="52.503064" lon="4.859">
        <ele>-9.0</ele>
      </trkpt>
      <trkpt lat="52.50306" lon="4.85898">
        <ele>-9.2</ele>
      </trkpt>
      <trkpt lat="52.503058" lon="4.858955">
        <ele>-9.2</ele>
      </trkpt>
      <trkpt lat="52.50305" lon="4.858935">
        <ele>-9.2</ele>
      </trkpt>
      <trkpt lat="52.503047" lon="4.858912">
        <ele>-9.2</ele>
      </trkpt>
      <trkpt lat="52.503045" lon="4.858892">
        <ele>-9.0</ele>
      </trkpt>
      <trkpt lat="52.503042" lon="4.858868">
        <ele>-8.8</ele>
      </trkpt>
      <trkpt lat="52.503037" lon="4.858845">
        <ele>-8.6</ele>
      </trkpt>
      <trkpt lat="52.503032" lon="4.858823">
        <ele>-8.4</ele>
      </trkpt>
      <trkpt lat="52.503029" lon="4.858798">
        <ele>-8.4</ele>
      </trkpt>
      <trkpt lat="52.503025" lon="4.858777">
        <ele>-8.4</ele>
      </trkpt>
      <trkpt lat="52.503025" lon="4.858754">
        <ele>-8.4</ele>
      </trkpt>
      <trkpt lat="52.503022" lon="4.858735">
        <ele>-8.4</ele>
      </trkpt>
      <trkpt lat="52.503019" lon="4.858713">
        <ele>-8.4</ele>
      </trkpt>
      <trkpt lat="52.503017" lon="4.858691">
        <ele>-8.4</ele>
      </trkpt>
      <trkpt lat="52.503013" lon="4.85867">
        <ele>-8.0</ele>
      </trkpt>
      <trkpt lat="52.503009" lon="4.858648">
        <ele>-7.8</ele>
      </trkpt>
      <trkpt lat="52.503007" lon="4.858629">
        <ele>-7.6</ele>
      </trkpt>
      <trkpt lat="52.503007" lon="4.858606">
        <ele>-7.6</ele>
      </trkpt>
      <trkpt lat="52.503005" lon="4.858588">
        <ele>-7.6</ele>
      </trkpt>
      <trkpt lat="52.503005" lon="4.858566">
        <ele>-7.6</ele>
      </trkpt>
      <trkpt lat="52.503004" lon="4.85855">
        <ele>-7.6</ele>
      </trkpt>
      <trkpt lat="52.503" lon="4.85853">
        <ele>-7.8</ele>
      </trkpt>
      <trkpt lat="52.502996" lon="4.858509">
        <ele>-8.6</ele>
      </trkpt>
      <trkpt lat="52.502993" lon="4.858492">
        <ele>-9.0</ele>
      </trkpt>
      <trkpt lat="52.502992" lon="4.858469">
        <ele>-9.2</ele>
      </trkpt>
      <trkpt lat="52.502988" lon="4.858449">
        <ele>-9.2</ele>
      </trkpt>
      <trkpt lat="52.502987" lon="4.858426">
        <ele>-9.2</ele>
      </trkpt>
      <trkpt lat="52.502986" lon="4.858407">
        <ele>-9.2</ele>
      </trkpt>
      <trkpt lat="52.502984" lon="4.858382">
        <ele>-9.2</ele>
      </trkpt>
      <trkpt lat="52.502983" lon="4.858359">
        <ele>-9.2</ele>
      </trkpt>
      <trkpt lat="52.502981" lon="4.858335">
        <ele>-9.0</ele>
      </trkpt>
      <trkpt lat="52.50298" lon="4.858311">
        <ele>-9.0</ele>
      </trkpt>
      <trkpt lat="52.502979" lon="4.858292">
        <ele>-9.0</ele>
      </trkpt>
      <trkpt lat="52.502977" lon="4.858269">
        <ele>-9.0</ele>
      </trkpt>
      <trkpt lat="52.502975" lon="4.85825">
        <ele>-9.0</ele>
      </trkpt>
      <trkpt lat="52.502974" lon="4.858228">
        <ele>-9.0</ele>
      </trkpt>
      <trkpt lat="52.502973" lon="4.858204">
        <ele>-8.8</ele>
      </trkpt>
      <trkpt lat="52.502971" lon="4.858177">
        <ele>-8.6</ele>
      </trkpt>
      <trkpt lat="52.502968" lon="4.85815">
        <ele>-8.4</ele>
      </trkpt>
      <trkpt lat="52.502962" lon="4.858131">
        <ele>-8.4</ele>
      </trkpt>
      <trkpt lat="52.502957" lon="4.858109">
        <ele>-8.4</ele>
      </trkpt>
      <trkpt lat="52.502953" lon="4.858087">
        <ele>-8.4</ele>
      </trkpt>
      <trkpt lat="52.50295" lon="4.858062">
        <ele>-8.4</ele>
      </trkpt>
      <trkpt lat="52.502947" lon="4.858041">
        <ele>-8.2</ele>
      </trkpt>
      <trkpt lat="52.502943" lon="4.858016">
        <ele>-8.2</ele>
      </trkpt>
      <trkpt lat="52.502941" lon="4.857993">
        <ele>-8.2</ele>
      </trkpt>
      <trkpt lat="52.502938" lon="4.85797">
        <ele>-8.2</ele>
      </trkpt>
      <trkpt lat="52.502935" lon="4.857945">
        <ele>-8.4</ele>
      </trkpt>
      <trkpt lat="52.50293" lon="4.857926">
        <ele>-8.6</ele>
      </trkpt>
      <trkpt lat="52.502927" lon="4.857904">
        <ele>-8.6</ele>
      </trkpt>
      <trkpt lat="52.502922" lon="4.857885">
        <ele>-8.6</ele>
      </trkpt>
      <trkpt lat="52.502919" lon="4.857862">
        <ele>-8.8</ele>
      </trkpt>
      <trkpt lat="52.502916" lon="4.857842">
        <ele>-8.8</ele>
      </trkpt>
      <trkpt lat="52.502912" lon="4.85782">
        <ele>-9.0</ele>
      </trkpt>
      <trkpt lat="52.50291" lon="4.857796">
        <ele>-9.0</ele>
      </trkpt>
      <trkpt lat="52.502909" lon="4.857777">
        <ele>-9.0</ele>
      </trkpt>
      <trkpt lat="52.502911" lon="4.857754">
        <ele>-9.0</ele>
      </trkpt>
      <trkpt lat="52.502912" lon="4.857736">
        <ele>-9.0</ele>
      </trkpt>
      <trkpt lat="52.502912" lon="4.857715">
        <ele>-9.0</ele>
      </trkpt>
      <trkpt lat="52.502911" lon="4.857694">
        <ele>-9.2</ele>
      </trkpt>
      <trkpt lat="52.502909" lon="4.857674">
        <ele>-9.4</ele>
      </trkpt>
      <trkpt lat="52.50291" lon="4.85765">
        <ele>-9.0</ele>
      </trkpt>
      <trkpt lat="52.502909" lon="4.85763">
        <ele>-8.6</ele>
      </trkpt>
      <trkpt lat="52.502911" lon="4.857609">
        <ele>-8.6</ele>
      </trkpt>
      <trkpt lat="52.502912" lon="4.857593">
        <ele>-8.6</ele>
      </trkpt>
      <trkpt lat="52.502913" lon="4.857574">
        <ele>-8.4</ele>
      </trkpt>
      <trkpt lat="52.502912" lon="4.857556">
        <ele>-8.4</ele>
      </trkpt>
      <trkpt lat="52.502912" lon="4.857538">
        <ele>-8.4</ele>
      </trkpt>
      <trkpt lat="52.502912" lon="4.857517">
        <ele>-9.0</ele>
      </trkpt>
      <trkpt lat="52.502911" lon="4.857499">
        <ele>-9.4</ele>
      </trkpt>
      <trkpt lat="52.502911" lon="4.857479">
        <ele>-9.6</ele>
      </trkpt>
      <trkpt lat="52.502912" lon="4.857465">
        <ele>-9.6</ele>
      </trkpt>
      <trkpt lat="52.502912" lon="4.857444">
        <ele>-9.2</ele>
      </trkpt>
      <trkpt lat="52.502912" lon="4.857424">
        <ele>-8.4</ele>
      </trkpt>
      <trkpt lat="52.50291" lon="4.857406">
        <ele>-8.0</ele>
      </trkpt>
      <trkpt lat="52.50291" lon="4.857384">
        <ele>-7.8</ele>
      </trkpt>
      <trkpt lat="52.502905" lon="4.857366">
        <ele>-7.8</ele>
      </trkpt>
      <trkpt lat="52.502903" lon="4.857344">
        <ele>-7.6</ele>
      </trkpt>
      <trkpt lat="52.5029" lon="4.857326">
        <ele>-7.6</ele>
      </trkpt>
      <trkpt lat="52.5029" lon="4.857301">
        <ele>-7.6</ele>
      </trkpt>
      <trkpt lat="52.502898" lon="4.857279">
        <ele>-8.0</ele>
      </trkpt>
      <trkpt lat="52.502896" lon="4.857255">
        <ele>-8.2</ele>
      </trkpt>
      <trkpt lat="52.502894" lon="4.857229">
        <ele>-8.4</ele>
      </trkpt>
      <trkpt lat="52.502891" lon="4.857209">
        <ele>-8.4</ele>
      </trkpt>
      <trkpt lat="52.50289" lon="4.857183">
        <ele>-8.4</ele>
      </trkpt>
      <trkpt lat="52.502887" lon="4.857165">
        <ele>-8.6</ele>
      </trkpt>
      <trkpt lat="52.502883" lon="4.857141">
        <ele>-8.6</ele>
      </trkpt>
      <trkpt lat="52.502878" lon="4.857118">
        <ele>-8.8</ele>
      </trkpt>
      <trkpt lat="52.502873" lon="4.857095">
        <ele>-9.0</ele>
      </trkpt>
      <trkpt lat="52.50287" lon="4.857071">
        <ele>-9.0</ele>
      </trkpt>
      <trkpt lat="52.502864" lon="4.85705">
        <ele>-9.0</ele>
      </trkpt>
      <trkpt lat="52.502862" lon="4.857027">
        <ele>-9.2</ele>
      </trkpt>
      <trkpt lat="52.502858" lon="4.857007">
        <ele>-9.2</ele>
      </trkpt>
      <trkpt lat="52.502856" lon="4.856983">
        <ele>-9.2</ele>
      </trkpt>
      <trkpt lat="52.502856" lon="4.856958">
        <ele>-9.2</ele>
      </trkpt>
      <trkpt lat="52.502853" lon="4.856935">
        <ele>-9.2</ele>
      </trkpt>
      <trkpt lat="52.502853" lon="4.856909">
        <ele>-9.2</ele>
      </trkpt>
      <trkpt lat="52.502853" lon="4.856886">
        <ele>-9.2</ele>
      </trkpt>
      <trkpt lat="52.502849" lon="4.856862">
        <ele>-9.2</ele>
      </trkpt>
      <trkpt lat="52.502847" lon="4.856842">
        <ele>-9.2</ele>
      </trkpt>
      <trkpt lat="52.502846" lon="4.856817">
        <ele>-9.2</ele>
      </trkpt>
      <trkpt lat="52.502846" lon="4.856795">
        <ele>-9.0</ele>
      </trkpt>
      <trkpt lat="52.502846" lon="4.856772">
        <ele>-8.8</ele>
      </trkpt>
      <trkpt lat="52.502847" lon="4.856749">
        <ele>-8.6</ele>
      </trkpt>
      <trkpt lat="52.502845" lon="4.856728">
        <ele>-8.6</ele>
      </trkpt>
      <trkpt lat="52.502846" lon="4.856707">
        <ele>-8.4</ele>
      </trkpt>
      <trkpt lat="52.502844" lon="4.856688">
        <ele>-8.6</ele>
      </trkpt>
      <trkpt lat="52.502845" lon="4.856667">
        <ele>-9.0</ele>
      </trkpt>
      <trkpt lat="52.502846" lon="4.856649">
        <ele>-8.8</ele>
      </trkpt>
      <trkpt lat="52.502846" lon="4.856627">
        <ele>-9.6</ele>
      </trkpt>
      <trkpt lat="52.502845" lon="4.856605">
        <ele>-9.4</ele>
      </trkpt>
      <trkpt lat="52.502843" lon="4.856583">
        <ele>-9.4</ele>
      </trkpt>
      <trkpt lat="52.502841" lon="4.856558">
        <ele>-9.2</ele>
      </trkpt>
      <trkpt lat="52.50284" lon="4.856536">
        <ele>-9.2</ele>
      </trkpt>
      <trkpt lat="52.502839" lon="4.856514">
        <ele>-9.2</ele>
      </trkpt>
      <trkpt lat="52.502837" lon="4.856493">
        <ele>-9.2</ele>
      </trkpt>
      <trkpt lat="52.502838" lon="4.856471">
        <ele>-9.2</ele>
      </trkpt>
      <trkpt lat="52.502839" lon="4.856452">
        <ele>-9.0</ele>
      </trkpt>
      <trkpt lat="52.502837" lon="4.856428">
        <ele>-9.4</ele>
      </trkpt>
      <trkpt lat="52.502837" lon="4.856405">
        <ele>-9.2</ele>
      </trkpt>
      <trkpt lat="52.502835" lon="4.856381">
        <ele>-9.2</ele>
      </trkpt>
      <trkpt lat="52.502836" lon="4.856357">
        <ele>-9.2</ele>
      </trkpt>
      <trkpt lat="52.502835" lon="4.856335">
        <ele>-9.2</ele>
      </trkpt>
      <trkpt lat="52.502837" lon="4.856312">
        <ele>-9.2</ele>
      </trkpt>
      <trkpt lat="52.502836" lon="4.85629">
        <ele>-9.2</ele>
      </trkpt>
      <trkpt lat="52.502836" lon="4.856265">
        <ele>-9.2</ele>
      </trkpt>
      <trkpt lat="52.502836" lon="4.856244">
        <ele>-9.2</ele>
      </trkpt>
      <trkpt lat="52.502837" lon="4.85622">
        <ele>-9.4</ele>
      </trkpt>
      <trkpt lat="52.502838" lon="4.856197">
        <ele>-9.6</ele>
      </trkpt>
      <trkpt lat="52.502839" lon="4.856175">
        <ele>-9.6</ele>
      </trkpt>
      <trkpt lat="52.502838" lon="4.856152">
        <ele>-9.6</ele>
      </trkpt>
      <trkpt lat="52.502833" lon="4.85613">
        <ele>-9.6</ele>
      </trkpt>
      <trkpt lat="52.502832" lon="4.856107">
        <ele>-9.6</ele>
      </trkpt>
      <trkpt lat="52.502829" lon="4.856087">
        <ele>-9.6</ele>
      </trkpt>
      <trkpt lat="52.502829" lon="4.856066">
        <ele>-9.6</ele>
      </trkpt>
      <trkpt lat="52.502828" lon="4.856047">
        <ele>-8.8</ele>
      </trkpt>
      <trkpt lat="52.502827" lon="4.856025">
        <ele>-8.8</ele>
      </trkpt>
      <trkpt lat="52.502827" lon="4.856002">
        <ele>-8.6</ele>
      </trkpt>
      <trkpt lat="52.502826" lon="4.855979">
        <ele>-8.6</ele>
      </trkpt>
      <trkpt lat="52.502824" lon="4.855956">
        <ele>-8.6</ele>
      </trkpt>
      <trkpt lat="52.502821" lon="4.855933">
        <ele>-8.6</ele>
      </trkpt>
      <trkpt lat="52.502819" lon="4.855909">
        <ele>-8.6</ele>
      </trkpt>
      <trkpt lat="52.502818" lon="4.855891">
        <ele>-8.6</ele>
      </trkpt>
      <trkpt lat="52.502818" lon="4.855868">
        <ele>-8.8</ele>
      </trkpt>
      <trkpt lat="52.502816" lon="4.855847">
        <ele>-9.2</ele>
      </trkpt>
      <trkpt lat="52.502813" lon="4.855828">
        <ele>-9.2</ele>
      </trkpt>
      <trkpt lat="52.502811" lon="4.855804">
        <ele>-10.2</ele>
      </trkpt>
      <trkpt lat="52.50281" lon="4.855784">
        <ele>-10.6</ele>
      </trkpt>
      <trkpt lat="52.50281" lon="4.855762">
        <ele>-10.6</ele>
      </trkpt>
      <trkpt lat="52.502811" lon="4.855744">
        <ele>-10.6</ele>
      </trkpt>
      <trkpt lat="52.502814" lon="4.855723">
        <ele>-10.6</ele>
      </trkpt>
      <trkpt lat="52.502816" lon="4.855703">
        <ele>-10.4</ele>
      </trkpt>
      <trkpt lat="52.502816" lon="4.855683">
        <ele>-10.4</ele>
      </trkpt>
      <trkpt lat="52.502819" lon="4.855661">
        <ele>-10.4</ele>
      </trkpt>
      <trkpt lat="52.502819" lon="4.855644">
        <ele>-10.4</ele>
      </trkpt>
      <trkpt lat="52.502822" lon="4.855621">
        <ele>-10.4</ele>
      </trkpt>
      <trkpt lat="52.502823" lon="4.855602">
        <ele>-10.4</ele>
      </trkpt>
      <trkpt lat="52.502825" lon="4.85558">
        <ele>-10.4</ele>
      </trkpt>
      <trkpt lat="52.502826" lon="4.855561">
        <ele>-9.4</ele>
      </trkpt>
      <trkpt lat="52.502825" lon="4.855539">
        <ele>-9.0</ele>
      </trkpt>
      <trkpt lat="52.502824" lon="4.855514">
        <ele>-8.8</ele>
      </trkpt>
      <trkpt lat="52.502819" lon="4.855493">
        <ele>-8.8</ele>
      </trkpt>
      <trkpt lat="52.502819" lon="4.855471">
        <ele>-8.6</ele>
      </trkpt>
      <trkpt lat="52.502819" lon="4.855455">
        <ele>-8.6</ele>
      </trkpt>
      <trkpt lat="52.502819" lon="4.855434">
        <ele>-8.6</ele>
      </trkpt>
      <trkpt lat="52.502818" lon="4.855412">
        <ele>-8.4</ele>
      </trkpt>
      <trkpt lat="52.502816" lon="4.855393">
        <ele>-8.4</ele>
      </trkpt>
      <trkpt lat="52.502815" lon="4.85537">
        <ele>-8.4</ele>
      </trkpt>
      <trkpt lat="52.502812" lon="4.855349">
        <ele>-8.4</ele>
      </trkpt>
      <trkpt lat="52.502812" lon="4.855328">
        <ele>-8.4</ele>
      </trkpt>
      <trkpt lat="52.502812" lon="4.855311">
        <ele>-8.4</ele>
      </trkpt>
      <trkpt lat="52.502812" lon="4.85529">
        <ele>-8.4</ele>
      </trkpt>
      <trkpt lat="52.502812" lon="4.85527">
        <ele>-8.8</ele>
      </trkpt>
      <trkpt lat="52.502811" lon="4.855249">
        <ele>-9.0</ele>
      </trkpt>
      <trkpt lat="52.502811" lon="4.855227">
        <ele>-8.6</ele>
      </trkpt>
      <trkpt lat="52.502806" lon="4.855208">
        <ele>-8.2</ele>
      </trkpt>
      <trkpt lat="52.502808" lon="4.855185">
        <ele>-8.2</ele>
      </trkpt>
      <trkpt lat="52.502809" lon="4.855169">
        <ele>-8.0</ele>
      </trkpt>
      <trkpt lat="52.502812" lon="4.855148">
        <ele>-8.0</ele>
      </trkpt>
      <trkpt lat="52.502814" lon="4.855128">
        <ele>-8.0</ele>
      </trkpt>
      <trkpt lat="52.502814" lon="4.855107">
        <ele>-8.0</ele>
      </trkpt>
      <trkpt lat="52.502816" lon="4.855085">
        <ele>-8.6</ele>
      </trkpt>
      <trkpt lat="52.502817" lon="4.855064">
        <ele>-8.8</ele>
      </trkpt>
      <trkpt lat="52.50282" lon="4.855043">
        <ele>-9.0</ele>
      </trkpt>
      <trkpt lat="52.502821" lon="4.855025">
        <ele>-9.0</ele>
      </trkpt>
      <trkpt lat="52.502821" lon="4.855002">
        <ele>-9.0</ele>
      </trkpt>
      <trkpt lat="52.502821" lon="4.85498">
        <ele>-9.2</ele>
      </trkpt>
      <trkpt lat="52.502819" lon="4.85496">
        <ele>-9.4</ele>
      </trkpt>
      <trkpt lat="52.502821" lon="4.854936">
        <ele>-9.4</ele>
      </trkpt>
      <trkpt lat="52.50282" lon="4.85492">
        <ele>-9.4</ele>
      </trkpt>
      <trkpt lat="52.502819" lon="4.854899">
        <ele>-9.4</ele>
      </trkpt>
      <trkpt lat="52.502818" lon="4.854881">
        <ele>-9.4</ele>
      </trkpt>
      <trkpt lat="52.502816" lon="4.85486">
        <ele>-9.0</ele>
      </trkpt>
      <trkpt lat="52.502816" lon="4.854834">
        <ele>-9.0</ele>
      </trkpt>
      <trkpt lat="52.502814" lon="4.854816">
        <ele>-8.8</ele>
      </trkpt>
      <trkpt lat="52.502815" lon="4.854795">
        <ele>-8.8</ele>
      </trkpt>
      <trkpt lat="52.502816" lon="4.854778">
        <ele>-8.8</ele>
      </trkpt>
      <trkpt lat="52.502817" lon="4.854758">
        <ele>-8.8</ele>
      </trkpt>
      <trkpt lat="52.502816" lon="4.854738">
        <ele>-8.8</ele>
      </trkpt>
      <trkpt lat="52.502815" lon="4.854718">
        <ele>-8.8</ele>
      </trkpt>
      <trkpt lat="52.502811" lon="4.854694">
        <ele>-8.6</ele>
      </trkpt>
      <trkpt lat="52.50281" lon="4.854675">
        <ele>-8.6</ele>
      </trkpt>
      <trkpt lat="52.502809" lon="4.854652">
        <ele>-8.6</ele>
      </trkpt>
      <trkpt lat="52.502809" lon="4.854634">
        <ele>-8.6</ele>
      </trkpt>
      <trkpt lat="52.502809" lon="4.854612">
        <ele>-8.6</ele>
      </trkpt>
      <trkpt lat="52.502809" lon="4.85459">
        <ele>-8.6</ele>
      </trkpt>
      <trkpt lat="52.502807" lon="4.854567">
        <ele>-8.6</ele>
      </trkpt>
      <trkpt lat="52.502809" lon="4.854546">
        <ele>-8.6</ele>
      </trkpt>
      <trkpt lat="52.502808" lon="4.854527">
        <ele>-8.6</ele>
      </trkpt>
      <trkpt lat="52.502811" lon="4.854504">
        <ele>-8.6</ele>
      </trkpt>
      <trkpt lat="52.502811" lon="4.854486">
        <ele>-8.6</ele>
      </trkpt>
      <trkpt lat="52.502811" lon="4.854464">
        <ele>-8.4</ele>
      </trkpt>
      <trkpt lat="52.50281" lon="4.854441">
        <ele>-8.4</ele>
      </trkpt>
      <trkpt lat="52.502807" lon="4.85442">
        <ele>-8.2</ele>
      </trkpt>
      <trkpt lat="52.502806" lon="4.854396">
        <ele>-8.2</ele>
      </trkpt>
      <trkpt lat="52.502807" lon="4.854378">
        <ele>-8.2</ele>
      </trkpt>
      <trkpt lat="52.502809" lon="4.854355">
        <ele>-8.2</ele>
      </trkpt>
      <trkpt lat="52.50281" lon="4.854335">
        <ele>-8.2</ele>
      </trkpt>
      <trkpt lat="52.502809" lon="4.854312">
        <ele>-8.2</ele>
      </trkpt>
      <trkpt lat="52.50281" lon="4.854286">
        <ele>-8.2</ele>
      </trkpt>
      <trkpt lat="52.502807" lon="4.854266">
        <ele>-8.4</ele>
      </trkpt>
      <trkpt lat="52.502808" lon="4.854242">
        <ele>-8.4</ele>
      </trkpt>
      <trkpt lat="52.502807" lon="4.854224">
        <ele>-8.4</ele>
      </trkpt>
      <trkpt lat="52.502806" lon="4.854203">
        <ele>-8.4</ele>
      </trkpt>
      <trkpt lat="52.502805" lon="4.85418">
        <ele>-8.4</ele>
      </trkpt>
      <trkpt lat="52.502803" lon="4.854161">
        <ele>-8.6</ele>
      </trkpt>
      <trkpt lat="52.502804" lon="4.854138">
        <ele>-8.8</ele>
      </trkpt>
      <trkpt lat="52.502804" lon="4.854122">
        <ele>-9.0</ele>
      </trkpt>
      <trkpt lat="52.502804" lon="4.8541">
        <ele>-9.0</ele>
      </trkpt>
      <trkpt lat="52.502804" lon="4.854081">
        <ele>-9.0</ele>
      </trkpt>
      <trkpt lat="52.502802" lon="4.85406">
        <ele>-9.0</ele>
      </trkpt>
      <trkpt lat="52.502802" lon="4.854035">
        <ele>-9.0</ele>
      </trkpt>
      <trkpt lat="52.502801" lon="4.854018">
        <ele>-8.4</ele>
      </trkpt>
      <trkpt lat="52.502802" lon="4.853995">
        <ele>-8.0</ele>
      </trkpt>
      <trkpt lat="52.502802" lon="4.853977">
        <ele>-7.8</ele>
      </trkpt>
      <trkpt lat="52.502802" lon="4.853955">
        <ele>-7.6</ele>
      </trkpt>
      <trkpt lat="52.502801" lon="4.853933">
        <ele>-7.6</ele>
      </trkpt>
      <trkpt lat="52.5028" lon="4.853913">
        <ele>-7.6</ele>
      </trkpt>
      <trkpt lat="52.502797" lon="4.853889">
        <ele>-7.6</ele>
      </trkpt>
      <trkpt lat="52.502796" lon="4.853874">
        <ele>-7.6</ele>
      </trkpt>
      <trkpt lat="52.502795" lon="4.853852">
        <ele>-7.6</ele>
      </trkpt>
      <trkpt lat="52.502796" lon="4.853833">
        <ele>-8.4</ele>
      </trkpt>
      <trkpt lat="52.502794" lon="4.853814">
        <ele>-8.8</ele>
      </trkpt>
      <trkpt lat="52.502796" lon="4.853792">
        <ele>-9.2</ele>
      </trkpt>
      <trkpt lat="52.502796" lon="4.853774">
        <ele>-9.2</ele>
      </trkpt>
      <trkpt lat="52.502799" lon="4.853754">
        <ele>-9.2</ele>
      </trkpt>
      <trkpt lat="52.5028" lon="4.853738">
        <ele>-9.4</ele>
      </trkpt>
      <trkpt lat="52.502801" lon="4.853717">
        <ele>-9.4</ele>
      </trkpt>
      <trkpt lat="52.502801" lon="4.853698">
        <ele>-9.0</ele>
      </trkpt>
      <trkpt lat="52.5028" lon="4.853678">
        <ele>-8.8</ele>
      </trkpt>
      <trkpt lat="52.502798" lon="4.853655">
        <ele>-8.8</ele>
      </trkpt>
      <trkpt lat="52.502796" lon="4.85364">
        <ele>-8.8</ele>
      </trkpt>
      <trkpt lat="52.502796" lon="4.853617">
        <ele>-8.8</ele>
      </trkpt>
      <trkpt lat="52.502796" lon="4.8536">
        <ele>-8.8</ele>
      </trkpt>
      <trkpt lat="52.502797" lon="4.85358">
        <ele>-8.8</ele>
      </trkpt>
      <trkpt lat="52.502797" lon="4.853559">
        <ele>-8.8</ele>
      </trkpt>
      <trkpt lat="52.502794" lon="4.853542">
        <ele>-8.8</ele>
      </trkpt>
      <trkpt lat="52.50279" lon="4.853519">
        <ele>-8.8</ele>
      </trkpt>
      <trkpt lat="52.502788" lon="4.853502">
        <ele>-8.8</ele>
      </trkpt>
      <trkpt lat="52.502787" lon="4.853481">
        <ele>-8.8</ele>
      </trkpt>
      <trkpt lat="52.502787" lon="4.853461">
        <ele>-8.8</ele>
      </trkpt>
      <trkpt lat="52.502786" lon="4.85344">
        <ele>-8.4</ele>
      </trkpt>
      <trkpt lat="52.502785" lon="4.85342">
        <ele>-8.2</ele>
      </trkpt>
      <trkpt lat="52.502782" lon="4.853402">
        <ele>-8.0</ele>
      </trkpt>
      <trkpt lat="52.502782" lon="4.853382">
        <ele>-7.8</ele>
      </trkpt>
      <trkpt lat="52.502783" lon="4.853368">
        <ele>-7.8</ele>
      </trkpt>
      <trkpt lat="52.502782" lon="4.85335">
        <ele>-7.8</ele>
      </trkpt>
      <trkpt lat="52.502781" lon="4.853332">
        <ele>-7.6</ele>
      </trkpt>
      <trkpt lat="52.502779" lon="4.853312">
        <ele>-7.8</ele>
      </trkpt>
      <trkpt lat="52.502776" lon="4.853292">
        <ele>-8.0</ele>
      </trkpt>
      <trkpt lat="52.502771" lon="4.853275">
        <ele>-8.0</ele>
      </trkpt>
      <trkpt lat="52.502772" lon="4.853252">
        <ele>-8.2</ele>
      </trkpt>
      <trkpt lat="52.50277" lon="4.853234">
        <ele>-8.2</ele>
      </trkpt>
      <trkpt lat="52.50277" lon="4.853212">
        <ele>-8.2</ele>
      </trkpt>
      <trkpt lat="52.502768" lon="4.85319">
        <ele>-8.4</ele>
      </trkpt>
      <trkpt lat="52.502767" lon="4.853166">
        <ele>-8.6</ele>
      </trkpt>
      <trkpt lat="52.502767" lon="4.853145">
        <ele>-8.6</ele>
      </trkpt>
      <trkpt lat="52.502762" lon="4.853129">
        <ele>-8.6</ele>
      </trkpt>
      <trkpt lat="52.502763" lon="4.85311">
        <ele>-8.6</ele>
      </trkpt>
      <trkpt lat="52.502762" lon="4.853095">
        <ele>-8.6</ele>
      </trkpt>
      <trkpt lat="52.502762" lon="4.853074">
        <ele>-8.6</ele>
      </trkpt>
      <trkpt lat="52.50276" lon="4.853055">
        <ele>-8.0</ele>
      </trkpt>
      <trkpt lat="52.502758" lon="4.853033">
        <ele>-7.8</ele>
      </trkpt>
      <trkpt lat="52.502757" lon="4.85301">
        <ele>-7.6</ele>
      </trkpt>
      <trkpt lat="52.502755" lon="4.852989">
        <ele>-7.6</ele>
      </trkpt>
      <trkpt lat="52.502756" lon="4.852967">
        <ele>-7.6</ele>
      </trkpt>
      <trkpt lat="52.502755" lon="4.852951">
        <ele>-7.6</ele>
      </trkpt>
      <trkpt lat="52.502756" lon="4.852928">
        <ele>-7.6</ele>
      </trkpt>
      <trkpt lat="52.502754" lon="4.852907">
        <ele>-7.6</ele>
      </trkpt>
      <trkpt lat="52.502753" lon="4.852887">
        <ele>-7.6</ele>
      </trkpt>
      <trkpt lat="52.50275" lon="4.852865">
        <ele>-7.6</ele>
      </trkpt>
      <trkpt lat="52.502747" lon="4.85285">
        <ele>-7.6</ele>
      </trkpt>
      <trkpt lat="52.502745" lon="4.852829">
        <ele>-7.6</ele>
      </trkpt>
      <trkpt lat="52.502742" lon="4.852813">
        <ele>-7.8</ele>
      </trkpt>
      <trkpt lat="52.502738" lon="4.852794">
        <ele>-7.8</ele>
      </trkpt>
      <trkpt lat="52.502736" lon="4.85277">
        <ele>-8.0</ele>
      </trkpt>
      <trkpt lat="52.502732" lon="4.852752">
        <ele>-8.0</ele>
      </trkpt>
      <trkpt lat="52.502732" lon="4.852731">
        <ele>-8.0</ele>
      </trkpt>
      <trkpt lat="52.502731" lon="4.852714">
        <ele>-8.0</ele>
      </trkpt>
      <trkpt lat="52.50273" lon="4.852692">
        <ele>-8.0</ele>
      </trkpt>
      <trkpt lat="52.502726" lon="4.85267">
        <ele>-8.0</ele>
      </trkpt>
      <trkpt lat="52.502722" lon="4.85265">
        <ele>-8.2</ele>
      </trkpt>
      <trkpt lat="52.50272" lon="4.852626">
        <ele>-8.2</ele>
      </trkpt>
      <trkpt lat="52.502717" lon="4.852608">
        <ele>-8.2</ele>
      </trkpt>
      <trkpt lat="52.502715" lon="4.852586">
        <ele>-8.2</ele>
      </trkpt>
      <trkpt lat="52.50271" lon="4.852563">
        <ele>-8.4</ele>
      </trkpt>
      <trkpt lat="52.502706" lon="4.852543">
        <ele>-8.6</ele>
      </trkpt>
      <trkpt lat="52.502704" lon="4.852522">
        <ele>-8.6</ele>
      </trkpt>
      <trkpt lat="52.502697" lon="4.852504">
        <ele>-8.6</ele>
      </trkpt>
      <trkpt lat="52.502695" lon="4.852483">
        <ele>-8.6</ele>
      </trkpt>
      <trkpt lat="52.502691" lon="4.852467">
        <ele>-8.6</ele>
      </trkpt>
      <trkpt lat="52.50269" lon="4.852446">
        <ele>-8.4</ele>
      </trkpt>
      <trkpt lat="52.502688" lon="4.852423">
        <ele>-8.2</ele>
      </trkpt>
      <trkpt lat="52.502684" lon="4.852404">
        <ele>-8.0</ele>
      </trkpt>
      <trkpt lat="52.502683" lon="4.852381">
        <ele>-7.8</ele>
      </trkpt>
      <trkpt lat="52.50268" lon="4.852364">
        <ele>-7.6</ele>
      </trkpt>
      <trkpt lat="52.502679" lon="4.852342">
        <ele>-7.6</ele>
      </trkpt>
      <trkpt lat="52.502676" lon="4.852323">
        <ele>-7.6</ele>
      </trkpt>
      <trkpt lat="52.502675" lon="4.852302">
        <ele>-7.6</ele>
      </trkpt>
      <trkpt lat="52.502672" lon="4.852278">
        <ele>-7.6</ele>
      </trkpt>
      <trkpt lat="52.502667" lon="4.852261">
        <ele>-7.8</ele>
      </trkpt>
      <trkpt lat="52.502668" lon="4.852239">
        <ele>-8.0</ele>
      </trkpt>
      <trkpt lat="52.502666" lon="4.852221">
        <ele>-8.0</ele>
      </trkpt>
      <trkpt lat="52.502664" lon="4.852197">
        <ele>-8.0</ele>
      </trkpt>
      <trkpt lat="52.50266" lon="4.852174">
        <ele>-8.2</ele>
      </trkpt>
      <trkpt lat="52.502654" lon="4.852157">
        <ele>-8.4</ele>
      </trkpt>
      <trkpt lat="52.502651" lon="4.852135">
        <ele>-8.4</ele>
      </trkpt>
      <trkpt lat="52.502648" lon="4.852116">
        <ele>-8.4</ele>
      </trkpt>
      <trkpt lat="52.502648" lon="4.852093">
        <ele>-8.4</ele>
      </trkpt>
      <trkpt lat="52.502644" lon="4.852073">
        <ele>-8.4</ele>
      </trkpt>
      <trkpt lat="52.502641" lon="4.85205">
        <ele>-8.2</ele>
      </trkpt>
      <trkpt lat="52.502639" lon="4.852023">
        <ele>-8.0</ele>
      </trkpt>
      <trkpt lat="52.502636" lon="4.852">
        <ele>-8.0</ele>
      </trkpt>
      <trkpt lat="52.502638" lon="4.851977">
        <ele>-8.0</ele>
      </trkpt>
      <trkpt lat="52.502638" lon="4.851956">
        <ele>-8.0</ele>
      </trkpt>
      <trkpt lat="52.50264" lon="4.851932">
        <ele>-7.8</ele>
      </trkpt>
      <trkpt lat="52.502639" lon="4.85191">
        <ele>-8.2</ele>
      </trkpt>
      <trkpt lat="52.502638" lon="4.851888">
        <ele>-8.4</ele>
      </trkpt>
      <trkpt lat="52.502636" lon="4.851864">
        <ele>-8.4</ele>
      </trkpt>
      <trkpt lat="52.502634" lon="4.851845">
        <ele>-8.6</ele>
      </trkpt>
      <trkpt lat="52.502634" lon="4.851825">
        <ele>-8.6</ele>
      </trkpt>
      <trkpt lat="52.502633" lon="4.851808">
        <ele>-8.6</ele>
      </trkpt>
      <trkpt lat="52.502633" lon="4.851782">
        <ele>-8.2</ele>
      </trkpt>
      <trkpt lat="52.502633" lon="4.851759">
        <ele>-8.2</ele>
      </trkpt>
      <trkpt lat="52.502632" lon="4.851735">
        <ele>-8.0</ele>
      </trkpt>
      <trkpt lat="52.50263" lon="4.851712">
        <ele>-8.0</ele>
      </trkpt>
      <trkpt lat="52.502628" lon="4.851694">
        <ele>-8.0</ele>
      </trkpt>
      <trkpt lat="52.502626" lon="4.851675">
        <ele>-8.0</ele>
      </trkpt>
      <trkpt lat="52.502623" lon="4.851653">
        <ele>-8.0</ele>
      </trkpt>
      <trkpt lat="52.502622" lon="4.851632">
        <ele>-8.0</ele>
      </trkpt>
      <trkpt lat="52.502623" lon="4.851611">
        <ele>-8.0</ele>
      </trkpt>
      <trkpt lat="52.502621" lon="4.851591">
        <ele>-8.0</ele>
      </trkpt>
      <trkpt lat="52.502622" lon="4.851571">
        <ele>-8.2</ele>
      </trkpt>
      <trkpt lat="52.502621" lon="4.85155">
        <ele>-8.0</ele>
      </trkpt>
      <trkpt lat="52.502622" lon="4.851525">
        <ele>-8.4</ele>
      </trkpt>
      <trkpt lat="52.502621" lon="4.851504">
        <ele>-8.6</ele>
      </trkpt>
      <trkpt lat="52.502619" lon="4.851482">
        <ele>-8.6</ele>
      </trkpt>
      <trkpt lat="52.502616" lon="4.851458">
        <ele>-8.6</ele>
      </trkpt>
      <trkpt lat="52.502614" lon="4.851439">
        <ele>-8.6</ele>
      </trkpt>
      <trkpt lat="52.502614" lon="4.851416">
        <ele>-8.6</ele>
      </trkpt>
      <trkpt lat="52.502614" lon="4.851398">
        <ele>-8.6</ele>
      </trkpt>
      <trkpt lat="52.502615" lon="4.851377">
        <ele>-8.8</ele>
      </trkpt>
      <trkpt lat="52.502616" lon="4.851355">
        <ele>-8.0</ele>
      </trkpt>
      <trkpt lat="52.502613" lon="4.851333">
        <ele>-7.8</ele>
      </trkpt>
      <trkpt lat="52.502611" lon="4.85131">
        <ele>-7.6</ele>
      </trkpt>
      <trkpt lat="52.502609" lon="4.851291">
        <ele>-7.4</ele>
      </trkpt>
      <trkpt lat="52.502608" lon="4.851273">
        <ele>-7.4</ele>
      </trkpt>
      <trkpt lat="52.502607" lon="4.851256">
        <ele>-7.2</ele>
      </trkpt>
      <trkpt lat="52.502607" lon="4.851235">
        <ele>-7.2</ele>
      </trkpt>
      <trkpt lat="52.502606" lon="4.851218">
        <ele>-7.0</ele>
      </trkpt>
      <trkpt lat="52.502605" lon="4.851194">
        <ele>-7.8</ele>
      </trkpt>
      <trkpt lat="52.502602" lon="4.851172">
        <ele>-7.8</ele>
      </trkpt>
      <trkpt lat="52.502597" lon="4.85115">
        <ele>-7.8</ele>
      </trkpt>
      <trkpt lat="52.502596" lon="4.851128">
        <ele>-7.8</ele>
      </trkpt>
      <trkpt lat="52.502591" lon="4.851107">
        <ele>-7.8</ele>
      </trkpt>
      <trkpt lat="52.502591" lon="4.851088">
        <ele>-7.8</ele>
      </trkpt>
      <trkpt lat="52.502587" lon="4.85107">
        <ele>-7.8</ele>
      </trkpt>
      <trkpt lat="52.502588" lon="4.851051">
        <ele>-7.8</ele>
      </trkpt>
      <trkpt lat="52.502588" lon="4.851033">
        <ele>-7.2</ele>
      </trkpt>
      <trkpt lat="52.502591" lon="4.851013">
        <ele>-7.8</ele>
      </trkpt>
      <trkpt lat="52.502592" lon="4.850996">
        <ele>-8.2</ele>
      </trkpt>
      <trkpt lat="52.502589" lon="4.850978">
        <ele>-8.2</ele>
      </trkpt>
      <trkpt lat="52.502588" lon="4.850961">
        <ele>-8.4</ele>
      </trkpt>
      <trkpt lat="52.502585" lon="4.850944">
        <ele>-8.4</ele>
      </trkpt>
      <trkpt lat="52.502589" lon="4.850925">
        <ele>-8.4</ele>
      </trkpt>
      <trkpt lat="52.502591" lon="4.850908">
        <ele>-8.4</ele>
      </trkpt>
      <trkpt lat="52.502592" lon="4.850887">
        <ele>-8.6</ele>
      </trkpt>
      <trkpt lat="52.502592" lon="4.85087">
        <ele>-7.2</ele>
      </trkpt>
      <trkpt lat="52.502592" lon="4.850848">
        <ele>-6.6</ele>
      </trkpt>
      <trkpt lat="52.50259" lon="4.850826">
        <ele>-6.2</ele>
      </trkpt>
      <trkpt lat="52.502589" lon="4.850805">
        <ele>-6.0</ele>
      </trkpt>
      <trkpt lat="52.502586" lon="4.850782">
        <ele>-6.0</ele>
      </trkpt>
      <trkpt lat="52.502582" lon="4.850763">
        <ele>-6.4</ele>
      </trkpt>
      <trkpt lat="52.502583" lon="4.850741">
        <ele>-6.4</ele>
      </trkpt>
      <trkpt lat="52.502583" lon="4.850723">
        <ele>-6.6</ele>
      </trkpt>
      <trkpt lat="52.502581" lon="4.850701">
        <ele>-7.4</ele>
      </trkpt>
      <trkpt lat="52.50258" lon="4.850682">
        <ele>-7.0</ele>
      </trkpt>
      <trkpt lat="52.502578" lon="4.850661">
        <ele>-7.6</ele>
      </trkpt>
      <trkpt lat="52.502577" lon="4.850639">
        <ele>-8.0</ele>
      </trkpt>
      <trkpt lat="52.502575" lon="4.85062">
        <ele>-8.2</ele>
      </trkpt>
      <trkpt lat="52.502574" lon="4.850597">
        <ele>-8.2</ele>
      </trkpt>
      <trkpt lat="52.502573" lon="4.850579">
        <ele>-8.4</ele>
      </trkpt>
      <trkpt lat="52.502574" lon="4.850556">
        <ele>-8.4</ele>
      </trkpt>
      <trkpt lat="52.502573" lon="4.850539">
        <ele>-8.4</ele>
      </trkpt>
      <trkpt lat="52.502573" lon="4.850519">
        <ele>-8.4</ele>
      </trkpt>
      <trkpt lat="52.502571" lon="4.8505">
        <ele>-8.6</ele>
      </trkpt>
      <trkpt lat="52.502568" lon="4.85048">
        <ele>-8.6</ele>
      </trkpt>
      <trkpt lat="52.502564" lon="4.850459">
        <ele>-8.8</ele>
      </trkpt>
      <trkpt lat="52.502562" lon="4.850442">
        <ele>-8.8</ele>
      </trkpt>
      <trkpt lat="52.502562" lon="4.850422">
        <ele>-8.8</ele>
      </trkpt>
      <trkpt lat="52.50256" lon="4.850406">
        <ele>-8.8</ele>
      </trkpt>
      <trkpt lat="52.50256" lon="4.850386">
        <ele>-8.8</ele>
      </trkpt>
      <trkpt lat="52.502559" lon="4.85037">
        <ele>-8.0</ele>
      </trkpt>
      <trkpt lat="52.502559" lon="4.85035">
        <ele>-8.4</ele>
      </trkpt>
      <trkpt lat="52.502558" lon="4.85033">
        <ele>-8.0</ele>
      </trkpt>
      <trkpt lat="52.502558" lon="4.85031">
        <ele>-7.8</ele>
      </trkpt>
      <trkpt lat="52.502559" lon="4.850288">
        <ele>-7.6</ele>
      </trkpt>
      <trkpt lat="52.502558" lon="4.850271">
        <ele>-7.6</ele>
      </trkpt>
      <trkpt lat="52.502557" lon="4.85025">
        <ele>-7.6</ele>
      </trkpt>
      <trkpt lat="52.502554" lon="4.850233">
        <ele>-7.6</ele>
      </trkpt>
      <trkpt lat="52.502554" lon="4.850212">
        <ele>-7.6</ele>
      </trkpt>
      <trkpt lat="52.502549" lon="4.850193">
        <ele>-7.2</ele>
      </trkpt>
      <trkpt lat="52.502544" lon="4.850174">
        <ele>-7.0</ele>
      </trkpt>
      <trkpt lat="52.50254" lon="4.850156">
        <ele>-7.0</ele>
      </trkpt>
      <trkpt lat="52.502533" lon="4.850139">
        <ele>-7.4</ele>
      </trkpt>
      <trkpt lat="52.50253" lon="4.850118">
        <ele>-7.6</ele>
      </trkpt>
      <trkpt lat="52.502524" lon="4.850103">
        <ele>-7.6</ele>
      </trkpt>
      <trkpt lat="52.502519" lon="4.850085">
        <ele>-7.6</ele>
      </trkpt>
      <trkpt lat="52.502513" lon="4.850069">
        <ele>-7.6</ele>
      </trkpt>
      <trkpt lat="52.502509" lon="4.85005">
        <ele>-8.2</ele>
      </trkpt>
      <trkpt lat="52.502503" lon="4.850031">
        <ele>-8.0</ele>
      </trkpt>
      <trkpt lat="52.502497" lon="4.850011">
        <ele>-8.2</ele>
      </trkpt>
      <trkpt lat="52.502493" lon="4.849991">
        <ele>-8.2</ele>
      </trkpt>
      <trkpt lat="52.502486" lon="4.849975">
        <ele>-8.2</ele>
      </trkpt>
      <trkpt lat="52.502483" lon="4.849956">
        <ele>-8.2</ele>
      </trkpt>
      <trkpt lat="52.502478" lon="4.849941">
        <ele>-8.2</ele>
      </trkpt>
      <trkpt lat="52.502473" lon="4.849922">
        <ele>-8.2</ele>
      </trkpt>
      <trkpt lat="52.502468" lon="4.849903">
        <ele>-8.2</ele>
      </trkpt>
      <trkpt lat="52.50246" lon="4.849886">
        <ele>-7.8</ele>
      </trkpt>
      <trkpt lat="52.502454" lon="4.849864">
        <ele>-7.6</ele>
      </trkpt>
      <trkpt lat="52.502446" lon="4.849846">
        <ele>-7.6</ele>
      </trkpt>
      <trkpt lat="52.502441" lon="4.849823">
        <ele>-7.6</ele>
      </trkpt>
      <trkpt lat="52.502434" lon="4.849802">
        <ele>-7.6</ele>
      </trkpt>
      <trkpt lat="52.502429" lon="4.849778">
        <ele>-7.6</ele>
      </trkpt>
      <trkpt lat="52.502424" lon="4.849756">
        <ele>-7.8</ele>
      </trkpt>
      <trkpt lat="52.502418" lon="4.849733">
        <ele>-7.8</ele>
      </trkpt>
      <trkpt lat="52.502411" lon="4.849709">
        <ele>-8.0</ele>
      </trkpt>
      <trkpt lat="52.502406" lon="4.849687">
        <ele>-8.0</ele>
      </trkpt>
      <trkpt lat="52.502403" lon="4.849664">
        <ele>-7.6</ele>
      </trkpt>
      <trkpt lat="52.502397" lon="4.849644">
        <ele>-7.4</ele>
      </trkpt>
      <trkpt lat="52.502394" lon="4.849624">
        <ele>-7.2</ele>
      </trkpt>
      <trkpt lat="52.50239" lon="4.849607">
        <ele>-7.2</ele>
      </trkpt>
      <trkpt lat="52.502387" lon="4.849581">
        <ele>-7.2</ele>
      </trkpt>
      <trkpt lat="52.502382" lon="4.849559">
        <ele>-7.2</ele>
      </trkpt>
      <trkpt lat="52.502378" lon="4.849538">
        <ele>-7.4</ele>
      </trkpt>
      <trkpt lat="52.502376" lon="4.84951">
        <ele>-7.4</ele>
      </trkpt>
      <trkpt lat="52.502375" lon="4.849488">
        <ele>-7.6</ele>
      </trkpt>
      <trkpt lat="52.502374" lon="4.849464">
        <ele>-7.6</ele>
      </trkpt>
      <trkpt lat="52.502373" lon="4.849447">
        <ele>-7.6</ele>
      </trkpt>
      <trkpt lat="52.502374" lon="4.849423">
        <ele>-7.6</ele>
      </trkpt>
      <trkpt lat="52.502373" lon="4.849406">
        <ele>-7.6</ele>
      </trkpt>
      <trkpt lat="52.502372" lon="4.849384">
        <ele>-7.6</ele>
      </trkpt>
      <trkpt lat="52.502371" lon="4.849365">
        <ele>-7.6</ele>
      </trkpt>
      <trkpt lat="52.50237" lon="4.849347">
        <ele>-8.4</ele>
      </trkpt>
      <trkpt lat="52.502367" lon="4.849325">
        <ele>-8.4</ele>
      </trkpt>
      <trkpt lat="52.502365" lon="4.849309">
        <ele>-8.4</ele>
      </trkpt>
      <trkpt lat="52.502365" lon="4.849289">
        <ele>-8.4</ele>
      </trkpt>
      <trkpt lat="52.502362" lon="4.849274">
        <ele>-8.4</ele>
      </trkpt>
      <trkpt lat="52.502358" lon="4.849254">
        <ele>-8.4</ele>
      </trkpt>
      <trkpt lat="52.502352" lon="4.849236">
        <ele>-8.4</ele>
      </trkpt>
      <trkpt lat="52.502348" lon="4.849221">
        <ele>-7.8</ele>
      </trkpt>
      <trkpt lat="52.502346" lon="4.849202">
        <ele>-7.6</ele>
      </trkpt>
      <trkpt lat="52.50234" lon="4.849188">
        <ele>-7.4</ele>
      </trkpt>
      <trkpt lat="52.502337" lon="4.849166">
        <ele>-7.4</ele>
      </trkpt>
      <trkpt lat="52.502333" lon="4.849147">
        <ele>-7.4</ele>
      </trkpt>
      <trkpt lat="52.502331" lon="4.849125">
        <ele>-7.2</ele>
      </trkpt>
      <trkpt lat="52.502327" lon="4.849101">
        <ele>-7.2</ele>
      </trkpt>
      <trkpt lat="52.502324" lon="4.84908">
        <ele>-7.2</ele>
      </trkpt>
      <trkpt lat="52.502321" lon="4.849061">
        <ele>-7.2</ele>
      </trkpt>
      <trkpt lat="52.502317" lon="4.849046">
        <ele>-7.2</ele>
      </trkpt>
      <trkpt lat="52.502314" lon="4.849025">
        <ele>-7.2</ele>
      </trkpt>
      <trkpt lat="52.502311" lon="4.849004">
        <ele>-7.6</ele>
      </trkpt>
      <trkpt lat="52.502311" lon="4.848981">
        <ele>-7.6</ele>
      </trkpt>
      <trkpt lat="52.502308" lon="4.848956">
        <ele>-8.0</ele>
      </trkpt>
      <trkpt lat="52.502304" lon="4.848936">
        <ele>-8.4</ele>
      </trkpt>
      <trkpt lat="52.502302" lon="4.848912">
        <ele>-8.4</ele>
      </trkpt>
      <trkpt lat="52.502297" lon="4.848891">
        <ele>-8.4</ele>
      </trkpt>
      <trkpt lat="52.502292" lon="4.84887">
        <ele>-7.8</ele>
      </trkpt>
      <trkpt lat="52.502288" lon="4.848843">
        <ele>-7.6</ele>
      </trkpt>
      <trkpt lat="52.502283" lon="4.848823">
        <ele>-7.4</ele>
      </trkpt>
      <trkpt lat="52.502282" lon="4.848798">
        <ele>-7.4</ele>
      </trkpt>
      <trkpt lat="52.502278" lon="4.848778">
        <ele>-7.2</ele>
      </trkpt>
      <trkpt lat="52.502271" lon="4.848759">
        <ele>-7.2</ele>
      </trkpt>
      <trkpt lat="52.502268" lon="4.848736">
        <ele>-7.2</ele>
      </trkpt>
      <trkpt lat="52.502263" lon="4.84872">
        <ele>-7.4</ele>
      </trkpt>
      <trkpt lat="52.502261" lon="4.848701">
        <ele>-7.4</ele>
      </trkpt>
      <trkpt lat="52.502259" lon="4.848681">
        <ele>-7.4</ele>
      </trkpt>
      <trkpt lat="52.502257" lon="4.848663">
        <ele>-7.4</ele>
      </trkpt>
      <trkpt lat="52.502258" lon="4.848644">
        <ele>-7.6</ele>
      </trkpt>
      <trkpt lat="52.502257" lon="4.848626">
        <ele>-7.8</ele>
      </trkpt>
      <trkpt lat="52.502258" lon="4.848605">
        <ele>-8.0</ele>
      </trkpt>
      <trkpt lat="52.502261" lon="4.848585">
        <ele>-8.2</ele>
      </trkpt>
      <trkpt lat="52.50226" lon="4.848573">
        <ele>-8.2</ele>
      </trkpt>
      <trkpt lat="52.502261" lon="4.848559">
        <ele>-8.0</ele>
      </trkpt>
      <trkpt lat="52.502261" lon="4.84854">
        <ele>-8.0</ele>
      </trkpt>
      <trkpt lat="52.502258" lon="4.848522">
        <ele>-7.8</ele>
      </trkpt>
      <trkpt lat="52.502261" lon="4.848501">
        <ele>-7.6</ele>
      </trkpt>
      <trkpt lat="52.502259" lon="4.848484">
        <ele>-7.8</ele>
      </trkpt>
      <trkpt lat="52.502257" lon="4.848466">
        <ele>-7.8</ele>
      </trkpt>
      <trkpt lat="52.502254" lon="4.848445">
        <ele>-7.8</ele>
      </trkpt>
      <trkpt lat="52.502251" lon="4.848427">
        <ele>-8.0</ele>
      </trkpt>
      <trkpt lat="52.502253" lon="4.848404">
        <ele>-8.0</ele>
      </trkpt>
      <trkpt lat="52.50225" lon="4.848387">
        <ele>-8.0</ele>
      </trkpt>
      <trkpt lat="52.502248" lon="4.848369">
        <ele>-7.8</ele>
      </trkpt>
      <trkpt lat="52.502249" lon="4.848347">
        <ele>-7.8</ele>
      </trkpt>
      <trkpt lat="52.502247" lon="4.848333">
        <ele>-7.6</ele>
      </trkpt>
      <trkpt lat="52.502249" lon="4.848314">
        <ele>-7.4</ele>
      </trkpt>
      <trkpt lat="52.502246" lon="4.848296">
        <ele>-8.0</ele>
      </trkpt>
      <trkpt lat="52.502245" lon="4.848281">
        <ele>-7.6</ele>
      </trkpt>
      <trkpt lat="52.502245" lon="4.84826">
        <ele>-8.0</ele>
      </trkpt>
      <trkpt lat="52.502243" lon="4.848244">
        <ele>-8.4</ele>
      </trkpt>
      <trkpt lat="52.502242" lon="4.848224">
        <ele>-7.8</ele>
      </trkpt>
      <trkpt lat="52.50224" lon="4.848203">
        <ele>-8.0</ele>
      </trkpt>
      <trkpt lat="52.502233" lon="4.848189">
        <ele>-7.6</ele>
      </trkpt>
      <trkpt lat="52.502232" lon="4.84817">
        <ele>-7.4</ele>
      </trkpt>
      <trkpt lat="52.502228" lon="4.848152">
        <ele>-7.4</ele>
      </trkpt>
      <trkpt lat="52.502224" lon="4.848133">
        <ele>-7.4</ele>
      </trkpt>
      <trkpt lat="52.50222" lon="4.84811">
        <ele>-7.4</ele>
      </trkpt>
      <trkpt lat="52.502217" lon="4.848096">
        <ele>-7.2</ele>
      </trkpt>
      <trkpt lat="52.502214" lon="4.84808">
        <ele>-7.2</ele>
      </trkpt>
      <trkpt lat="52.502212" lon="4.848063">
        <ele>-7.6</ele>
      </trkpt>
      <trkpt lat="52.502208" lon="4.848049">
        <ele>-7.6</ele>
      </trkpt>
      <trkpt lat="52.502206" lon="4.84803">
        <ele>-7.8</ele>
      </trkpt>
      <trkpt lat="52.502202" lon="4.848014">
        <ele>-7.8</ele>
      </trkpt>
      <trkpt lat="52.502202" lon="4.847998">
        <ele>-7.8</ele>
      </trkpt>
      <trkpt lat="52.502202" lon="4.847979">
        <ele>-7.8</ele>
      </trkpt>
      <trkpt lat="52.502199" lon="4.847968">
        <ele>-7.8</ele>
      </trkpt>
      <trkpt lat="52.502199" lon="4.847949">
        <ele>-8.0</ele>
      </trkpt>
      <trkpt lat="52.502195" lon="4.847929">
        <ele>-8.0</ele>
      </trkpt>
      <trkpt lat="52.502192" lon="4.847915">
        <ele>-8.0</ele>
      </trkpt>
      <trkpt lat="52.502192" lon="4.847895">
        <ele>-7.8</ele>
      </trkpt>
      <trkpt lat="52.502189" lon="4.847878">
        <ele>-8.0</ele>
      </trkpt>
      <trkpt lat="52.502185" lon="4.847864">
        <ele>-8.0</ele>
      </trkpt>
      <trkpt lat="52.502184" lon="4.847844">
        <ele>-8.2</ele>
      </trkpt>
      <trkpt lat="52.502183" lon="4.847826">
        <ele>-8.4</ele>
      </trkpt>
      <trkpt lat="52.502181" lon="4.847811">
        <ele>-8.4</ele>
      </trkpt>
      <trkpt lat="52.502179" lon="4.847798">
        <ele>-8.4</ele>
      </trkpt>
      <trkpt lat="52.502178" lon="4.847786">
        <ele>-8.6</ele>
      </trkpt>
      <trkpt lat="52.502176" lon="4.847767">
        <ele>-8.6</ele>
      </trkpt>
      <trkpt lat="52.502182" lon="4.847746">
        <ele>-8.4</ele>
      </trkpt>
      <trkpt lat="52.50218" lon="4.847728">
        <ele>-8.4</ele>
      </trkpt>
      <trkpt lat="52.502175" lon="4.847718">
        <ele>-8.4</ele>
      </trkpt>
      <trkpt lat="52.50217" lon="4.847711">
        <ele>-8.4</ele>
      </trkpt>
      <trkpt lat="52.502171" lon="4.847702">
        <ele>-8.4</ele>
      </trkpt>
      <trkpt lat="52.502169" lon="4.847697">
        <ele>-8.2</ele>
      </trkpt>
      <trkpt lat="52.502162" lon="4.847685">
        <ele>-8.2</ele>
      </trkpt>
      <trkpt lat="52.502157" lon="4.847669">
        <ele>-8.4</ele>
      </trkpt>
      <trkpt lat="52.50215" lon="4.847661">
        <ele>-8.4</ele>
      </trkpt>
      <trkpt lat="52.502139" lon="4.847653">
        <ele>-8.4</ele>
      </trkpt>
      <trkpt lat="52.502128" lon="4.847643">
        <ele>-8.6</ele>
      </trkpt>
      <trkpt lat="52.502118" lon="4.847635">
        <ele>-8.6</ele>
      </trkpt>
      <trkpt lat="52.502112" lon="4.847624">
        <ele>-8.6</ele>
      </trkpt>
      <trkpt lat="52.502108" lon="4.847613">
        <ele>-8.6</ele>
      </trkpt>
      <trkpt lat="52.502102" lon="4.847605">
        <ele>-8.8</ele>
      </trkpt>
      <trkpt lat="52.502097" lon="4.847599">
        <ele>-9.0</ele>
      </trkpt>
      <trkpt lat="52.502095" lon="4.847588">
        <ele>-9.0</ele>
      </trkpt>
      <trkpt lat="52.502086" lon="4.847583">
        <ele>-9.0</ele>
      </trkpt>
      <trkpt lat="52.50208" lon="4.847578">
        <ele>-9.0</ele>
      </trkpt>
      <trkpt lat="52.502078" lon="4.847571">
        <ele>-9.0</ele>
      </trkpt>
      <trkpt lat="52.502074" lon="4.847564">
        <ele>-8.8</ele>
      </trkpt>
      <trkpt lat="52.50207" lon="4.84756">
        <ele>-8.6</ele>
      </trkpt>
      <trkpt lat="52.502067" lon="4.847557">
        <ele>-8.6</ele>
      </trkpt>
      <trkpt lat="52.502064" lon="4.84755">
        <ele>-8.2</ele>
      </trkpt>
      <trkpt lat="52.502059" lon="4.847545">
        <ele>-8.2</ele>
      </trkpt>
      <trkpt lat="52.502056" lon="4.84754">
        <ele>-8.6</ele>
      </trkpt>
      <trkpt lat="52.502052" lon="4.847536">
        <ele>-8.8</ele>
      </trkpt>
      <trkpt lat="52.502046" lon="4.84753">
        <ele>-8.8</ele>
      </trkpt>
      <trkpt lat="52.502035" lon="4.847532">
        <ele>-8.8</ele>
      </trkpt>
      <trkpt lat="52.502028" lon="4.847537">
        <ele>-9.0</ele>
      </trkpt>
      <trkpt lat="52.502024" lon="4.847541">
        <ele>-9.0</ele>
      </trkpt>
      <trkpt lat="52.50202" lon="4.847545">
        <ele>-8.8</ele>
      </trkpt>
      <trkpt lat="52.502018" lon="4.84755">
        <ele>-8.6</ele>
      </trkpt>
      <trkpt lat="52.502017" lon="4.847556">
        <ele>-8.4</ele>
      </trkpt>
      <trkpt lat="52.50201" lon="4.847561">
        <ele>-8.6</ele>
      </trkpt>
      <trkpt lat="52.502004" lon="4.847568">
        <ele>-8.6</ele>
      </trkpt>
      <trkpt lat="52.502002" lon="4.847569">
        <ele>-8.4</ele>
      </trkpt>
      <trkpt lat="52.502" lon="4.84757">
        <ele>-8.4</ele>
      </trkpt>
      <trkpt lat="52.501996" lon="4.847571">
        <ele>-8.2</ele>
      </trkpt>
      <trkpt lat="52.501995" lon="4.847569">
        <ele>-8.2</ele>
      </trkpt>
      <trkpt lat="52.501992" lon="4.847572">
        <ele>-8.2</ele>
      </trkpt>
      <trkpt lat="52.501993" lon="4.847568">
        <ele>-8.2</ele>
      </trkpt>
      <trkpt lat="52.501992" lon="4.847566">
        <ele>-8.2</ele>
      </trkpt>
      <trkpt lat="52.501994" lon="4.847562">
        <ele>-8.2</ele>
      </trkpt>
      <trkpt lat="52.501993" lon="4.847558">
        <ele>-8.2</ele>
      </trkpt>
      <trkpt lat="52.501992" lon="4.847551">
        <ele>-8.2</ele>
      </trkpt>
      <trkpt lat="52.501992" lon="4.847543">
        <ele>-8.4</ele>
      </trkpt>
      <trkpt lat="52.50199" lon="4.847537">
        <ele>-8.2</ele>
      </trkpt>
      <trkpt lat="52.501984" lon="4.847534">
        <ele>-8.2</ele>
      </trkpt>
      <trkpt lat="52.501978" lon="4.847531">
        <ele>-8.2</ele>
      </trkpt>
      <trkpt lat="52.501975" lon="4.847528">
        <ele>-8.2</ele>
      </trkpt>
      <trkpt lat="52.501972" lon="4.847525">
        <ele>-8.2</ele>
      </trkpt>
      <trkpt lat="52.501965" lon="4.847528">
        <ele>-8.4</ele>
      </trkpt>
      <trkpt lat="52.50196" lon="4.847535">
        <ele>-8.2</ele>
      </trkpt>
      <trkpt lat="52.501955" lon="4.847541">
        <ele>-8.2</ele>
      </trkpt>
      <trkpt lat="52.501949" lon="4.847546">
        <ele>-8.2</ele>
      </trkpt>
      <trkpt lat="52.501947" lon="4.847557">
        <ele>-8.2</ele>
      </trkpt>
      <trkpt lat="52.501944" lon="4.84757">
        <ele>-8.2</ele>
      </trkpt>
      <trkpt lat="52.501948" lon="4.847573">
        <ele>-8.2</ele>
      </trkpt>
      <trkpt lat="52.50195" lon="4.84757">
        <ele>-8.2</ele>
      </trkpt>
      <trkpt lat="52.501948" lon="4.847572">
        <ele>-8.2</ele>
      </trkpt>
      <trkpt lat="52.501947" lon="4.847571">
        <ele>-8.2</ele>
      </trkpt>
      <trkpt lat="52.501953" lon="4.847557">
        <ele>-8.4</ele>
      </trkpt>
      <trkpt lat="52.501951" lon="4.847554">
        <ele>-8.6</ele>
      </trkpt>
      <trkpt lat="52.501951" lon="4.847553">
        <ele>-8.8</ele>
      </trkpt>
      <trkpt lat="52.501953" lon="4.84755">
        <ele>-9.0</ele>
      </trkpt>
      <trkpt lat="52.501956" lon="4.847547">
        <ele>-9.0</ele>
      </trkpt>
      <trkpt lat="52.501957" lon="4.847546">
        <ele>-9.2</ele>
      </trkpt>
      <trkpt lat="52.501956" lon="4.847545">
        <ele>-9.2</ele>
      </trkpt>
      <trkpt lat="52.501955" lon="4.847546">
        <ele>-9.2</ele>
      </trkpt>
      <trkpt lat="52.501958" lon="4.847543">
        <ele>-9.2</ele>
      </trkpt>
      <trkpt lat="52.501961" lon="4.847537">
        <ele>-9.2</ele>
      </trkpt>
      <trkpt lat="52.50196" lon="4.847526">
        <ele>-9.0</ele>
      </trkpt>
      <trkpt lat="52.50196" lon="4.847518">
        <ele>-9.0</ele>
      </trkpt>
      <trkpt lat="52.501959" lon="4.847514">
        <ele>-9.0</ele>
      </trkpt>
      <trkpt lat="52.501959" lon="4.847514">
        <ele>-9.0</ele>
      </trkpt>
      <trkpt lat="52.50196" lon="4.847514">
        <ele>-9.0</ele>
      </trkpt>
      <trkpt lat="52.501961" lon="4.847515">
        <ele>-9.0</ele>
      </trkpt>
      <trkpt lat="52.501964" lon="4.847516">
        <ele>-9.0</ele>
      </trkpt>
      <trkpt lat="52.501967" lon="4.847518">
        <ele>-9.0</ele>
      </trkpt>
      <trkpt lat="52.50197" lon="4.847521">
        <ele>-9.0</ele>
      </trkpt>
      <trkpt lat="52.501971" lon="4.847524">
        <ele>-9.0</ele>
      </trkpt>
      <trkpt lat="52.501971" lon="4.847528">
        <ele>-9.0</ele>
      </trkpt>
      <trkpt lat="52.501969" lon="4.847535">
        <ele>-9.0</ele>
      </trkpt>
      <trkpt lat="52.501967" lon="4.847541">
        <ele>-8.2</ele>
      </trkpt>
      <trkpt lat="52.501968" lon="4.847543">
        <ele>-8.2</ele>
      </trkpt>
      <trkpt lat="52.501969" lon="4.847544">
        <ele>-8.2</ele>
      </trkpt>
      <trkpt lat="52.501971" lon="4.847545">
        <ele>-8.2</ele>
      </trkpt>
      <trkpt lat="52.501972" lon="4.847546">
        <ele>-8.2</ele>
      </trkpt>
      <trkpt lat="52.501975" lon="4.847547">
        <ele>-8.2</ele>
      </trkpt>
      <trkpt lat="52.501977" lon="4.847548">
        <ele>-8.2</ele>
      </trkpt>
      <trkpt lat="52.50198" lon="4.84755">
        <ele>-8.2</ele>
      </trkpt>
      <trkpt lat="52.501983" lon="4.847552">
        <ele>-8.2</ele>
      </trkpt>
      <trkpt lat="52.501985" lon="4.847554">
        <ele>-8.2</ele>
      </trkpt>
      <trkpt lat="52.501988" lon="4.847557">
        <ele>-8.2</ele>
      </trkpt>
      <trkpt lat="52.50199" lon="4.84756">
        <ele>-8.2</ele>
      </trkpt>
      <trkpt lat="52.501989" lon="4.847563">
        <ele>-8.2</ele>
      </trkpt>
      <trkpt lat="52.501989" lon="4.847567">
        <ele>-8.2</ele>
      </trkpt>
      <trkpt lat="52.501988" lon="4.847569">
        <ele>-8.2</ele>
      </trkpt>
      <trkpt lat="52.501985" lon="4.847568">
        <ele>-8.2</ele>
      </trkpt>
      <trkpt lat="52.501978" lon="4.847566">
        <ele>-8.2</ele>
      </trkpt>
      <trkpt lat="52.501971" lon="4.847563">
        <ele>-8.2</ele>
      </trkpt>
      <trkpt lat="52.501967" lon="4.847563">
        <ele>-8.2</ele>
      </trkpt>
      <trkpt lat="52.501964" lon="4.847561">
        <ele>-8.2</ele>
      </trkpt>
      <trkpt lat="52.501963" lon="4.847563">
        <ele>-8.2</ele>
      </trkpt>
      <trkpt lat="52.501963" lon="4.847565">
        <ele>-8.2</ele>
      </trkpt>
      <trkpt lat="52.501962" lon="4.847561">
        <ele>-8.2</ele>
      </trkpt>
      <trkpt lat="52.501959" lon="4.84756">
        <ele>-8.2</ele>
      </trkpt>
      <trkpt lat="52.501956" lon="4.847555">
        <ele>-8.2</ele>
      </trkpt>
      <trkpt lat="52.501952" lon="4.847547">
        <ele>-8.2</ele>
      </trkpt>
      <trkpt lat="52.501948" lon="4.847544">
        <ele>-8.2</ele>
      </trkpt>
      <trkpt lat="52.501944" lon="4.847541">
        <ele>-8.2</ele>
      </trkpt>
      <trkpt lat="52.501939" lon="4.847531">
        <ele>-8.2</ele>
      </trkpt>
      <trkpt lat="52.501931" lon="4.847521">
        <ele>-8.2</ele>
      </trkpt>
      <trkpt lat="52.501926" lon="4.847518">
        <ele>-8.2</ele>
      </trkpt>
      <trkpt lat="52.501923" lon="4.847514">
        <ele>-8.2</ele>
      </trkpt>
      <trkpt lat="52.501914" lon="4.847507">
        <ele>-8.2</ele>
      </trkpt>
      <trkpt lat="52.501906" lon="4.847504">
        <ele>-8.2</ele>
      </trkpt>
      <trkpt lat="52.501896" lon="4.847497">
        <ele>-8.2</ele>
      </trkpt>
      <trkpt lat="52.501884" lon="4.847491">
        <ele>-8.2</ele>
      </trkpt>
      <trkpt lat="52.501873" lon="4.847489">
        <ele>-8.2</ele>
      </trkpt>
      <trkpt lat="52.501865" lon="4.847483">
        <ele>-8.2</ele>
      </trkpt>
      <trkpt lat="52.501851" lon="4.847477">
        <ele>-8.2</ele>
      </trkpt>
      <trkpt lat="52.501836" lon="4.847474">
        <ele>-8.2</ele>
      </trkpt>
      <trkpt lat="52.501824" lon="4.847466">
        <ele>-8.2</ele>
      </trkpt>
      <trkpt lat="52.501808" lon="4.847464">
        <ele>-8.2</ele>
      </trkpt>
      <trkpt lat="52.501795" lon="4.847459">
        <ele>-8.4</ele>
      </trkpt>
      <trkpt lat="52.501784" lon="4.847451">
        <ele>-8.4</ele>
      </trkpt>
      <trkpt lat="52.501775" lon="4.847441">
        <ele>-8.6</ele>
      </trkpt>
      <trkpt lat="52.501766" lon="4.847431">
        <ele>-8.6</ele>
      </trkpt>
      <trkpt lat="52.501757" lon="4.847424">
        <ele>-8.8</ele>
      </trkpt>
      <trkpt lat="52.50175" lon="4.84742">
        <ele>-9.0</ele>
      </trkpt>
      <trkpt lat="52.501744" lon="4.847417">
        <ele>-9.0</ele>
      </trkpt>
      <trkpt lat="52.501738" lon="4.847417">
        <ele>-9.2</ele>
      </trkpt>
      <trkpt lat="52.501732" lon="4.847417">
        <ele>-9.2</ele>
      </trkpt>
      <trkpt lat="52.501727" lon="4.847418">
        <ele>-9.2</ele>
      </trkpt>
      <trkpt lat="52.501722" lon="4.847418">
        <ele>-9.2</ele>
      </trkpt>
      <trkpt lat="52.501715" lon="4.847417">
        <ele>-9.2</ele>
      </trkpt>
      <trkpt lat="52.501708" lon="4.847414">
        <ele>-9.2</ele>
      </trkpt>
      <trkpt lat="52.501701" lon="4.847407">
        <ele>-9.0</ele>
      </trkpt>
      <trkpt lat="52.50169" lon="4.847404">
        <ele>-9.0</ele>
      </trkpt>
      <trkpt lat="52.501681" lon="4.847395">
        <ele>-9.0</ele>
      </trkpt>
      <trkpt lat="52.501672" lon="4.847386">
        <ele>-9.0</ele>
      </trkpt>
      <trkpt lat="52.501663" lon="4.847386">
        <ele>-9.0</ele>
      </trkpt>
      <trkpt lat="52.501655" lon="4.847382">
        <ele>-9.0</ele>
      </trkpt>
      <trkpt lat="52.501643" lon="4.847378">
        <ele>-8.8</ele>
      </trkpt>
      <trkpt lat="52.501631" lon="4.847375">
        <ele>-9.0</ele>
      </trkpt>
      <trkpt lat="52.50162" lon="4.847369">
        <ele>-9.0</ele>
      </trkpt>
      <trkpt lat="52.50161" lon="4.847363">
        <ele>-8.8</ele>
      </trkpt>
      <trkpt lat="52.501601" lon="4.847352">
        <ele>-8.8</ele>
      </trkpt>
      <trkpt lat="52.501588" lon="4.847341">
        <ele>-8.8</ele>
      </trkpt>
      <trkpt lat="52.501575" lon="4.847334">
        <ele>-8.4</ele>
      </trkpt>
      <trkpt lat="52.501563" lon="4.847326">
        <ele>-8.6</ele>
      </trkpt>
      <trkpt lat="52.501551" lon="4.84732">
        <ele>-8.4</ele>
      </trkpt>
      <trkpt lat="52.501541" lon="4.847313">
        <ele>-8.2</ele>
      </trkpt>
      <trkpt lat="52.501532" lon="4.847301">
        <ele>-8.2</ele>
      </trkpt>
      <trkpt lat="52.501527" lon="4.847289">
        <ele>-8.6</ele>
      </trkpt>
      <trkpt lat="52.501517" lon="4.847281">
        <ele>-8.8</ele>
      </trkpt>
      <trkpt lat="52.501506" lon="4.847266">
        <ele>-9.0</ele>
      </trkpt>
      <trkpt lat="52.501492" lon="4.847256">
        <ele>-9.0</ele>
      </trkpt>
      <trkpt lat="52.50148" lon="4.847256">
        <ele>-9.0</ele>
      </trkpt>
      <trkpt lat="52.501465" lon="4.847257">
        <ele>-9.0</ele>
      </trkpt>
      <trkpt lat="52.50145" lon="4.847258">
        <ele>-9.0</ele>
      </trkpt>
      <trkpt lat="52.501435" lon="4.847259">
        <ele>-9.0</ele>
      </trkpt>
      <trkpt lat="52.501417" lon="4.84726">
        <ele>-8.8</ele>
      </trkpt>
      <trkpt lat="52.501404" lon="4.847259">
        <ele>-8.8</ele>
      </trkpt>
      <trkpt lat="52.501386" lon="4.84726">
        <ele>-8.6</ele>
      </trkpt>
      <trkpt lat="52.501375" lon="4.847261">
        <ele>-8.6</ele>
      </trkpt>
      <trkpt lat="52.501354" lon="4.847264">
        <ele>-8.6</ele>
      </trkpt>
      <trkpt lat="52.501339" lon="4.847266">
        <ele>-8.6</ele>
      </trkpt>
      <trkpt lat="52.501323" lon="4.847266">
        <ele>-8.6</ele>
      </trkpt>
      <trkpt lat="52.501301" lon="4.847266">
        <ele>-8.6</ele>
      </trkpt>
      <trkpt lat="52.501285" lon="4.847267">
        <ele>-8.6</ele>
      </trkpt>
      <trkpt lat="52.501266" lon="4.847271">
        <ele>-8.6</ele>
      </trkpt>
      <trkpt lat="52.501251" lon="4.847272">
        <ele>-8.6</ele>
      </trkpt>
      <trkpt lat="52.501233" lon="4.847274">
        <ele>-8.4</ele>
      </trkpt>
      <trkpt lat="52.501217" lon="4.847272">
        <ele>-8.2</ele>
      </trkpt>
      <trkpt lat="52.501195" lon="4.847272">
        <ele>-8.2</ele>
      </trkpt>
      <trkpt lat="52.50118" lon="4.84727">
        <ele>-8.2</ele>
      </trkpt>
      <trkpt lat="52.501161" lon="4.84727">
        <ele>-8.2</ele>
      </trkpt>
      <trkpt lat="52.501147" lon="4.847268">
        <ele>-8.4</ele>
      </trkpt>
      <trkpt lat="52.50113" lon="4.847268">
        <ele>-8.4</ele>
      </trkpt>
      <trkpt lat="52.501114" lon="4.847268">
        <ele>-8.6</ele>
      </trkpt>
      <trkpt lat="52.501101" lon="4.847262">
        <ele>-8.6</ele>
      </trkpt>
      <trkpt lat="52.501084" lon="4.847262">
        <ele>-8.4</ele>
      </trkpt>
      <trkpt lat="52.501072" lon="4.847258">
        <ele>-8.6</ele>
      </trkpt>
      <trkpt lat="52.501054" lon="4.847259">
        <ele>-8.4</ele>
      </trkpt>
      <trkpt lat="52.501038" lon="4.847252">
        <ele>-8.4</ele>
      </trkpt>
      <trkpt lat="52.501019" lon="4.847246">
        <ele>-8.6</ele>
      </trkpt>
      <trkpt lat="52.501003" lon="4.847244">
        <ele>-8.8</ele>
      </trkpt>
      <trkpt lat="52.500984" lon="4.847241">
        <ele>-8.8</ele>
      </trkpt>
      <trkpt lat="52.500968" lon="4.847241">
        <ele>-8.8</ele>
      </trkpt>
      <trkpt lat="52.500954" lon="4.847237">
        <ele>-8.8</ele>
      </trkpt>
      <trkpt lat="52.500937" lon="4.847234">
        <ele>-8.8</ele>
      </trkpt>
      <trkpt lat="52.50092" lon="4.847228">
        <ele>-8.6</ele>
      </trkpt>
      <trkpt lat="52.500898" lon="4.847227">
        <ele>-8.4</ele>
      </trkpt>
      <trkpt lat="52.500884" lon="4.847227">
        <ele>-8.4</ele>
      </trkpt>
      <trkpt lat="52.500866" lon="4.847227">
        <ele>-8.2</ele>
      </trkpt>
      <trkpt lat="52.500852" lon="4.847227">
        <ele>-8.2</ele>
      </trkpt>
      <trkpt lat="52.500839" lon="4.847224">
        <ele>-8.0</ele>
      </trkpt>
      <trkpt lat="52.500824" lon="4.847224">
        <ele>-8.2</ele>
      </trkpt>
      <trkpt lat="52.500812" lon="4.847222">
        <ele>-8.2</ele>
      </trkpt>
      <trkpt lat="52.500794" lon="4.847221">
        <ele>-8.4</ele>
      </trkpt>
      <trkpt lat="52.50078" lon="4.847217">
        <ele>-8.4</ele>
      </trkpt>
      <trkpt lat="52.500763" lon="4.847216">
        <ele>-8.4</ele>
      </trkpt>
      <trkpt lat="52.500749" lon="4.847217">
        <ele>-8.4</ele>
      </trkpt>
      <trkpt lat="52.500735" lon="4.847217">
        <ele>-8.4</ele>
      </trkpt>
      <trkpt lat="52.500719" lon="4.847219">
        <ele>-8.4</ele>
      </trkpt>
      <trkpt lat="52.500705" lon="4.847218">
        <ele>-8.4</ele>
      </trkpt>
      <trkpt lat="52.500689" lon="4.847219">
        <ele>-7.8</ele>
      </trkpt>
      <trkpt lat="52.500675" lon="4.84722">
        <ele>-7.6</ele>
      </trkpt>
      <trkpt lat="52.500659" lon="4.847222">
        <ele>-7.4</ele>
      </trkpt>
      <trkpt lat="52.500647" lon="4.847219">
        <ele>-7.4</ele>
      </trkpt>
      <trkpt lat="52.500631" lon="4.847218">
        <ele>-7.4</ele>
      </trkpt>
      <trkpt lat="52.500619" lon="4.847218">
        <ele>-7.4</ele>
      </trkpt>
      <trkpt lat="52.500606" lon="4.847214">
        <ele>-7.6</ele>
      </trkpt>
      <trkpt lat="52.500591" lon="4.847212">
        <ele>-7.8</ele>
      </trkpt>
      <trkpt lat="52.500579" lon="4.847206">
        <ele>-7.8</ele>
      </trkpt>
      <trkpt lat="52.500565" lon="4.847202">
        <ele>-7.6</ele>
      </trkpt>
      <trkpt lat="52.500553" lon="4.847195">
        <ele>-7.8</ele>
      </trkpt>
      <trkpt lat="52.500538" lon="4.847192">
        <ele>-7.8</ele>
      </trkpt>
      <trkpt lat="52.500526" lon="4.847187">
        <ele>-8.0</ele>
      </trkpt>
      <trkpt lat="52.500512" lon="4.847182">
        <ele>-7.8</ele>
      </trkpt>
      <trkpt lat="52.500499" lon="4.84718">
        <ele>-7.8</ele>
      </trkpt>
      <trkpt lat="52.500484" lon="4.847177">
        <ele>-7.8</ele>
      </trkpt>
      <trkpt lat="52.50047" lon="4.847175">
        <ele>-7.8</ele>
      </trkpt>
      <trkpt lat="52.500457" lon="4.847171">
        <ele>-7.8</ele>
      </trkpt>
      <trkpt lat="52.500441" lon="4.847171">
        <ele>-7.8</ele>
      </trkpt>
      <trkpt lat="52.50043" lon="4.847164">
        <ele>-8.0</ele>
      </trkpt>
      <trkpt lat="52.500414" lon="4.847161">
        <ele>-8.0</ele>
      </trkpt>
      <trkpt lat="52.500399" lon="4.847158">
        <ele>-8.2</ele>
      </trkpt>
      <trkpt lat="52.500383" lon="4.847156">
        <ele>-8.0</ele>
      </trkpt>
      <trkpt lat="52.50037" lon="4.847153">
        <ele>-8.2</ele>
      </trkpt>
      <trkpt lat="52.500355" lon="4.847151">
        <ele>-8.2</ele>
      </trkpt>
      <trkpt lat="52.500343" lon="4.84715">
        <ele>-8.4</ele>
      </trkpt>
      <trkpt lat="52.500331" lon="4.847147">
        <ele>-8.6</ele>
      </trkpt>
      <trkpt lat="52.500313" lon="4.847146">
        <ele>-8.6</ele>
      </trkpt>
      <trkpt lat="52.500298" lon="4.847145">
        <ele>-8.6</ele>
      </trkpt>
      <trkpt lat="52.500281" lon="4.847146">
        <ele>-8.6</ele>
      </trkpt>
      <trkpt lat="52.500267" lon="4.847148">
        <ele>-8.6</ele>
      </trkpt>
      <trkpt lat="52.500251" lon="4.847151">
        <ele>-8.6</ele>
      </trkpt>
      <trkpt lat="52.500235" lon="4.847156">
        <ele>-8.6</ele>
      </trkpt>
      <trkpt lat="52.500221" lon="4.847159">
        <ele>-8.6</ele>
      </trkpt>
      <trkpt lat="52.500203" lon="4.847162">
        <ele>-8.6</ele>
      </trkpt>
      <trkpt lat="52.500192" lon="4.847162">
        <ele>-8.6</ele>
      </trkpt>
      <trkpt lat="52.500176" lon="4.847163">
        <ele>-8.6</ele>
      </trkpt>
      <trkpt lat="52.500164" lon="4.847166">
        <ele>-8.6</ele>
      </trkpt>
      <trkpt lat="52.500148" lon="4.847166">
        <ele>-8.6</ele>
      </trkpt>
      <trkpt lat="52.500133" lon="4.847167">
        <ele>-8.6</ele>
      </trkpt>
      <trkpt lat="52.50012" lon="4.847166">
        <ele>-8.6</ele>
      </trkpt>
      <trkpt lat="52.500102" lon="4.847165">
        <ele>-8.6</ele>
      </trkpt>
      <trkpt lat="52.500089" lon="4.847161">
        <ele>-8.6</ele>
      </trkpt>
      <trkpt lat="52.500074" lon="4.847154">
        <ele>-8.6</ele>
      </trkpt>
      <trkpt lat="52.500061" lon="4.847147">
        <ele>-8.6</ele>
      </trkpt>
      <trkpt lat="52.500048" lon="4.847138">
        <ele>-8.6</ele>
      </trkpt>
      <trkpt lat="52.500036" lon="4.847133">
        <ele>-8.6</ele>
      </trkpt>
      <trkpt lat="52.500026" lon="4.847123">
        <ele>-8.6</ele>
      </trkpt>
      <trkpt lat="52.500014" lon="4.847115">
        <ele>-8.6</ele>
      </trkpt>
      <trkpt lat="52.500003" lon="4.847105">
        <ele>-8.6</ele>
      </trkpt>
      <trkpt lat="52.499988" lon="4.847097">
        <ele>-8.0</ele>
      </trkpt>
      <trkpt lat="52.499977" lon="4.847083">
        <ele>-7.8</ele>
      </trkpt>
      <trkpt lat="52.499965" lon="4.84707">
        <ele>-7.6</ele>
      </trkpt>
      <trkpt lat="52.499955" lon="4.847059">
        <ele>-7.4</ele>
      </trkpt>
      <trkpt lat="52.499943" lon="4.847047">
        <ele>-7.2</ele>
      </trkpt>
      <trkpt lat="52.499929" lon="4.847038">
        <ele>-7.2</ele>
      </trkpt>
      <trkpt lat="52.49992" lon="4.847025">
        <ele>-7.2</ele>
      </trkpt>
      <trkpt lat="52.499907" lon="4.847015">
        <ele>-7.4</ele>
      </trkpt>
      <trkpt lat="52.499898" lon="4.847003">
        <ele>-7.4</ele>
      </trkpt>
      <trkpt lat="52.499884" lon="4.846994">
        <ele>-7.4</ele>
      </trkpt>
      <trkpt lat="52.499874" lon="4.84698">
        <ele>-7.6</ele>
      </trkpt>
      <trkpt lat="52.49986" lon="4.84697">
        <ele>-7.6</ele>
      </trkpt>
      <trkpt lat="52.49985" lon="4.846959">
        <ele>-7.6</ele>
      </trkpt>
      <trkpt lat="52.499838" lon="4.84695">
        <ele>-7.6</ele>
      </trkpt>
      <trkpt lat="52.49983" lon="4.846942">
        <ele>-7.6</ele>
      </trkpt>
      <trkpt lat="52.499821" lon="4.846933">
        <ele>-7.4</ele>
      </trkpt>
      <trkpt lat="52.499809" lon="4.846927">
        <ele>-7.4</ele>
      </trkpt>
      <trkpt lat="52.4998" lon="4.846917">
        <ele>-7.4</ele>
      </trkpt>
      <trkpt lat="52.499785" lon="4.846909">
        <ele>-7.4</ele>
      </trkpt>
      <trkpt lat="52.499776" lon="4.846899">
        <ele>-7.8</ele>
      </trkpt>
      <trkpt lat="52.499763" lon="4.846894">
        <ele>-8.2</ele>
      </trkpt>
      <trkpt lat="52.499752" lon="4.846889">
        <ele>-8.4</ele>
      </trkpt>
      <trkpt lat="52.499737" lon="4.846885">
        <ele>-8.6</ele>
      </trkpt>
      <trkpt lat="52.499721" lon="4.846886">
        <ele>-8.6</ele>
      </trkpt>
      <trkpt lat="52.499709" lon="4.846883">
        <ele>-8.6</ele>
      </trkpt>
      <trkpt lat="52.499692" lon="4.846881">
        <ele>-8.8</ele>
      </trkpt>
      <trkpt lat="52.499677" lon="4.84688">
        <ele>-8.4</ele>
      </trkpt>
      <trkpt lat="52.499658" lon="4.84688">
        <ele>-8.2</ele>
      </trkpt>
      <trkpt lat="52.499643" lon="4.846878">
        <ele>-8.2</ele>
      </trkpt>
      <trkpt lat="52.499626" lon="4.846876">
        <ele>-8.0</ele>
      </trkpt>
      <trkpt lat="52.499612" lon="4.846876">
        <ele>-8.0</ele>
      </trkpt>
      <trkpt lat="52.499598" lon="4.846872">
        <ele>-8.0</ele>
      </trkpt>
      <trkpt lat="52.499582" lon="4.846872">
        <ele>-8.0</ele>
      </trkpt>
      <trkpt lat="52.49957" lon="4.846865">
        <ele>-7.8</ele>
      </trkpt>
      <trkpt lat="52.499555" lon="4.846864">
        <ele>-7.6</ele>
      </trkpt>
      <trkpt lat="52.499542" lon="4.846861">
        <ele>-7.4</ele>
      </trkpt>
      <trkpt lat="52.499526" lon="4.84686">
        <ele>-7.6</ele>
      </trkpt>
      <trkpt lat="52.499515" lon="4.846857">
        <ele>-7.8</ele>
      </trkpt>
      <trkpt lat="52.499503" lon="4.846853">
        <ele>-8.0</ele>
      </trkpt>
      <trkpt lat="52.49949" lon="4.846851">
        <ele>-8.0</ele>
      </trkpt>
      <trkpt lat="52.499476" lon="4.846847">
        <ele>-8.2</ele>
      </trkpt>
      <trkpt lat="52.499462" lon="4.846845">
        <ele>-8.4</ele>
      </trkpt>
      <trkpt lat="52.499449" lon="4.84684">
        <ele>-8.4</ele>
      </trkpt>
      <trkpt lat="52.499432" lon="4.84684">
        <ele>-8.2</ele>
      </trkpt>
      <trkpt lat="52.499418" lon="4.846836">
        <ele>-8.2</ele>
      </trkpt>
      <trkpt lat="52.499401" lon="4.846836">
        <ele>-8.4</ele>
      </trkpt>
      <trkpt lat="52.499387" lon="4.84683">
        <ele>-8.6</ele>
      </trkpt>
      <trkpt lat="52.49937" lon="4.846829">
        <ele>-8.8</ele>
      </trkpt>
      <trkpt lat="52.499352" lon="4.84683">
        <ele>-9.0</ele>
      </trkpt>
      <trkpt lat="52.499337" lon="4.846827">
        <ele>-9.0</ele>
      </trkpt>
      <trkpt lat="52.499322" lon="4.846826">
        <ele>-9.0</ele>
      </trkpt>
      <trkpt lat="52.499309" lon="4.84682">
        <ele>-9.0</ele>
      </trkpt>
      <trkpt lat="52.499292" lon="4.846819">
        <ele>-8.6</ele>
      </trkpt>
      <trkpt lat="52.499278" lon="4.846819">
        <ele>-8.4</ele>
      </trkpt>
      <trkpt lat="52.499262" lon="4.846817">
        <ele>-8.2</ele>
      </trkpt>
      <trkpt lat="52.499247" lon="4.846819">
        <ele>-8.0</ele>
      </trkpt>
      <trkpt lat="52.499231" lon="4.846819">
        <ele>-8.0</ele>
      </trkpt>
      <trkpt lat="52.499215" lon="4.846821">
        <ele>-7.8</ele>
      </trkpt>
      <trkpt lat="52.499201" lon="4.846818">
        <ele>-7.8</ele>
      </trkpt>
      <trkpt lat="52.499183" lon="4.846818">
        <ele>-7.6</ele>
      </trkpt>
      <trkpt lat="52.499169" lon="4.846817">
        <ele>-7.6</ele>
      </trkpt>
      <trkpt lat="52.499149" lon="4.846818">
        <ele>-7.6</ele>
      </trkpt>
      <trkpt lat="52.499137" lon="4.846816">
        <ele>-8.0</ele>
      </trkpt>
      <trkpt lat="52.499121" lon="4.846812">
        <ele>-8.2</ele>
      </trkpt>
      <trkpt lat="52.499108" lon="4.846808">
        <ele>-8.4</ele>
      </trkpt>
      <trkpt lat="52.499095" lon="4.846802">
        <ele>-8.4</ele>
      </trkpt>
      <trkpt lat="52.499079" lon="4.8468">
        <ele>-8.4</ele>
      </trkpt>
      <trkpt lat="52.499066" lon="4.846797">
        <ele>-8.6</ele>
      </trkpt>
      <trkpt lat="52.499049" lon="4.846796">
        <ele>-8.6</ele>
      </trkpt>
      <trkpt lat="52.499039" lon="4.846792">
        <ele>-8.8</ele>
      </trkpt>
      <trkpt lat="52.499024" lon="4.84679">
        <ele>-9.0</ele>
      </trkpt>
      <trkpt lat="52.499009" lon="4.846789">
        <ele>-8.8</ele>
      </trkpt>
      <trkpt lat="52.498995" lon="4.846788">
        <ele>-8.8</ele>
      </trkpt>
      <trkpt lat="52.498979" lon="4.846787">
        <ele>-8.8</ele>
      </trkpt>
      <trkpt lat="52.498965" lon="4.846787">
        <ele>-8.6</ele>
      </trkpt>
      <trkpt lat="52.498946" lon="4.846789">
        <ele>-8.6</ele>
      </trkpt>
      <trkpt lat="52.498932" lon="4.846789">
        <ele>-8.2</ele>
      </trkpt>
      <trkpt lat="52.498917" lon="4.846788">
        <ele>-8.0</ele>
      </trkpt>
      <trkpt lat="52.498901" lon="4.846789">
        <ele>-7.8</ele>
      </trkpt>
      <trkpt lat="52.498886" lon="4.846789">
        <ele>-7.6</ele>
      </trkpt>
      <trkpt lat="52.49887" lon="4.846787">
        <ele>-7.8</ele>
      </trkpt>
      <trkpt lat="52.498858" lon="4.846784">
        <ele>-8.0</ele>
      </trkpt>
      <trkpt lat="52.498838" lon="4.846784">
        <ele>-8.2</ele>
      </trkpt>
      <trkpt lat="52.498826" lon="4.846782">
        <ele>-8.2</ele>
      </trkpt>
      <trkpt lat="52.498808" lon="4.846782">
        <ele>-8.4</ele>
      </trkpt>
      <trkpt lat="52.498792" lon="4.846784">
        <ele>-8.6</ele>
      </trkpt>
      <trkpt lat="52.498779" lon="4.846778">
        <ele>-8.6</ele>
      </trkpt>
      <trkpt lat="52.498761" lon="4.846776">
        <ele>-8.8</ele>
      </trkpt>
      <trkpt lat="52.498748" lon="4.84677">
        <ele>-8.8</ele>
      </trkpt>
      <trkpt lat="52.49873" lon="4.846765">
        <ele>-8.8</ele>
      </trkpt>
      <trkpt lat="52.498714" lon="4.846767">
        <ele>-8.6</ele>
      </trkpt>
      <trkpt lat="52.498697" lon="4.846764">
        <ele>-8.6</ele>
      </trkpt>
      <trkpt lat="52.498681" lon="4.846763">
        <ele>-8.4</ele>
      </trkpt>
      <trkpt lat="52.498665" lon="4.84676">
        <ele>-8.4</ele>
      </trkpt>
      <trkpt lat="52.498648" lon="4.84676">
        <ele>-8.4</ele>
      </trkpt>
      <trkpt lat="52.498633" lon="4.846758">
        <ele>-8.4</ele>
      </trkpt>
      <trkpt lat="52.498614" lon="4.846763">
        <ele>-8.4</ele>
      </trkpt>
      <trkpt lat="52.498601" lon="4.846762">
        <ele>-8.4</ele>
      </trkpt>
      <trkpt lat="52.498583" lon="4.846765">
        <ele>-8.4</ele>
      </trkpt>
      <trkpt lat="52.498571" lon="4.84676">
        <ele>-8.4</ele>
      </trkpt>
      <trkpt lat="52.498555" lon="4.846761">
        <ele>-8.4</ele>
      </trkpt>
      <trkpt lat="52.498539" lon="4.846763">
        <ele>-8.4</ele>
      </trkpt>
      <trkpt lat="52.498525" lon="4.846763">
        <ele>-8.4</ele>
      </trkpt>
      <trkpt lat="52.498508" lon="4.846765">
        <ele>-8.4</ele>
      </trkpt>
      <trkpt lat="52.498493" lon="4.846767">
        <ele>-8.4</ele>
      </trkpt>
      <trkpt lat="52.498474" lon="4.846771">
        <ele>-8.4</ele>
      </trkpt>
      <trkpt lat="52.498459" lon="4.846774">
        <ele>-8.6</ele>
      </trkpt>
      <trkpt lat="52.49844" lon="4.846778">
        <ele>-8.8</ele>
      </trkpt>
      <trkpt lat="52.498426" lon="4.84678">
        <ele>-8.8</ele>
      </trkpt>
      <trkpt lat="52.498412" lon="4.846781">
        <ele>-8.8</ele>
      </trkpt>
      <trkpt lat="52.498397" lon="4.846781">
        <ele>-8.8</ele>
      </trkpt>
      <trkpt lat="52.498384" lon="4.846779">
        <ele>-8.8</ele>
      </trkpt>
      <trkpt lat="52.498365" lon="4.846781">
        <ele>-8.8</ele>
      </trkpt>
      <trkpt lat="52.498352" lon="4.846777">
        <ele>-8.8</ele>
      </trkpt>
      <trkpt lat="52.498334" lon="4.846777">
        <ele>-8.8</ele>
      </trkpt>
      <trkpt lat="52.498321" lon="4.846775">
        <ele>-8.8</ele>
      </trkpt>
      <trkpt lat="52.498306" lon="4.846772">
        <ele>-8.8</ele>
      </trkpt>
      <trkpt lat="52.498291" lon="4.846771">
        <ele>-8.8</ele>
      </trkpt>
      <trkpt lat="52.498278" lon="4.846766">
        <ele>-8.8</ele>
      </trkpt>
      <trkpt lat="52.49826" lon="4.846763">
        <ele>-8.8</ele>
      </trkpt>
      <trkpt lat="52.498246" lon="4.846761">
        <ele>-8.8</ele>
      </trkpt>
      <trkpt lat="52.498229" lon="4.846758">
        <ele>-8.6</ele>
      </trkpt>
      <trkpt lat="52.498215" lon="4.846756">
        <ele>-8.6</ele>
      </trkpt>
      <trkpt lat="52.498203" lon="4.846747">
        <ele>-8.6</ele>
      </trkpt>
      <trkpt lat="52.498189" lon="4.846742">
        <ele>-8.6</ele>
      </trkpt>
      <trkpt lat="52.498177" lon="4.846735">
        <ele>-9.0</ele>
      </trkpt>
      <trkpt lat="52.498161" lon="4.846727">
        <ele>-9.0</ele>
      </trkpt>
      <trkpt lat="52.498149" lon="4.846721">
        <ele>-9.2</ele>
      </trkpt>
      <trkpt lat="52.498131" lon="4.846716">
        <ele>-9.2</ele>
      </trkpt>
      <trkpt lat="52.498116" lon="4.846712">
        <ele>-9.2</ele>
      </trkpt>
      <trkpt lat="52.498099" lon="4.846711">
        <ele>-8.8</ele>
      </trkpt>
      <trkpt lat="52.498084" lon="4.846709">
        <ele>-8.8</ele>
      </trkpt>
      <trkpt lat="52.498069" lon="4.846707">
        <ele>-8.6</ele>
      </trkpt>
      <trkpt lat="52.498052" lon="4.846704">
        <ele>-8.6</ele>
      </trkpt>
      <trkpt lat="52.498037" lon="4.846701">
        <ele>-8.6</ele>
      </trkpt>
      <trkpt lat="52.498019" lon="4.846699">
        <ele>-8.4</ele>
      </trkpt>
      <trkpt lat="52.498004" lon="4.846693">
        <ele>-8.6</ele>
      </trkpt>
      <trkpt lat="52.497989" lon="4.846685">
        <ele>-8.8</ele>
      </trkpt>
      <trkpt lat="52.497975" lon="4.846676">
        <ele>-8.8</ele>
      </trkpt>
      <trkpt lat="52.497964" lon="4.846663">
        <ele>-9.0</ele>
      </trkpt>
      <trkpt lat="52.497951" lon="4.846652">
        <ele>-9.0</ele>
      </trkpt>
      <trkpt lat="52.497941" lon="4.846636">
        <ele>-8.8</ele>
      </trkpt>
      <trkpt lat="52.497928" lon="4.846625">
        <ele>-8.4</ele>
      </trkpt>
      <trkpt lat="52.497916" lon="4.846612">
        <ele>-8.4</ele>
      </trkpt>
      <trkpt lat="52.497904" lon="4.846597">
        <ele>-8.2</ele>
      </trkpt>
      <trkpt lat="52.497893" lon="4.846581">
        <ele>-8.2</ele>
      </trkpt>
      <trkpt lat="52.497878" lon="4.846568">
        <ele>-8.2</ele>
      </trkpt>
      <trkpt lat="52.497865" lon="4.846557">
        <ele>-8.4</ele>
      </trkpt>
      <trkpt lat="52.497853" lon="4.846542">
        <ele>-8.6</ele>
      </trkpt>
      <trkpt lat="52.497841" lon="4.846532">
        <ele>-8.6</ele>
      </trkpt>
      <trkpt lat="52.497831" lon="4.846518">
        <ele>-8.6</ele>
      </trkpt>
      <trkpt lat="52.497818" lon="4.846508">
        <ele>-8.6</ele>
      </trkpt>
      <trkpt lat="52.497807" lon="4.846495">
        <ele>-8.8</ele>
      </trkpt>
      <trkpt lat="52.497793" lon="4.846482">
        <ele>-8.8</ele>
      </trkpt>
      <trkpt lat="52.497779" lon="4.846471">
        <ele>-8.8</ele>
      </trkpt>
      <trkpt lat="52.497766" lon="4.846458">
        <ele>-9.0</ele>
      </trkpt>
      <trkpt lat="52.497755" lon="4.846447">
        <ele>-9.0</ele>
      </trkpt>
      <trkpt lat="52.497743" lon="4.846435">
        <ele>-9.2</ele>
      </trkpt>
      <trkpt lat="52.497731" lon="4.846422">
        <ele>-9.2</ele>
      </trkpt>
      <trkpt lat="52.497722" lon="4.84641">
        <ele>-9.2</ele>
      </trkpt>
      <trkpt lat="52.497709" lon="4.846396">
        <ele>-9.2</ele>
      </trkpt>
      <trkpt lat="52.497696" lon="4.846386">
        <ele>-9.2</ele>
      </trkpt>
      <trkpt lat="52.497688" lon="4.846368">
        <ele>-9.2</ele>
      </trkpt>
      <trkpt lat="52.497674" lon="4.846358">
        <ele>-9.2</ele>
      </trkpt>
      <trkpt lat="52.497664" lon="4.846344">
        <ele>-9.2</ele>
      </trkpt>
      <trkpt lat="52.497651" lon="4.846333">
        <ele>-9.0</ele>
      </trkpt>
      <trkpt lat="52.49764" lon="4.846318">
        <ele>-9.0</ele>
      </trkpt>
      <trkpt lat="52.497625" lon="4.846305">
        <ele>-9.0</ele>
      </trkpt>
      <trkpt lat="52.497614" lon="4.846289">
        <ele>-9.0</ele>
      </trkpt>
      <trkpt lat="52.4976" lon="4.846274">
        <ele>-9.0</ele>
      </trkpt>
      <trkpt lat="52.497586" lon="4.846262">
        <ele>-9.0</ele>
      </trkpt>
      <trkpt lat="52.497574" lon="4.846247">
        <ele>-9.0</ele>
      </trkpt>
      <trkpt lat="52.497562" lon="4.846235">
        <ele>-8.8</ele>
      </trkpt>
      <trkpt lat="52.497552" lon="4.846222">
        <ele>-8.6</ele>
      </trkpt>
      <trkpt lat="52.49754" lon="4.846212">
        <ele>-8.6</ele>
      </trkpt>
      <trkpt lat="52.497529" lon="4.846201">
        <ele>-8.6</ele>
      </trkpt>
      <trkpt lat="52.49752" lon="4.846188">
        <ele>-8.6</ele>
      </trkpt>
      <trkpt lat="52.497509" lon="4.846179">
        <ele>-8.4</ele>
      </trkpt>
      <trkpt lat="52.4975" lon="4.846167">
        <ele>-8.6</ele>
      </trkpt>
      <trkpt lat="52.49749" lon="4.846155">
        <ele>-8.6</ele>
      </trkpt>
      <trkpt lat="52.49748" lon="4.846145">
        <ele>-8.6</ele>
      </trkpt>
      <trkpt lat="52.49747" lon="4.846132">
        <ele>-8.8</ele>
      </trkpt>
      <trkpt lat="52.497461" lon="4.846116">
        <ele>-9.0</ele>
      </trkpt>
      <trkpt lat="52.497451" lon="4.846101">
        <ele>-9.0</ele>
      </trkpt>
      <trkpt lat="52.497443" lon="4.846082">
        <ele>-9.0</ele>
      </trkpt>
      <trkpt lat="52.497434" lon="4.846063">
        <ele>-9.2</ele>
      </trkpt>
      <trkpt lat="52.497426" lon="4.846043">
        <ele>-9.0</ele>
      </trkpt>
      <trkpt lat="52.497418" lon="4.846021">
        <ele>-9.2</ele>
      </trkpt>
      <trkpt lat="52.497409" lon="4.846001">
        <ele>-9.0</ele>
      </trkpt>
      <trkpt lat="52.4974" lon="4.845977">
        <ele>-9.0</ele>
      </trkpt>
      <trkpt lat="52.497394" lon="4.845956">
        <ele>-9.0</ele>
      </trkpt>
      <trkpt lat="52.497389" lon="4.845931">
        <ele>-8.8</ele>
      </trkpt>
      <trkpt lat="52.497384" lon="4.845909">
        <ele>-8.8</ele>
      </trkpt>
      <trkpt lat="52.497381" lon="4.845884">
        <ele>-8.8</ele>
      </trkpt>
      <trkpt lat="52.497377" lon="4.845857">
        <ele>-8.8</ele>
      </trkpt>
      <trkpt lat="52.497376" lon="4.845832">
        <ele>-9.0</ele>
      </trkpt>
      <trkpt lat="52.497374" lon="4.845804">
        <ele>-9.0</ele>
      </trkpt>
      <trkpt lat="52.497373" lon="4.845781">
        <ele>-9.2</ele>
      </trkpt>
      <trkpt lat="52.497375" lon="4.845754">
        <ele>-9.2</ele>
      </trkpt>
      <trkpt lat="52.497374" lon="4.845727">
        <ele>-9.2</ele>
      </trkpt>
      <trkpt lat="52.497375" lon="4.845702">
        <ele>-9.2</ele>
      </trkpt>
      <trkpt lat="52.497375" lon="4.845674">
        <ele>-9.2</ele>
      </trkpt>
      <trkpt lat="52.497376" lon="4.84565">
        <ele>-9.2</ele>
      </trkpt>
      <trkpt lat="52.497378" lon="4.845622">
        <ele>-9.2</ele>
      </trkpt>
      <trkpt lat="52.497379" lon="4.845598">
        <ele>-9.2</ele>
      </trkpt>
      <trkpt lat="52.497382" lon="4.845571">
        <ele>-9.2</ele>
      </trkpt>
      <trkpt lat="52.497385" lon="4.845543">
        <ele>-9.2</ele>
      </trkpt>
      <trkpt lat="52.49739" lon="4.845516">
        <ele>-9.2</ele>
      </trkpt>
      <trkpt lat="52.497394" lon="4.845488">
        <ele>-9.2</ele>
      </trkpt>
      <trkpt lat="52.497398" lon="4.845462">
        <ele>-9.2</ele>
      </trkpt>
      <trkpt lat="52.497402" lon="4.845436">
        <ele>-9.0</ele>
      </trkpt>
      <trkpt lat="52.497407" lon="4.845414">
        <ele>-9.0</ele>
      </trkpt>
      <trkpt lat="52.497412" lon="4.84539">
        <ele>-8.8</ele>
      </trkpt>
      <trkpt lat="52.497416" lon="4.845369">
        <ele>-8.8</ele>
      </trkpt>
      <trkpt lat="52.497419" lon="4.845346">
        <ele>-8.8</ele>
      </trkpt>
      <trkpt lat="52.497423" lon="4.845321">
        <ele>-8.8</ele>
      </trkpt>
      <trkpt lat="52.497426" lon="4.845297">
        <ele>-8.8</ele>
      </trkpt>
      <trkpt lat="52.497431" lon="4.845269">
        <ele>-8.8</ele>
      </trkpt>
      <trkpt lat="52.497435" lon="4.845245">
        <ele>-8.8</ele>
      </trkpt>
      <trkpt lat="52.49744" lon="4.845219">
        <ele>-8.8</ele>
      </trkpt>
      <trkpt lat="52.497444" lon="4.845197">
        <ele>-8.8</ele>
      </trkpt>
      <trkpt lat="52.497451" lon="4.845173">
        <ele>-8.8</ele>
      </trkpt>
      <trkpt lat="52.497455" lon="4.84515">
        <ele>-9.0</ele>
      </trkpt>
      <trkpt lat="52.49746" lon="4.845127">
        <ele>-9.0</ele>
      </trkpt>
      <trkpt lat="52.497464" lon="4.845101">
        <ele>-9.0</ele>
      </trkpt>
      <trkpt lat="52.497465" lon="4.845079">
        <ele>-9.0</ele>
      </trkpt>
      <trkpt lat="52.497469" lon="4.845053">
        <ele>-9.0</ele>
      </trkpt>
      <trkpt lat="52.497471" lon="4.845033">
        <ele>-9.0</ele>
      </trkpt>
      <trkpt lat="52.497474" lon="4.845009">
        <ele>-9.0</ele>
      </trkpt>
      <trkpt lat="52.497475" lon="4.844987">
        <ele>-8.8</ele>
      </trkpt>
      <trkpt lat="52.497478" lon="4.844965">
        <ele>-9.0</ele>
      </trkpt>
      <trkpt lat="52.49748" lon="4.844941">
        <ele>-9.0</ele>
      </trkpt>
      <trkpt lat="52.497482" lon="4.844918">
        <ele>-9.2</ele>
      </trkpt>
      <trkpt lat="52.497484" lon="4.844891">
        <ele>-9.4</ele>
      </trkpt>
      <trkpt lat="52.497487" lon="4.84487">
        <ele>-9.6</ele>
      </trkpt>
      <trkpt lat="52.497489" lon="4.844847">
        <ele>-9.6</ele>
      </trkpt>
      <trkpt lat="52.497492" lon="4.844828">
        <ele>-9.6</ele>
      </trkpt>
      <trkpt lat="52.497495" lon="4.844808">
        <ele>-9.6</ele>
      </trkpt>
      <trkpt lat="52.497499" lon="4.844788">
        <ele>-9.4</ele>
      </trkpt>
      <trkpt lat="52.497502" lon="4.844768">
        <ele>-9.4</ele>
      </trkpt>
      <trkpt lat="52.497504" lon="4.844744">
        <ele>-9.2</ele>
      </trkpt>
      <trkpt lat="52.497506" lon="4.844723">
        <ele>-9.2</ele>
      </trkpt>
      <trkpt lat="52.497507" lon="4.8447">
        <ele>-9.2</ele>
      </trkpt>
      <trkpt lat="52.497509" lon="4.84468">
        <ele>-9.2</ele>
      </trkpt>
      <trkpt lat="52.497511" lon="4.844657">
        <ele>-9.0</ele>
      </trkpt>
      <trkpt lat="52.497512" lon="4.844637">
        <ele>-8.8</ele>
      </trkpt>
      <trkpt lat="52.497513" lon="4.844613">
        <ele>-8.8</ele>
      </trkpt>
      <trkpt lat="52.497513" lon="4.844586">
        <ele>-8.6</ele>
      </trkpt>
      <trkpt lat="52.497514" lon="4.844563">
        <ele>-8.6</ele>
      </trkpt>
      <trkpt lat="52.497515" lon="4.844535">
        <ele>-8.6</ele>
      </trkpt>
      <trkpt lat="52.497515" lon="4.844512">
        <ele>-8.6</ele>
      </trkpt>
      <trkpt lat="52.497515" lon="4.844487">
        <ele>-8.6</ele>
      </trkpt>
      <trkpt lat="52.497516" lon="4.84446">
        <ele>-8.6</ele>
      </trkpt>
      <trkpt lat="52.497516" lon="4.844436">
        <ele>-8.2</ele>
      </trkpt>
      <trkpt lat="52.497519" lon="4.844408">
        <ele>-8.4</ele>
      </trkpt>
      <trkpt lat="52.497522" lon="4.844384">
        <ele>-8.2</ele>
      </trkpt>
      <trkpt lat="52.497526" lon="4.844358">
        <ele>-8.0</ele>
      </trkpt>
      <trkpt lat="52.49753" lon="4.844337">
        <ele>-8.0</ele>
      </trkpt>
      <trkpt lat="52.497534" lon="4.844311">
        <ele>-8.0</ele>
      </trkpt>
      <trkpt lat="52.497537" lon="4.844284">
        <ele>-8.4</ele>
      </trkpt>
      <trkpt lat="52.49754" lon="4.844258">
        <ele>-8.6</ele>
      </trkpt>
      <trkpt lat="52.497544" lon="4.844232">
        <ele>-8.6</ele>
      </trkpt>
      <trkpt lat="52.497545" lon="4.844211">
        <ele>-8.6</ele>
      </trkpt>
      <trkpt lat="52.497549" lon="4.844187">
        <ele>-8.6</ele>
      </trkpt>
      <trkpt lat="52.497551" lon="4.844168">
        <ele>-8.6</ele>
      </trkpt>
      <trkpt lat="52.497555" lon="4.844146">
        <ele>-8.6</ele>
      </trkpt>
      <trkpt lat="52.497558" lon="4.844123">
        <ele>-8.4</ele>
      </trkpt>
      <trkpt lat="52.49756" lon="4.844105">
        <ele>-8.2</ele>
      </trkpt>
      <trkpt lat="52.497563" lon="4.844082">
        <ele>-8.2</ele>
      </trkpt>
      <trkpt lat="52.497566" lon="4.844064">
        <ele>-8.4</ele>
      </trkpt>
      <trkpt lat="52.497568" lon="4.844043">
        <ele>-8.4</ele>
      </trkpt>
      <trkpt lat="52.497569" lon="4.844024">
        <ele>-8.6</ele>
      </trkpt>
      <trkpt lat="52.497571" lon="4.844001">
        <ele>-8.6</ele>
      </trkpt>
      <trkpt lat="52.497573" lon="4.843979">
        <ele>-8.6</ele>
      </trkpt>
      <trkpt lat="52.497575" lon="4.84396">
        <ele>-8.6</ele>
      </trkpt>
      <trkpt lat="52.497578" lon="4.843938">
        <ele>-8.6</ele>
      </trkpt>
      <trkpt lat="52.49758" lon="4.84392">
        <ele>-8.6</ele>
      </trkpt>
      <trkpt lat="52.497584" lon="4.843899">
        <ele>-8.6</ele>
      </trkpt>
      <trkpt lat="52.497586" lon="4.843876">
        <ele>-8.6</ele>
      </trkpt>
      <trkpt lat="52.497587" lon="4.843857">
        <ele>-8.4</ele>
      </trkpt>
      <trkpt lat="52.49759" lon="4.843837">
        <ele>-8.6</ele>
      </trkpt>
      <trkpt lat="52.497592" lon="4.843821">
        <ele>-8.2</ele>
      </trkpt>
      <trkpt lat="52.497592" lon="4.843803">
        <ele>-8.0</ele>
      </trkpt>
      <trkpt lat="52.497592" lon="4.843784">
        <ele>-8.0</ele>
      </trkpt>
      <trkpt lat="52.497594" lon="4.843762">
        <ele>-7.8</ele>
      </trkpt>
      <trkpt lat="52.497597" lon="4.84374">
        <ele>-7.8</ele>
      </trkpt>
      <trkpt lat="52.497601" lon="4.84372">
        <ele>-8.2</ele>
      </trkpt>
      <trkpt lat="52.497604" lon="4.843696">
        <ele>-8.4</ele>
      </trkpt>
      <trkpt lat="52.497603" lon="4.843677">
        <ele>-8.4</ele>
      </trkpt>
      <trkpt lat="52.497604" lon="4.843651">
        <ele>-8.4</ele>
      </trkpt>
      <trkpt lat="52.497604" lon="4.843627">
        <ele>-8.6</ele>
      </trkpt>
      <trkpt lat="52.497603" lon="4.843605">
        <ele>-8.6</ele>
      </trkpt>
      <trkpt lat="52.497605" lon="4.843583">
        <ele>-8.6</ele>
      </trkpt>
      <trkpt lat="52.497606" lon="4.843566">
        <ele>-8.4</ele>
      </trkpt>
      <trkpt lat="52.497605" lon="4.843544">
        <ele>-8.2</ele>
      </trkpt>
      <trkpt lat="52.497605" lon="4.843521">
        <ele>-8.6</ele>
      </trkpt>
      <trkpt lat="52.497601" lon="4.8435">
        <ele>-8.6</ele>
      </trkpt>
      <trkpt lat="52.497598" lon="4.843475">
        <ele>-8.4</ele>
      </trkpt>
      <trkpt lat="52.497595" lon="4.843454">
        <ele>-8.2</ele>
      </trkpt>
      <trkpt lat="52.497592" lon="4.843432">
        <ele>-8.4</ele>
      </trkpt>
      <trkpt lat="52.497592" lon="4.843411">
        <ele>-8.6</ele>
      </trkpt>
      <trkpt lat="52.497593" lon="4.843387">
        <ele>-8.6</ele>
      </trkpt>
      <trkpt lat="52.497592" lon="4.843363">
        <ele>-8.6</ele>
      </trkpt>
      <trkpt lat="52.497591" lon="4.843344">
        <ele>-8.6</ele>
      </trkpt>
      <trkpt lat="52.497591" lon="4.843322">
        <ele>-8.6</ele>
      </trkpt>
      <trkpt lat="52.49759" lon="4.843305">
        <ele>-8.8</ele>
      </trkpt>
      <trkpt lat="52.497586" lon="4.843283">
        <ele>-8.8</ele>
      </trkpt>
      <trkpt lat="52.497586" lon="4.84326">
        <ele>-8.8</ele>
      </trkpt>
      <trkpt lat="52.497587" lon="4.843239">
        <ele>-9.0</ele>
      </trkpt>
      <trkpt lat="52.497589" lon="4.843214">
        <ele>-9.0</ele>
      </trkpt>
      <trkpt lat="52.497591" lon="4.843193">
        <ele>-9.0</ele>
      </trkpt>
      <trkpt lat="52.497593" lon="4.843169">
        <ele>-9.0</ele>
      </trkpt>
      <trkpt lat="52.497594" lon="4.843147">
        <ele>-9.0</ele>
      </trkpt>
      <trkpt lat="52.497594" lon="4.843125">
        <ele>-9.0</ele>
      </trkpt>
      <trkpt lat="52.497596" lon="4.843103">
        <ele>-9.0</ele>
      </trkpt>
      <trkpt lat="52.497596" lon="4.843083">
        <ele>-8.8</ele>
      </trkpt>
      <trkpt lat="52.497598" lon="4.84306">
        <ele>-8.8</ele>
      </trkpt>
      <trkpt lat="52.497599" lon="4.84304">
        <ele>-8.8</ele>
      </trkpt>
      <trkpt lat="52.497599" lon="4.843018">
        <ele>-8.8</ele>
      </trkpt>
      <trkpt lat="52.4976" lon="4.842996">
        <ele>-9.0</ele>
      </trkpt>
      <trkpt lat="52.497601" lon="4.842978">
        <ele>-9.0</ele>
      </trkpt>
      <trkpt lat="52.497601" lon="4.842955">
        <ele>-9.0</ele>
      </trkpt>
      <trkpt lat="52.497601" lon="4.842937">
        <ele>-9.2</ele>
      </trkpt>
      <trkpt lat="52.497601" lon="4.842916">
        <ele>-9.2</ele>
      </trkpt>
      <trkpt lat="52.497599" lon="4.842896">
        <ele>-9.2</ele>
      </trkpt>
      <trkpt lat="52.497598" lon="4.842878">
        <ele>-9.2</ele>
      </trkpt>
      <trkpt lat="52.497596" lon="4.842856">
        <ele>-8.8</ele>
      </trkpt>
      <trkpt lat="52.497594" lon="4.842839">
        <ele>-8.8</ele>
      </trkpt>
      <trkpt lat="52.497593" lon="4.842817">
        <ele>-8.6</ele>
      </trkpt>
      <trkpt lat="52.497591" lon="4.8428">
        <ele>-8.6</ele>
      </trkpt>
      <trkpt lat="52.497591" lon="4.84278">
        <ele>-8.6</ele>
      </trkpt>
      <trkpt lat="52.497589" lon="4.842757">
        <ele>-8.6</ele>
      </trkpt>
      <trkpt lat="52.497587" lon="4.842736">
        <ele>-8.6</ele>
      </trkpt>
      <trkpt lat="52.497588" lon="4.842711">
        <ele>-8.6</ele>
      </trkpt>
      <trkpt lat="52.497587" lon="4.842692">
        <ele>-8.6</ele>
      </trkpt>
      <trkpt lat="52.497588" lon="4.842668">
        <ele>-8.6</ele>
      </trkpt>
      <trkpt lat="52.497587" lon="4.842645">
        <ele>-8.6</ele>
      </trkpt>
      <trkpt lat="52.497587" lon="4.842623">
        <ele>-8.8</ele>
      </trkpt>
      <trkpt lat="52.497585" lon="4.842595">
        <ele>-9.0</ele>
      </trkpt>
      <trkpt lat="52.497584" lon="4.842575">
        <ele>-9.0</ele>
      </trkpt>
      <trkpt lat="52.497583" lon="4.842552">
        <ele>-9.2</ele>
      </trkpt>
      <trkpt lat="52.497582" lon="4.842527">
        <ele>-9.2</ele>
      </trkpt>
      <trkpt lat="52.497583" lon="4.842504">
        <ele>-9.0</ele>
      </trkpt>
      <trkpt lat="52.497583" lon="4.842481">
        <ele>-9.0</ele>
      </trkpt>
      <trkpt lat="52.497582" lon="4.842457">
        <ele>-8.6</ele>
      </trkpt>
      <trkpt lat="52.497582" lon="4.842432">
        <ele>-8.6</ele>
      </trkpt>
      <trkpt lat="52.49758" lon="4.84241">
        <ele>-8.8</ele>
      </trkpt>
      <trkpt lat="52.49758" lon="4.842383">
        <ele>-8.8</ele>
      </trkpt>
      <trkpt lat="52.497579" lon="4.842359">
        <ele>-8.8</ele>
      </trkpt>
      <trkpt lat="52.497578" lon="4.842333">
        <ele>-8.8</ele>
      </trkpt>
      <trkpt lat="52.497579" lon="4.842306">
        <ele>-8.8</ele>
      </trkpt>
      <trkpt lat="52.497579" lon="4.842282">
        <ele>-8.8</ele>
      </trkpt>
      <trkpt lat="52.497582" lon="4.84226">
        <ele>-8.8</ele>
      </trkpt>
      <trkpt lat="52.497582" lon="4.842233">
        <ele>-8.8</ele>
      </trkpt>
      <trkpt lat="52.497582" lon="4.842209">
        <ele>-8.8</ele>
      </trkpt>
      <trkpt lat="52.497581" lon="4.842188">
        <ele>-8.8</ele>
      </trkpt>
      <trkpt lat="52.497581" lon="4.842161">
        <ele>-8.8</ele>
      </trkpt>
      <trkpt lat="52.497579" lon="4.842136">
        <ele>-8.8</ele>
      </trkpt>
      <trkpt lat="52.497579" lon="4.84211">
        <ele>-8.8</ele>
      </trkpt>
      <trkpt lat="52.497577" lon="4.842083">
        <ele>-8.8</ele>
      </trkpt>
      <trkpt lat="52.497575" lon="4.84206">
        <ele>-8.8</ele>
      </trkpt>
      <trkpt lat="52.497571" lon="4.842033">
        <ele>-8.8</ele>
      </trkpt>
      <trkpt lat="52.497567" lon="4.842011">
        <ele>-8.8</ele>
      </trkpt>
      <trkpt lat="52.497565" lon="4.841984">
        <ele>-8.8</ele>
      </trkpt>
      <trkpt lat="52.497562" lon="4.841955">
        <ele>-8.8</ele>
      </trkpt>
      <trkpt lat="52.49756" lon="4.841928">
        <ele>-8.8</ele>
      </trkpt>
      <trkpt lat="52.497559" lon="4.841902">
        <ele>-8.8</ele>
      </trkpt>
      <trkpt lat="52.497561" lon="4.841879">
        <ele>-8.8</ele>
      </trkpt>
      <trkpt lat="52.497563" lon="4.841852">
        <ele>-8.6</ele>
      </trkpt>
      <trkpt lat="52.497565" lon="4.841831">
        <ele>-8.6</ele>
      </trkpt>
      <trkpt lat="52.497569" lon="4.841808">
        <ele>-8.4</ele>
      </trkpt>
      <trkpt lat="52.497571" lon="4.841784">
        <ele>-8.4</ele>
      </trkpt>
      <trkpt lat="52.497572" lon="4.841764">
        <ele>-8.4</ele>
      </trkpt>
      <trkpt lat="52.497571" lon="4.84174">
        <ele>-8.2</ele>
      </trkpt>
      <trkpt lat="52.497573" lon="4.84172">
        <ele>-8.2</ele>
      </trkpt>
      <trkpt lat="52.497575" lon="4.841695">
        <ele>-8.2</ele>
      </trkpt>
      <trkpt lat="52.497576" lon="4.841676">
        <ele>-8.2</ele>
      </trkpt>
      <trkpt lat="52.497578" lon="4.841653">
        <ele>-8.2</ele>
      </trkpt>
      <trkpt lat="52.497577" lon="4.841627">
        <ele>-8.2</ele>
      </trkpt>
      <trkpt lat="52.497574" lon="4.841605">
        <ele>-8.2</ele>
      </trkpt>
      <trkpt lat="52.497572" lon="4.841578">
        <ele>-8.2</ele>
      </trkpt>
      <trkpt lat="52.49757" lon="4.841558">
        <ele>-8.8</ele>
      </trkpt>
      <trkpt lat="52.49757" lon="4.841535">
        <ele>-9.2</ele>
      </trkpt>
      <trkpt lat="52.49757" lon="4.841514">
        <ele>-9.4</ele>
      </trkpt>
      <trkpt lat="52.497569" lon="4.841491">
        <ele>-9.6</ele>
      </trkpt>
      <trkpt lat="52.497569" lon="4.841466">
        <ele>-9.0</ele>
      </trkpt>
      <trkpt lat="52.497567" lon="4.841445">
        <ele>-8.6</ele>
      </trkpt>
      <trkpt lat="52.497565" lon="4.841421">
        <ele>-8.4</ele>
      </trkpt>
      <trkpt lat="52.497563" lon="4.841401">
        <ele>-8.4</ele>
      </trkpt>
      <trkpt lat="52.497561" lon="4.841378">
        <ele>-8.4</ele>
      </trkpt>
      <trkpt lat="52.49756" lon="4.841355">
        <ele>-8.2</ele>
      </trkpt>
      <trkpt lat="52.497557" lon="4.841335">
        <ele>-8.6</ele>
      </trkpt>
      <trkpt lat="52.497558" lon="4.841311">
        <ele>-8.6</ele>
      </trkpt>
      <trkpt lat="52.49756" lon="4.841292">
        <ele>-8.8</ele>
      </trkpt>
      <trkpt lat="52.497561" lon="4.84127">
        <ele>-8.8</ele>
      </trkpt>
      <trkpt lat="52.497562" lon="4.841251">
        <ele>-8.8</ele>
      </trkpt>
      <trkpt lat="52.497561" lon="4.841233">
        <ele>-8.8</ele>
      </trkpt>
      <trkpt lat="52.49756" lon="4.841212">
        <ele>-8.8</ele>
      </trkpt>
      <trkpt lat="52.49756" lon="4.84119">
        <ele>-9.0</ele>
      </trkpt>
      <trkpt lat="52.497557" lon="4.84117">
        <ele>-9.2</ele>
      </trkpt>
      <trkpt lat="52.497556" lon="4.84115">
        <ele>-9.2</ele>
      </trkpt>
      <trkpt lat="52.497553" lon="4.841132">
        <ele>-9.4</ele>
      </trkpt>
      <trkpt lat="52.497552" lon="4.841109">
        <ele>-9.2</ele>
      </trkpt>
      <trkpt lat="52.497552" lon="4.841087">
        <ele>-9.2</ele>
      </trkpt>
      <trkpt lat="52.497554" lon="4.841063">
        <ele>-9.2</ele>
      </trkpt>
      <trkpt lat="52.497555" lon="4.841036">
        <ele>-9.0</ele>
      </trkpt>
      <trkpt lat="52.497558" lon="4.841009">
        <ele>-9.0</ele>
      </trkpt>
      <trkpt lat="52.497558" lon="4.840983">
        <ele>-8.4</ele>
      </trkpt>
      <trkpt lat="52.497562" lon="4.840966">
        <ele>-8.0</ele>
      </trkpt>
      <trkpt lat="52.497563" lon="4.840944">
        <ele>-7.8</ele>
      </trkpt>
      <trkpt lat="52.497564" lon="4.840926">
        <ele>-7.8</ele>
      </trkpt>
      <trkpt lat="52.497563" lon="4.840908">
        <ele>-8.4</ele>
      </trkpt>
      <trkpt lat="52.497563" lon="4.840885">
        <ele>-8.8</ele>
      </trkpt>
      <trkpt lat="52.497561" lon="4.840868">
        <ele>-9.0</ele>
      </trkpt>
      <trkpt lat="52.497562" lon="4.840847">
        <ele>-9.2</ele>
      </trkpt>
      <trkpt lat="52.497562" lon="4.84083">
        <ele>-9.2</ele>
      </trkpt>
      <trkpt lat="52.497563" lon="4.84081">
        <ele>-9.2</ele>
      </trkpt>
      <trkpt lat="52.497564" lon="4.840789">
        <ele>-9.2</ele>
      </trkpt>
      <trkpt lat="52.497565" lon="4.84077">
        <ele>-9.2</ele>
      </trkpt>
      <trkpt lat="52.497566" lon="4.840745">
        <ele>-9.2</ele>
      </trkpt>
      <trkpt lat="52.497567" lon="4.840729">
        <ele>-9.2</ele>
      </trkpt>
      <trkpt lat="52.497568" lon="4.840708">
        <ele>-9.2</ele>
      </trkpt>
      <trkpt lat="52.497569" lon="4.840689">
        <ele>-9.2</ele>
      </trkpt>
      <trkpt lat="52.497569" lon="4.840673">
        <ele>-9.2</ele>
      </trkpt>
      <trkpt lat="52.497568" lon="4.840653">
        <ele>-9.0</ele>
      </trkpt>
      <trkpt lat="52.497568" lon="4.840632">
        <ele>-8.8</ele>
      </trkpt>
      <trkpt lat="52.497566" lon="4.840618">
        <ele>-8.8</ele>
      </trkpt>
      <trkpt lat="52.497564" lon="4.840598">
        <ele>-8.6</ele>
      </trkpt>
      <trkpt lat="52.497562" lon="4.840576">
        <ele>-8.6</ele>
      </trkpt>
      <trkpt lat="52.497559" lon="4.840559">
        <ele>-8.6</ele>
      </trkpt>
      <trkpt lat="52.497558" lon="4.840534">
        <ele>-8.6</ele>
      </trkpt>
      <trkpt lat="52.497555" lon="4.840514">
        <ele>-8.6</ele>
      </trkpt>
      <trkpt lat="52.497555" lon="4.840491">
        <ele>-8.6</ele>
      </trkpt>
      <trkpt lat="52.497552" lon="4.84047">
        <ele>-8.4</ele>
      </trkpt>
      <trkpt lat="52.497548" lon="4.840447">
        <ele>-8.4</ele>
      </trkpt>
      <trkpt lat="52.497545" lon="4.840424">
        <ele>-8.4</ele>
      </trkpt>
      <trkpt lat="52.497544" lon="4.840402">
        <ele>-8.4</ele>
      </trkpt>
      <trkpt lat="52.497542" lon="4.840378">
        <ele>-8.2</ele>
      </trkpt>
      <trkpt lat="52.49754" lon="4.840358">
        <ele>-8.2</ele>
      </trkpt>
      <trkpt lat="52.497539" lon="4.840334">
        <ele>-8.2</ele>
      </trkpt>
      <trkpt lat="52.497538" lon="4.840314">
        <ele>-8.2</ele>
      </trkpt>
      <trkpt lat="52.497538" lon="4.840291">
        <ele>-8.2</ele>
      </trkpt>
      <trkpt lat="52.497536" lon="4.840271">
        <ele>-8.2</ele>
      </trkpt>
      <trkpt lat="52.497535" lon="4.840249">
        <ele>-8.2</ele>
      </trkpt>
      <trkpt lat="52.497534" lon="4.840225">
        <ele>-8.2</ele>
      </trkpt>
      <trkpt lat="52.497532" lon="4.840204">
        <ele>-8.2</ele>
      </trkpt>
      <trkpt lat="52.497529" lon="4.84018">
        <ele>-8.2</ele>
      </trkpt>
      <trkpt lat="52.497527" lon="4.840159">
        <ele>-8.2</ele>
      </trkpt>
      <trkpt lat="52.497525" lon="4.840136">
        <ele>-8.2</ele>
      </trkpt>
      <trkpt lat="52.497522" lon="4.840114">
        <ele>-8.2</ele>
      </trkpt>
      <trkpt lat="52.497519" lon="4.840091">
        <ele>-8.0</ele>
      </trkpt>
      <trkpt lat="52.497516" lon="4.840067">
        <ele>-8.2</ele>
      </trkpt>
      <trkpt lat="52.497516" lon="4.840046">
        <ele>-8.4</ele>
      </trkpt>
      <trkpt lat="52.497516" lon="4.840022">
        <ele>-8.4</ele>
      </trkpt>
      <trkpt lat="52.497515" lon="4.840001">
        <ele>-8.4</ele>
      </trkpt>
      <trkpt lat="52.497513" lon="4.83998">
        <ele>-8.4</ele>
      </trkpt>
      <trkpt lat="52.497513" lon="4.839958">
        <ele>-8.4</ele>
      </trkpt>
      <trkpt lat="52.497512" lon="4.839935">
        <ele>-8.6</ele>
      </trkpt>
      <trkpt lat="52.497511" lon="4.839917">
        <ele>-8.8</ele>
      </trkpt>
      <trkpt lat="52.497511" lon="4.839898">
        <ele>-8.8</ele>
      </trkpt>
      <trkpt lat="52.497508" lon="4.839879">
        <ele>-9.2</ele>
      </trkpt>
      <trkpt lat="52.497509" lon="4.839862">
        <ele>-9.0</ele>
      </trkpt>
      <trkpt lat="52.497507" lon="4.839842">
        <ele>-9.0</ele>
      </trkpt>
      <trkpt lat="52.497505" lon="4.839827">
        <ele>-9.0</ele>
      </trkpt>
      <trkpt lat="52.497502" lon="4.839806">
        <ele>-8.4</ele>
      </trkpt>
      <trkpt lat="52.497499" lon="4.839788">
        <ele>-8.2</ele>
      </trkpt>
      <trkpt lat="52.497497" lon="4.839765">
        <ele>-8.0</ele>
      </trkpt>
      <trkpt lat="52.497494" lon="4.839744">
        <ele>-8.0</ele>
      </trkpt>
      <trkpt lat="52.497493" lon="4.839723">
        <ele>-8.4</ele>
      </trkpt>
      <trkpt lat="52.497489" lon="4.839703">
        <ele>-8.6</ele>
      </trkpt>
      <trkpt lat="52.497487" lon="4.839683">
        <ele>-8.6</ele>
      </trkpt>
      <trkpt lat="52.497485" lon="4.839661">
        <ele>-8.8</ele>
      </trkpt>
      <trkpt lat="52.497485" lon="4.839644">
        <ele>-8.8</ele>
      </trkpt>
      <trkpt lat="52.497483" lon="4.839621">
        <ele>-8.8</ele>
      </trkpt>
      <trkpt lat="52.497481" lon="4.839603">
        <ele>-8.8</ele>
      </trkpt>
      <trkpt lat="52.497478" lon="4.839582">
        <ele>-8.6</ele>
      </trkpt>
      <trkpt lat="52.497475" lon="4.839562">
        <ele>-8.6</ele>
      </trkpt>
      <trkpt lat="52.497473" lon="4.839542">
        <ele>-8.6</ele>
      </trkpt>
      <trkpt lat="52.497471" lon="4.839519">
        <ele>-8.4</ele>
      </trkpt>
      <trkpt lat="52.497469" lon="4.8395">
        <ele>-8.2</ele>
      </trkpt>
      <trkpt lat="52.497468" lon="4.839476">
        <ele>-8.0</ele>
      </trkpt>
      <trkpt lat="52.497468" lon="4.839458">
        <ele>-8.0</ele>
      </trkpt>
      <trkpt lat="52.497466" lon="4.839434">
        <ele>-8.0</ele>
      </trkpt>
      <trkpt lat="52.497465" lon="4.839411">
        <ele>-8.0</ele>
      </trkpt>
      <trkpt lat="52.497464" lon="4.839389">
        <ele>-8.0</ele>
      </trkpt>
      <trkpt lat="52.497463" lon="4.839365">
        <ele>-8.0</ele>
      </trkpt>
      <trkpt lat="52.497463" lon="4.839344">
        <ele>-8.0</ele>
      </trkpt>
      <trkpt lat="52.497464" lon="4.83932">
        <ele>-8.0</ele>
      </trkpt>
      <trkpt lat="52.497464" lon="4.839301">
        <ele>-8.2</ele>
      </trkpt>
      <trkpt lat="52.497463" lon="4.839277">
        <ele>-8.2</ele>
      </trkpt>
      <trkpt lat="52.497463" lon="4.839254">
        <ele>-8.2</ele>
      </trkpt>
      <trkpt lat="52.497462" lon="4.839234">
        <ele>-8.2</ele>
      </trkpt>
      <trkpt lat="52.49746" lon="4.83921">
        <ele>-8.2</ele>
      </trkpt>
      <trkpt lat="52.49746" lon="4.839188">
        <ele>-8.2</ele>
      </trkpt>
      <trkpt lat="52.497459" lon="4.839163">
        <ele>-8.2</ele>
      </trkpt>
      <trkpt lat="52.497458" lon="4.839139">
        <ele>-8.2</ele>
      </trkpt>
      <trkpt lat="52.497458" lon="4.839114">
        <ele>-8.2</ele>
      </trkpt>
      <trkpt lat="52.497458" lon="4.839091">
        <ele>-8.2</ele>
      </trkpt>
      <trkpt lat="52.497457" lon="4.83907">
        <ele>-8.0</ele>
      </trkpt>
      <trkpt lat="52.497457" lon="4.839047">
        <ele>-8.8</ele>
      </trkpt>
      <trkpt lat="52.49746" lon="4.839023">
        <ele>-8.6</ele>
      </trkpt>
      <trkpt lat="52.497462" lon="4.838999">
        <ele>-9.0</ele>
      </trkpt>
      <trkpt lat="52.497464" lon="4.838976">
        <ele>-9.2</ele>
      </trkpt>
      <trkpt lat="52.497465" lon="4.838954">
        <ele>-9.4</ele>
      </trkpt>
      <trkpt lat="52.497466" lon="4.838935">
        <ele>-9.0</ele>
      </trkpt>
      <trkpt lat="52.497465" lon="4.838914">
        <ele>-9.0</ele>
      </trkpt>
      <trkpt lat="52.497465" lon="4.838892">
        <ele>-8.8</ele>
      </trkpt>
      <trkpt lat="52.497466" lon="4.83887">
        <ele>-8.8</ele>
      </trkpt>
      <trkpt lat="52.497466" lon="4.838847">
        <ele>-8.6</ele>
      </trkpt>
      <trkpt lat="52.497464" lon="4.838829">
        <ele>-8.6</ele>
      </trkpt>
      <trkpt lat="52.497462" lon="4.838806">
        <ele>-8.6</ele>
      </trkpt>
      <trkpt lat="52.49746" lon="4.838786">
        <ele>-8.6</ele>
      </trkpt>
      <trkpt lat="52.497458" lon="4.838763">
        <ele>-8.6</ele>
      </trkpt>
      <trkpt lat="52.497457" lon="4.838739">
        <ele>-8.6</ele>
      </trkpt>
      <trkpt lat="52.497458" lon="4.838719">
        <ele>-8.6</ele>
      </trkpt>
      <trkpt lat="52.497457" lon="4.838695">
        <ele>-8.8</ele>
      </trkpt>
      <trkpt lat="52.497458" lon="4.838676">
        <ele>-8.8</ele>
      </trkpt>
      <trkpt lat="52.497457" lon="4.838652">
        <ele>-8.6</ele>
      </trkpt>
      <trkpt lat="52.497456" lon="4.83863">
        <ele>-8.6</ele>
      </trkpt>
      <trkpt lat="52.497456" lon="4.838606">
        <ele>-8.6</ele>
      </trkpt>
      <trkpt lat="52.497455" lon="4.838582">
        <ele>-8.8</ele>
      </trkpt>
      <trkpt lat="52.497455" lon="4.838559">
        <ele>-8.8</ele>
      </trkpt>
      <trkpt lat="52.497455" lon="4.838534">
        <ele>-8.8</ele>
      </trkpt>
      <trkpt lat="52.497454" lon="4.838515">
        <ele>-9.0</ele>
      </trkpt>
      <trkpt lat="52.497453" lon="4.838492">
        <ele>-9.2</ele>
      </trkpt>
      <trkpt lat="52.497452" lon="4.83847">
        <ele>-9.2</ele>
      </trkpt>
      <trkpt lat="52.49745" lon="4.838449">
        <ele>-9.2</ele>
      </trkpt>
      <trkpt lat="52.497448" lon="4.838425">
        <ele>-9.0</ele>
      </trkpt>
      <trkpt lat="52.497446" lon="4.838405">
        <ele>-9.2</ele>
      </trkpt>
      <trkpt lat="52.497446" lon="4.83838">
        <ele>-9.0</ele>
      </trkpt>
      <trkpt lat="52.497445" lon="4.838362">
        <ele>-8.6</ele>
      </trkpt>
      <trkpt lat="52.497445" lon="4.838337">
        <ele>-8.4</ele>
      </trkpt>
      <trkpt lat="52.497444" lon="4.838312">
        <ele>-8.2</ele>
      </trkpt>
      <trkpt lat="52.497442" lon="4.838288">
        <ele>-8.4</ele>
      </trkpt>
      <trkpt lat="52.497441" lon="4.838261">
        <ele>-8.6</ele>
      </trkpt>
      <trkpt lat="52.497439" lon="4.83824">
        <ele>-8.8</ele>
      </trkpt>
      <trkpt lat="52.497438" lon="4.838215">
        <ele>-9.0</ele>
      </trkpt>
      <trkpt lat="52.497436" lon="4.838192">
        <ele>-9.2</ele>
      </trkpt>
      <trkpt lat="52.497433" lon="4.83817">
        <ele>-9.2</ele>
      </trkpt>
      <trkpt lat="52.497431" lon="4.838144">
        <ele>-9.2</ele>
      </trkpt>
      <trkpt lat="52.497429" lon="4.838122">
        <ele>-9.2</ele>
      </trkpt>
      <trkpt lat="52.497425" lon="4.838097">
        <ele>-9.0</ele>
      </trkpt>
      <trkpt lat="52.497424" lon="4.838074">
        <ele>-8.8</ele>
      </trkpt>
      <trkpt lat="52.49742" lon="4.838048">
        <ele>-8.6</ele>
      </trkpt>
      <trkpt lat="52.497419" lon="4.838023">
        <ele>-8.6</ele>
      </trkpt>
      <trkpt lat="52.497421" lon="4.837999">
        <ele>-8.6</ele>
      </trkpt>
      <trkpt lat="52.497422" lon="4.837975">
        <ele>-8.4</ele>
      </trkpt>
      <trkpt lat="52.497424" lon="4.837955">
        <ele>-8.4</ele>
      </trkpt>
      <trkpt lat="52.497422" lon="4.837933">
        <ele>-8.4</ele>
      </trkpt>
      <trkpt lat="52.497421" lon="4.837913">
        <ele>-8.6</ele>
      </trkpt>
      <trkpt lat="52.497421" lon="4.837891">
        <ele>-8.6</ele>
      </trkpt>
      <trkpt lat="52.497423" lon="4.837872">
        <ele>-8.6</ele>
      </trkpt>
      <trkpt lat="52.497424" lon="4.837849">
        <ele>-8.6</ele>
      </trkpt>
      <trkpt lat="52.497424" lon="4.837828">
        <ele>-8.8</ele>
      </trkpt>
      <trkpt lat="52.497425" lon="4.837805">
        <ele>-8.6</ele>
      </trkpt>
      <trkpt lat="52.497427" lon="4.837783">
        <ele>-8.8</ele>
      </trkpt>
      <trkpt lat="52.497431" lon="4.837765">
        <ele>-8.6</ele>
      </trkpt>
      <trkpt lat="52.497431" lon="4.837741">
        <ele>-8.4</ele>
      </trkpt>
      <trkpt lat="52.497432" lon="4.837723">
        <ele>-8.4</ele>
      </trkpt>
      <trkpt lat="52.497433" lon="4.837699">
        <ele>-8.4</ele>
      </trkpt>
      <trkpt lat="52.497434" lon="4.83768">
        <ele>-8.2</ele>
      </trkpt>
      <trkpt lat="52.497432" lon="4.837659">
        <ele>-8.2</ele>
      </trkpt>
      <trkpt lat="52.49743" lon="4.837642">
        <ele>-8.2</ele>
      </trkpt>
      <trkpt lat="52.497431" lon="4.837621">
        <ele>-7.8</ele>
      </trkpt>
      <trkpt lat="52.49743" lon="4.837601">
        <ele>-7.6</ele>
      </trkpt>
      <trkpt lat="52.49743" lon="4.837582">
        <ele>-7.6</ele>
      </trkpt>
      <trkpt lat="52.497429" lon="4.837559">
        <ele>-7.6</ele>
      </trkpt>
      <trkpt lat="52.49743" lon="4.837539">
        <ele>-7.4</ele>
      </trkpt>
      <trkpt lat="52.497431" lon="4.837517">
        <ele>-7.4</ele>
      </trkpt>
      <trkpt lat="52.497432" lon="4.8375">
        <ele>-7.4</ele>
      </trkpt>
      <trkpt lat="52.497432" lon="4.83748">
        <ele>-7.4</ele>
      </trkpt>
      <trkpt lat="52.497432" lon="4.83746">
        <ele>-8.2</ele>
      </trkpt>
      <trkpt lat="52.497433" lon="4.837443">
        <ele>-7.8</ele>
      </trkpt>
      <trkpt lat="52.497433" lon="4.837421">
        <ele>-7.4</ele>
      </trkpt>
      <trkpt lat="52.497434" lon="4.837405">
        <ele>-7.2</ele>
      </trkpt>
      <trkpt lat="52.497432" lon="4.837384">
        <ele>-7.0</ele>
      </trkpt>
      <trkpt lat="52.497432" lon="4.837365">
        <ele>-7.0</ele>
      </trkpt>
      <trkpt lat="52.497432" lon="4.837348">
        <ele>-7.2</ele>
      </trkpt>
      <trkpt lat="52.497431" lon="4.837328">
        <ele>-7.2</ele>
      </trkpt>
      <trkpt lat="52.497431" lon="4.83731">
        <ele>-8.2</ele>
      </trkpt>
      <trkpt lat="52.497428" lon="4.83729">
        <ele>-9.0</ele>
      </trkpt>
      <trkpt lat="52.497424" lon="4.837274">
        <ele>-9.0</ele>
      </trkpt>
      <trkpt lat="52.497422" lon="4.837254">
        <ele>-9.0</ele>
      </trkpt>
      <trkpt lat="52.497419" lon="4.837237">
        <ele>-9.0</ele>
      </trkpt>
      <trkpt lat="52.497416" lon="4.837215">
        <ele>-9.0</ele>
      </trkpt>
      <trkpt lat="52.497413" lon="4.837196">
        <ele>-9.0</ele>
      </trkpt>
      <trkpt lat="52.497409" lon="4.837176">
        <ele>-9.0</ele>
      </trkpt>
      <trkpt lat="52.497405" lon="4.837155">
        <ele>-9.0</ele>
      </trkpt>
      <trkpt lat="52.497401" lon="4.837137">
        <ele>-9.2</ele>
      </trkpt>
      <trkpt lat="52.497397" lon="4.837117">
        <ele>-9.6</ele>
      </trkpt>
      <trkpt lat="52.497391" lon="4.837098">
        <ele>-9.6</ele>
      </trkpt>
      <trkpt lat="52.497387" lon="4.837076">
        <ele>-9.6</ele>
      </trkpt>
      <trkpt lat="52.497384" lon="4.837058">
        <ele>-9.8</ele>
      </trkpt>
      <trkpt lat="52.497379" lon="4.837035">
        <ele>-9.8</ele>
      </trkpt>
      <trkpt lat="52.497376" lon="4.837016">
        <ele>-9.8</ele>
      </trkpt>
      <trkpt lat="52.497372" lon="4.836996">
        <ele>-9.8</ele>
      </trkpt>
      <trkpt lat="52.49737" lon="4.836976">
        <ele>-10.0</ele>
      </trkpt>
      <trkpt lat="52.497367" lon="4.836956">
        <ele>-9.2</ele>
      </trkpt>
      <trkpt lat="52.497365" lon="4.836936">
        <ele>-9.8</ele>
      </trkpt>
      <trkpt lat="52.497365" lon="4.836916">
        <ele>-9.0</ele>
      </trkpt>
      <trkpt lat="52.497363" lon="4.836893">
        <ele>-8.4</ele>
      </trkpt>
      <trkpt lat="52.497361" lon="4.836872">
        <ele>-8.2</ele>
      </trkpt>
      <trkpt lat="52.49736" lon="4.836849">
        <ele>-8.2</ele>
      </trkpt>
      <trkpt lat="52.497359" lon="4.836831">
        <ele>-8.2</ele>
      </trkpt>
      <trkpt lat="52.49736" lon="4.836809">
        <ele>-8.4</ele>
      </trkpt>
      <trkpt lat="52.49736" lon="4.836789">
        <ele>-8.4</ele>
      </trkpt>
      <trkpt lat="52.497361" lon="4.836767">
        <ele>-8.4</ele>
      </trkpt>
      <trkpt lat="52.497357" lon="4.836746">
        <ele>-8.8</ele>
      </trkpt>
      <trkpt lat="52.497352" lon="4.836727">
        <ele>-8.8</ele>
      </trkpt>
      <trkpt lat="52.497346" lon="4.836703">
        <ele>-9.0</ele>
      </trkpt>
      <trkpt lat="52.49734" lon="4.836682">
        <ele>-9.0</ele>
      </trkpt>
      <trkpt lat="52.497335" lon="4.836657">
        <ele>-9.0</ele>
      </trkpt>
      <trkpt lat="52.497331" lon="4.836633">
        <ele>-9.0</ele>
      </trkpt>
      <trkpt lat="52.497325" lon="4.836608">
        <ele>-9.0</ele>
      </trkpt>
      <trkpt lat="52.49732" lon="4.836579">
        <ele>-9.2</ele>
      </trkpt>
      <trkpt lat="52.497317" lon="4.836557">
        <ele>-9.2</ele>
      </trkpt>
      <trkpt lat="52.497318" lon="4.836534">
        <ele>-9.2</ele>
      </trkpt>
      <trkpt lat="52.497318" lon="4.836509">
        <ele>-9.2</ele>
      </trkpt>
      <trkpt lat="52.497321" lon="4.836481">
        <ele>-9.2</ele>
      </trkpt>
      <trkpt lat="52.497324" lon="4.836458">
        <ele>-9.2</ele>
      </trkpt>
      <trkpt lat="52.497328" lon="4.836431">
        <ele>-9.2</ele>
      </trkpt>
      <trkpt lat="52.49733" lon="4.836407">
        <ele>-9.2</ele>
      </trkpt>
      <trkpt lat="52.497334" lon="4.836383">
        <ele>-9.2</ele>
      </trkpt>
      <trkpt lat="52.497335" lon="4.836358">
        <ele>-9.0</ele>
      </trkpt>
      <trkpt lat="52.497336" lon="4.836334">
        <ele>-8.8</ele>
      </trkpt>
      <trkpt lat="52.497337" lon="4.83631">
        <ele>-8.8</ele>
      </trkpt>
      <trkpt lat="52.497338" lon="4.83629">
        <ele>-8.8</ele>
      </trkpt>
      <trkpt lat="52.49734" lon="4.836265">
        <ele>-8.8</ele>
      </trkpt>
      <trkpt lat="52.497341" lon="4.836245">
        <ele>-9.0</ele>
      </trkpt>
      <trkpt lat="52.497341" lon="4.836219">
        <ele>-9.0</ele>
      </trkpt>
      <trkpt lat="52.497343" lon="4.836193">
        <ele>-9.0</ele>
      </trkpt>
      <trkpt lat="52.497345" lon="4.836169">
        <ele>-9.0</ele>
      </trkpt>
      <trkpt lat="52.497349" lon="4.836143">
        <ele>-8.6</ele>
      </trkpt>
      <trkpt lat="52.497352" lon="4.836123">
        <ele>-8.6</ele>
      </trkpt>
      <trkpt lat="52.497355" lon="4.836099">
        <ele>-8.4</ele>
      </trkpt>
      <trkpt lat="52.497358" lon="4.836079">
        <ele>-8.4</ele>
      </trkpt>
      <trkpt lat="52.497361" lon="4.836057">
        <ele>-8.6</ele>
      </trkpt>
      <trkpt lat="52.497363" lon="4.836033">
        <ele>-9.0</ele>
      </trkpt>
      <trkpt lat="52.497363" lon="4.836014">
        <ele>-9.0</ele>
      </trkpt>
      <trkpt lat="52.497365" lon="4.83599">
        <ele>-9.2</ele>
      </trkpt>
      <trkpt lat="52.497365" lon="4.835971">
        <ele>-9.4</ele>
      </trkpt>
      <trkpt lat="52.497367" lon="4.835949">
        <ele>-9.4</ele>
      </trkpt>
      <trkpt lat="52.497368" lon="4.835923">
        <ele>-9.4</ele>
      </trkpt>
      <trkpt lat="52.497368" lon="4.835902">
        <ele>-9.4</ele>
      </trkpt>
      <trkpt lat="52.49737" lon="4.835875">
        <ele>-9.4</ele>
      </trkpt>
      <trkpt lat="52.497375" lon="4.835853">
        <ele>-9.4</ele>
      </trkpt>
      <trkpt lat="52.497377" lon="4.83583">
        <ele>-9.0</ele>
      </trkpt>
      <trkpt lat="52.497379" lon="4.835811">
        <ele>-8.8</ele>
      </trkpt>
      <trkpt lat="52.497381" lon="4.83579">
        <ele>-8.6</ele>
      </trkpt>
      <trkpt lat="52.49738" lon="4.835766">
        <ele>-8.6</ele>
      </trkpt>
      <trkpt lat="52.49738" lon="4.835743">
        <ele>-8.8</ele>
      </trkpt>
      <trkpt lat="52.497379" lon="4.835718">
        <ele>-9.0</ele>
      </trkpt>
      <trkpt lat="52.497379" lon="4.835699">
        <ele>-9.0</ele>
      </trkpt>
      <trkpt lat="52.497379" lon="4.835675">
        <ele>-9.4</ele>
      </trkpt>
      <trkpt lat="52.497377" lon="4.835655">
        <ele>-9.4</ele>
      </trkpt>
      <trkpt lat="52.497376" lon="4.835632">
        <ele>-9.6</ele>
      </trkpt>
      <trkpt lat="52.497374" lon="4.835607">
        <ele>-9.4</ele>
      </trkpt>
      <trkpt lat="52.497372" lon="4.835584">
        <ele>-9.2</ele>
      </trkpt>
      <trkpt lat="52.49737" lon="4.835557">
        <ele>-9.2</ele>
      </trkpt>
      <trkpt lat="52.497368" lon="4.835536">
        <ele>-9.0</ele>
      </trkpt>
      <trkpt lat="52.497365" lon="4.83551">
        <ele>-9.0</ele>
      </trkpt>
      <trkpt lat="52.497363" lon="4.835484">
        <ele>-9.0</ele>
      </trkpt>
      <trkpt lat="52.497361" lon="4.83546">
        <ele>-9.0</ele>
      </trkpt>
      <trkpt lat="52.497358" lon="4.835433">
        <ele>-9.0</ele>
      </trkpt>
      <trkpt lat="52.497355" lon="4.835413">
        <ele>-9.0</ele>
      </trkpt>
      <trkpt lat="52.497354" lon="4.835387">
        <ele>-9.0</ele>
      </trkpt>
      <trkpt lat="52.497353" lon="4.835366">
        <ele>-9.2</ele>
      </trkpt>
      <trkpt lat="52.497352" lon="4.83534">
        <ele>-9.2</ele>
      </trkpt>
      <trkpt lat="52.49735" lon="4.835315">
        <ele>-9.4</ele>
      </trkpt>
      <trkpt lat="52.497348" lon="4.835294">
        <ele>-9.4</ele>
      </trkpt>
      <trkpt lat="52.497347" lon="4.835268">
        <ele>-9.0</ele>
      </trkpt>
      <trkpt lat="52.497346" lon="4.835244">
        <ele>-8.8</ele>
      </trkpt>
      <trkpt lat="52.497347" lon="4.835219">
        <ele>-8.8</ele>
      </trkpt>
      <trkpt lat="52.497347" lon="4.835198">
        <ele>-8.6</ele>
      </trkpt>
      <trkpt lat="52.497349" lon="4.835177">
        <ele>-8.6</ele>
      </trkpt>
      <trkpt lat="52.49735" lon="4.835157">
        <ele>-8.6</ele>
      </trkpt>
      <trkpt lat="52.497354" lon="4.835135">
        <ele>-8.6</ele>
      </trkpt>
      <trkpt lat="52.497355" lon="4.835109">
        <ele>-8.6</ele>
      </trkpt>
      <trkpt lat="52.497356" lon="4.835088">
        <ele>-8.6</ele>
      </trkpt>
      <trkpt lat="52.497359" lon="4.835064">
        <ele>-8.6</ele>
      </trkpt>
      <trkpt lat="52.497362" lon="4.835045">
        <ele>-8.6</ele>
      </trkpt>
      <trkpt lat="52.497363" lon="4.835022">
        <ele>-8.6</ele>
      </trkpt>
      <trkpt lat="52.497364" lon="4.835001">
        <ele>-8.6</ele>
      </trkpt>
      <trkpt lat="52.497365" lon="4.834981">
        <ele>-8.8</ele>
      </trkpt>
      <trkpt lat="52.497365" lon="4.83496">
        <ele>-9.0</ele>
      </trkpt>
      <trkpt lat="52.497365" lon="4.83494">
        <ele>-9.0</ele>
      </trkpt>
      <trkpt lat="52.497365" lon="4.834917">
        <ele>-9.0</ele>
      </trkpt>
      <trkpt lat="52.497365" lon="4.8349">
        <ele>-9.0</ele>
      </trkpt>
      <trkpt lat="52.497367" lon="4.834875">
        <ele>-9.0</ele>
      </trkpt>
      <trkpt lat="52.497369" lon="4.834854">
        <ele>-9.0</ele>
      </trkpt>
      <trkpt lat="52.497372" lon="4.834829">
        <ele>-9.0</ele>
      </trkpt>
      <trkpt lat="52.497374" lon="4.834801">
        <ele>-9.0</ele>
      </trkpt>
      <trkpt lat="52.497376" lon="4.834777">
        <ele>-9.0</ele>
      </trkpt>
      <trkpt lat="52.49738" lon="4.834749">
        <ele>-9.0</ele>
      </trkpt>
      <trkpt lat="52.497384" lon="4.834729">
        <ele>-9.0</ele>
      </trkpt>
      <trkpt lat="52.497387" lon="4.834704">
        <ele>-9.0</ele>
      </trkpt>
      <trkpt lat="52.497389" lon="4.834679">
        <ele>-9.0</ele>
      </trkpt>
      <trkpt lat="52.497392" lon="4.834654">
        <ele>-8.8</ele>
      </trkpt>
      <trkpt lat="52.497392" lon="4.834628">
        <ele>-8.6</ele>
      </trkpt>
      <trkpt lat="52.497395" lon="4.834606">
        <ele>-8.6</ele>
      </trkpt>
      <trkpt lat="52.497398" lon="4.83458">
        <ele>-8.6</ele>
      </trkpt>
      <trkpt lat="52.4974" lon="4.83456">
        <ele>-8.6</ele>
      </trkpt>
      <trkpt lat="52.497402" lon="4.834535">
        <ele>-8.6</ele>
      </trkpt>
      <trkpt lat="52.497403" lon="4.834509">
        <ele>-8.8</ele>
      </trkpt>
      <trkpt lat="52.497402" lon="4.834487">
        <ele>-9.0</ele>
      </trkpt>
      <trkpt lat="52.497404" lon="4.83446">
        <ele>-9.0</ele>
      </trkpt>
      <trkpt lat="52.497403" lon="4.834437">
        <ele>-9.2</ele>
      </trkpt>
      <trkpt lat="52.497405" lon="4.834411">
        <ele>-9.2</ele>
      </trkpt>
      <trkpt lat="52.497405" lon="4.834388">
        <ele>-9.2</ele>
      </trkpt>
      <trkpt lat="52.497408" lon="4.834363">
        <ele>-9.2</ele>
      </trkpt>
      <trkpt lat="52.497409" lon="4.834338">
        <ele>-9.2</ele>
      </trkpt>
      <trkpt lat="52.49741" lon="4.834314">
        <ele>-9.2</ele>
      </trkpt>
      <trkpt lat="52.497411" lon="4.834286">
        <ele>-9.2</ele>
      </trkpt>
      <trkpt lat="52.497411" lon="4.834262">
        <ele>-9.2</ele>
      </trkpt>
      <trkpt lat="52.497412" lon="4.834235">
        <ele>-9.2</ele>
      </trkpt>
      <trkpt lat="52.497413" lon="4.834212">
        <ele>-9.2</ele>
      </trkpt>
      <trkpt lat="52.497416" lon="4.834187">
        <ele>-9.2</ele>
      </trkpt>
      <trkpt lat="52.497417" lon="4.834164">
        <ele>-9.2</ele>
      </trkpt>
      <trkpt lat="52.49742" lon="4.83414">
        <ele>-8.8</ele>
      </trkpt>
      <trkpt lat="52.497421" lon="4.834116">
        <ele>-8.6</ele>
      </trkpt>
      <trkpt lat="52.497422" lon="4.834095">
        <ele>-8.4</ele>
      </trkpt>
      <trkpt lat="52.497422" lon="4.834074">
        <ele>-8.2</ele>
      </trkpt>
      <trkpt lat="52.497425" lon="4.834056">
        <ele>-8.0</ele>
      </trkpt>
      <trkpt lat="52.497427" lon="4.834034">
        <ele>-8.0</ele>
      </trkpt>
      <trkpt lat="52.497429" lon="4.834017">
        <ele>-7.8</ele>
      </trkpt>
      <trkpt lat="52.49743" lon="4.833996">
        <ele>-8.0</ele>
      </trkpt>
      <trkpt lat="52.497432" lon="4.833972">
        <ele>-8.0</ele>
      </trkpt>
      <trkpt lat="52.497433" lon="4.833953">
        <ele>-8.4</ele>
      </trkpt>
      <trkpt lat="52.497435" lon="4.833927">
        <ele>-8.8</ele>
      </trkpt>
      <trkpt lat="52.497436" lon="4.833909">
        <ele>-8.8</ele>
      </trkpt>
      <trkpt lat="52.497438" lon="4.833887">
        <ele>-9.0</ele>
      </trkpt>
      <trkpt lat="52.497439" lon="4.833864">
        <ele>-9.0</ele>
      </trkpt>
      <trkpt lat="52.497441" lon="4.833841">
        <ele>-9.4</ele>
      </trkpt>
      <trkpt lat="52.497442" lon="4.833815">
        <ele>-9.2</ele>
      </trkpt>
      <trkpt lat="52.497445" lon="4.833796">
        <ele>-9.4</ele>
      </trkpt>
      <trkpt lat="52.497447" lon="4.833772">
        <ele>-9.6</ele>
      </trkpt>
      <trkpt lat="52.497448" lon="4.833751">
        <ele>-9.6</ele>
      </trkpt>
      <trkpt lat="52.497451" lon="4.833729">
        <ele>-9.6</ele>
      </trkpt>
      <trkpt lat="52.497452" lon="4.833706">
        <ele>-9.4</ele>
      </trkpt>
      <trkpt lat="52.497452" lon="4.833686">
        <ele>-9.2</ele>
      </trkpt>
      <trkpt lat="52.497452" lon="4.833661">
        <ele>-9.0</ele>
      </trkpt>
      <trkpt lat="52.497452" lon="4.833643">
        <ele>-9.0</ele>
      </trkpt>
      <trkpt lat="52.497453" lon="4.83362">
        <ele>-9.0</ele>
      </trkpt>
      <trkpt lat="52.497452" lon="4.833601">
        <ele>-9.0</ele>
      </trkpt>
      <trkpt lat="52.497451" lon="4.83358">
        <ele>-9.0</ele>
      </trkpt>
      <trkpt lat="52.49745" lon="4.833557">
        <ele>-9.0</ele>
      </trkpt>
      <trkpt lat="52.497448" lon="4.833538">
        <ele>-9.0</ele>
      </trkpt>
      <trkpt lat="52.497447" lon="4.833516">
        <ele>-9.2</ele>
      </trkpt>
      <trkpt lat="52.497447" lon="4.833499">
        <ele>-8.8</ele>
      </trkpt>
      <trkpt lat="52.497446" lon="4.833478">
        <ele>-8.8</ele>
      </trkpt>
      <trkpt lat="52.497445" lon="4.833455">
        <ele>-8.8</ele>
      </trkpt>
      <trkpt lat="52.497442" lon="4.833435">
        <ele>-8.8</ele>
      </trkpt>
      <trkpt lat="52.497441" lon="4.83341">
        <ele>-8.8</ele>
      </trkpt>
      <trkpt lat="52.497439" lon="4.833387">
        <ele>-8.8</ele>
      </trkpt>
      <trkpt lat="52.497439" lon="4.833361">
        <ele>-8.8</ele>
      </trkpt>
      <trkpt lat="52.497437" lon="4.833335">
        <ele>-8.8</ele>
      </trkpt>
      <trkpt lat="52.497434" lon="4.833314">
        <ele>-8.8</ele>
      </trkpt>
      <trkpt lat="52.497433" lon="4.83329">
        <ele>-8.8</ele>
      </trkpt>
      <trkpt lat="52.497431" lon="4.833267">
        <ele>-9.0</ele>
      </trkpt>
      <trkpt lat="52.497431" lon="4.833244">
        <ele>-9.0</ele>
      </trkpt>
      <trkpt lat="52.49743" lon="4.83322">
        <ele>-8.8</ele>
      </trkpt>
      <trkpt lat="52.497429" lon="4.833201">
        <ele>-9.0</ele>
      </trkpt>
      <trkpt lat="52.497429" lon="4.833183">
        <ele>-9.2</ele>
      </trkpt>
      <trkpt lat="52.497427" lon="4.833159">
        <ele>-9.2</ele>
      </trkpt>
      <trkpt lat="52.497426" lon="4.833141">
        <ele>-9.4</ele>
      </trkpt>
      <trkpt lat="52.497424" lon="4.833119">
        <ele>-9.4</ele>
      </trkpt>
      <trkpt lat="52.497423" lon="4.833098">
        <ele>-9.4</ele>
      </trkpt>
      <trkpt lat="52.497421" lon="4.833078">
        <ele>-9.6</ele>
      </trkpt>
      <trkpt lat="52.497417" lon="4.833053">
        <ele>-9.6</ele>
      </trkpt>
      <trkpt lat="52.497415" lon="4.833033">
        <ele>-9.4</ele>
      </trkpt>
      <trkpt lat="52.497412" lon="4.833009">
        <ele>-9.4</ele>
      </trkpt>
      <trkpt lat="52.49741" lon="4.832987">
        <ele>-9.2</ele>
      </trkpt>
      <trkpt lat="52.497408" lon="4.832965">
        <ele>-9.2</ele>
      </trkpt>
      <trkpt lat="52.497407" lon="4.832939">
        <ele>-9.2</ele>
      </trkpt>
      <trkpt lat="52.497405" lon="4.83292">
        <ele>-9.2</ele>
      </trkpt>
      <trkpt lat="52.497404" lon="4.832896">
        <ele>-9.2</ele>
      </trkpt>
      <trkpt lat="52.497403" lon="4.832874">
        <ele>-9.2</ele>
      </trkpt>
      <trkpt lat="52.497401" lon="4.832852">
        <ele>-9.2</ele>
      </trkpt>
      <trkpt lat="52.4974" lon="4.832825">
        <ele>-9.2</ele>
      </trkpt>
      <trkpt lat="52.497397" lon="4.832807">
        <ele>-9.2</ele>
      </trkpt>
      <trkpt lat="52.497396" lon="4.832784">
        <ele>-9.2</ele>
      </trkpt>
      <trkpt lat="52.497396" lon="4.832763">
        <ele>-9.2</ele>
      </trkpt>
      <trkpt lat="52.497395" lon="4.83274">
        <ele>-9.2</ele>
      </trkpt>
      <trkpt lat="52.497392" lon="4.832717">
        <ele>-9.2</ele>
      </trkpt>
      <trkpt lat="52.49739" lon="4.832698">
        <ele>-9.2</ele>
      </trkpt>
      <trkpt lat="52.49739" lon="4.832671">
        <ele>-9.2</ele>
      </trkpt>
      <trkpt lat="52.497388" lon="4.832653">
        <ele>-9.2</ele>
      </trkpt>
      <trkpt lat="52.497386" lon="4.832628">
        <ele>-9.2</ele>
      </trkpt>
      <trkpt lat="52.497385" lon="4.832604">
        <ele>-9.2</ele>
      </trkpt>
      <trkpt lat="52.497382" lon="4.832581">
        <ele>-9.2</ele>
      </trkpt>
      <trkpt lat="52.49738" lon="4.832554">
        <ele>-9.2</ele>
      </trkpt>
      <trkpt lat="52.497381" lon="4.83253">
        <ele>-9.2</ele>
      </trkpt>
      <trkpt lat="52.49738" lon="4.832504">
        <ele>-9.2</ele>
      </trkpt>
      <trkpt lat="52.497378" lon="4.832483">
        <ele>-9.2</ele>
      </trkpt>
      <trkpt lat="52.497375" lon="4.832459">
        <ele>-9.2</ele>
      </trkpt>
      <trkpt lat="52.497372" lon="4.832434">
        <ele>-9.4</ele>
      </trkpt>
      <trkpt lat="52.497369" lon="4.832411">
        <ele>-9.2</ele>
      </trkpt>
      <trkpt lat="52.497368" lon="4.832385">
        <ele>-9.4</ele>
      </trkpt>
      <trkpt lat="52.497367" lon="4.832365">
        <ele>-9.4</ele>
      </trkpt>
      <trkpt lat="52.497367" lon="4.832342">
        <ele>-9.4</ele>
      </trkpt>
      <trkpt lat="52.497366" lon="4.83232">
        <ele>-9.6</ele>
      </trkpt>
      <trkpt lat="52.497364" lon="4.832297">
        <ele>-9.6</ele>
      </trkpt>
      <trkpt lat="52.497364" lon="4.832271">
        <ele>-9.4</ele>
      </trkpt>
      <trkpt lat="52.497364" lon="4.832249">
        <ele>-9.4</ele>
      </trkpt>
      <trkpt lat="52.497363" lon="4.832224">
        <ele>-9.2</ele>
      </trkpt>
      <trkpt lat="52.497364" lon="4.832202">
        <ele>-9.2</ele>
      </trkpt>
      <trkpt lat="52.497364" lon="4.832177">
        <ele>-9.2</ele>
      </trkpt>
      <trkpt lat="52.497361" lon="4.832151">
        <ele>-9.0</ele>
      </trkpt>
      <trkpt lat="52.497359" lon="4.832126">
        <ele>-9.0</ele>
      </trkpt>
      <trkpt lat="52.497352" lon="4.832098">
        <ele>-9.2</ele>
      </trkpt>
      <trkpt lat="52.497351" lon="4.832075">
        <ele>-9.4</ele>
      </trkpt>
      <trkpt lat="52.497348" lon="4.832048">
        <ele>-9.4</ele>
      </trkpt>
      <trkpt lat="52.497346" lon="4.832028">
        <ele>-9.4</ele>
      </trkpt>
      <trkpt lat="52.497345" lon="4.832004">
        <ele>-9.4</ele>
      </trkpt>
      <trkpt lat="52.497345" lon="4.831981">
        <ele>-9.4</ele>
      </trkpt>
      <trkpt lat="52.497344" lon="4.831957">
        <ele>-9.4</ele>
      </trkpt>
      <trkpt lat="52.497343" lon="4.831929">
        <ele>-9.4</ele>
      </trkpt>
      <trkpt lat="52.49734" lon="4.831908">
        <ele>-9.2</ele>
      </trkpt>
      <trkpt lat="52.497339" lon="4.83188">
        <ele>-9.2</ele>
      </trkpt>
      <trkpt lat="52.497339" lon="4.831857">
        <ele>-9.2</ele>
      </trkpt>
      <trkpt lat="52.497341" lon="4.831831">
        <ele>-9.4</ele>
      </trkpt>
      <trkpt lat="52.49734" lon="4.831806">
        <ele>-9.2</ele>
      </trkpt>
      <trkpt lat="52.497339" lon="4.831781">
        <ele>-9.2</ele>
      </trkpt>
      <trkpt lat="52.497338" lon="4.831754">
        <ele>-9.2</ele>
      </trkpt>
      <trkpt lat="52.497338" lon="4.831733">
        <ele>-9.2</ele>
      </trkpt>
      <trkpt lat="52.497337" lon="4.831707">
        <ele>-9.2</ele>
      </trkpt>
      <trkpt lat="52.497335" lon="4.831684">
        <ele>-9.2</ele>
      </trkpt>
      <trkpt lat="52.497333" lon="4.831659">
        <ele>-9.2</ele>
      </trkpt>
      <trkpt lat="52.49733" lon="4.831634">
        <ele>-9.2</ele>
      </trkpt>
      <trkpt lat="52.497327" lon="4.831608">
        <ele>-9.0</ele>
      </trkpt>
      <trkpt lat="52.497322" lon="4.831581">
        <ele>-9.0</ele>
      </trkpt>
      <trkpt lat="52.497318" lon="4.831556">
        <ele>-8.8</ele>
      </trkpt>
      <trkpt lat="52.497314" lon="4.831527">
        <ele>-9.2</ele>
      </trkpt>
      <trkpt lat="52.497309" lon="4.831503">
        <ele>-9.2</ele>
      </trkpt>
      <trkpt lat="52.497305" lon="4.831476">
        <ele>-9.4</ele>
      </trkpt>
      <trkpt lat="52.497303" lon="4.831452">
        <ele>-9.4</ele>
      </trkpt>
      <trkpt lat="52.497301" lon="4.831426">
        <ele>-9.4</ele>
      </trkpt>
      <trkpt lat="52.497298" lon="4.831399">
        <ele>-9.4</ele>
      </trkpt>
      <trkpt lat="52.497297" lon="4.831374">
        <ele>-9.4</ele>
      </trkpt>
      <trkpt lat="52.497293" lon="4.831349">
        <ele>-9.4</ele>
      </trkpt>
      <trkpt lat="52.49729" lon="4.831323">
        <ele>-9.4</ele>
      </trkpt>
      <trkpt lat="52.497286" lon="4.831297">
        <ele>-9.6</ele>
      </trkpt>
      <trkpt lat="52.497286" lon="4.831275">
        <ele>-9.4</ele>
      </trkpt>
      <trkpt lat="52.497286" lon="4.83125">
        <ele>-9.4</ele>
      </trkpt>
      <trkpt lat="52.497286" lon="4.831231">
        <ele>-9.2</ele>
      </trkpt>
      <trkpt lat="52.497283" lon="4.831209">
        <ele>-9.0</ele>
      </trkpt>
      <trkpt lat="52.497281" lon="4.831184">
        <ele>-9.0</ele>
      </trkpt>
      <trkpt lat="52.497277" lon="4.831162">
        <ele>-8.8</ele>
      </trkpt>
      <trkpt lat="52.497273" lon="4.831136">
        <ele>-8.8</ele>
      </trkpt>
      <trkpt lat="52.49727" lon="4.831116">
        <ele>-8.8</ele>
      </trkpt>
      <trkpt lat="52.497267" lon="4.831093">
        <ele>-8.8</ele>
      </trkpt>
      <trkpt lat="52.497267" lon="4.831073">
        <ele>-9.0</ele>
      </trkpt>
      <trkpt lat="52.497265" lon="4.831047">
        <ele>-9.2</ele>
      </trkpt>
      <trkpt lat="52.497263" lon="4.831024">
        <ele>-9.4</ele>
      </trkpt>
      <trkpt lat="52.49726" lon="4.831002">
        <ele>-9.4</ele>
      </trkpt>
      <trkpt lat="52.497254" lon="4.830978">
        <ele>-9.4</ele>
      </trkpt>
      <trkpt lat="52.497251" lon="4.83096">
        <ele>-9.4</ele>
      </trkpt>
      <trkpt lat="52.497249" lon="4.830937">
        <ele>-9.6</ele>
      </trkpt>
      <trkpt lat="52.497248" lon="4.830917">
        <ele>-9.4</ele>
      </trkpt>
      <trkpt lat="52.497247" lon="4.830891">
        <ele>-9.2</ele>
      </trkpt>
      <trkpt lat="52.497245" lon="4.830867">
        <ele>-9.2</ele>
      </trkpt>
      <trkpt lat="52.497242" lon="4.830842">
        <ele>-9.0</ele>
      </trkpt>
      <trkpt lat="52.497239" lon="4.830817">
        <ele>-9.0</ele>
      </trkpt>
      <trkpt lat="52.497236" lon="4.830793">
        <ele>-9.0</ele>
      </trkpt>
      <trkpt lat="52.497235" lon="4.830768">
        <ele>-9.0</ele>
      </trkpt>
      <trkpt lat="52.497235" lon="4.830748">
        <ele>-9.0</ele>
      </trkpt>
      <trkpt lat="52.497232" lon="4.830723">
        <ele>-9.0</ele>
      </trkpt>
      <trkpt lat="52.497232" lon="4.830701">
        <ele>-9.0</ele>
      </trkpt>
      <trkpt lat="52.497233" lon="4.830679">
        <ele>-9.0</ele>
      </trkpt>
      <trkpt lat="52.497233" lon="4.830654">
        <ele>-9.2</ele>
      </trkpt>
      <trkpt lat="52.497232" lon="4.830632">
        <ele>-9.4</ele>
      </trkpt>
      <trkpt lat="52.497231" lon="4.830607">
        <ele>-9.4</ele>
      </trkpt>
      <trkpt lat="52.497231" lon="4.830587">
        <ele>-9.4</ele>
      </trkpt>
      <trkpt lat="52.497229" lon="4.830563">
        <ele>-9.4</ele>
      </trkpt>
      <trkpt lat="52.497228" lon="4.830539">
        <ele>-9.4</ele>
      </trkpt>
      <trkpt lat="52.497227" lon="4.830517">
        <ele>-9.4</ele>
      </trkpt>
      <trkpt lat="52.497226" lon="4.830487">
        <ele>-9.4</ele>
      </trkpt>
      <trkpt lat="52.497223" lon="4.830468">
        <ele>-9.4</ele>
      </trkpt>
      <trkpt lat="52.497221" lon="4.830444">
        <ele>-9.4</ele>
      </trkpt>
      <trkpt lat="52.49722" lon="4.830423">
        <ele>-9.4</ele>
      </trkpt>
      <trkpt lat="52.497218" lon="4.830399">
        <ele>-9.2</ele>
      </trkpt>
      <trkpt lat="52.497216" lon="4.830372">
        <ele>-9.2</ele>
      </trkpt>
      <trkpt lat="52.497214" lon="4.830349">
        <ele>-9.4</ele>
      </trkpt>
      <trkpt lat="52.497212" lon="4.830324">
        <ele>-9.2</ele>
      </trkpt>
      <trkpt lat="52.497213" lon="4.830304">
        <ele>-9.2</ele>
      </trkpt>
      <trkpt lat="52.497211" lon="4.83028">
        <ele>-9.0</ele>
      </trkpt>
      <trkpt lat="52.497211" lon="4.83026">
        <ele>-9.0</ele>
      </trkpt>
      <trkpt lat="52.497209" lon="4.830236">
        <ele>-8.8</ele>
      </trkpt>
      <trkpt lat="52.497206" lon="4.830211">
        <ele>-8.8</ele>
      </trkpt>
      <trkpt lat="52.497202" lon="4.830192">
        <ele>-8.8</ele>
      </trkpt>
      <trkpt lat="52.4972" lon="4.830168">
        <ele>-8.8</ele>
      </trkpt>
      <trkpt lat="52.497199" lon="4.830148">
        <ele>-8.8</ele>
      </trkpt>
      <trkpt lat="52.497199" lon="4.830125">
        <ele>-8.4</ele>
      </trkpt>
      <trkpt lat="52.497196" lon="4.830106">
        <ele>-8.4</ele>
      </trkpt>
      <trkpt lat="52.497195" lon="4.830084">
        <ele>-8.2</ele>
      </trkpt>
      <trkpt lat="52.497193" lon="4.830057">
        <ele>-8.2</ele>
      </trkpt>
      <trkpt lat="52.497191" lon="4.830035">
        <ele>-8.2</ele>
      </trkpt>
      <trkpt lat="52.49719" lon="4.830011">
        <ele>-8.0</ele>
      </trkpt>
      <trkpt lat="52.497191" lon="4.829988">
        <ele>-8.2</ele>
      </trkpt>
      <trkpt lat="52.497194" lon="4.829963">
        <ele>-8.2</ele>
      </trkpt>
      <trkpt lat="52.497195" lon="4.829942">
        <ele>-8.4</ele>
      </trkpt>
      <trkpt lat="52.497197" lon="4.829919">
        <ele>-8.8</ele>
      </trkpt>
      <trkpt lat="52.497196" lon="4.829895">
        <ele>-9.0</ele>
      </trkpt>
      <trkpt lat="52.497193" lon="4.829874">
        <ele>-9.2</ele>
      </trkpt>
      <trkpt lat="52.497191" lon="4.829852">
        <ele>-9.2</ele>
      </trkpt>
      <trkpt lat="52.49719" lon="4.829833">
        <ele>-9.6</ele>
      </trkpt>
      <trkpt lat="52.497189" lon="4.82981">
        <ele>-9.8</ele>
      </trkpt>
      <trkpt lat="52.497185" lon="4.829787">
        <ele>-9.6</ele>
      </trkpt>
      <trkpt lat="52.497181" lon="4.829767">
        <ele>-9.4</ele>
      </trkpt>
      <trkpt lat="52.49718" lon="4.829743">
        <ele>-9.4</ele>
      </trkpt>
      <trkpt lat="52.497178" lon="4.829725">
        <ele>-9.2</ele>
      </trkpt>
      <trkpt lat="52.497178" lon="4.829705">
        <ele>-9.2</ele>
      </trkpt>
      <trkpt lat="52.497177" lon="4.829685">
        <ele>-9.0</ele>
      </trkpt>
      <trkpt lat="52.497177" lon="4.829666">
        <ele>-9.0</ele>
      </trkpt>
      <trkpt lat="52.497176" lon="4.829644">
        <ele>-9.0</ele>
      </trkpt>
      <trkpt lat="52.497174" lon="4.829625">
        <ele>-9.2</ele>
      </trkpt>
      <trkpt lat="52.497172" lon="4.829602">
        <ele>-9.4</ele>
      </trkpt>
      <trkpt lat="52.49717" lon="4.829584">
        <ele>-9.4</ele>
      </trkpt>
      <trkpt lat="52.497169" lon="4.829562">
        <ele>-9.4</ele>
      </trkpt>
      <trkpt lat="52.497167" lon="4.829543">
        <ele>-9.4</ele>
      </trkpt>
      <trkpt lat="52.497166" lon="4.829521">
        <ele>-9.4</ele>
      </trkpt>
      <trkpt lat="52.497163" lon="4.829496">
        <ele>-9.4</ele>
      </trkpt>
      <trkpt lat="52.497161" lon="4.829475">
        <ele>-9.2</ele>
      </trkpt>
      <trkpt lat="52.497159" lon="4.829452">
        <ele>-9.2</ele>
      </trkpt>
      <trkpt lat="52.497158" lon="4.829433">
        <ele>-9.2</ele>
      </trkpt>
      <trkpt lat="52.497157" lon="4.829411">
        <ele>-9.0</ele>
      </trkpt>
      <trkpt lat="52.497155" lon="4.829388">
        <ele>-9.0</ele>
      </trkpt>
      <trkpt lat="52.497153" lon="4.829367">
        <ele>-9.0</ele>
      </trkpt>
      <trkpt lat="52.497152" lon="4.829344">
        <ele>-9.0</ele>
      </trkpt>
      <trkpt lat="52.497151" lon="4.829326">
        <ele>-9.0</ele>
      </trkpt>
      <trkpt lat="52.497151" lon="4.829304">
        <ele>-8.8</ele>
      </trkpt>
      <trkpt lat="52.49715" lon="4.829286">
        <ele>-9.0</ele>
      </trkpt>
      <trkpt lat="52.497149" lon="4.829267">
        <ele>-9.2</ele>
      </trkpt>
      <trkpt lat="52.497149" lon="4.829246">
        <ele>-9.4</ele>
      </trkpt>
      <trkpt lat="52.497147" lon="4.829228">
        <ele>-9.4</ele>
      </trkpt>
      <trkpt lat="52.497147" lon="4.829206">
        <ele>-9.4</ele>
      </trkpt>
      <trkpt lat="52.497146" lon="4.829189">
        <ele>-9.2</ele>
      </trkpt>
      <trkpt lat="52.497145" lon="4.829169">
        <ele>-9.2</ele>
      </trkpt>
      <trkpt lat="52.497144" lon="4.829146">
        <ele>-9.2</ele>
      </trkpt>
      <trkpt lat="52.497142" lon="4.829127">
        <ele>-9.2</ele>
      </trkpt>
      <trkpt lat="52.49714" lon="4.829103">
        <ele>-9.2</ele>
      </trkpt>
      <trkpt lat="52.497139" lon="4.829087">
        <ele>-9.0</ele>
      </trkpt>
      <trkpt lat="52.497138" lon="4.829065">
        <ele>-9.4</ele>
      </trkpt>
      <trkpt lat="52.497135" lon="4.829044">
        <ele>-9.0</ele>
      </trkpt>
      <trkpt lat="52.497131" lon="4.829023">
        <ele>-9.0</ele>
      </trkpt>
      <trkpt lat="52.497128" lon="4.829001">
        <ele>-8.8</ele>
      </trkpt>
      <trkpt lat="52.497126" lon="4.828985">
        <ele>-8.8</ele>
      </trkpt>
      <trkpt lat="52.497123" lon="4.828964">
        <ele>-8.8</ele>
      </trkpt>
      <trkpt lat="52.497122" lon="4.828944">
        <ele>-8.8</ele>
      </trkpt>
      <trkpt lat="52.49712" lon="4.828926">
        <ele>-8.8</ele>
      </trkpt>
      <trkpt lat="52.497116" lon="4.828901">
        <ele>-8.8</ele>
      </trkpt>
      <trkpt lat="52.497115" lon="4.828884">
        <ele>-8.8</ele>
      </trkpt>
      <trkpt lat="52.497113" lon="4.828863">
        <ele>-9.2</ele>
      </trkpt>
      <trkpt lat="52.497111" lon="4.828844">
        <ele>-9.4</ele>
      </trkpt>
      <trkpt lat="52.497109" lon="4.828826">
        <ele>-9.6</ele>
      </trkpt>
      <trkpt lat="52.497106" lon="4.828807">
        <ele>-9.6</ele>
      </trkpt>
      <trkpt lat="52.497102" lon="4.82879">
        <ele>-9.6</ele>
      </trkpt>
      <trkpt lat="52.497096" lon="4.828771">
        <ele>-9.6</ele>
      </trkpt>
      <trkpt lat="52.497091" lon="4.828759">
        <ele>-9.8</ele>
      </trkpt>
      <trkpt lat="52.497084" lon="4.828742">
        <ele>-9.8</ele>
      </trkpt>
      <trkpt lat="52.497077" lon="4.828725">
        <ele>-9.6</ele>
      </trkpt>
      <trkpt lat="52.497069" lon="4.828708">
        <ele>-9.6</ele>
      </trkpt>
      <trkpt lat="52.497059" lon="4.828691">
        <ele>-9.8</ele>
      </trkpt>
      <trkpt lat="52.49705" lon="4.828678">
        <ele>-9.8</ele>
      </trkpt>
      <trkpt lat="52.497041" lon="4.828663">
        <ele>-9.8</ele>
      </trkpt>
      <trkpt lat="52.497032" lon="4.828652">
        <ele>-9.8</ele>
      </trkpt>
      <trkpt lat="52.497023" lon="4.828638">
        <ele>-9.8</ele>
      </trkpt>
      <trkpt lat="52.497011" lon="4.828629">
        <ele>-9.8</ele>
      </trkpt>
      <trkpt lat="52.496999" lon="4.828622">
        <ele>-9.6</ele>
      </trkpt>
      <trkpt lat="52.496988" lon="4.828613">
        <ele>-9.6</ele>
      </trkpt>
      <trkpt lat="52.496977" lon="4.82861">
        <ele>-9.6</ele>
      </trkpt>
      <trkpt lat="52.496962" lon="4.828603">
        <ele>-9.6</ele>
      </trkpt>
      <trkpt lat="52.496948" lon="4.828599">
        <ele>-9.6</ele>
      </trkpt>
      <trkpt lat="52.496935" lon="4.828596">
        <ele>-9.6</ele>
      </trkpt>
      <trkpt lat="52.496919" lon="4.828591">
        <ele>-9.6</ele>
      </trkpt>
      <trkpt lat="52.496906" lon="4.82859">
        <ele>-9.6</ele>
      </trkpt>
      <trkpt lat="52.496888" lon="4.828586">
        <ele>-9.6</ele>
      </trkpt>
      <trkpt lat="52.496872" lon="4.828583">
        <ele>-9.6</ele>
      </trkpt>
      <trkpt lat="52.496858" lon="4.828583">
        <ele>-9.6</ele>
      </trkpt>
      <trkpt lat="52.496842" lon="4.82858">
        <ele>-9.6</ele>
      </trkpt>
      <trkpt lat="52.49683" lon="4.82858">
        <ele>-9.8</ele>
      </trkpt>
      <trkpt lat="52.496817" lon="4.828577">
        <ele>-9.8</ele>
      </trkpt>
      <trkpt lat="52.496803" lon="4.828576">
        <ele>-9.6</ele>
      </trkpt>
      <trkpt lat="52.496789" lon="4.828577">
        <ele>-9.6</ele>
      </trkpt>
      <trkpt lat="52.496773" lon="4.828576">
        <ele>-9.6</ele>
      </trkpt>
      <trkpt lat="52.496763" lon="4.828576">
        <ele>-9.6</ele>
      </trkpt>
      <trkpt lat="52.496749" lon="4.828573">
        <ele>-9.6</ele>
      </trkpt>
      <trkpt lat="52.496737" lon="4.828574">
        <ele>-9.4</ele>
      </trkpt>
      <trkpt lat="52.496724" lon="4.828573">
        <ele>-9.4</ele>
      </trkpt>
      <trkpt lat="52.49671" lon="4.828573">
        <ele>-9.2</ele>
      </trkpt>
      <trkpt lat="52.496698" lon="4.828576">
        <ele>-9.2</ele>
      </trkpt>
      <trkpt lat="52.496683" lon="4.828578">
        <ele>-9.2</ele>
      </trkpt>
      <trkpt lat="52.496671" lon="4.82858">
        <ele>-9.2</ele>
      </trkpt>
      <trkpt lat="52.496656" lon="4.828578">
        <ele>-9.2</ele>
      </trkpt>
      <trkpt lat="52.496643" lon="4.82858">
        <ele>-9.2</ele>
      </trkpt>
      <trkpt lat="52.49663" lon="4.828578">
        <ele>-9.2</ele>
      </trkpt>
      <trkpt lat="52.496614" lon="4.828578">
        <ele>-9.2</ele>
      </trkpt>
      <trkpt lat="52.496601" lon="4.828578">
        <ele>-9.2</ele>
      </trkpt>
      <trkpt lat="52.496588" lon="4.828574">
        <ele>-9.4</ele>
      </trkpt>
      <trkpt lat="52.496577" lon="4.828575">
        <ele>-9.4</ele>
      </trkpt>
      <trkpt lat="52.496564" lon="4.828572">
        <ele>-9.2</ele>
      </trkpt>
      <trkpt lat="52.496552" lon="4.828571">
        <ele>-9.4</ele>
      </trkpt>
      <trkpt lat="52.496537" lon="4.828567">
        <ele>-9.4</ele>
      </trkpt>
      <trkpt lat="52.49652" lon="4.828563">
        <ele>-9.6</ele>
      </trkpt>
      <trkpt lat="52.496507" lon="4.82856">
        <ele>-9.6</ele>
      </trkpt>
      <trkpt lat="52.496492" lon="4.828553">
        <ele>-9.6</ele>
      </trkpt>
      <trkpt lat="52.49648" lon="4.82855">
        <ele>-9.8</ele>
      </trkpt>
      <trkpt lat="52.496467" lon="4.828544">
        <ele>-9.8</ele>
      </trkpt>
      <trkpt lat="52.496453" lon="4.828541">
        <ele>-10.0</ele>
      </trkpt>
      <trkpt lat="52.496438" lon="4.828539">
        <ele>-10.0</ele>
      </trkpt>
      <trkpt lat="52.496423" lon="4.828535">
        <ele>-10.0</ele>
      </trkpt>
      <trkpt lat="52.496412" lon="4.828535">
        <ele>-10.0</ele>
      </trkpt>
      <trkpt lat="52.496398" lon="4.828531">
        <ele>-9.8</ele>
      </trkpt>
      <trkpt lat="52.496384" lon="4.828531">
        <ele>-9.6</ele>
      </trkpt>
      <trkpt lat="52.49637" lon="4.828533">
        <ele>-9.2</ele>
      </trkpt>
      <trkpt lat="52.496355" lon="4.828534">
        <ele>-8.8</ele>
      </trkpt>
      <trkpt lat="52.496342" lon="4.828538">
        <ele>-9.0</ele>
      </trkpt>
      <trkpt lat="52.496325" lon="4.828536">
        <ele>-9.2</ele>
      </trkpt>
      <trkpt lat="52.496311" lon="4.828537">
        <ele>-9.2</ele>
      </trkpt>
      <trkpt lat="52.496297" lon="4.828534">
        <ele>-9.2</ele>
      </trkpt>
      <trkpt lat="52.496282" lon="4.828534">
        <ele>-9.4</ele>
      </trkpt>
      <trkpt lat="52.496267" lon="4.828533">
        <ele>-9.6</ele>
      </trkpt>
      <trkpt lat="52.496249" lon="4.828531">
        <ele>-9.6</ele>
      </trkpt>
      <trkpt lat="52.496236" lon="4.828533">
        <ele>-9.8</ele>
      </trkpt>
      <trkpt lat="52.49622" lon="4.82853">
        <ele>-9.8</ele>
      </trkpt>
      <trkpt lat="52.496207" lon="4.828531">
        <ele>-9.8</ele>
      </trkpt>
      <trkpt lat="52.496194" lon="4.828531">
        <ele>-9.8</ele>
      </trkpt>
      <trkpt lat="52.496178" lon="4.828532">
        <ele>-9.6</ele>
      </trkpt>
      <trkpt lat="52.496165" lon="4.828533">
        <ele>-9.6</ele>
      </trkpt>
      <trkpt lat="52.496147" lon="4.828533">
        <ele>-9.6</ele>
      </trkpt>
      <trkpt lat="52.496135" lon="4.828536">
        <ele>-9.6</ele>
      </trkpt>
      <trkpt lat="52.496117" lon="4.828536">
        <ele>-9.4</ele>
      </trkpt>
      <trkpt lat="52.496103" lon="4.828538">
        <ele>-9.2</ele>
      </trkpt>
      <trkpt lat="52.496087" lon="4.828537">
        <ele>-9.2</ele>
      </trkpt>
      <trkpt lat="52.496071" lon="4.828537">
        <ele>-9.2</ele>
      </trkpt>
      <trkpt lat="52.496056" lon="4.828539">
        <ele>-9.2</ele>
      </trkpt>
      <trkpt lat="52.49604" lon="4.828539">
        <ele>-9.4</ele>
      </trkpt>
      <trkpt lat="52.496027" lon="4.82854">
        <ele>-9.4</ele>
      </trkpt>
      <trkpt lat="52.496013" lon="4.828539">
        <ele>-9.6</ele>
      </trkpt>
      <trkpt lat="52.495997" lon="4.828541">
        <ele>-9.6</ele>
      </trkpt>
      <trkpt lat="52.495983" lon="4.828539">
        <ele>-9.6</ele>
      </trkpt>
      <trkpt lat="52.495967" lon="4.828539">
        <ele>-9.6</ele>
      </trkpt>
      <trkpt lat="52.495953" lon="4.828542">
        <ele>-9.8</ele>
      </trkpt>
      <trkpt lat="52.495934" lon="4.828541">
        <ele>-9.8</ele>
      </trkpt>
      <trkpt lat="52.495921" lon="4.828542">
        <ele>-9.8</ele>
      </trkpt>
      <trkpt lat="52.495907" lon="4.828542">
        <ele>-9.8</ele>
      </trkpt>
      <trkpt lat="52.495894" lon="4.828544">
        <ele>-9.8</ele>
      </trkpt>
      <trkpt lat="52.495881" lon="4.828545">
        <ele>-9.8</ele>
      </trkpt>
      <trkpt lat="52.495865" lon="4.828546">
        <ele>-9.6</ele>
      </trkpt>
      <trkpt lat="52.495852" lon="4.828549">
        <ele>-9.6</ele>
      </trkpt>
      <trkpt lat="52.495834" lon="4.82855">
        <ele>-9.6</ele>
      </trkpt>
      <trkpt lat="52.495821" lon="4.828551">
        <ele>-9.6</ele>
      </trkpt>
      <trkpt lat="52.495806" lon="4.82855">
        <ele>-9.6</ele>
      </trkpt>
      <trkpt lat="52.495792" lon="4.82855">
        <ele>-9.6</ele>
      </trkpt>
      <trkpt lat="52.495776" lon="4.828549">
        <ele>-9.6</ele>
      </trkpt>
      <trkpt lat="52.49576" lon="4.828549">
        <ele>-9.8</ele>
      </trkpt>
      <trkpt lat="52.495747" lon="4.82855">
        <ele>-10.0</ele>
      </trkpt>
      <trkpt lat="52.495729" lon="4.828549">
        <ele>-10.0</ele>
      </trkpt>
      <trkpt lat="52.495716" lon="4.82855">
        <ele>-10.0</ele>
      </trkpt>
      <trkpt lat="52.4957" lon="4.828551">
        <ele>-10.0</ele>
      </trkpt>
      <trkpt lat="52.495687" lon="4.828552">
        <ele>-10.0</ele>
      </trkpt>
      <trkpt lat="52.495674" lon="4.828552">
        <ele>-10.0</ele>
      </trkpt>
      <trkpt lat="52.49566" lon="4.828554">
        <ele>-10.0</ele>
      </trkpt>
      <trkpt lat="52.495649" lon="4.828556">
        <ele>-10.0</ele>
      </trkpt>
      <trkpt lat="52.495636" lon="4.828557">
        <ele>-9.8</ele>
      </trkpt>
      <trkpt lat="52.495624" lon="4.82856">
        <ele>-9.8</ele>
      </trkpt>
      <trkpt lat="52.495607" lon="4.828559">
        <ele>-9.4</ele>
      </trkpt>
      <trkpt lat="52.495595" lon="4.828558">
        <ele>-9.2</ele>
      </trkpt>
      <trkpt lat="52.495582" lon="4.828554">
        <ele>-9.0</ele>
      </trkpt>
      <trkpt lat="52.495568" lon="4.828554">
        <ele>-9.0</ele>
      </trkpt>
      <trkpt lat="52.495555" lon="4.82855">
        <ele>-8.8</ele>
      </trkpt>
      <trkpt lat="52.495539" lon="4.828548">
        <ele>-8.8</ele>
      </trkpt>
      <trkpt lat="52.495524" lon="4.828546">
        <ele>-9.0</ele>
      </trkpt>
      <trkpt lat="52.495507" lon="4.828543">
        <ele>-8.6</ele>
      </trkpt>
      <trkpt lat="52.495494" lon="4.828542">
        <ele>-8.6</ele>
      </trkpt>
      <trkpt lat="52.49548" lon="4.828539">
        <ele>-8.6</ele>
      </trkpt>
      <trkpt lat="52.495467" lon="4.828539">
        <ele>-8.4</ele>
      </trkpt>
      <trkpt lat="52.495452" lon="4.828538">
        <ele>-8.4</ele>
      </trkpt>
      <trkpt lat="52.495436" lon="4.828537">
        <ele>-8.4</ele>
      </trkpt>
      <trkpt lat="52.495422" lon="4.828536">
        <ele>-8.4</ele>
      </trkpt>
      <trkpt lat="52.495404" lon="4.828534">
        <ele>-8.4</ele>
      </trkpt>
      <trkpt lat="52.495391" lon="4.828533">
        <ele>-8.0</ele>
      </trkpt>
      <trkpt lat="52.495371" lon="4.828532">
        <ele>-7.8</ele>
      </trkpt>
      <trkpt lat="52.495357" lon="4.828531">
        <ele>-7.6</ele>
      </trkpt>
      <trkpt lat="52.495343" lon="4.828528">
        <ele>-7.6</ele>
      </trkpt>
      <trkpt lat="52.49533" lon="4.828526">
        <ele>-7.6</ele>
      </trkpt>
      <trkpt lat="52.495318" lon="4.828519">
        <ele>-7.6</ele>
      </trkpt>
      <trkpt lat="52.495304" lon="4.828513">
        <ele>-7.6</ele>
      </trkpt>
      <trkpt lat="52.495292" lon="4.828506">
        <ele>-7.4</ele>
      </trkpt>
      <trkpt lat="52.495278" lon="4.828501">
        <ele>-8.4</ele>
      </trkpt>
      <trkpt lat="52.495265" lon="4.828499">
        <ele>-8.8</ele>
      </trkpt>
      <trkpt lat="52.49525" lon="4.828495">
        <ele>-9.0</ele>
      </trkpt>
      <trkpt lat="52.495238" lon="4.828491">
        <ele>-9.2</ele>
      </trkpt>
      <trkpt lat="52.495223" lon="4.828487">
        <ele>-9.6</ele>
      </trkpt>
      <trkpt lat="52.495208" lon="4.828483">
        <ele>-9.4</ele>
      </trkpt>
      <trkpt lat="52.495194" lon="4.828479">
        <ele>-9.4</ele>
      </trkpt>
      <trkpt lat="52.495179" lon="4.828475">
        <ele>-9.6</ele>
      </trkpt>
      <trkpt lat="52.495164" lon="4.828473">
        <ele>-10.0</ele>
      </trkpt>
      <trkpt lat="52.495146" lon="4.828467">
        <ele>-10.0</ele>
      </trkpt>
      <trkpt lat="52.495132" lon="4.828464">
        <ele>-9.8</ele>
      </trkpt>
      <trkpt lat="52.495116" lon="4.82846">
        <ele>-9.8</ele>
      </trkpt>
      <trkpt lat="52.495101" lon="4.828458">
        <ele>-9.8</ele>
      </trkpt>
      <trkpt lat="52.495084" lon="4.828454">
        <ele>-9.8</ele>
      </trkpt>
      <trkpt lat="52.495068" lon="4.828452">
        <ele>-9.6</ele>
      </trkpt>
      <trkpt lat="52.495054" lon="4.82845">
        <ele>-9.6</ele>
      </trkpt>
      <trkpt lat="52.495037" lon="4.828447">
        <ele>-9.6</ele>
      </trkpt>
      <trkpt lat="52.495024" lon="4.828447">
        <ele>-9.6</ele>
      </trkpt>
      <trkpt lat="52.495007" lon="4.828443">
        <ele>-9.4</ele>
      </trkpt>
      <trkpt lat="52.494995" lon="4.828443">
        <ele>-9.4</ele>
      </trkpt>
      <trkpt lat="52.494982" lon="4.828442">
        <ele>-9.4</ele>
      </trkpt>
      <trkpt lat="52.494967" lon="4.828443">
        <ele>-9.4</ele>
      </trkpt>
      <trkpt lat="52.494954" lon="4.828443">
        <ele>-9.4</ele>
      </trkpt>
      <trkpt lat="52.494935" lon="4.828444">
        <ele>-9.4</ele>
      </trkpt>
      <trkpt lat="52.494921" lon="4.828446">
        <ele>-9.4</ele>
      </trkpt>
      <trkpt lat="52.494904" lon="4.828446">
        <ele>-9.2</ele>
      </trkpt>
      <trkpt lat="52.49489" lon="4.828448">
        <ele>-9.2</ele>
      </trkpt>
      <trkpt lat="52.494875" lon="4.828448">
        <ele>-9.4</ele>
      </trkpt>
      <trkpt lat="52.494859" lon="4.828449">
        <ele>-9.4</ele>
      </trkpt>
      <trkpt lat="52.494845" lon="4.828451">
        <ele>-9.4</ele>
      </trkpt>
      <trkpt lat="52.494827" lon="4.828449">
        <ele>-9.4</ele>
      </trkpt>
      <trkpt lat="52.494813" lon="4.82845">
        <ele>-9.4</ele>
      </trkpt>
      <trkpt lat="52.494797" lon="4.828449">
        <ele>-9.4</ele>
      </trkpt>
      <trkpt lat="52.494782" lon="4.82845">
        <ele>-9.4</ele>
      </trkpt>
      <trkpt lat="52.494768" lon="4.828449">
        <ele>-9.6</ele>
      </trkpt>
      <trkpt lat="52.494751" lon="4.82845">
        <ele>-9.6</ele>
      </trkpt>
      <trkpt lat="52.494735" lon="4.828453">
        <ele>-9.6</ele>
      </trkpt>
      <trkpt lat="52.494721" lon="4.828454">
        <ele>-9.6</ele>
      </trkpt>
      <trkpt lat="52.494708" lon="4.828456">
        <ele>-9.6</ele>
      </trkpt>
      <trkpt lat="52.494693" lon="4.828459">
        <ele>-9.6</ele>
      </trkpt>
      <trkpt lat="52.494674" lon="4.82846">
        <ele>-9.6</ele>
      </trkpt>
      <trkpt lat="52.494661" lon="4.828462">
        <ele>-9.6</ele>
      </trkpt>
      <trkpt lat="52.494644" lon="4.82846">
        <ele>-9.6</ele>
      </trkpt>
      <trkpt lat="52.494631" lon="4.828461">
        <ele>-9.6</ele>
      </trkpt>
      <trkpt lat="52.494617" lon="4.828465">
        <ele>-9.6</ele>
      </trkpt>
      <trkpt lat="52.494599" lon="4.828465">
        <ele>-9.6</ele>
      </trkpt>
      <trkpt lat="52.494587" lon="4.828468">
        <ele>-9.6</ele>
      </trkpt>
      <trkpt lat="52.49457" lon="4.828467">
        <ele>-9.8</ele>
      </trkpt>
      <trkpt lat="52.494557" lon="4.828468">
        <ele>-9.8</ele>
      </trkpt>
      <trkpt lat="52.494544" lon="4.828467">
        <ele>-9.8</ele>
      </trkpt>
      <trkpt lat="52.494529" lon="4.828468">
        <ele>-9.8</ele>
      </trkpt>
      <trkpt lat="52.494515" lon="4.82847">
        <ele>-10.0</ele>
      </trkpt>
      <trkpt lat="52.494496" lon="4.828472">
        <ele>-10.0</ele>
      </trkpt>
      <trkpt lat="52.494483" lon="4.828475">
        <ele>-10.0</ele>
      </trkpt>
      <trkpt lat="52.494469" lon="4.828477">
        <ele>-10.0</ele>
      </trkpt>
      <trkpt lat="52.494455" lon="4.828479">
        <ele>-10.0</ele>
      </trkpt>
      <trkpt lat="52.49444" lon="4.82848">
        <ele>-9.8</ele>
      </trkpt>
      <trkpt lat="52.494423" lon="4.828481">
        <ele>-9.8</ele>
      </trkpt>
      <trkpt lat="52.494412" lon="4.828484">
        <ele>-9.2</ele>
      </trkpt>
      <trkpt lat="52.494397" lon="4.828487">
        <ele>-9.0</ele>
      </trkpt>
      <trkpt lat="52.494385" lon="4.82849">
        <ele>-8.8</ele>
      </trkpt>
      <trkpt lat="52.494374" lon="4.828496">
        <ele>-8.8</ele>
      </trkpt>
      <trkpt lat="52.494359" lon="4.8285">
        <ele>-8.8</ele>
      </trkpt>
      <trkpt lat="52.494347" lon="4.828505">
        <ele>-9.0</ele>
      </trkpt>
      <trkpt lat="52.49433" lon="4.828509">
        <ele>-9.2</ele>
      </trkpt>
      <trkpt lat="52.494318" lon="4.828512">
        <ele>-9.4</ele>
      </trkpt>
      <trkpt lat="52.494305" lon="4.828513">
        <ele>-9.6</ele>
      </trkpt>
      <trkpt lat="52.494291" lon="4.828515">
        <ele>-9.4</ele>
      </trkpt>
      <trkpt lat="52.494277" lon="4.828518">
        <ele>-9.4</ele>
      </trkpt>
      <trkpt lat="52.49426" lon="4.828521">
        <ele>-9.2</ele>
      </trkpt>
      <trkpt lat="52.494248" lon="4.828525">
        <ele>-9.2</ele>
      </trkpt>
      <trkpt lat="52.494233" lon="4.828526">
        <ele>-9.6</ele>
      </trkpt>
      <trkpt lat="52.49422" lon="4.828526">
        <ele>-9.6</ele>
      </trkpt>
      <trkpt lat="52.494208" lon="4.828524">
        <ele>-9.4</ele>
      </trkpt>
      <trkpt lat="52.494193" lon="4.828524">
        <ele>-9.6</ele>
      </trkpt>
      <trkpt lat="52.49418" lon="4.828523">
        <ele>-9.6</ele>
      </trkpt>
      <trkpt lat="52.494163" lon="4.828522">
        <ele>-9.8</ele>
      </trkpt>
      <trkpt lat="52.494151" lon="4.828522">
        <ele>-9.6</ele>
      </trkpt>
      <trkpt lat="52.494136" lon="4.828519">
        <ele>-9.4</ele>
      </trkpt>
      <trkpt lat="52.494122" lon="4.82852">
        <ele>-9.2</ele>
      </trkpt>
      <trkpt lat="52.49411" lon="4.828522">
        <ele>-9.2</ele>
      </trkpt>
      <trkpt lat="52.494098" lon="4.828523">
        <ele>-9.0</ele>
      </trkpt>
      <trkpt lat="52.494084" lon="4.828528">
        <ele>-9.2</ele>
      </trkpt>
      <trkpt lat="52.49407" lon="4.828529">
        <ele>-9.2</ele>
      </trkpt>
      <trkpt lat="52.494058" lon="4.828532">
        <ele>-9.4</ele>
      </trkpt>
      <trkpt lat="52.49404" lon="4.828533">
        <ele>-9.4</ele>
      </trkpt>
      <trkpt lat="52.49403" lon="4.828535">
        <ele>-9.4</ele>
      </trkpt>
      <trkpt lat="52.494015" lon="4.828536">
        <ele>-9.2</ele>
      </trkpt>
      <trkpt lat="52.494002" lon="4.828538">
        <ele>-9.2</ele>
      </trkpt>
      <trkpt lat="52.493987" lon="4.828539">
        <ele>-9.2</ele>
      </trkpt>
      <trkpt lat="52.493971" lon="4.82854">
        <ele>-9.2</ele>
      </trkpt>
      <trkpt lat="52.493957" lon="4.828539">
        <ele>-9.2</ele>
      </trkpt>
      <trkpt lat="52.49394" lon="4.828538">
        <ele>-9.2</ele>
      </trkpt>
      <trkpt lat="52.493928" lon="4.828538">
        <ele>-9.4</ele>
      </trkpt>
      <trkpt lat="52.493911" lon="4.828538">
        <ele>-9.4</ele>
      </trkpt>
      <trkpt lat="52.493899" lon="4.828538">
        <ele>-9.4</ele>
      </trkpt>
      <trkpt lat="52.493884" lon="4.828538">
        <ele>-9.4</ele>
      </trkpt>
      <trkpt lat="52.493868" lon="4.828538">
        <ele>-9.4</ele>
      </trkpt>
      <trkpt lat="52.493855" lon="4.82854">
        <ele>-9.4</ele>
      </trkpt>
      <trkpt lat="52.493842" lon="4.828539">
        <ele>-9.4</ele>
      </trkpt>
      <trkpt lat="52.493826" lon="4.828537">
        <ele>-9.4</ele>
      </trkpt>
      <trkpt lat="52.493814" lon="4.828536">
        <ele>-9.4</ele>
      </trkpt>
      <trkpt lat="52.4938" lon="4.828533">
        <ele>-9.4</ele>
      </trkpt>
      <trkpt lat="52.493786" lon="4.828531">
        <ele>-9.4</ele>
      </trkpt>
      <trkpt lat="52.493772" lon="4.828528">
        <ele>-9.2</ele>
      </trkpt>
      <trkpt lat="52.493755" lon="4.828526">
        <ele>-9.0</ele>
      </trkpt>
      <trkpt lat="52.493742" lon="4.828525">
        <ele>-9.0</ele>
      </trkpt>
      <trkpt lat="52.493724" lon="4.828521">
        <ele>-8.8</ele>
      </trkpt>
      <trkpt lat="52.493709" lon="4.828519">
        <ele>-8.8</ele>
      </trkpt>
      <trkpt lat="52.493695" lon="4.828515">
        <ele>-8.6</ele>
      </trkpt>
      <trkpt lat="52.493682" lon="4.828511">
        <ele>-8.8</ele>
      </trkpt>
      <trkpt lat="52.493669" lon="4.828504">
        <ele>-8.8</ele>
      </trkpt>
      <trkpt lat="52.493655" lon="4.828499">
        <ele>-8.8</ele>
      </trkpt>
      <trkpt lat="52.493641" lon="4.828494">
        <ele>-8.8</ele>
      </trkpt>
      <trkpt lat="52.493624" lon="4.828487">
        <ele>-8.8</ele>
      </trkpt>
      <trkpt lat="52.493612" lon="4.828483">
        <ele>-8.6</ele>
      </trkpt>
      <trkpt lat="52.493599" lon="4.828476">
        <ele>-8.8</ele>
      </trkpt>
      <trkpt lat="52.493586" lon="4.828471">
        <ele>-8.8</ele>
      </trkpt>
      <trkpt lat="52.493573" lon="4.828464">
        <ele>-8.8</ele>
      </trkpt>
      <trkpt lat="52.493557" lon="4.828457">
        <ele>-8.8</ele>
      </trkpt>
      <trkpt lat="52.493544" lon="4.828452">
        <ele>-9.0</ele>
      </trkpt>
      <trkpt lat="52.493529" lon="4.828445">
        <ele>-9.0</ele>
      </trkpt>
      <trkpt lat="52.493517" lon="4.828439">
        <ele>-9.0</ele>
      </trkpt>
      <trkpt lat="52.493504" lon="4.828434">
        <ele>-9.0</ele>
      </trkpt>
      <trkpt lat="52.49349" lon="4.828427">
        <ele>-9.0</ele>
      </trkpt>
      <trkpt lat="52.493476" lon="4.828419">
        <ele>-9.0</ele>
      </trkpt>
      <trkpt lat="52.49346" lon="4.828407">
        <ele>-9.0</ele>
      </trkpt>
      <trkpt lat="52.493447" lon="4.828397">
        <ele>-8.8</ele>
      </trkpt>
      <trkpt lat="52.493434" lon="4.828382">
        <ele>-8.8</ele>
      </trkpt>
      <trkpt lat="52.493424" lon="4.828371">
        <ele>-9.0</ele>
      </trkpt>
      <trkpt lat="52.493413" lon="4.828354">
        <ele>-9.0</ele>
      </trkpt>
      <trkpt lat="52.493403" lon="4.828337">
        <ele>-9.0</ele>
      </trkpt>
      <trkpt lat="52.493393" lon="4.828319">
        <ele>-9.0</ele>
      </trkpt>
      <trkpt lat="52.493384" lon="4.828299">
        <ele>-9.0</ele>
      </trkpt>
      <trkpt lat="52.493376" lon="4.828281">
        <ele>-9.0</ele>
      </trkpt>
      <trkpt lat="52.493368" lon="4.82826">
        <ele>-9.0</ele>
      </trkpt>
      <trkpt lat="52.49336" lon="4.828242">
        <ele>-9.2</ele>
      </trkpt>
      <trkpt lat="52.493353" lon="4.82822">
        <ele>-9.2</ele>
      </trkpt>
      <trkpt lat="52.493346" lon="4.828199">
        <ele>-9.2</ele>
      </trkpt>
      <trkpt lat="52.49334" lon="4.828176">
        <ele>-9.2</ele>
      </trkpt>
      <trkpt lat="52.493333" lon="4.828153">
        <ele>-9.2</ele>
      </trkpt>
      <trkpt lat="52.493327" lon="4.828131">
        <ele>-9.2</ele>
      </trkpt>
      <trkpt lat="52.493321" lon="4.828105">
        <ele>-9.4</ele>
      </trkpt>
      <trkpt lat="52.493315" lon="4.828084">
        <ele>-9.4</ele>
      </trkpt>
      <trkpt lat="52.49331" lon="4.828062">
        <ele>-9.4</ele>
      </trkpt>
      <trkpt lat="52.493306" lon="4.828039">
        <ele>-9.4</ele>
      </trkpt>
      <trkpt lat="52.493301" lon="4.828013">
        <ele>-9.4</ele>
      </trkpt>
      <trkpt lat="52.493295" lon="4.827988">
        <ele>-9.4</ele>
      </trkpt>
      <trkpt lat="52.493289" lon="4.827963">
        <ele>-9.6</ele>
      </trkpt>
      <trkpt lat="52.493283" lon="4.827938">
        <ele>-9.8</ele>
      </trkpt>
      <trkpt lat="52.493278" lon="4.827918">
        <ele>-9.8</ele>
      </trkpt>
      <trkpt lat="52.493273" lon="4.827892">
        <ele>-9.8</ele>
      </trkpt>
      <trkpt lat="52.493268" lon="4.827867">
        <ele>-9.6</ele>
      </trkpt>
      <trkpt lat="52.493262" lon="4.827847">
        <ele>-9.6</ele>
      </trkpt>
      <trkpt lat="52.493258" lon="4.827824">
        <ele>-9.6</ele>
      </trkpt>
      <trkpt lat="52.493254" lon="4.827804">
        <ele>-9.6</ele>
      </trkpt>
      <trkpt lat="52.493249" lon="4.827783">
        <ele>-9.4</ele>
      </trkpt>
      <trkpt lat="52.493244" lon="4.827759">
        <ele>-9.4</ele>
      </trkpt>
      <trkpt lat="52.493239" lon="4.82774">
        <ele>-9.4</ele>
      </trkpt>
      <trkpt lat="52.493237" lon="4.827716">
        <ele>-9.4</ele>
      </trkpt>
      <trkpt lat="52.493234" lon="4.827692">
        <ele>-9.4</ele>
      </trkpt>
      <trkpt lat="52.49323" lon="4.827668">
        <ele>-9.2</ele>
      </trkpt>
      <trkpt lat="52.493226" lon="4.827641">
        <ele>-9.0</ele>
      </trkpt>
      <trkpt lat="52.493222" lon="4.827617">
        <ele>-9.2</ele>
      </trkpt>
      <trkpt lat="52.493219" lon="4.827591">
        <ele>-9.2</ele>
      </trkpt>
      <trkpt lat="52.493216" lon="4.827566">
        <ele>-9.4</ele>
      </trkpt>
      <trkpt lat="52.493214" lon="4.827545">
        <ele>-9.4</ele>
      </trkpt>
      <trkpt lat="52.493216" lon="4.827523">
        <ele>-9.4</ele>
      </trkpt>
      <trkpt lat="52.493215" lon="4.827497">
        <ele>-9.4</ele>
      </trkpt>
      <trkpt lat="52.493217" lon="4.827476">
        <ele>-9.4</ele>
      </trkpt>
      <trkpt lat="52.493219" lon="4.827455">
        <ele>-9.4</ele>
      </trkpt>
      <trkpt lat="52.49322" lon="4.827432">
        <ele>-9.4</ele>
      </trkpt>
      <trkpt lat="52.493219" lon="4.827411">
        <ele>-9.4</ele>
      </trkpt>
      <trkpt lat="52.493223" lon="4.827383">
        <ele>-9.4</ele>
      </trkpt>
      <trkpt lat="52.493225" lon="4.827355">
        <ele>-9.4</ele>
      </trkpt>
      <trkpt lat="52.493226" lon="4.827325">
        <ele>-9.4</ele>
      </trkpt>
      <trkpt lat="52.493225" lon="4.827295">
        <ele>-9.4</ele>
      </trkpt>
      <trkpt lat="52.493227" lon="4.827267">
        <ele>-9.2</ele>
      </trkpt>
      <trkpt lat="52.493226" lon="4.82724">
        <ele>-9.0</ele>
      </trkpt>
      <trkpt lat="52.493222" lon="4.827214">
        <ele>-9.0</ele>
      </trkpt>
      <trkpt lat="52.493219" lon="4.827188">
        <ele>-8.8</ele>
      </trkpt>
      <trkpt lat="52.493215" lon="4.827161">
        <ele>-8.8</ele>
      </trkpt>
      <trkpt lat="52.493213" lon="4.827132">
        <ele>-8.8</ele>
      </trkpt>
      <trkpt lat="52.493211" lon="4.827104">
        <ele>-8.8</ele>
      </trkpt>
      <trkpt lat="52.493208" lon="4.827074">
        <ele>-8.8</ele>
      </trkpt>
      <trkpt lat="52.493206" lon="4.827046">
        <ele>-9.0</ele>
      </trkpt>
      <trkpt lat="52.493203" lon="4.827025">
        <ele>-8.8</ele>
      </trkpt>
      <trkpt lat="52.493201" lon="4.826998">
        <ele>-8.8</ele>
      </trkpt>
      <trkpt lat="52.493198" lon="4.826972">
        <ele>-8.8</ele>
      </trkpt>
      <trkpt lat="52.493198" lon="4.826943">
        <ele>-8.8</ele>
      </trkpt>
      <trkpt lat="52.493196" lon="4.826913">
        <ele>-8.8</ele>
      </trkpt>
      <trkpt lat="52.493195" lon="4.826889">
        <ele>-8.8</ele>
      </trkpt>
      <trkpt lat="52.493194" lon="4.82686">
        <ele>-8.8</ele>
      </trkpt>
      <trkpt lat="52.493194" lon="4.826838">
        <ele>-8.8</ele>
      </trkpt>
      <trkpt lat="52.493195" lon="4.826811">
        <ele>-8.8</ele>
      </trkpt>
      <trkpt lat="52.493195" lon="4.826784">
        <ele>-8.8</ele>
      </trkpt>
      <trkpt lat="52.493194" lon="4.826761">
        <ele>-9.0</ele>
      </trkpt>
      <trkpt lat="52.493193" lon="4.826733">
        <ele>-9.2</ele>
      </trkpt>
      <trkpt lat="52.493192" lon="4.826713">
        <ele>-9.2</ele>
      </trkpt>
      <trkpt lat="52.49319" lon="4.82669">
        <ele>-9.2</ele>
      </trkpt>
      <trkpt lat="52.493188" lon="4.826665">
        <ele>-9.2</ele>
      </trkpt>
      <trkpt lat="52.493187" lon="4.826641">
        <ele>-9.2</ele>
      </trkpt>
      <trkpt lat="52.493184" lon="4.826615">
        <ele>-9.4</ele>
      </trkpt>
      <trkpt lat="52.493183" lon="4.826595">
        <ele>-9.4</ele>
      </trkpt>
      <trkpt lat="52.493181" lon="4.826572">
        <ele>-9.4</ele>
      </trkpt>
      <trkpt lat="52.493179" lon="4.826545">
        <ele>-9.4</ele>
      </trkpt>
      <trkpt lat="52.493176" lon="4.826519">
        <ele>-9.4</ele>
      </trkpt>
      <trkpt lat="52.493172" lon="4.826492">
        <ele>-9.4</ele>
      </trkpt>
      <trkpt lat="52.49317" lon="4.826469">
        <ele>-9.4</ele>
      </trkpt>
      <trkpt lat="52.493167" lon="4.826442">
        <ele>-9.4</ele>
      </trkpt>
      <trkpt lat="52.493165" lon="4.826418">
        <ele>-9.4</ele>
      </trkpt>
      <trkpt lat="52.493162" lon="4.82639">
        <ele>-9.4</ele>
      </trkpt>
      <trkpt lat="52.49316" lon="4.826362">
        <ele>-9.6</ele>
      </trkpt>
      <trkpt lat="52.493158" lon="4.826336">
        <ele>-9.6</ele>
      </trkpt>
      <trkpt lat="52.493155" lon="4.826308">
        <ele>-9.6</ele>
      </trkpt>
      <trkpt lat="52.493155" lon="4.826285">
        <ele>-9.4</ele>
      </trkpt>
      <trkpt lat="52.493154" lon="4.82626">
        <ele>-9.2</ele>
      </trkpt>
      <trkpt lat="52.493153" lon="4.826235">
        <ele>-9.0</ele>
      </trkpt>
      <trkpt lat="52.493153" lon="4.826209">
        <ele>-9.0</ele>
      </trkpt>
      <trkpt lat="52.493151" lon="4.826182">
        <ele>-9.0</ele>
      </trkpt>
      <trkpt lat="52.493147" lon="4.826157">
        <ele>-9.0</ele>
      </trkpt>
      <trkpt lat="52.493143" lon="4.826129">
        <ele>-9.0</ele>
      </trkpt>
      <trkpt lat="52.49314" lon="4.826105">
        <ele>-9.0</ele>
      </trkpt>
      <trkpt lat="52.493137" lon="4.826079">
        <ele>-9.0</ele>
      </trkpt>
      <trkpt lat="52.493134" lon="4.826054">
        <ele>-9.0</ele>
      </trkpt>
      <trkpt lat="52.493131" lon="4.826029">
        <ele>-9.2</ele>
      </trkpt>
      <trkpt lat="52.493128" lon="4.826001">
        <ele>-9.2</ele>
      </trkpt>
      <trkpt lat="52.493127" lon="4.825978">
        <ele>-9.2</ele>
      </trkpt>
      <trkpt lat="52.493126" lon="4.825953">
        <ele>-9.4</ele>
      </trkpt>
      <trkpt lat="52.493124" lon="4.825928">
        <ele>-9.4</ele>
      </trkpt>
      <trkpt lat="52.493122" lon="4.825902">
        <ele>-9.4</ele>
      </trkpt>
      <trkpt lat="52.49312" lon="4.825874">
        <ele>-9.4</ele>
      </trkpt>
      <trkpt lat="52.493117" lon="4.825849">
        <ele>-9.4</ele>
      </trkpt>
      <trkpt lat="52.493113" lon="4.825822">
        <ele>-9.4</ele>
      </trkpt>
      <trkpt lat="52.493111" lon="4.825799">
        <ele>-9.4</ele>
      </trkpt>
      <trkpt lat="52.493111" lon="4.825774">
        <ele>-9.4</ele>
      </trkpt>
      <trkpt lat="52.493111" lon="4.825749">
        <ele>-9.4</ele>
      </trkpt>
      <trkpt lat="52.493111" lon="4.825723">
        <ele>-9.4</ele>
      </trkpt>
      <trkpt lat="52.493111" lon="4.825695">
        <ele>-9.2</ele>
      </trkpt>
      <trkpt lat="52.49311" lon="4.82567">
        <ele>-9.2</ele>
      </trkpt>
      <trkpt lat="52.493109" lon="4.825644">
        <ele>-9.2</ele>
      </trkpt>
      <trkpt lat="52.493108" lon="4.825622">
        <ele>-9.2</ele>
      </trkpt>
      <trkpt lat="52.493108" lon="4.825598">
        <ele>-9.2</ele>
      </trkpt>
      <trkpt lat="52.493107" lon="4.825573">
        <ele>-9.2</ele>
      </trkpt>
      <trkpt lat="52.493105" lon="4.82555">
        <ele>-9.2</ele>
      </trkpt>
      <trkpt lat="52.493103" lon="4.825522">
        <ele>-9.0</ele>
      </trkpt>
      <trkpt lat="52.493099" lon="4.825498">
        <ele>-9.2</ele>
      </trkpt>
      <trkpt lat="52.493095" lon="4.825474">
        <ele>-9.4</ele>
      </trkpt>
      <trkpt lat="52.493091" lon="4.825452">
        <ele>-9.4</ele>
      </trkpt>
      <trkpt lat="52.493089" lon="4.825427">
        <ele>-9.4</ele>
      </trkpt>
      <trkpt lat="52.493088" lon="4.825401">
        <ele>-9.2</ele>
      </trkpt>
      <trkpt lat="52.493088" lon="4.825376">
        <ele>-9.2</ele>
      </trkpt>
      <trkpt lat="52.493086" lon="4.825349">
        <ele>-9.0</ele>
      </trkpt>
      <trkpt lat="52.493084" lon="4.825325">
        <ele>-8.8</ele>
      </trkpt>
      <trkpt lat="52.49308" lon="4.8253">
        <ele>-8.8</ele>
      </trkpt>
      <trkpt lat="52.493076" lon="4.825276">
        <ele>-8.8</ele>
      </trkpt>
      <trkpt lat="52.493073" lon="4.825251">
        <ele>-9.0</ele>
      </trkpt>
      <trkpt lat="52.49307" lon="4.825223">
        <ele>-9.0</ele>
      </trkpt>
      <trkpt lat="52.493069" lon="4.825197">
        <ele>-9.0</ele>
      </trkpt>
      <trkpt lat="52.493068" lon="4.825171">
        <ele>-9.0</ele>
      </trkpt>
      <trkpt lat="52.493068" lon="4.825146">
        <ele>-9.0</ele>
      </trkpt>
      <trkpt lat="52.493068" lon="4.825118">
        <ele>-9.0</ele>
      </trkpt>
      <trkpt lat="52.493067" lon="4.82509">
        <ele>-9.0</ele>
      </trkpt>
      <trkpt lat="52.493065" lon="4.825063">
        <ele>-8.8</ele>
      </trkpt>
      <trkpt lat="52.493063" lon="4.825036">
        <ele>-9.0</ele>
      </trkpt>
      <trkpt lat="52.493061" lon="4.82501">
        <ele>-9.0</ele>
      </trkpt>
      <trkpt lat="52.493058" lon="4.824987">
        <ele>-9.2</ele>
      </trkpt>
      <trkpt lat="52.493057" lon="4.824962">
        <ele>-9.2</ele>
      </trkpt>
      <trkpt lat="52.493055" lon="4.824937">
        <ele>-9.2</ele>
      </trkpt>
      <trkpt lat="52.493054" lon="4.824916">
        <ele>-9.2</ele>
      </trkpt>
      <trkpt lat="52.493051" lon="4.824892">
        <ele>-9.2</ele>
      </trkpt>
      <trkpt lat="52.493049" lon="4.824864">
        <ele>-9.2</ele>
      </trkpt>
      <trkpt lat="52.493047" lon="4.824838">
        <ele>-9.2</ele>
      </trkpt>
      <trkpt lat="52.493043" lon="4.824811">
        <ele>-9.0</ele>
      </trkpt>
      <trkpt lat="52.493041" lon="4.824787">
        <ele>-9.0</ele>
      </trkpt>
      <trkpt lat="52.493039" lon="4.824761">
        <ele>-9.0</ele>
      </trkpt>
      <trkpt lat="52.493039" lon="4.824738">
        <ele>-9.0</ele>
      </trkpt>
      <trkpt lat="52.49304" lon="4.824712">
        <ele>-9.0</ele>
      </trkpt>
      <trkpt lat="52.493039" lon="4.824686">
        <ele>-8.8</ele>
      </trkpt>
      <trkpt lat="52.493038" lon="4.824662">
        <ele>-8.8</ele>
      </trkpt>
      <trkpt lat="52.493035" lon="4.824632">
        <ele>-9.0</ele>
      </trkpt>
      <trkpt lat="52.493034" lon="4.824609">
        <ele>-9.0</ele>
      </trkpt>
      <trkpt lat="52.493032" lon="4.824582">
        <ele>-9.0</ele>
      </trkpt>
      <trkpt lat="52.49303" lon="4.824558">
        <ele>-9.2</ele>
      </trkpt>
      <trkpt lat="52.493029" lon="4.824529">
        <ele>-9.2</ele>
      </trkpt>
      <trkpt lat="52.493025" lon="4.824501">
        <ele>-9.2</ele>
      </trkpt>
      <trkpt lat="52.493024" lon="4.824474">
        <ele>-9.2</ele>
      </trkpt>
      <trkpt lat="52.493023" lon="4.824444">
        <ele>-9.2</ele>
      </trkpt>
      <trkpt lat="52.493024" lon="4.824419">
        <ele>-9.2</ele>
      </trkpt>
      <trkpt lat="52.493018" lon="4.824391">
        <ele>-9.2</ele>
      </trkpt>
      <trkpt lat="52.493015" lon="4.824368">
        <ele>-9.2</ele>
      </trkpt>
      <trkpt lat="52.493013" lon="4.824342">
        <ele>-9.4</ele>
      </trkpt>
      <trkpt lat="52.49301" lon="4.824315">
        <ele>-9.4</ele>
      </trkpt>
      <trkpt lat="52.493009" lon="4.82429">
        <ele>-9.4</ele>
      </trkpt>
      <trkpt lat="52.493008" lon="4.824262">
        <ele>-9.4</ele>
      </trkpt>
      <trkpt lat="52.493007" lon="4.82424">
        <ele>-9.6</ele>
      </trkpt>
      <trkpt lat="52.493003" lon="4.82422">
        <ele>-9.6</ele>
      </trkpt>
      <trkpt lat="52.493" lon="4.824199">
        <ele>-9.6</ele>
      </trkpt>
      <trkpt lat="52.492994" lon="4.824173">
        <ele>-9.4</ele>
      </trkpt>
      <trkpt lat="52.492993" lon="4.824145">
        <ele>-9.4</ele>
      </trkpt>
      <trkpt lat="52.492991" lon="4.82412">
        <ele>-9.4</ele>
      </trkpt>
      <trkpt lat="52.492989" lon="4.824093">
        <ele>-9.4</ele>
      </trkpt>
      <trkpt lat="52.492987" lon="4.824068">
        <ele>-9.4</ele>
      </trkpt>
      <trkpt lat="52.492982" lon="4.824044">
        <ele>-9.4</ele>
      </trkpt>
      <trkpt lat="52.492979" lon="4.824024">
        <ele>-9.4</ele>
      </trkpt>
      <trkpt lat="52.492977" lon="4.824002">
        <ele>-9.6</ele>
      </trkpt>
      <trkpt lat="52.492975" lon="4.823976">
        <ele>-9.6</ele>
      </trkpt>
      <trkpt lat="52.492973" lon="4.823952">
        <ele>-9.6</ele>
      </trkpt>
      <trkpt lat="52.49297" lon="4.823928">
        <ele>-9.6</ele>
      </trkpt>
      <trkpt lat="52.492968" lon="4.823903">
        <ele>-9.6</ele>
      </trkpt>
      <trkpt lat="52.492967" lon="4.823875">
        <ele>-9.6</ele>
      </trkpt>
      <trkpt lat="52.492963" lon="4.823847">
        <ele>-9.6</ele>
      </trkpt>
      <trkpt lat="52.49296" lon="4.82382">
        <ele>-9.6</ele>
      </trkpt>
      <trkpt lat="52.492955" lon="4.823791">
        <ele>-9.4</ele>
      </trkpt>
      <trkpt lat="52.492952" lon="4.823767">
        <ele>-9.4</ele>
      </trkpt>
      <trkpt lat="52.492949" lon="4.823741">
        <ele>-9.4</ele>
      </trkpt>
      <trkpt lat="52.492947" lon="4.823715">
        <ele>-9.4</ele>
      </trkpt>
      <trkpt lat="52.492944" lon="4.823688">
        <ele>-9.4</ele>
      </trkpt>
      <trkpt lat="52.49294" lon="4.823662">
        <ele>-9.4</ele>
      </trkpt>
      <trkpt lat="52.492938" lon="4.823635">
        <ele>-9.4</ele>
      </trkpt>
      <trkpt lat="52.492935" lon="4.823606">
        <ele>-9.2</ele>
      </trkpt>
      <trkpt lat="52.492934" lon="4.82358">
        <ele>-9.0</ele>
      </trkpt>
      <trkpt lat="52.492932" lon="4.823554">
        <ele>-9.0</ele>
      </trkpt>
      <trkpt lat="52.492931" lon="4.823533">
        <ele>-9.0</ele>
      </trkpt>
      <trkpt lat="52.49293" lon="4.823509">
        <ele>-9.0</ele>
      </trkpt>
      <trkpt lat="52.492926" lon="4.823484">
        <ele>-9.0</ele>
      </trkpt>
      <trkpt lat="52.492923" lon="4.823461">
        <ele>-9.0</ele>
      </trkpt>
      <trkpt lat="52.492917" lon="4.823436">
        <ele>-9.2</ele>
      </trkpt>
      <trkpt lat="52.492915" lon="4.823414">
        <ele>-9.2</ele>
      </trkpt>
      <trkpt lat="52.49291" lon="4.823389">
        <ele>-9.2</ele>
      </trkpt>
      <trkpt lat="52.492906" lon="4.823367">
        <ele>-9.6</ele>
      </trkpt>
      <trkpt lat="52.492902" lon="4.823342">
        <ele>-9.8</ele>
      </trkpt>
      <trkpt lat="52.492899" lon="4.823319">
        <ele>-10.0</ele>
      </trkpt>
      <trkpt lat="52.492897" lon="4.823295">
        <ele>-10.0</ele>
      </trkpt>
      <trkpt lat="52.492893" lon="4.823267">
        <ele>-9.8</ele>
      </trkpt>
      <trkpt lat="52.492892" lon="4.823243">
        <ele>-10.0</ele>
      </trkpt>
      <trkpt lat="52.492888" lon="4.823217">
        <ele>-10.0</ele>
      </trkpt>
      <trkpt lat="52.492886" lon="4.823193">
        <ele>-9.8</ele>
      </trkpt>
      <trkpt lat="52.492884" lon="4.823166">
        <ele>-9.8</ele>
      </trkpt>
      <trkpt lat="52.492882" lon="4.823142">
        <ele>-9.8</ele>
      </trkpt>
      <trkpt lat="52.49288" lon="4.823115">
        <ele>-10.0</ele>
      </trkpt>
      <trkpt lat="52.492877" lon="4.823088">
        <ele>-10.0</ele>
      </trkpt>
      <trkpt lat="52.492875" lon="4.823064">
        <ele>-9.8</ele>
      </trkpt>
      <trkpt lat="52.49287" lon="4.823039">
        <ele>-9.6</ele>
      </trkpt>
      <trkpt lat="52.492869" lon="4.823018">
        <ele>-9.8</ele>
      </trkpt>
      <trkpt lat="52.492868" lon="4.822994">
        <ele>-9.8</ele>
      </trkpt>
      <trkpt lat="52.492866" lon="4.822972">
        <ele>-10.0</ele>
      </trkpt>
      <trkpt lat="52.492865" lon="4.822949">
        <ele>-10.0</ele>
      </trkpt>
      <trkpt lat="52.492862" lon="4.822924">
        <ele>-10.0</ele>
      </trkpt>
      <trkpt lat="52.492859" lon="4.8229">
        <ele>-10.0</ele>
      </trkpt>
      <trkpt lat="52.492856" lon="4.822874">
        <ele>-10.0</ele>
      </trkpt>
      <trkpt lat="52.492852" lon="4.822851">
        <ele>-10.0</ele>
      </trkpt>
      <trkpt lat="52.492848" lon="4.822826">
        <ele>-9.8</ele>
      </trkpt>
      <trkpt lat="52.492846" lon="4.822804">
        <ele>-9.6</ele>
      </trkpt>
      <trkpt lat="52.492842" lon="4.822779">
        <ele>-9.6</ele>
      </trkpt>
      <trkpt lat="52.492839" lon="4.822754">
        <ele>-9.4</ele>
      </trkpt>
      <trkpt lat="52.492837" lon="4.82273">
        <ele>-9.8</ele>
      </trkpt>
      <trkpt lat="52.492834" lon="4.822705">
        <ele>-9.8</ele>
      </trkpt>
      <trkpt lat="52.492833" lon="4.822684">
        <ele>-10.0</ele>
      </trkpt>
      <trkpt lat="52.492831" lon="4.82266">
        <ele>-10.2</ele>
      </trkpt>
      <trkpt lat="52.49283" lon="4.822638">
        <ele>-10.0</ele>
      </trkpt>
      <trkpt lat="52.492828" lon="4.822614">
        <ele>-9.8</ele>
      </trkpt>
      <trkpt lat="52.492825" lon="4.822585">
        <ele>-9.8</ele>
      </trkpt>
      <trkpt lat="52.492822" lon="4.82256">
        <ele>-9.6</ele>
      </trkpt>
      <trkpt lat="52.492819" lon="4.822533">
        <ele>-9.4</ele>
      </trkpt>
      <trkpt lat="52.492817" lon="4.822512">
        <ele>-9.4</ele>
      </trkpt>
      <trkpt lat="52.492814" lon="4.822487">
        <ele>-9.4</ele>
      </trkpt>
      <trkpt lat="52.492812" lon="4.822461">
        <ele>-9.6</ele>
      </trkpt>
      <trkpt lat="52.492811" lon="4.822437">
        <ele>-9.8</ele>
      </trkpt>
      <trkpt lat="52.49281" lon="4.822412">
        <ele>-9.8</ele>
      </trkpt>
      <trkpt lat="52.49281" lon="4.822392">
        <ele>-9.8</ele>
      </trkpt>
      <trkpt lat="52.492811" lon="4.822369">
        <ele>-9.8</ele>
      </trkpt>
      <trkpt lat="52.49281" lon="4.822345">
        <ele>-9.8</ele>
      </trkpt>
      <trkpt lat="52.492809" lon="4.82232">
        <ele>-9.8</ele>
      </trkpt>
      <trkpt lat="52.492807" lon="4.822295">
        <ele>-9.6</ele>
      </trkpt>
      <trkpt lat="52.492804" lon="4.822272">
        <ele>-9.6</ele>
      </trkpt>
      <trkpt lat="52.492799" lon="4.822247">
        <ele>-10.0</ele>
      </trkpt>
      <trkpt lat="52.492797" lon="4.822225">
        <ele>-9.6</ele>
      </trkpt>
      <trkpt lat="52.492794" lon="4.822203">
        <ele>-9.8</ele>
      </trkpt>
      <trkpt lat="52.492791" lon="4.82218">
        <ele>-9.8</ele>
      </trkpt>
      <trkpt lat="52.492789" lon="4.822155">
        <ele>-9.8</ele>
      </trkpt>
      <trkpt lat="52.492785" lon="4.822129">
        <ele>-9.8</ele>
      </trkpt>
      <trkpt lat="52.492782" lon="4.822106">
        <ele>-10.0</ele>
      </trkpt>
      <trkpt lat="52.492778" lon="4.822083">
        <ele>-9.8</ele>
      </trkpt>
      <trkpt lat="52.492775" lon="4.822063">
        <ele>-9.8</ele>
      </trkpt>
      <trkpt lat="52.492773" lon="4.822036">
        <ele>-9.8</ele>
      </trkpt>
      <trkpt lat="52.49277" lon="4.82201">
        <ele>-9.8</ele>
      </trkpt>
      <trkpt lat="52.492767" lon="4.821987">
        <ele>-9.8</ele>
      </trkpt>
      <trkpt lat="52.492764" lon="4.821962">
        <ele>-9.8</ele>
      </trkpt>
      <trkpt lat="52.492761" lon="4.821941">
        <ele>-9.8</ele>
      </trkpt>
      <trkpt lat="52.492758" lon="4.821916">
        <ele>-9.8</ele>
      </trkpt>
      <trkpt lat="52.492755" lon="4.82189">
        <ele>-9.6</ele>
      </trkpt>
      <trkpt lat="52.492753" lon="4.821866">
        <ele>-9.6</ele>
      </trkpt>
      <trkpt lat="52.49275" lon="4.821841">
        <ele>-9.6</ele>
      </trkpt>
      <trkpt lat="52.492748" lon="4.821819">
        <ele>-9.4</ele>
      </trkpt>
      <trkpt lat="52.492746" lon="4.821796">
        <ele>-9.6</ele>
      </trkpt>
      <trkpt lat="52.492743" lon="4.821772">
        <ele>-9.6</ele>
      </trkpt>
      <trkpt lat="52.492741" lon="4.821747">
        <ele>-9.6</ele>
      </trkpt>
      <trkpt lat="52.492739" lon="4.821721">
        <ele>-9.6</ele>
      </trkpt>
      <trkpt lat="52.492738" lon="4.821698">
        <ele>-9.6</ele>
      </trkpt>
      <trkpt lat="52.492737" lon="4.821673">
        <ele>-9.6</ele>
      </trkpt>
      <trkpt lat="52.492737" lon="4.821651">
        <ele>-9.6</ele>
      </trkpt>
      <trkpt lat="52.492736" lon="4.821625">
        <ele>-9.2</ele>
      </trkpt>
      <trkpt lat="52.492734" lon="4.821599">
        <ele>-9.0</ele>
      </trkpt>
      <trkpt lat="52.492732" lon="4.821574">
        <ele>-9.2</ele>
      </trkpt>
      <trkpt lat="52.492729" lon="4.821548">
        <ele>-9.6</ele>
      </trkpt>
      <trkpt lat="52.492726" lon="4.821528">
        <ele>-9.6</ele>
      </trkpt>
      <trkpt lat="52.492723" lon="4.821504">
        <ele>-9.6</ele>
      </trkpt>
      <trkpt lat="52.492721" lon="4.821481">
        <ele>-9.6</ele>
      </trkpt>
      <trkpt lat="52.492719" lon="4.821456">
        <ele>-9.6</ele>
      </trkpt>
      <trkpt lat="52.492716" lon="4.821431">
        <ele>-9.6</ele>
      </trkpt>
      <trkpt lat="52.492713" lon="4.821407">
        <ele>-9.8</ele>
      </trkpt>
      <trkpt lat="52.492711" lon="4.821383">
        <ele>-9.6</ele>
      </trkpt>
      <trkpt lat="52.49271" lon="4.821361">
        <ele>-9.6</ele>
      </trkpt>
      <trkpt lat="52.492708" lon="4.821337">
        <ele>-9.6</ele>
      </trkpt>
      <trkpt lat="52.492705" lon="4.821312">
        <ele>-9.6</ele>
      </trkpt>
      <trkpt lat="52.492704" lon="4.821288">
        <ele>-9.8</ele>
      </trkpt>
      <trkpt lat="52.492702" lon="4.821262">
        <ele>-9.8</ele>
      </trkpt>
      <trkpt lat="52.492701" lon="4.821242">
        <ele>-9.8</ele>
      </trkpt>
      <trkpt lat="52.492701" lon="4.821216">
        <ele>-9.8</ele>
      </trkpt>
      <trkpt lat="52.492698" lon="4.821192">
        <ele>-10.0</ele>
      </trkpt>
      <trkpt lat="52.492695" lon="4.821168">
        <ele>-10.2</ele>
      </trkpt>
      <trkpt lat="52.492692" lon="4.821141">
        <ele>-10.2</ele>
      </trkpt>
      <trkpt lat="52.49269" lon="4.821121">
        <ele>-10.2</ele>
      </trkpt>
      <trkpt lat="52.492686" lon="4.821098">
        <ele>-10.2</ele>
      </trkpt>
      <trkpt lat="52.492682" lon="4.821076">
        <ele>-10.0</ele>
      </trkpt>
      <trkpt lat="52.492679" lon="4.821051">
        <ele>-9.8</ele>
      </trkpt>
      <trkpt lat="52.492674" lon="4.821025">
        <ele>-9.8</ele>
      </trkpt>
      <trkpt lat="52.49267" lon="4.821002">
        <ele>-9.6</ele>
      </trkpt>
      <trkpt lat="52.492665" lon="4.820979">
        <ele>-9.6</ele>
      </trkpt>
      <trkpt lat="52.492661" lon="4.820959">
        <ele>-9.6</ele>
      </trkpt>
      <trkpt lat="52.492658" lon="4.820935">
        <ele>-9.4</ele>
      </trkpt>
      <trkpt lat="52.492655" lon="4.820911">
        <ele>-9.2</ele>
      </trkpt>
      <trkpt lat="52.492652" lon="4.820888">
        <ele>-9.2</ele>
      </trkpt>
      <trkpt lat="52.492648" lon="4.820862">
        <ele>-9.2</ele>
      </trkpt>
      <trkpt lat="52.492646" lon="4.820843">
        <ele>-9.4</ele>
      </trkpt>
      <trkpt lat="52.492644" lon="4.820819">
        <ele>-9.6</ele>
      </trkpt>
      <trkpt lat="52.492641" lon="4.820795">
        <ele>-9.8</ele>
      </trkpt>
      <trkpt lat="52.492639" lon="4.820772">
        <ele>-9.8</ele>
      </trkpt>
      <trkpt lat="52.492635" lon="4.820747">
        <ele>-9.6</ele>
      </trkpt>
      <trkpt lat="52.492632" lon="4.820727">
        <ele>-9.8</ele>
      </trkpt>
      <trkpt lat="52.492629" lon="4.820705">
        <ele>-9.4</ele>
      </trkpt>
      <trkpt lat="52.492626" lon="4.820683">
        <ele>-9.4</ele>
      </trkpt>
      <trkpt lat="52.492623" lon="4.82066">
        <ele>-9.2</ele>
      </trkpt>
      <trkpt lat="52.49262" lon="4.820634">
        <ele>-9.2</ele>
      </trkpt>
      <trkpt lat="52.492617" lon="4.820612">
        <ele>-9.2</ele>
      </trkpt>
      <trkpt lat="52.492615" lon="4.82059">
        <ele>-9.2</ele>
      </trkpt>
      <trkpt lat="52.492612" lon="4.82057">
        <ele>-9.2</ele>
      </trkpt>
      <trkpt lat="52.492611" lon="4.820549">
        <ele>-9.0</ele>
      </trkpt>
      <trkpt lat="52.492608" lon="4.820527">
        <ele>-8.8</ele>
      </trkpt>
      <trkpt lat="52.492605" lon="4.820508">
        <ele>-8.8</ele>
      </trkpt>
      <trkpt lat="52.492603" lon="4.820487">
        <ele>-9.0</ele>
      </trkpt>
      <trkpt lat="52.492599" lon="4.820468">
        <ele>-9.0</ele>
      </trkpt>
      <trkpt lat="52.492596" lon="4.820449">
        <ele>-8.8</ele>
      </trkpt>
      <trkpt lat="52.492593" lon="4.820427">
        <ele>-9.6</ele>
      </trkpt>
      <trkpt lat="52.492591" lon="4.820406">
        <ele>-9.8</ele>
      </trkpt>
      <trkpt lat="52.492587" lon="4.820383">
        <ele>-9.4</ele>
      </trkpt>
      <trkpt lat="52.492584" lon="4.820362">
        <ele>-9.6</ele>
      </trkpt>
      <trkpt lat="52.492581" lon="4.82034">
        <ele>-9.2</ele>
      </trkpt>
      <trkpt lat="52.49258" lon="4.82032">
        <ele>-9.0</ele>
      </trkpt>
      <trkpt lat="52.492578" lon="4.820298">
        <ele>-9.0</ele>
      </trkpt>
      <trkpt lat="52.492575" lon="4.820275">
        <ele>-9.0</ele>
      </trkpt>
      <trkpt lat="52.492572" lon="4.820255">
        <ele>-9.0</ele>
      </trkpt>
      <trkpt lat="52.492569" lon="4.820233">
        <ele>-9.0</ele>
      </trkpt>
      <trkpt lat="52.492567" lon="4.820213">
        <ele>-9.0</ele>
      </trkpt>
      <trkpt lat="52.492566" lon="4.820193">
        <ele>-8.8</ele>
      </trkpt>
      <trkpt lat="52.492563" lon="4.82017">
        <ele>-8.8</ele>
      </trkpt>
      <trkpt lat="52.49256" lon="4.820151">
        <ele>-8.8</ele>
      </trkpt>
      <trkpt lat="52.492557" lon="4.820128">
        <ele>-8.8</ele>
      </trkpt>
      <trkpt lat="52.492557" lon="4.82011">
        <ele>-8.8</ele>
      </trkpt>
      <trkpt lat="52.492555" lon="4.820089">
        <ele>-8.8</ele>
      </trkpt>
      <trkpt lat="52.492552" lon="4.820066">
        <ele>-9.2</ele>
      </trkpt>
      <trkpt lat="52.49255" lon="4.820046">
        <ele>-9.2</ele>
      </trkpt>
      <trkpt lat="52.492547" lon="4.820023">
        <ele>-9.0</ele>
      </trkpt>
      <trkpt lat="52.492544" lon="4.820005">
        <ele>-8.8</ele>
      </trkpt>
      <trkpt lat="52.49254" lon="4.819981">
        <ele>-8.8</ele>
      </trkpt>
      <trkpt lat="52.492535" lon="4.819957">
        <ele>-8.8</ele>
      </trkpt>
      <trkpt lat="52.492531" lon="4.819933">
        <ele>-8.8</ele>
      </trkpt>
      <trkpt lat="52.492529" lon="4.819908">
        <ele>-8.8</ele>
      </trkpt>
      <trkpt lat="52.492527" lon="4.81989">
        <ele>-8.8</ele>
      </trkpt>
      <trkpt lat="52.492525" lon="4.819869">
        <ele>-8.8</ele>
      </trkpt>
      <trkpt lat="52.492522" lon="4.819847">
        <ele>-9.0</ele>
      </trkpt>
      <trkpt lat="52.492518" lon="4.819825">
        <ele>-9.2</ele>
      </trkpt>
      <trkpt lat="52.492514" lon="4.8198">
        <ele>-9.0</ele>
      </trkpt>
      <trkpt lat="52.492512" lon="4.819781">
        <ele>-9.0</ele>
      </trkpt>
      <trkpt lat="52.492511" lon="4.81976">
        <ele>-9.0</ele>
      </trkpt>
      <trkpt lat="52.492508" lon="4.819739">
        <ele>-9.0</ele>
      </trkpt>
      <trkpt lat="52.492506" lon="4.819719">
        <ele>-9.0</ele>
      </trkpt>
      <trkpt lat="52.492503" lon="4.819695">
        <ele>-8.8</ele>
      </trkpt>
      <trkpt lat="52.492501" lon="4.819676">
        <ele>-8.8</ele>
      </trkpt>
      <trkpt lat="52.492498" lon="4.819654">
        <ele>-8.8</ele>
      </trkpt>
      <trkpt lat="52.492494" lon="4.819634">
        <ele>-8.8</ele>
      </trkpt>
      <trkpt lat="52.492491" lon="4.819613">
        <ele>-8.8</ele>
      </trkpt>
      <trkpt lat="52.492487" lon="4.81959">
        <ele>-8.8</ele>
      </trkpt>
      <trkpt lat="52.492484" lon="4.819572">
        <ele>-9.0</ele>
      </trkpt>
      <trkpt lat="52.492481" lon="4.819552">
        <ele>-9.0</ele>
      </trkpt>
      <trkpt lat="52.492478" lon="4.819534">
        <ele>-9.0</ele>
      </trkpt>
      <trkpt lat="52.492477" lon="4.819515">
        <ele>-9.2</ele>
      </trkpt>
      <trkpt lat="52.492474" lon="4.819493">
        <ele>-9.2</ele>
      </trkpt>
      <trkpt lat="52.492471" lon="4.819476">
        <ele>-9.2</ele>
      </trkpt>
      <trkpt lat="52.49247" lon="4.819455">
        <ele>-9.2</ele>
      </trkpt>
      <trkpt lat="52.492469" lon="4.819436">
        <ele>-9.2</ele>
      </trkpt>
      <trkpt lat="52.492469" lon="4.819417">
        <ele>-9.2</ele>
      </trkpt>
      <trkpt lat="52.492466" lon="4.819394">
        <ele>-9.2</ele>
      </trkpt>
      <trkpt lat="52.492463" lon="4.819377">
        <ele>-9.6</ele>
      </trkpt>
      <trkpt lat="52.492461" lon="4.819355">
        <ele>-9.8</ele>
      </trkpt>
      <trkpt lat="52.492459" lon="4.819338">
        <ele>-9.6</ele>
      </trkpt>
      <trkpt lat="52.492458" lon="4.819319">
        <ele>-9.4</ele>
      </trkpt>
      <trkpt lat="52.492454" lon="4.819295">
        <ele>-9.2</ele>
      </trkpt>
      <trkpt lat="52.492452" lon="4.81928">
        <ele>-9.0</ele>
      </trkpt>
      <trkpt lat="52.492451" lon="4.819259">
        <ele>-9.0</ele>
      </trkpt>
      <trkpt lat="52.492448" lon="4.819238">
        <ele>-9.0</ele>
      </trkpt>
      <trkpt lat="52.492446" lon="4.819218">
        <ele>-9.2</ele>
      </trkpt>
      <trkpt lat="52.492442" lon="4.819195">
        <ele>-9.0</ele>
      </trkpt>
      <trkpt lat="52.49244" lon="4.819178">
        <ele>-9.2</ele>
      </trkpt>
      <trkpt lat="52.492437" lon="4.819157">
        <ele>-9.2</ele>
      </trkpt>
      <trkpt lat="52.492435" lon="4.819135">
        <ele>-9.4</ele>
      </trkpt>
      <trkpt lat="52.492434" lon="4.819114">
        <ele>-9.4</ele>
      </trkpt>
      <trkpt lat="52.492431" lon="4.819091">
        <ele>-9.4</ele>
      </trkpt>
      <trkpt lat="52.49243" lon="4.819075">
        <ele>-9.4</ele>
      </trkpt>
      <trkpt lat="52.492428" lon="4.819054">
        <ele>-9.4</ele>
      </trkpt>
      <trkpt lat="52.492425" lon="4.819036">
        <ele>-9.4</ele>
      </trkpt>
      <trkpt lat="52.492424" lon="4.819018">
        <ele>-9.4</ele>
      </trkpt>
      <trkpt lat="52.492421" lon="4.818999">
        <ele>-9.4</ele>
      </trkpt>
      <trkpt lat="52.492421" lon="4.818985">
        <ele>-9.6</ele>
      </trkpt>
      <trkpt lat="52.492425" lon="4.818965">
        <ele>-9.8</ele>
      </trkpt>
      <trkpt lat="52.492426" lon="4.818948">
        <ele>-9.8</ele>
      </trkpt>
      <trkpt lat="52.492429" lon="4.818934">
        <ele>-9.8</ele>
      </trkpt>
      <trkpt lat="52.492436" lon="4.818916">
        <ele>-9.8</ele>
      </trkpt>
      <trkpt lat="52.492441" lon="4.818905">
        <ele>-9.8</ele>
      </trkpt>
      <trkpt lat="52.492451" lon="4.818896">
        <ele>-9.8</ele>
      </trkpt>
      <trkpt lat="52.492462" lon="4.818882">
        <ele>-9.4</ele>
      </trkpt>
      <trkpt lat="52.492473" lon="4.81887">
        <ele>-9.0</ele>
      </trkpt>
      <trkpt lat="52.492485" lon="4.818859">
        <ele>-8.4</ele>
      </trkpt>
      <trkpt lat="52.492495" lon="4.818847">
        <ele>-8.2</ele>
      </trkpt>
      <trkpt lat="52.492506" lon="4.818831">
        <ele>-8.2</ele>
      </trkpt>
      <trkpt lat="52.492517" lon="4.818816">
        <ele>-8.4</ele>
      </trkpt>
      <trkpt lat="52.492529" lon="4.818805">
        <ele>-8.4</ele>
      </trkpt>
      <trkpt lat="52.492542" lon="4.818793">
        <ele>-8.2</ele>
      </trkpt>
      <trkpt lat="52.492553" lon="4.818783">
        <ele>-8.0</ele>
      </trkpt>
      <trkpt lat="52.492562" lon="4.818776">
        <ele>-8.0</ele>
      </trkpt>
      <trkpt lat="52.492571" lon="4.81877">
        <ele>-8.0</ele>
      </trkpt>
      <trkpt lat="52.492577" lon="4.818763">
        <ele>-7.8</ele>
      </trkpt>
      <trkpt lat="52.492588" lon="4.818761">
        <ele>-7.8</ele>
      </trkpt>
      <trkpt lat="52.492603" lon="4.81876">
        <ele>-7.8</ele>
      </trkpt>
      <trkpt lat="52.492616" lon="4.818756">
        <ele>-7.8</ele>
      </trkpt>
      <trkpt lat="52.492631" lon="4.818755">
        <ele>-8.2</ele>
      </trkpt>
      <trkpt lat="52.492646" lon="4.818754">
        <ele>-8.2</ele>
      </trkpt>
      <trkpt lat="52.492659" lon="4.81875">
        <ele>-8.4</ele>
      </trkpt>
      <trkpt lat="52.492673" lon="4.818749">
        <ele>-8.4</ele>
      </trkpt>
      <trkpt lat="52.492688" lon="4.818746">
        <ele>-8.6</ele>
      </trkpt>
      <trkpt lat="52.4927" lon="4.818744">
        <ele>-9.0</ele>
      </trkpt>
      <trkpt lat="52.492711" lon="4.818741">
        <ele>-9.2</ele>
      </trkpt>
      <trkpt lat="52.492724" lon="4.818739">
        <ele>-9.2</ele>
      </trkpt>
      <trkpt lat="52.492738" lon="4.818736">
        <ele>-9.4</ele>
      </trkpt>
      <trkpt lat="52.492752" lon="4.818735">
        <ele>-9.4</ele>
      </trkpt>
      <trkpt lat="52.492764" lon="4.818734">
        <ele>-9.4</ele>
      </trkpt>
      <trkpt lat="52.492775" lon="4.818731">
        <ele>-9.4</ele>
      </trkpt>
      <trkpt lat="52.492785" lon="4.818725">
        <ele>-9.2</ele>
      </trkpt>
      <trkpt lat="52.492796" lon="4.818722">
        <ele>-9.2</ele>
      </trkpt>
      <trkpt lat="52.492806" lon="4.818722">
        <ele>-9.2</ele>
      </trkpt>
      <trkpt lat="52.492816" lon="4.81872">
        <ele>-9.2</ele>
      </trkpt>
      <trkpt lat="52.492826" lon="4.818718">
        <ele>-9.2</ele>
      </trkpt>
      <trkpt lat="52.492835" lon="4.818718">
        <ele>-9.2</ele>
      </trkpt>
      <trkpt lat="52.492843" lon="4.818719">
        <ele>-9.2</ele>
      </trkpt>
      <trkpt lat="52.492852" lon="4.81872">
        <ele>-9.2</ele>
      </trkpt>
      <trkpt lat="52.492859" lon="4.81872">
        <ele>-9.2</ele>
      </trkpt>
      <trkpt lat="52.492869" lon="4.818722">
        <ele>-9.2</ele>
      </trkpt>
      <trkpt lat="52.492878" lon="4.818724">
        <ele>-9.2</ele>
      </trkpt>
      <trkpt lat="52.492887" lon="4.818724">
        <ele>-9.2</ele>
      </trkpt>
      <trkpt lat="52.492897" lon="4.818729">
        <ele>-9.4</ele>
      </trkpt>
      <trkpt lat="52.492907" lon="4.818731">
        <ele>-9.6</ele>
      </trkpt>
      <trkpt lat="52.492916" lon="4.818733">
        <ele>-9.6</ele>
      </trkpt>
      <trkpt lat="52.492923" lon="4.818734">
        <ele>-9.8</ele>
      </trkpt>
      <trkpt lat="52.492931" lon="4.818735">
        <ele>-9.8</ele>
      </trkpt>
      <trkpt lat="52.492935" lon="4.818734">
        <ele>-9.8</ele>
      </trkpt>
      <trkpt lat="52.492937" lon="4.81873">
        <ele>-9.8</ele>
      </trkpt>
      <trkpt lat="52.49294" lon="4.818731">
        <ele>-9.8</ele>
      </trkpt>
      <trkpt lat="52.49294" lon="4.81873">
        <ele>-9.6</ele>
      </trkpt>
      <trkpt lat="52.492946" lon="4.818732">
        <ele>-9.6</ele>
      </trkpt>
      <trkpt lat="52.492953" lon="4.818725">
        <ele>-9.6</ele>
      </trkpt>
      <trkpt lat="52.492959" lon="4.818716">
        <ele>-9.6</ele>
      </trkpt>
      <trkpt lat="52.492967" lon="4.818712">
        <ele>-9.4</ele>
      </trkpt>
      <trkpt lat="52.492974" lon="4.818709">
        <ele>-9.2</ele>
      </trkpt>
      <trkpt lat="52.492984" lon="4.818704">
        <ele>-9.0</ele>
      </trkpt>
      <trkpt lat="52.492997" lon="4.818698">
        <ele>-9.0</ele>
      </trkpt>
      <trkpt lat="52.493014" lon="4.818692">
        <ele>-9.0</ele>
      </trkpt>
      <trkpt lat="52.49303" lon="4.818685">
        <ele>-9.0</ele>
      </trkpt>
      <trkpt lat="52.493048" lon="4.818676">
        <ele>-8.8</ele>
      </trkpt>
      <trkpt lat="52.493066" lon="4.818668">
        <ele>-8.8</ele>
      </trkpt>
      <trkpt lat="52.493083" lon="4.818661">
        <ele>-9.0</ele>
      </trkpt>
      <trkpt lat="52.493101" lon="4.81866">
        <ele>-9.2</ele>
      </trkpt>
      <trkpt lat="52.493118" lon="4.818655">
        <ele>-9.2</ele>
      </trkpt>
      <trkpt lat="52.493133" lon="4.818651">
        <ele>-9.4</ele>
      </trkpt>
      <trkpt lat="52.493148" lon="4.818647">
        <ele>-9.4</ele>
      </trkpt>
      <trkpt lat="52.493165" lon="4.818643">
        <ele>-9.4</ele>
      </trkpt>
      <trkpt lat="52.493184" lon="4.818638">
        <ele>-9.4</ele>
      </trkpt>
      <trkpt lat="52.4932" lon="4.818633">
        <ele>-9.4</ele>
      </trkpt>
      <trkpt lat="52.493217" lon="4.818628">
        <ele>-9.0</ele>
      </trkpt>
      <trkpt lat="52.493233" lon="4.818623">
        <ele>-8.8</ele>
      </trkpt>
      <trkpt lat="52.493249" lon="4.818618">
        <ele>-8.8</ele>
      </trkpt>
      <trkpt lat="52.493266" lon="4.818613">
        <ele>-8.8</ele>
      </trkpt>
      <trkpt lat="52.493283" lon="4.818606">
        <ele>-8.8</ele>
      </trkpt>
      <trkpt lat="52.493302" lon="4.818603">
        <ele>-8.8</ele>
      </trkpt>
      <trkpt lat="52.493317" lon="4.818599">
        <ele>-8.8</ele>
      </trkpt>
      <trkpt lat="52.493333" lon="4.818595">
        <ele>-9.2</ele>
      </trkpt>
      <trkpt lat="52.493352" lon="4.818595">
        <ele>-9.6</ele>
      </trkpt>
      <trkpt lat="52.493369" lon="4.818596">
        <ele>-9.6</ele>
      </trkpt>
      <trkpt lat="52.493385" lon="4.818595">
        <ele>-9.6</ele>
      </trkpt>
      <trkpt lat="52.493399" lon="4.818593">
        <ele>-9.8</ele>
      </trkpt>
      <trkpt lat="52.493414" lon="4.818589">
        <ele>-9.8</ele>
      </trkpt>
      <trkpt lat="52.493426" lon="4.818585">
        <ele>-9.8</ele>
      </trkpt>
      <trkpt lat="52.493438" lon="4.818584">
        <ele>-9.8</ele>
      </trkpt>
      <trkpt lat="52.493452" lon="4.818585">
        <ele>-9.8</ele>
      </trkpt>
      <trkpt lat="52.493462" lon="4.818582">
        <ele>-9.8</ele>
      </trkpt>
      <trkpt lat="52.493474" lon="4.81858">
        <ele>-9.6</ele>
      </trkpt>
      <trkpt lat="52.493487" lon="4.818582">
        <ele>-9.6</ele>
      </trkpt>
      <trkpt lat="52.493499" lon="4.818582">
        <ele>-9.4</ele>
      </trkpt>
      <trkpt lat="52.493511" lon="4.81858">
        <ele>-9.4</ele>
      </trkpt>
      <trkpt lat="52.493524" lon="4.818579">
        <ele>-9.4</ele>
      </trkpt>
      <trkpt lat="52.493536" lon="4.818572">
        <ele>-9.2</ele>
      </trkpt>
      <trkpt lat="52.493548" lon="4.818568">
        <ele>-9.2</ele>
      </trkpt>
      <trkpt lat="52.49356" lon="4.818564">
        <ele>-9.2</ele>
      </trkpt>
      <trkpt lat="52.493576" lon="4.818561">
        <ele>-9.2</ele>
      </trkpt>
      <trkpt lat="52.493593" lon="4.818556">
        <ele>-9.4</ele>
      </trkpt>
      <trkpt lat="52.493611" lon="4.818549">
        <ele>-9.2</ele>
      </trkpt>
      <trkpt lat="52.49363" lon="4.818545">
        <ele>-9.0</ele>
      </trkpt>
      <trkpt lat="52.493646" lon="4.818538">
        <ele>-9.4</ele>
      </trkpt>
      <trkpt lat="52.493663" lon="4.818533">
        <ele>-9.6</ele>
      </trkpt>
      <trkpt lat="52.493677" lon="4.818525">
        <ele>-9.6</ele>
      </trkpt>
      <trkpt lat="52.493694" lon="4.818517">
        <ele>-9.2</ele>
      </trkpt>
      <trkpt lat="52.49371" lon="4.818508">
        <ele>-9.0</ele>
      </trkpt>
      <trkpt lat="52.493725" lon="4.818498">
        <ele>-8.8</ele>
      </trkpt>
      <trkpt lat="52.493744" lon="4.818488">
        <ele>-8.8</ele>
      </trkpt>
      <trkpt lat="52.49376" lon="4.818478">
        <ele>-8.8</ele>
      </trkpt>
      <trkpt lat="52.493779" lon="4.818469">
        <ele>-9.0</ele>
      </trkpt>
      <trkpt lat="52.493796" lon="4.81846">
        <ele>-9.0</ele>
      </trkpt>
      <trkpt lat="52.493814" lon="4.818453">
        <ele>-9.0</ele>
      </trkpt>
      <trkpt lat="52.493833" lon="4.818443">
        <ele>-9.0</ele>
      </trkpt>
      <trkpt lat="52.493849" lon="4.818433">
        <ele>-9.0</ele>
      </trkpt>
      <trkpt lat="52.493869" lon="4.81843">
        <ele>-9.0</ele>
      </trkpt>
      <trkpt lat="52.493886" lon="4.818421">
        <ele>-8.8</ele>
      </trkpt>
      <trkpt lat="52.493903" lon="4.818412">
        <ele>-8.8</ele>
      </trkpt>
      <trkpt lat="52.49392" lon="4.818406">
        <ele>-8.8</ele>
      </trkpt>
      <trkpt lat="52.493935" lon="4.818399">
        <ele>-8.8</ele>
      </trkpt>
      <trkpt lat="52.493952" lon="4.818397">
        <ele>-9.0</ele>
      </trkpt>
      <trkpt lat="52.493967" lon="4.818394">
        <ele>-9.0</ele>
      </trkpt>
      <trkpt lat="52.49398" lon="4.818389">
        <ele>-9.2</ele>
      </trkpt>
      <trkpt lat="52.493996" lon="4.818387">
        <ele>-9.4</ele>
      </trkpt>
      <trkpt lat="52.494011" lon="4.818381">
        <ele>-9.6</ele>
      </trkpt>
      <trkpt lat="52.494028" lon="4.818381">
        <ele>-9.6</ele>
      </trkpt>
      <trkpt lat="52.494044" lon="4.818379">
        <ele>-9.6</ele>
      </trkpt>
      <trkpt lat="52.49406" lon="4.818377">
        <ele>-9.6</ele>
      </trkpt>
      <trkpt lat="52.494074" lon="4.818375">
        <ele>-9.6</ele>
      </trkpt>
      <trkpt lat="52.494089" lon="4.81837">
        <ele>-9.6</ele>
      </trkpt>
      <trkpt lat="52.494105" lon="4.818369">
        <ele>-9.6</ele>
      </trkpt>
      <trkpt lat="52.494121" lon="4.818366">
        <ele>-9.6</ele>
      </trkpt>
      <trkpt lat="52.494138" lon="4.818371">
        <ele>-9.4</ele>
      </trkpt>
      <trkpt lat="52.494153" lon="4.81837">
        <ele>-9.4</ele>
      </trkpt>
      <trkpt lat="52.49417" lon="4.818369">
        <ele>-9.4</ele>
      </trkpt>
      <trkpt lat="52.494188" lon="4.818368">
        <ele>-9.2</ele>
      </trkpt>
      <trkpt lat="52.494204" lon="4.818365">
        <ele>-9.2</ele>
      </trkpt>
      <trkpt lat="52.49422" lon="4.818366">
        <ele>-9.0</ele>
      </trkpt>
      <trkpt lat="52.494236" lon="4.818364">
        <ele>-9.0</ele>
      </trkpt>
      <trkpt lat="52.494252" lon="4.818365">
        <ele>-9.2</ele>
      </trkpt>
      <trkpt lat="52.494268" lon="4.818361">
        <ele>-9.2</ele>
      </trkpt>
      <trkpt lat="52.494285" lon="4.818356">
        <ele>-9.4</ele>
      </trkpt>
      <trkpt lat="52.494303" lon="4.818355">
        <ele>-9.4</ele>
      </trkpt>
      <trkpt lat="52.494319" lon="4.818348">
        <ele>-9.6</ele>
      </trkpt>
      <trkpt lat="52.494337" lon="4.81835">
        <ele>-9.6</ele>
      </trkpt>
      <trkpt lat="52.494353" lon="4.818344">
        <ele>-9.6</ele>
      </trkpt>
      <trkpt lat="52.494368" lon="4.818341">
        <ele>-9.6</ele>
      </trkpt>
      <trkpt lat="52.494383" lon="4.818338">
        <ele>-9.6</ele>
      </trkpt>
      <trkpt lat="52.494399" lon="4.818333">
        <ele>-9.6</ele>
      </trkpt>
      <trkpt lat="52.494415" lon="4.818334">
        <ele>-9.8</ele>
      </trkpt>
      <trkpt lat="52.494429" lon="4.81833">
        <ele>-10.0</ele>
      </trkpt>
      <trkpt lat="52.494446" lon="4.818327">
        <ele>-10.0</ele>
      </trkpt>
      <trkpt lat="52.49446" lon="4.818322">
        <ele>-10.0</ele>
      </trkpt>
      <trkpt lat="52.494473" lon="4.818315">
        <ele>-10.0</ele>
      </trkpt>
      <trkpt lat="52.494488" lon="4.818313">
        <ele>-10.0</ele>
      </trkpt>
      <trkpt lat="52.494502" lon="4.818306">
        <ele>-10.2</ele>
      </trkpt>
      <trkpt lat="52.494517" lon="4.8183">
        <ele>-10.2</ele>
      </trkpt>
      <trkpt lat="52.494532" lon="4.818292">
        <ele>-10.0</ele>
      </trkpt>
      <trkpt lat="52.494545" lon="4.818283">
        <ele>-10.0</ele>
      </trkpt>
      <trkpt lat="52.494561" lon="4.818279">
        <ele>-10.0</ele>
      </trkpt>
      <trkpt lat="52.494573" lon="4.818271">
        <ele>-10.0</ele>
      </trkpt>
      <trkpt lat="52.494588" lon="4.818264">
        <ele>-10.0</ele>
      </trkpt>
      <trkpt lat="52.494605" lon="4.818256">
        <ele>-10.0</ele>
      </trkpt>
      <trkpt lat="52.494617" lon="4.818247">
        <ele>-10.0</ele>
      </trkpt>
      <trkpt lat="52.494634" lon="4.818241">
        <ele>-10.0</ele>
      </trkpt>
      <trkpt lat="52.494647" lon="4.818232">
        <ele>-10.0</ele>
      </trkpt>
      <trkpt lat="52.494662" lon="4.818223">
        <ele>-10.2</ele>
      </trkpt>
      <trkpt lat="52.494676" lon="4.818212">
        <ele>-10.2</ele>
      </trkpt>
      <trkpt lat="52.494688" lon="4.8182">
        <ele>-10.2</ele>
      </trkpt>
      <trkpt lat="52.494697" lon="4.818191">
        <ele>-10.0</ele>
      </trkpt>
      <trkpt lat="52.494705" lon="4.818181">
        <ele>-10.0</ele>
      </trkpt>
      <trkpt lat="52.494715" lon="4.818173">
        <ele>-10.2</ele>
      </trkpt>
      <trkpt lat="52.494721" lon="4.818159">
        <ele>-10.2</ele>
      </trkpt>
      <trkpt lat="52.494734" lon="4.818144">
        <ele>-10.2</ele>
      </trkpt>
      <trkpt lat="52.494745" lon="4.818126">
        <ele>-10.2</ele>
      </trkpt>
      <trkpt lat="52.494756" lon="4.818109">
        <ele>-10.2</ele>
      </trkpt>
      <trkpt lat="52.494763" lon="4.818093">
        <ele>-10.2</ele>
      </trkpt>
      <trkpt lat="52.49477" lon="4.818074">
        <ele>-10.0</ele>
      </trkpt>
      <trkpt lat="52.494775" lon="4.818059">
        <ele>-10.0</ele>
      </trkpt>
      <trkpt lat="52.494779" lon="4.818045">
        <ele>-10.0</ele>
      </trkpt>
      <trkpt lat="52.49478" lon="4.818034">
        <ele>-10.0</ele>
      </trkpt>
      <trkpt lat="52.494782" lon="4.81802">
        <ele>-10.0</ele>
      </trkpt>
      <trkpt lat="52.494784" lon="4.818005">
        <ele>-10.0</ele>
      </trkpt>
      <trkpt lat="52.494785" lon="4.817991">
        <ele>-10.0</ele>
      </trkpt>
      <trkpt lat="52.494787" lon="4.817975">
        <ele>-10.0</ele>
      </trkpt>
      <trkpt lat="52.494789" lon="4.817955">
        <ele>-10.0</ele>
      </trkpt>
      <trkpt lat="52.494787" lon="4.817936">
        <ele>-10.0</ele>
      </trkpt>
      <trkpt lat="52.494786" lon="4.817915">
        <ele>-10.0</ele>
      </trkpt>
      <trkpt lat="52.494783" lon="4.817896">
        <ele>-10.0</ele>
      </trkpt>
      <trkpt lat="52.494782" lon="4.817874">
        <ele>-10.0</ele>
      </trkpt>
      <trkpt lat="52.494779" lon="4.817849">
        <ele>-10.0</ele>
      </trkpt>
      <trkpt lat="52.494776" lon="4.817823">
        <ele>-10.2</ele>
      </trkpt>
      <trkpt lat="52.494774" lon="4.817796">
        <ele>-10.2</ele>
      </trkpt>
      <trkpt lat="52.494772" lon="4.817775">
        <ele>-10.4</ele>
      </trkpt>
      <trkpt lat="52.494769" lon="4.817753">
        <ele>-10.4</ele>
      </trkpt>
      <trkpt lat="52.494768" lon="4.817731">
        <ele>-10.4</ele>
      </trkpt>
      <trkpt lat="52.494768" lon="4.817706">
        <ele>-10.4</ele>
      </trkpt>
      <trkpt lat="52.494765" lon="4.817681">
        <ele>-10.2</ele>
      </trkpt>
      <trkpt lat="52.494763" lon="4.817657">
        <ele>-10.2</ele>
      </trkpt>
      <trkpt lat="52.494759" lon="4.817631">
        <ele>-10.2</ele>
      </trkpt>
      <trkpt lat="52.494757" lon="4.817611">
        <ele>-10.2</ele>
      </trkpt>
      <trkpt lat="52.494755" lon="4.817589">
        <ele>-10.2</ele>
      </trkpt>
      <trkpt lat="52.494752" lon="4.817566">
        <ele>-10.2</ele>
      </trkpt>
      <trkpt lat="52.49475" lon="4.817543">
        <ele>-9.6</ele>
      </trkpt>
      <trkpt lat="52.494746" lon="4.817518">
        <ele>-9.4</ele>
      </trkpt>
      <trkpt lat="52.494743" lon="4.817498">
        <ele>-9.8</ele>
      </trkpt>
      <trkpt lat="52.494736" lon="4.817477">
        <ele>-10.0</ele>
      </trkpt>
      <trkpt lat="52.494732" lon="4.817456">
        <ele>-10.2</ele>
      </trkpt>
      <trkpt lat="52.494728" lon="4.817436">
        <ele>-10.2</ele>
      </trkpt>
      <trkpt lat="52.494724" lon="4.817409">
        <ele>-10.0</ele>
      </trkpt>
      <trkpt lat="52.494721" lon="4.817389">
        <ele>-10.0</ele>
      </trkpt>
      <trkpt lat="52.494716" lon="4.817367">
        <ele>-9.8</ele>
      </trkpt>
      <trkpt lat="52.494713" lon="4.817345">
        <ele>-9.8</ele>
      </trkpt>
      <trkpt lat="52.494709" lon="4.817325">
        <ele>-9.8</ele>
      </trkpt>
      <trkpt lat="52.494704" lon="4.817299">
        <ele>-9.8</ele>
      </trkpt>
      <trkpt lat="52.494702" lon="4.817278">
        <ele>-9.8</ele>
      </trkpt>
      <trkpt lat="52.494699" lon="4.817254">
        <ele>-9.8</ele>
      </trkpt>
      <trkpt lat="52.494695" lon="4.817233">
        <ele>-9.6</ele>
      </trkpt>
      <trkpt lat="52.494692" lon="4.81721">
        <ele>-9.6</ele>
      </trkpt>
      <trkpt lat="52.494687" lon="4.817185">
        <ele>-9.6</ele>
      </trkpt>
      <trkpt lat="52.494682" lon="4.817162">
        <ele>-9.6</ele>
      </trkpt>
      <trkpt lat="52.494677" lon="4.817136">
        <ele>-9.4</ele>
      </trkpt>
      <trkpt lat="52.494674" lon="4.817116">
        <ele>-9.4</ele>
      </trkpt>
      <trkpt lat="52.494672" lon="4.817091">
        <ele>-9.4</ele>
      </trkpt>
      <trkpt lat="52.494669" lon="4.817067">
        <ele>-9.4</ele>
      </trkpt>
      <trkpt lat="52.494665" lon="4.817043">
        <ele>-9.4</ele>
      </trkpt>
      <trkpt lat="52.494659" lon="4.817015">
        <ele>-9.4</ele>
      </trkpt>
      <trkpt lat="52.494655" lon="4.816992">
        <ele>-9.4</ele>
      </trkpt>
      <trkpt lat="52.49465" lon="4.816968">
        <ele>-9.4</ele>
      </trkpt>
      <trkpt lat="52.494646" lon="4.816944">
        <ele>-9.4</ele>
      </trkpt>
      <trkpt lat="52.494642" lon="4.816918">
        <ele>-9.4</ele>
      </trkpt>
      <trkpt lat="52.494637" lon="4.816892">
        <ele>-9.4</ele>
      </trkpt>
      <trkpt lat="52.494632" lon="4.816867">
        <ele>-9.4</ele>
      </trkpt>
      <trkpt lat="52.494629" lon="4.816838">
        <ele>-9.4</ele>
      </trkpt>
      <trkpt lat="52.494623" lon="4.816815">
        <ele>-9.2</ele>
      </trkpt>
      <trkpt lat="52.494618" lon="4.816791">
        <ele>-9.2</ele>
      </trkpt>
      <trkpt lat="52.494614" lon="4.816769">
        <ele>-9.0</ele>
      </trkpt>
      <trkpt lat="52.49461" lon="4.816745">
        <ele>-9.0</ele>
      </trkpt>
      <trkpt lat="52.494606" lon="4.81672">
        <ele>-8.8</ele>
      </trkpt>
      <trkpt lat="52.494602" lon="4.816699">
        <ele>-9.0</ele>
      </trkpt>
      <trkpt lat="52.494597" lon="4.816673">
        <ele>-8.8</ele>
      </trkpt>
      <trkpt lat="52.494595" lon="4.816653">
        <ele>-9.0</ele>
      </trkpt>
      <trkpt lat="52.494592" lon="4.816628">
        <ele>-9.0</ele>
      </trkpt>
      <trkpt lat="52.49459" lon="4.816606">
        <ele>-9.0</ele>
      </trkpt>
      <trkpt lat="52.494584" lon="4.816581">
        <ele>-9.2</ele>
      </trkpt>
      <trkpt lat="52.494579" lon="4.816556">
        <ele>-9.4</ele>
      </trkpt>
      <trkpt lat="52.494576" lon="4.816532">
        <ele>-9.4</ele>
      </trkpt>
      <trkpt lat="52.494569" lon="4.816506">
        <ele>-9.4</ele>
      </trkpt>
      <trkpt lat="52.494565" lon="4.816486">
        <ele>-9.4</ele>
      </trkpt>
      <trkpt lat="52.494562" lon="4.816462">
        <ele>-9.4</ele>
      </trkpt>
      <trkpt lat="52.494558" lon="4.816438">
        <ele>-9.4</ele>
      </trkpt>
      <trkpt lat="52.494554" lon="4.816414">
        <ele>-9.4</ele>
      </trkpt>
      <trkpt lat="52.494548" lon="4.816386">
        <ele>-9.4</ele>
      </trkpt>
      <trkpt lat="52.494546" lon="4.816363">
        <ele>-9.4</ele>
      </trkpt>
      <trkpt lat="52.494541" lon="4.816337">
        <ele>-9.4</ele>
      </trkpt>
      <trkpt lat="52.494538" lon="4.816313">
        <ele>-9.4</ele>
      </trkpt>
      <trkpt lat="52.494535" lon="4.816286">
        <ele>-9.4</ele>
      </trkpt>
      <trkpt lat="52.494532" lon="4.816257">
        <ele>-9.6</ele>
      </trkpt>
      <trkpt lat="52.494529" lon="4.816233">
        <ele>-9.6</ele>
      </trkpt>
      <trkpt lat="52.494529" lon="4.816207">
        <ele>-9.6</ele>
      </trkpt>
      <trkpt lat="52.494528" lon="4.816184">
        <ele>-9.6</ele>
      </trkpt>
      <trkpt lat="52.494526" lon="4.816158">
        <ele>-9.6</ele>
      </trkpt>
      <trkpt lat="52.494523" lon="4.816132">
        <ele>-9.6</ele>
      </trkpt>
      <trkpt lat="52.494521" lon="4.816106">
        <ele>-9.4</ele>
      </trkpt>
      <trkpt lat="52.49452" lon="4.816078">
        <ele>-9.4</ele>
      </trkpt>
      <trkpt lat="52.494516" lon="4.816054">
        <ele>-9.2</ele>
      </trkpt>
      <trkpt lat="52.494515" lon="4.816028">
        <ele>-9.2</ele>
      </trkpt>
      <trkpt lat="52.494514" lon="4.816003">
        <ele>-9.2</ele>
      </trkpt>
      <trkpt lat="52.494512" lon="4.815976">
        <ele>-9.0</ele>
      </trkpt>
      <trkpt lat="52.49451" lon="4.815948">
        <ele>-9.0</ele>
      </trkpt>
      <trkpt lat="52.49451" lon="4.815924">
        <ele>-9.2</ele>
      </trkpt>
      <trkpt lat="52.49451" lon="4.815897">
        <ele>-9.2</ele>
      </trkpt>
      <trkpt lat="52.49451" lon="4.815876">
        <ele>-9.2</ele>
      </trkpt>
      <trkpt lat="52.494509" lon="4.815851">
        <ele>-9.2</ele>
      </trkpt>
      <trkpt lat="52.494507" lon="4.815825">
        <ele>-9.4</ele>
      </trkpt>
      <trkpt lat="52.494505" lon="4.8158">
        <ele>-9.4</ele>
      </trkpt>
      <trkpt lat="52.494503" lon="4.81577">
        <ele>-9.4</ele>
      </trkpt>
      <trkpt lat="52.494503" lon="4.815748">
        <ele>-9.4</ele>
      </trkpt>
      <trkpt lat="52.494501" lon="4.815723">
        <ele>-9.4</ele>
      </trkpt>
      <trkpt lat="52.494498" lon="4.815699">
        <ele>-9.6</ele>
      </trkpt>
      <trkpt lat="52.494495" lon="4.815674">
        <ele>-9.6</ele>
      </trkpt>
      <trkpt lat="52.49449" lon="4.815645">
        <ele>-9.6</ele>
      </trkpt>
      <trkpt lat="52.494487" lon="4.815623">
        <ele>-9.8</ele>
      </trkpt>
      <trkpt lat="52.49448" lon="4.815597">
        <ele>-9.8</ele>
      </trkpt>
      <trkpt lat="52.494476" lon="4.81557">
        <ele>-9.8</ele>
      </trkpt>
      <trkpt lat="52.494473" lon="4.815541">
        <ele>-10.0</ele>
      </trkpt>
      <trkpt lat="52.49447" lon="4.815515">
        <ele>-10.0</ele>
      </trkpt>
      <trkpt lat="52.494465" lon="4.815489">
        <ele>-10.0</ele>
      </trkpt>
      <trkpt lat="52.494458" lon="4.81546">
        <ele>-10.0</ele>
      </trkpt>
      <trkpt lat="52.494453" lon="4.815438">
        <ele>-10.0</ele>
      </trkpt>
      <trkpt lat="52.494446" lon="4.815412">
        <ele>-9.8</ele>
      </trkpt>
      <trkpt lat="52.494439" lon="4.815386">
        <ele>-9.8</ele>
      </trkpt>
      <trkpt lat="52.494433" lon="4.815361">
        <ele>-9.8</ele>
      </trkpt>
      <trkpt lat="52.494427" lon="4.815334">
        <ele>-9.6</ele>
      </trkpt>
      <trkpt lat="52.494424" lon="4.815312">
        <ele>-9.6</ele>
      </trkpt>
      <trkpt lat="52.494418" lon="4.815283">
        <ele>-9.6</ele>
      </trkpt>
      <trkpt lat="52.494414" lon="4.815257">
        <ele>-9.6</ele>
      </trkpt>
      <trkpt lat="52.494409" lon="4.815232">
        <ele>-9.6</ele>
      </trkpt>
      <trkpt lat="52.494402" lon="4.815207">
        <ele>-9.6</ele>
      </trkpt>
      <trkpt lat="52.494397" lon="4.815182">
        <ele>-9.6</ele>
      </trkpt>
      <trkpt lat="52.494391" lon="4.815153">
        <ele>-9.2</ele>
      </trkpt>
      <trkpt lat="52.494386" lon="4.815131">
        <ele>-9.2</ele>
      </trkpt>
      <trkpt lat="52.494382" lon="4.815104">
        <ele>-9.0</ele>
      </trkpt>
      <trkpt lat="52.494381" lon="4.815078">
        <ele>-9.0</ele>
      </trkpt>
      <trkpt lat="52.494378" lon="4.815052">
        <ele>-9.0</ele>
      </trkpt>
      <trkpt lat="52.494374" lon="4.815027">
        <ele>-9.0</ele>
      </trkpt>
      <trkpt lat="52.494373" lon="4.815004">
        <ele>-9.2</ele>
      </trkpt>
      <trkpt lat="52.49437" lon="4.81498">
        <ele>-9.4</ele>
      </trkpt>
      <trkpt lat="52.494367" lon="4.814962">
        <ele>-9.4</ele>
      </trkpt>
      <trkpt lat="52.494362" lon="4.814942">
        <ele>-9.4</ele>
      </trkpt>
      <trkpt lat="52.494361" lon="4.81492">
        <ele>-9.4</ele>
      </trkpt>
      <trkpt lat="52.494364" lon="4.8149">
        <ele>-9.6</ele>
      </trkpt>
      <trkpt lat="52.494362" lon="4.814877">
        <ele>-9.6</ele>
      </trkpt>
      <trkpt lat="52.494364" lon="4.814851">
        <ele>-9.6</ele>
      </trkpt>
      <trkpt lat="52.494367" lon="4.814825">
        <ele>-9.6</ele>
      </trkpt>
      <trkpt lat="52.494371" lon="4.814795">
        <ele>-9.6</ele>
      </trkpt>
      <trkpt lat="52.494377" lon="4.814771">
        <ele>-9.4</ele>
      </trkpt>
      <trkpt lat="52.494382" lon="4.814745">
        <ele>-9.2</ele>
      </trkpt>
      <trkpt lat="52.494386" lon="4.814718">
        <ele>-9.0</ele>
      </trkpt>
      <trkpt lat="52.494395" lon="4.814693">
        <ele>-9.2</ele>
      </trkpt>
      <trkpt lat="52.494398" lon="4.814665">
        <ele>-9.2</ele>
      </trkpt>
      <trkpt lat="52.494398" lon="4.81464">
        <ele>-9.4</ele>
      </trkpt>
      <trkpt lat="52.494401" lon="4.814612">
        <ele>-9.6</ele>
      </trkpt>
      <trkpt lat="52.494402" lon="4.814588">
        <ele>-9.6</ele>
      </trkpt>
      <trkpt lat="52.494407" lon="4.814564">
        <ele>-9.6</ele>
      </trkpt>
      <trkpt lat="52.494412" lon="4.814532">
        <ele>-9.6</ele>
      </trkpt>
      <trkpt lat="52.494416" lon="4.81451">
        <ele>-9.4</ele>
      </trkpt>
      <trkpt lat="52.494423" lon="4.814487">
        <ele>-9.2</ele>
      </trkpt>
      <trkpt lat="52.494425" lon="4.814459">
        <ele>-9.0</ele>
      </trkpt>
      <trkpt lat="52.494421" lon="4.814437">
        <ele>-9.0</ele>
      </trkpt>
      <trkpt lat="52.494425" lon="4.814417">
        <ele>-8.8</ele>
      </trkpt>
      <trkpt lat="52.494426" lon="4.814395">
        <ele>-8.8</ele>
      </trkpt>
      <trkpt lat="52.494429" lon="4.814375">
        <ele>-8.6</ele>
      </trkpt>
      <trkpt lat="52.494432" lon="4.81435">
        <ele>-8.6</ele>
      </trkpt>
      <trkpt lat="52.494435" lon="4.814325">
        <ele>-8.4</ele>
      </trkpt>
      <trkpt lat="52.494438" lon="4.814306">
        <ele>-8.4</ele>
      </trkpt>
      <trkpt lat="52.49444" lon="4.814286">
        <ele>-8.6</ele>
      </trkpt>
      <trkpt lat="52.494443" lon="4.814261">
        <ele>-8.8</ele>
      </trkpt>
      <trkpt lat="52.494446" lon="4.81424">
        <ele>-8.8</ele>
      </trkpt>
      <trkpt lat="52.494451" lon="4.814219">
        <ele>-8.8</ele>
      </trkpt>
      <trkpt lat="52.494452" lon="4.814197">
        <ele>-8.8</ele>
      </trkpt>
      <trkpt lat="52.494458" lon="4.814176">
        <ele>-8.8</ele>
      </trkpt>
      <trkpt lat="52.49446" lon="4.814155">
        <ele>-8.8</ele>
      </trkpt>
      <trkpt lat="52.494463" lon="4.814131">
        <ele>-9.0</ele>
      </trkpt>
      <trkpt lat="52.494464" lon="4.814106">
        <ele>-9.0</ele>
      </trkpt>
      <trkpt lat="52.494464" lon="4.814079">
        <ele>-9.0</ele>
      </trkpt>
      <trkpt lat="52.494473" lon="4.814065">
        <ele>-9.0</ele>
      </trkpt>
      <trkpt lat="52.494474" lon="4.814042">
        <ele>-9.0</ele>
      </trkpt>
      <trkpt lat="52.494473" lon="4.814017">
        <ele>-9.0</ele>
      </trkpt>
      <trkpt lat="52.49447" lon="4.813993">
        <ele>-8.8</ele>
      </trkpt>
      <trkpt lat="52.494467" lon="4.81397">
        <ele>-8.8</ele>
      </trkpt>
      <trkpt lat="52.494463" lon="4.813942">
        <ele>-8.8</ele>
      </trkpt>
      <trkpt lat="52.494459" lon="4.813917">
        <ele>-8.8</ele>
      </trkpt>
      <trkpt lat="52.494455" lon="4.813896">
        <ele>-9.0</ele>
      </trkpt>
      <trkpt lat="52.494448" lon="4.813872">
        <ele>-9.0</ele>
      </trkpt>
      <trkpt lat="52.494442" lon="4.81385">
        <ele>-9.0</ele>
      </trkpt>
      <trkpt lat="52.494435" lon="4.81383">
        <ele>-8.8</ele>
      </trkpt>
      <trkpt lat="52.49443" lon="4.81381">
        <ele>-8.8</ele>
      </trkpt>
      <trkpt lat="52.494423" lon="4.813787">
        <ele>-9.0</ele>
      </trkpt>
      <trkpt lat="52.494416" lon="4.813761">
        <ele>-9.0</ele>
      </trkpt>
      <trkpt lat="52.494412" lon="4.813746">
        <ele>-9.0</ele>
      </trkpt>
      <trkpt lat="52.494404" lon="4.81373">
        <ele>-9.0</ele>
      </trkpt>
      <trkpt lat="52.494402" lon="4.813708">
        <ele>-9.2</ele>
      </trkpt>
      <trkpt lat="52.4944" lon="4.813691">
        <ele>-9.2</ele>
      </trkpt>
      <trkpt lat="52.494396" lon="4.813671">
        <ele>-9.2</ele>
      </trkpt>
      <trkpt lat="52.494391" lon="4.813654">
        <ele>-9.2</ele>
      </trkpt>
      <trkpt lat="52.494385" lon="4.813632">
        <ele>-9.2</ele>
      </trkpt>
      <trkpt lat="52.494378" lon="4.813612">
        <ele>-9.2</ele>
      </trkpt>
      <trkpt lat="52.494373" lon="4.813594">
        <ele>-9.2</ele>
      </trkpt>
      <trkpt lat="52.49437" lon="4.813573">
        <ele>-9.2</ele>
      </trkpt>
      <trkpt lat="52.494365" lon="4.813552">
        <ele>-9.2</ele>
      </trkpt>
      <trkpt lat="52.494353" lon="4.813532">
        <ele>-9.4</ele>
      </trkpt>
      <trkpt lat="52.494341" lon="4.81351">
        <ele>-9.4</ele>
      </trkpt>
      <trkpt lat="52.494333" lon="4.813487">
        <ele>-9.4</ele>
      </trkpt>
      <trkpt lat="52.494323" lon="4.81346">
        <ele>-9.4</ele>
      </trkpt>
      <trkpt lat="52.494312" lon="4.81344">
        <ele>-9.4</ele>
      </trkpt>
      <trkpt lat="52.494306" lon="4.813421">
        <ele>-9.6</ele>
      </trkpt>
      <trkpt lat="52.494299" lon="4.813403">
        <ele>-9.6</ele>
      </trkpt>
      <trkpt lat="52.494293" lon="4.813382">
        <ele>-9.6</ele>
      </trkpt>
      <trkpt lat="52.494288" lon="4.813365">
        <ele>-9.6</ele>
      </trkpt>
      <trkpt lat="52.494284" lon="4.81335">
        <ele>-9.6</ele>
      </trkpt>
      <trkpt lat="52.49428" lon="4.813336">
        <ele>-9.6</ele>
      </trkpt>
      <trkpt lat="52.494275" lon="4.813319">
        <ele>-9.6</ele>
      </trkpt>
      <trkpt lat="52.494272" lon="4.813308">
        <ele>-9.4</ele>
      </trkpt>
      <trkpt lat="52.494268" lon="4.813293">
        <ele>-9.4</ele>
      </trkpt>
      <trkpt lat="52.494262" lon="4.813275">
        <ele>-9.2</ele>
      </trkpt>
      <trkpt lat="52.494256" lon="4.813259">
        <ele>-9.2</ele>
      </trkpt>
      <trkpt lat="52.494253" lon="4.813242">
        <ele>-9.2</ele>
      </trkpt>
      <trkpt lat="52.494249" lon="4.813224">
        <ele>-9.2</ele>
      </trkpt>
      <trkpt lat="52.494245" lon="4.813206">
        <ele>-9.2</ele>
      </trkpt>
      <trkpt lat="52.494244" lon="4.813184">
        <ele>-9.4</ele>
      </trkpt>
      <trkpt lat="52.494244" lon="4.813167">
        <ele>-9.2</ele>
      </trkpt>
      <trkpt lat="52.494244" lon="4.813148">
        <ele>-9.2</ele>
      </trkpt>
      <trkpt lat="52.494242" lon="4.813129">
        <ele>-9.2</ele>
      </trkpt>
      <trkpt lat="52.494242" lon="4.81311">
        <ele>-9.0</ele>
      </trkpt>
      <trkpt lat="52.494245" lon="4.81309">
        <ele>-9.0</ele>
      </trkpt>
      <trkpt lat="52.49425" lon="4.813076">
        <ele>-9.0</ele>
      </trkpt>
      <trkpt lat="52.494255" lon="4.813061">
        <ele>-9.0</ele>
      </trkpt>
      <trkpt lat="52.494265" lon="4.813044">
        <ele>-9.0</ele>
      </trkpt>
      <trkpt lat="52.494278" lon="4.813028">
        <ele>-9.2</ele>
      </trkpt>
      <trkpt lat="52.494289" lon="4.813006">
        <ele>-9.2</ele>
      </trkpt>
      <trkpt lat="52.494274" lon="4.812968">
        <ele>-9.2</ele>
      </trkpt>
      <trkpt lat="52.49425" lon="4.812934">
        <ele>-9.2</ele>
      </trkpt>
      <trkpt lat="52.494237" lon="4.8129">
        <ele>-9.2</ele>
      </trkpt>
      <trkpt lat="52.494232" lon="4.812875">
        <ele>-9.2</ele>
      </trkpt>
      <trkpt lat="52.494227" lon="4.812843">
        <ele>-9.0</ele>
      </trkpt>
      <trkpt lat="52.494222" lon="4.812814">
        <ele>-9.0</ele>
      </trkpt>
      <trkpt lat="52.494219" lon="4.812783">
        <ele>-9.0</ele>
      </trkpt>
      <trkpt lat="52.494214" lon="4.812749">
        <ele>-9.0</ele>
      </trkpt>
      <trkpt lat="52.494211" lon="4.812718">
        <ele>-9.0</ele>
      </trkpt>
      <trkpt lat="52.494209" lon="4.812686">
        <ele>-8.8</ele>
      </trkpt>
      <trkpt lat="52.494207" lon="4.812656">
        <ele>-8.8</ele>
      </trkpt>
      <trkpt lat="52.494208" lon="4.812629">
        <ele>-8.8</ele>
      </trkpt>
      <trkpt lat="52.494208" lon="4.812603">
        <ele>-8.8</ele>
      </trkpt>
      <trkpt lat="52.494208" lon="4.812578">
        <ele>-8.8</ele>
      </trkpt>
      <trkpt lat="52.494207" lon="4.812552">
        <ele>-8.6</ele>
      </trkpt>
      <trkpt lat="52.494215" lon="4.812528">
        <ele>-8.6</ele>
      </trkpt>
      <trkpt lat="52.494205" lon="4.812496">
        <ele>-8.6</ele>
      </trkpt>
      <trkpt lat="52.494201" lon="4.812472">
        <ele>-8.8</ele>
      </trkpt>
      <trkpt lat="52.494202" lon="4.812448">
        <ele>-8.8</ele>
      </trkpt>
      <trkpt lat="52.494193" lon="4.812422">
        <ele>-9.0</ele>
      </trkpt>
      <trkpt lat="52.494193" lon="4.812394">
        <ele>-9.0</ele>
      </trkpt>
      <trkpt lat="52.494182" lon="4.812362">
        <ele>-8.8</ele>
      </trkpt>
      <trkpt lat="52.494178" lon="4.812337">
        <ele>-8.8</ele>
      </trkpt>
      <trkpt lat="52.494176" lon="4.812313">
        <ele>-8.8</ele>
      </trkpt>
      <trkpt lat="52.494173" lon="4.812292">
        <ele>-9.2</ele>
      </trkpt>
      <trkpt lat="52.49417" lon="4.812266">
        <ele>-9.4</ele>
      </trkpt>
      <trkpt lat="52.494169" lon="4.812237">
        <ele>-9.4</ele>
      </trkpt>
      <trkpt lat="52.494167" lon="4.812209">
        <ele>-9.4</ele>
      </trkpt>
      <trkpt lat="52.494164" lon="4.812179">
        <ele>-9.4</ele>
      </trkpt>
      <trkpt lat="52.494161" lon="4.812152">
        <ele>-9.4</ele>
      </trkpt>
      <trkpt lat="52.494162" lon="4.812128">
        <ele>-9.4</ele>
      </trkpt>
      <trkpt lat="52.494162" lon="4.812101">
        <ele>-9.2</ele>
      </trkpt>
      <trkpt lat="52.494161" lon="4.812072">
        <ele>-9.2</ele>
      </trkpt>
      <trkpt lat="52.49416" lon="4.812042">
        <ele>-9.2</ele>
      </trkpt>
      <trkpt lat="52.49416" lon="4.81202">
        <ele>-9.2</ele>
      </trkpt>
      <trkpt lat="52.494169" lon="4.812001">
        <ele>-9.2</ele>
      </trkpt>
      <trkpt lat="52.494173" lon="4.811976">
        <ele>-9.0</ele>
      </trkpt>
      <trkpt lat="52.494173" lon="4.811947">
        <ele>-9.0</ele>
      </trkpt>
      <trkpt lat="52.494176" lon="4.811921">
        <ele>-9.0</ele>
      </trkpt>
      <trkpt lat="52.494174" lon="4.811895">
        <ele>-9.0</ele>
      </trkpt>
      <trkpt lat="52.494174" lon="4.811868">
        <ele>-9.0</ele>
      </trkpt>
      <trkpt lat="52.494174" lon="4.811842">
        <ele>-9.0</ele>
      </trkpt>
      <trkpt lat="52.494175" lon="4.811817">
        <ele>-9.2</ele>
      </trkpt>
      <trkpt lat="52.494177" lon="4.811788">
        <ele>-9.2</ele>
      </trkpt>
      <trkpt lat="52.494179" lon="4.811763">
        <ele>-9.2</ele>
      </trkpt>
      <trkpt lat="52.494183" lon="4.811739">
        <ele>-9.2</ele>
      </trkpt>
      <trkpt lat="52.49418" lon="4.811715">
        <ele>-9.2</ele>
      </trkpt>
      <trkpt lat="52.494183" lon="4.811694">
        <ele>-9.2</ele>
      </trkpt>
      <trkpt lat="52.494183" lon="4.811669">
        <ele>-9.2</ele>
      </trkpt>
      <trkpt lat="52.494182" lon="4.811644">
        <ele>-9.2</ele>
      </trkpt>
      <trkpt lat="52.494179" lon="4.811618">
        <ele>-9.2</ele>
      </trkpt>
      <trkpt lat="52.494176" lon="4.811592">
        <ele>-9.2</ele>
      </trkpt>
      <trkpt lat="52.494163" lon="4.811563">
        <ele>-9.2</ele>
      </trkpt>
      <trkpt lat="52.494159" lon="4.811544">
        <ele>-9.4</ele>
      </trkpt>
      <trkpt lat="52.49416" lon="4.811519">
        <ele>-9.4</ele>
      </trkpt>
      <trkpt lat="52.494159" lon="4.811495">
        <ele>-9.6</ele>
      </trkpt>
      <trkpt lat="52.494159" lon="4.811468">
        <ele>-9.8</ele>
      </trkpt>
      <trkpt lat="52.494152" lon="4.811438">
        <ele>-9.8</ele>
      </trkpt>
      <trkpt lat="52.494148" lon="4.811413">
        <ele>-10.0</ele>
      </trkpt>
      <trkpt lat="52.494144" lon="4.811384">
        <ele>-10.0</ele>
      </trkpt>
      <trkpt lat="52.49414" lon="4.811359">
        <ele>-10.0</ele>
      </trkpt>
      <trkpt lat="52.494136" lon="4.811332">
        <ele>-10.0</ele>
      </trkpt>
      <trkpt lat="52.494133" lon="4.811306">
        <ele>-10.0</ele>
      </trkpt>
      <trkpt lat="52.494132" lon="4.811281">
        <ele>-10.2</ele>
      </trkpt>
      <trkpt lat="52.494133" lon="4.811253">
        <ele>-10.2</ele>
      </trkpt>
      <trkpt lat="52.494135" lon="4.811231">
        <ele>-10.2</ele>
      </trkpt>
      <trkpt lat="52.494137" lon="4.811206">
        <ele>-10.2</ele>
      </trkpt>
      <trkpt lat="52.494139" lon="4.811184">
        <ele>-10.2</ele>
      </trkpt>
      <trkpt lat="52.494141" lon="4.811162">
        <ele>-10.2</ele>
      </trkpt>
      <trkpt lat="52.494142" lon="4.811136">
        <ele>-10.0</ele>
      </trkpt>
      <trkpt lat="52.494142" lon="4.811113">
        <ele>-10.0</ele>
      </trkpt>
      <trkpt lat="52.494142" lon="4.811093">
        <ele>-9.8</ele>
      </trkpt>
      <trkpt lat="52.49414" lon="4.811073">
        <ele>-9.8</ele>
      </trkpt>
      <trkpt lat="52.494139" lon="4.811047">
        <ele>-9.8</ele>
      </trkpt>
      <trkpt lat="52.494152" lon="4.811027">
        <ele>-9.8</ele>
      </trkpt>
      <trkpt lat="52.494151" lon="4.811">
        <ele>-9.6</ele>
      </trkpt>
      <trkpt lat="52.49416" lon="4.810976">
        <ele>-9.6</ele>
      </trkpt>
      <trkpt lat="52.494162" lon="4.810954">
        <ele>-9.6</ele>
      </trkpt>
      <trkpt lat="52.494166" lon="4.810932">
        <ele>-9.4</ele>
      </trkpt>
      <trkpt lat="52.494167" lon="4.810911">
        <ele>-9.4</ele>
      </trkpt>
      <trkpt lat="52.494166" lon="4.810887">
        <ele>-9.2</ele>
      </trkpt>
      <trkpt lat="52.494166" lon="4.810859">
        <ele>-9.2</ele>
      </trkpt>
      <trkpt lat="52.494162" lon="4.810836">
        <ele>-9.2</ele>
      </trkpt>
      <trkpt lat="52.494161" lon="4.810812">
        <ele>-9.2</ele>
      </trkpt>
      <trkpt lat="52.494158" lon="4.810791">
        <ele>-9.2</ele>
      </trkpt>
      <trkpt lat="52.494156" lon="4.810764">
        <ele>-9.4</ele>
      </trkpt>
      <trkpt lat="52.494158" lon="4.810736">
        <ele>-9.4</ele>
      </trkpt>
      <trkpt lat="52.494161" lon="4.810712">
        <ele>-9.4</ele>
      </trkpt>
      <trkpt lat="52.49416" lon="4.810692">
        <ele>-9.4</ele>
      </trkpt>
      <trkpt lat="52.494154" lon="4.810669">
        <ele>-9.4</ele>
      </trkpt>
      <trkpt lat="52.494159" lon="4.810654">
        <ele>-9.4</ele>
      </trkpt>
      <trkpt lat="52.494161" lon="4.810631">
        <ele>-9.6</ele>
      </trkpt>
      <trkpt lat="52.494157" lon="4.810607">
        <ele>-9.6</ele>
      </trkpt>
      <trkpt lat="52.494154" lon="4.810582">
        <ele>-9.4</ele>
      </trkpt>
      <trkpt lat="52.494147" lon="4.810559">
        <ele>-9.4</ele>
      </trkpt>
      <trkpt lat="52.49416" lon="4.810539">
        <ele>-9.4</ele>
      </trkpt>
      <trkpt lat="52.494158" lon="4.810524">
        <ele>-9.2</ele>
      </trkpt>
      <trkpt lat="52.49416" lon="4.810496">
        <ele>-9.2</ele>
      </trkpt>
      <trkpt lat="52.494162" lon="4.810475">
        <ele>-9.2</ele>
      </trkpt>
      <trkpt lat="52.494164" lon="4.81045">
        <ele>-9.2</ele>
      </trkpt>
      <trkpt lat="52.494165" lon="4.81043">
        <ele>-9.2</ele>
      </trkpt>
      <trkpt lat="52.494172" lon="4.81041">
        <ele>-9.4</ele>
      </trkpt>
      <trkpt lat="52.494168" lon="4.810387">
        <ele>-9.4</ele>
      </trkpt>
      <trkpt lat="52.494166" lon="4.810362">
        <ele>-9.4</ele>
      </trkpt>
      <trkpt lat="52.494163" lon="4.810338">
        <ele>-9.4</ele>
      </trkpt>
      <trkpt lat="52.494164" lon="4.810315">
        <ele>-9.4</ele>
      </trkpt>
      <trkpt lat="52.494161" lon="4.810293">
        <ele>-9.4</ele>
      </trkpt>
      <trkpt lat="52.494162" lon="4.810267">
        <ele>-9.4</ele>
      </trkpt>
      <trkpt lat="52.494165" lon="4.810239">
        <ele>-9.4</ele>
      </trkpt>
      <trkpt lat="52.494161" lon="4.810211">
        <ele>-9.4</ele>
      </trkpt>
      <trkpt lat="52.494164" lon="4.810182">
        <ele>-9.6</ele>
      </trkpt>
      <trkpt lat="52.494166" lon="4.810158">
        <ele>-9.8</ele>
      </trkpt>
      <trkpt lat="52.494166" lon="4.81013">
        <ele>-10.0</ele>
      </trkpt>
      <trkpt lat="52.494168" lon="4.8101">
        <ele>-10.0</ele>
      </trkpt>
      <trkpt lat="52.49417" lon="4.810078">
        <ele>-10.0</ele>
      </trkpt>
      <trkpt lat="52.494176" lon="4.810054">
        <ele>-10.0</ele>
      </trkpt>
      <trkpt lat="52.494182" lon="4.810036">
        <ele>-10.0</ele>
      </trkpt>
      <trkpt lat="52.494191" lon="4.810014">
        <ele>-10.0</ele>
      </trkpt>
      <trkpt lat="52.494199" lon="4.80999">
        <ele>-10.0</ele>
      </trkpt>
      <trkpt lat="52.494203" lon="4.809966">
        <ele>-10.0</ele>
      </trkpt>
      <trkpt lat="52.494213" lon="4.809945">
        <ele>-10.0</ele>
      </trkpt>
      <trkpt lat="52.494222" lon="4.809924">
        <ele>-10.2</ele>
      </trkpt>
      <trkpt lat="52.49423" lon="4.809901">
        <ele>-10.4</ele>
      </trkpt>
      <trkpt lat="52.49424" lon="4.809881">
        <ele>-10.4</ele>
      </trkpt>
      <trkpt lat="52.494251" lon="4.809867">
        <ele>-10.4</ele>
      </trkpt>
      <trkpt lat="52.494263" lon="4.809854">
        <ele>-10.4</ele>
      </trkpt>
      <trkpt lat="52.494272" lon="4.809837">
        <ele>-10.2</ele>
      </trkpt>
      <trkpt lat="52.494285" lon="4.809824">
        <ele>-10.2</ele>
      </trkpt>
      <trkpt lat="52.494298" lon="4.809816">
        <ele>-10.0</ele>
      </trkpt>
      <trkpt lat="52.494313" lon="4.809813">
        <ele>-10.0</ele>
      </trkpt>
      <trkpt lat="52.494327" lon="4.809809">
        <ele>-10.0</ele>
      </trkpt>
      <trkpt lat="52.494342" lon="4.8098">
        <ele>-9.8</ele>
      </trkpt>
      <trkpt lat="52.494361" lon="4.809796">
        <ele>-9.8</ele>
      </trkpt>
      <trkpt lat="52.494373" lon="4.809786">
        <ele>-9.6</ele>
      </trkpt>
      <trkpt lat="52.494392" lon="4.809783">
        <ele>-9.6</ele>
      </trkpt>
      <trkpt lat="52.494402" lon="4.809775">
        <ele>-9.6</ele>
      </trkpt>
      <trkpt lat="52.494421" lon="4.809773">
        <ele>-9.6</ele>
      </trkpt>
      <trkpt lat="52.494436" lon="4.80977">
        <ele>-9.6</ele>
      </trkpt>
      <trkpt lat="52.494453" lon="4.809765">
        <ele>-9.6</ele>
      </trkpt>
      <trkpt lat="52.494468" lon="4.809762">
        <ele>-9.2</ele>
      </trkpt>
      <trkpt lat="52.494485" lon="4.809757">
        <ele>-9.2</ele>
      </trkpt>
      <trkpt lat="52.494504" lon="4.809754">
        <ele>-9.0</ele>
      </trkpt>
      <trkpt lat="52.494518" lon="4.809751">
        <ele>-9.0</ele>
      </trkpt>
      <trkpt lat="52.494539" lon="4.809751">
        <ele>-9.0</ele>
      </trkpt>
      <trkpt lat="52.494556" lon="4.809749">
        <ele>-9.2</ele>
      </trkpt>
      <trkpt lat="52.494575" lon="4.809745">
        <ele>-9.4</ele>
      </trkpt>
      <trkpt lat="52.494589" lon="4.809738">
        <ele>-9.6</ele>
      </trkpt>
      <trkpt lat="52.494602" lon="4.809735">
        <ele>-9.8</ele>
      </trkpt>
      <trkpt lat="52.494621" lon="4.809738">
        <ele>-9.8</ele>
      </trkpt>
      <trkpt lat="52.49463" lon="4.809734">
        <ele>-9.8</ele>
      </trkpt>
      <trkpt lat="52.494647" lon="4.809732">
        <ele>-9.8</ele>
      </trkpt>
      <trkpt lat="52.494664" lon="4.809731">
        <ele>-9.8</ele>
      </trkpt>
      <trkpt lat="52.494682" lon="4.809728">
        <ele>-10.0</ele>
      </trkpt>
      <trkpt lat="52.494703" lon="4.80973">
        <ele>-10.2</ele>
      </trkpt>
      <trkpt lat="52.494718" lon="4.809726">
        <ele>-10.0</ele>
      </trkpt>
      <trkpt lat="52.494734" lon="4.809721">
        <ele>-10.0</ele>
      </trkpt>
      <trkpt lat="52.494751" lon="4.809717">
        <ele>-10.0</ele>
      </trkpt>
      <trkpt lat="52.494766" lon="4.809713">
        <ele>-10.0</ele>
      </trkpt>
      <trkpt lat="52.494781" lon="4.809709">
        <ele>-10.0</ele>
      </trkpt>
      <trkpt lat="52.494789" lon="4.809706">
        <ele>-10.0</ele>
      </trkpt>
      <trkpt lat="52.494801" lon="4.8097">
        <ele>-10.0</ele>
      </trkpt>
      <trkpt lat="52.494817" lon="4.809696">
        <ele>-10.2</ele>
      </trkpt>
      <trkpt lat="52.49483" lon="4.809692">
        <ele>-10.4</ele>
      </trkpt>
      <trkpt lat="52.494849" lon="4.809687">
        <ele>-10.4</ele>
      </trkpt>
      <trkpt lat="52.494865" lon="4.809674">
        <ele>-10.4</ele>
      </trkpt>
      <trkpt lat="52.494878" lon="4.809668">
        <ele>-10.4</ele>
      </trkpt>
      <trkpt lat="52.494887" lon="4.809667">
        <ele>-10.6</ele>
      </trkpt>
      <trkpt lat="52.494899" lon="4.809661">
        <ele>-10.6</ele>
      </trkpt>
      <trkpt lat="52.494909" lon="4.809652">
        <ele>-10.4</ele>
      </trkpt>
      <trkpt lat="52.494926" lon="4.80965">
        <ele>-10.4</ele>
      </trkpt>
      <trkpt lat="52.494939" lon="4.809646">
        <ele>-10.2</ele>
      </trkpt>
      <trkpt lat="52.494953" lon="4.809647">
        <ele>-10.2</ele>
      </trkpt>
      <trkpt lat="52.494969" lon="4.809641">
        <ele>-10.2</ele>
      </trkpt>
      <trkpt lat="52.494982" lon="4.809634">
        <ele>-10.2</ele>
      </trkpt>
      <trkpt lat="52.494996" lon="4.809625">
        <ele>-10.2</ele>
      </trkpt>
      <trkpt lat="52.495009" lon="4.809616">
        <ele>-10.0</ele>
      </trkpt>
      <trkpt lat="52.495025" lon="4.809613">
        <ele>-10.0</ele>
      </trkpt>
      <trkpt lat="52.495043" lon="4.809612">
        <ele>-10.0</ele>
      </trkpt>
      <trkpt lat="52.495054" lon="4.809617">
        <ele>-10.0</ele>
      </trkpt>
      <trkpt lat="52.495071" lon="4.809629">
        <ele>-10.2</ele>
      </trkpt>
      <trkpt lat="52.495085" lon="4.809628">
        <ele>-10.2</ele>
      </trkpt>
      <trkpt lat="52.4951" lon="4.809626">
        <ele>-10.4</ele>
      </trkpt>
      <trkpt lat="52.495117" lon="4.809622">
        <ele>-10.4</ele>
      </trkpt>
      <trkpt lat="52.495126" lon="4.809618">
        <ele>-10.4</ele>
      </trkpt>
      <trkpt lat="52.495139" lon="4.809618">
        <ele>-10.4</ele>
      </trkpt>
      <trkpt lat="52.49515" lon="4.80962">
        <ele>-10.6</ele>
      </trkpt>
      <trkpt lat="52.495165" lon="4.80962">
        <ele>-10.6</ele>
      </trkpt>
      <trkpt lat="52.495182" lon="4.809618">
        <ele>-10.8</ele>
      </trkpt>
      <trkpt lat="52.495196" lon="4.809612">
        <ele>-10.8</ele>
      </trkpt>
      <trkpt lat="52.49522" lon="4.809563">
        <ele>-10.8</ele>
      </trkpt>
      <trkpt lat="52.495249" lon="4.809586">
        <ele>-10.8</ele>
      </trkpt>
      <trkpt lat="52.495271" lon="4.809627">
        <ele>-10.8</ele>
      </trkpt>
      <trkpt lat="52.495288" lon="4.809629">
        <ele>-10.6</ele>
      </trkpt>
      <trkpt lat="52.495304" lon="4.809632">
        <ele>-10.6</ele>
      </trkpt>
      <trkpt lat="52.495318" lon="4.809629">
        <ele>-10.6</ele>
      </trkpt>
      <trkpt lat="52.495329" lon="4.809622">
        <ele>-10.6</ele>
      </trkpt>
      <trkpt lat="52.495347" lon="4.809627">
        <ele>-10.6</ele>
      </trkpt>
      <trkpt lat="52.495361" lon="4.809621">
        <ele>-10.8</ele>
      </trkpt>
      <trkpt lat="52.49538" lon="4.809613">
        <ele>-10.8</ele>
      </trkpt>
      <trkpt lat="52.495399" lon="4.809607">
        <ele>-10.6</ele>
      </trkpt>
      <trkpt lat="52.495416" lon="4.809597">
        <ele>-10.6</ele>
      </trkpt>
      <trkpt lat="52.49543" lon="4.809585">
        <ele>-10.4</ele>
      </trkpt>
      <trkpt lat="52.495441" lon="4.809574">
        <ele>-10.4</ele>
      </trkpt>
      <trkpt lat="52.495464" lon="4.809569">
        <ele>-10.4</ele>
      </trkpt>
      <trkpt lat="52.495488" lon="4.809565">
        <ele>-10.2</ele>
      </trkpt>
      <trkpt lat="52.495504" lon="4.809555">
        <ele>-10.2</ele>
      </trkpt>
      <trkpt lat="52.495524" lon="4.809549">
        <ele>-10.2</ele>
      </trkpt>
      <trkpt lat="52.495539" lon="4.809549">
        <ele>-10.2</ele>
      </trkpt>
      <trkpt lat="52.495557" lon="4.80955">
        <ele>-10.2</ele>
      </trkpt>
      <trkpt lat="52.495575" lon="4.809544">
        <ele>-10.2</ele>
      </trkpt>
      <trkpt lat="52.495598" lon="4.809544">
        <ele>-10.2</ele>
      </trkpt>
      <trkpt lat="52.49562" lon="4.809544">
        <ele>-10.2</ele>
      </trkpt>
      <trkpt lat="52.495632" lon="4.809543">
        <ele>-10.4</ele>
      </trkpt>
      <trkpt lat="52.495653" lon="4.809553">
        <ele>-10.4</ele>
      </trkpt>
      <trkpt lat="52.495672" lon="4.809552">
        <ele>-10.4</ele>
      </trkpt>
      <trkpt lat="52.495692" lon="4.809552">
        <ele>-10.4</ele>
      </trkpt>
      <trkpt lat="52.495713" lon="4.809552">
        <ele>-10.2</ele>
      </trkpt>
      <trkpt lat="52.495727" lon="4.809544">
        <ele>-10.2</ele>
      </trkpt>
      <trkpt lat="52.495748" lon="4.809539">
        <ele>-10.4</ele>
      </trkpt>
      <trkpt lat="52.495762" lon="4.809531">
        <ele>-10.4</ele>
      </trkpt>
      <trkpt lat="52.495777" lon="4.809523">
        <ele>-10.6</ele>
      </trkpt>
      <trkpt lat="52.495791" lon="4.809517">
        <ele>-10.6</ele>
      </trkpt>
      <trkpt lat="52.495805" lon="4.809514">
        <ele>-10.6</ele>
      </trkpt>
      <trkpt lat="52.495824" lon="4.809511">
        <ele>-10.6</ele>
      </trkpt>
      <trkpt lat="52.495836" lon="4.809503">
        <ele>-10.6</ele>
      </trkpt>
      <trkpt lat="52.495852" lon="4.809501">
        <ele>-10.4</ele>
      </trkpt>
      <trkpt lat="52.495865" lon="4.809493">
        <ele>-10.4</ele>
      </trkpt>
      <trkpt lat="52.49588" lon="4.809487">
        <ele>-10.4</ele>
      </trkpt>
      <trkpt lat="52.495898" lon="4.809483">
        <ele>-10.6</ele>
      </trkpt>
      <trkpt lat="52.495913" lon="4.809476">
        <ele>-10.6</ele>
      </trkpt>
      <trkpt lat="52.495929" lon="4.80947">
        <ele>-10.6</ele>
      </trkpt>
      <trkpt lat="52.495943" lon="4.809466">
        <ele>-10.8</ele>
      </trkpt>
      <trkpt lat="52.495958" lon="4.809455">
        <ele>-10.8</ele>
      </trkpt>
      <trkpt lat="52.495976" lon="4.809448">
        <ele>-10.8</ele>
      </trkpt>
      <trkpt lat="52.495988" lon="4.809439">
        <ele>-10.8</ele>
      </trkpt>
      <trkpt lat="52.496007" lon="4.809437">
        <ele>-10.8</ele>
      </trkpt>
      <trkpt lat="52.49602" lon="4.809431">
        <ele>-10.6</ele>
      </trkpt>
      <trkpt lat="52.496036" lon="4.809422">
        <ele>-10.4</ele>
      </trkpt>
      <trkpt lat="52.496055" lon="4.809411">
        <ele>-10.2</ele>
      </trkpt>
      <trkpt lat="52.496073" lon="4.809407">
        <ele>-10.2</ele>
      </trkpt>
      <trkpt lat="52.496093" lon="4.809397">
        <ele>-10.0</ele>
      </trkpt>
      <trkpt lat="52.496105" lon="4.809385">
        <ele>-9.8</ele>
      </trkpt>
      <trkpt lat="52.496126" lon="4.809382">
        <ele>-9.8</ele>
      </trkpt>
      <trkpt lat="52.496141" lon="4.809374">
        <ele>-9.8</ele>
      </trkpt>
      <trkpt lat="52.496159" lon="4.809373">
        <ele>-10.0</ele>
      </trkpt>
      <trkpt lat="52.496174" lon="4.809362">
        <ele>-10.2</ele>
      </trkpt>
      <trkpt lat="52.496185" lon="4.809352">
        <ele>-10.2</ele>
      </trkpt>
      <trkpt lat="52.496208" lon="4.809355">
        <ele>-10.2</ele>
      </trkpt>
      <trkpt lat="52.496222" lon="4.809354">
        <ele>-10.2</ele>
      </trkpt>
      <trkpt lat="52.496242" lon="4.809368">
        <ele>-10.4</ele>
      </trkpt>
      <trkpt lat="52.496256" lon="4.80937">
        <ele>-10.6</ele>
      </trkpt>
      <trkpt lat="52.496276" lon="4.809378">
        <ele>-10.4</ele>
      </trkpt>
      <trkpt lat="52.496297" lon="4.809377">
        <ele>-10.4</ele>
      </trkpt>
      <trkpt lat="52.49631" lon="4.809375">
        <ele>-10.6</ele>
      </trkpt>
      <trkpt lat="52.496333" lon="4.809378">
        <ele>-10.6</ele>
      </trkpt>
      <trkpt lat="52.496347" lon="4.809372">
        <ele>-10.6</ele>
      </trkpt>
      <trkpt lat="52.496368" lon="4.80938">
        <ele>-10.6</ele>
      </trkpt>
      <trkpt lat="52.496383" lon="4.80938">
        <ele>-10.6</ele>
      </trkpt>
      <trkpt lat="52.496398" lon="4.809378">
        <ele>-10.4</ele>
      </trkpt>
      <trkpt lat="52.496416" lon="4.809373">
        <ele>-10.6</ele>
      </trkpt>
      <trkpt lat="52.496431" lon="4.809368">
        <ele>-10.6</ele>
      </trkpt>
      <trkpt lat="52.496451" lon="4.809362">
        <ele>-10.6</ele>
      </trkpt>
      <trkpt lat="52.496465" lon="4.809357">
        <ele>-10.6</ele>
      </trkpt>
      <trkpt lat="52.496486" lon="4.809355">
        <ele>-10.8</ele>
      </trkpt>
      <trkpt lat="52.496497" lon="4.809351">
        <ele>-10.8</ele>
      </trkpt>
      <trkpt lat="52.496508" lon="4.809344">
        <ele>-10.8</ele>
      </trkpt>
      <trkpt lat="52.496521" lon="4.809339">
        <ele>-11.0</ele>
      </trkpt>
      <trkpt lat="52.496533" lon="4.809334">
        <ele>-11.0</ele>
      </trkpt>
      <trkpt lat="52.496547" lon="4.809331">
        <ele>-10.8</ele>
      </trkpt>
      <trkpt lat="52.496557" lon="4.809324">
        <ele>-10.8</ele>
      </trkpt>
      <trkpt lat="52.496571" lon="4.809322">
        <ele>-10.8</ele>
      </trkpt>
      <trkpt lat="52.49659" lon="4.809318">
        <ele>-10.8</ele>
      </trkpt>
      <trkpt lat="52.496605" lon="4.809312">
        <ele>-10.8</ele>
      </trkpt>
      <trkpt lat="52.496625" lon="4.809313">
        <ele>-11.0</ele>
      </trkpt>
      <trkpt lat="52.496637" lon="4.809309">
        <ele>-10.8</ele>
      </trkpt>
      <trkpt lat="52.496654" lon="4.809306">
        <ele>-10.8</ele>
      </trkpt>
      <trkpt lat="52.496673" lon="4.809303">
        <ele>-10.8</ele>
      </trkpt>
      <trkpt lat="52.49669" lon="4.809298">
        <ele>-10.6</ele>
      </trkpt>
      <trkpt lat="52.496708" lon="4.809294">
        <ele>-10.8</ele>
      </trkpt>
      <trkpt lat="52.496723" lon="4.809291">
        <ele>-10.6</ele>
      </trkpt>
      <trkpt lat="52.49674" lon="4.809292">
        <ele>-10.4</ele>
      </trkpt>
      <trkpt lat="52.496756" lon="4.809292">
        <ele>-10.2</ele>
      </trkpt>
      <trkpt lat="52.496772" lon="4.809289">
        <ele>-10.0</ele>
      </trkpt>
      <trkpt lat="52.496789" lon="4.809289">
        <ele>-9.8</ele>
      </trkpt>
      <trkpt lat="52.496802" lon="4.809286">
        <ele>-9.8</ele>
      </trkpt>
      <trkpt lat="52.496819" lon="4.809284">
        <ele>-9.8</ele>
      </trkpt>
      <trkpt lat="52.496831" lon="4.809279">
        <ele>-10.0</ele>
      </trkpt>
      <trkpt lat="52.496843" lon="4.809273">
        <ele>-10.2</ele>
      </trkpt>
      <trkpt lat="52.496861" lon="4.80927">
        <ele>-10.4</ele>
      </trkpt>
      <trkpt lat="52.496871" lon="4.809268">
        <ele>-10.4</ele>
      </trkpt>
      <trkpt lat="52.496886" lon="4.80927">
        <ele>-10.6</ele>
      </trkpt>
      <trkpt lat="52.496899" lon="4.80927">
        <ele>-10.6</ele>
      </trkpt>
      <trkpt lat="52.496913" lon="4.809264">
        <ele>-10.8</ele>
      </trkpt>
      <trkpt lat="52.496924" lon="4.809259">
        <ele>-10.8</ele>
      </trkpt>
      <trkpt lat="52.496938" lon="4.809252">
        <ele>-11.0</ele>
      </trkpt>
      <trkpt lat="52.496953" lon="4.809249">
        <ele>-11.0</ele>
      </trkpt>
      <trkpt lat="52.496965" lon="4.809241">
        <ele>-10.8</ele>
      </trkpt>
      <trkpt lat="52.496981" lon="4.809231">
        <ele>-10.6</ele>
      </trkpt>
      <trkpt lat="52.496997" lon="4.809225">
        <ele>-10.6</ele>
      </trkpt>
      <trkpt lat="52.497012" lon="4.80922">
        <ele>-10.6</ele>
      </trkpt>
      <trkpt lat="52.497028" lon="4.809214">
        <ele>-10.4</ele>
      </trkpt>
      <trkpt lat="52.49704" lon="4.809205">
        <ele>-10.4</ele>
      </trkpt>
      <trkpt lat="52.497059" lon="4.8092">
        <ele>-10.6</ele>
      </trkpt>
      <trkpt lat="52.497078" lon="4.809194">
        <ele>-10.8</ele>
      </trkpt>
      <trkpt lat="52.497093" lon="4.809186">
        <ele>-10.8</ele>
      </trkpt>
      <trkpt lat="52.497109" lon="4.809182">
        <ele>-10.8</ele>
      </trkpt>
      <trkpt lat="52.497121" lon="4.809175">
        <ele>-10.8</ele>
      </trkpt>
      <trkpt lat="52.497141" lon="4.809169">
        <ele>-10.8</ele>
      </trkpt>
      <trkpt lat="52.497153" lon="4.80916">
        <ele>-10.8</ele>
      </trkpt>
      <trkpt lat="52.497169" lon="4.809153">
        <ele>-10.8</ele>
      </trkpt>
      <trkpt lat="52.49718" lon="4.809144">
        <ele>-10.8</ele>
      </trkpt>
      <trkpt lat="52.497195" lon="4.809136">
        <ele>-10.8</ele>
      </trkpt>
      <trkpt lat="52.497208" lon="4.809128">
        <ele>-10.8</ele>
      </trkpt>
      <trkpt lat="52.497223" lon="4.809119">
        <ele>-10.8</ele>
      </trkpt>
      <trkpt lat="52.497231" lon="4.809106">
        <ele>-10.8</ele>
      </trkpt>
      <trkpt lat="52.497243" lon="4.809098">
        <ele>-10.8</ele>
      </trkpt>
      <trkpt lat="52.497256" lon="4.809089">
        <ele>-10.6</ele>
      </trkpt>
      <trkpt lat="52.497273" lon="4.809086">
        <ele>-10.6</ele>
      </trkpt>
      <trkpt lat="52.497278" lon="4.809066">
        <ele>-10.4</ele>
      </trkpt>
      <trkpt lat="52.497293" lon="4.809064">
        <ele>-10.4</ele>
      </trkpt>
      <trkpt lat="52.497298" lon="4.809051">
        <ele>-10.4</ele>
      </trkpt>
      <trkpt lat="52.497306" lon="4.809042">
        <ele>-10.4</ele>
      </trkpt>
      <trkpt lat="52.497322" lon="4.809039">
        <ele>-10.4</ele>
      </trkpt>
      <trkpt lat="52.497332" lon="4.809034">
        <ele>-10.4</ele>
      </trkpt>
      <trkpt lat="52.497345" lon="4.809031">
        <ele>-10.6</ele>
      </trkpt>
      <trkpt lat="52.497357" lon="4.809026">
        <ele>-10.8</ele>
      </trkpt>
      <trkpt lat="52.49737" lon="4.809019">
        <ele>-11.0</ele>
      </trkpt>
      <trkpt lat="52.497383" lon="4.80901">
        <ele>-11.0</ele>
      </trkpt>
      <trkpt lat="52.497395" lon="4.809006">
        <ele>-11.0</ele>
      </trkpt>
      <trkpt lat="52.49741" lon="4.809004">
        <ele>-11.2</ele>
      </trkpt>
      <trkpt lat="52.497429" lon="4.809003">
        <ele>-11.2</ele>
      </trkpt>
      <trkpt lat="52.49745" lon="4.809">
        <ele>-11.0</ele>
      </trkpt>
      <trkpt lat="52.497469" lon="4.808988">
        <ele>-10.8</ele>
      </trkpt>
      <trkpt lat="52.497486" lon="4.808974">
        <ele>-10.8</ele>
      </trkpt>
      <trkpt lat="52.497539" lon="4.809022">
        <ele>-10.8</ele>
      </trkpt>
      <trkpt lat="52.497551" lon="4.809045">
        <ele>-10.8</ele>
      </trkpt>
      <trkpt lat="52.497556" lon="4.809028">
        <ele>-10.6</ele>
      </trkpt>
      <trkpt lat="52.497564" lon="4.809006">
        <ele>-10.6</ele>
      </trkpt>
      <trkpt lat="52.497572" lon="4.808992">
        <ele>-10.6</ele>
      </trkpt>
      <trkpt lat="52.497587" lon="4.808986">
        <ele>-10.6</ele>
      </trkpt>
      <trkpt lat="52.497601" lon="4.808976">
        <ele>-10.4</ele>
      </trkpt>
      <trkpt lat="52.497615" lon="4.808968">
        <ele>-10.4</ele>
      </trkpt>
      <trkpt lat="52.497629" lon="4.808957">
        <ele>-10.4</ele>
      </trkpt>
      <trkpt lat="52.49764" lon="4.808957">
        <ele>-10.4</ele>
      </trkpt>
      <trkpt lat="52.497655" lon="4.808951">
        <ele>-10.4</ele>
      </trkpt>
      <trkpt lat="52.497668" lon="4.808953">
        <ele>-10.4</ele>
      </trkpt>
      <trkpt lat="52.497688" lon="4.80895">
        <ele>-10.4</ele>
      </trkpt>
      <trkpt lat="52.497703" lon="4.808941">
        <ele>-10.6</ele>
      </trkpt>
      <trkpt lat="52.497725" lon="4.808938">
        <ele>-10.6</ele>
      </trkpt>
      <trkpt lat="52.497739" lon="4.80893">
        <ele>-10.6</ele>
      </trkpt>
      <trkpt lat="52.497758" lon="4.808923">
        <ele>-10.8</ele>
      </trkpt>
      <trkpt lat="52.497772" lon="4.808918">
        <ele>-10.8</ele>
      </trkpt>
      <trkpt lat="52.497785" lon="4.808908">
        <ele>-10.8</ele>
      </trkpt>
      <trkpt lat="52.497801" lon="4.808908">
        <ele>-10.8</ele>
      </trkpt>
      <trkpt lat="52.497813" lon="4.808901">
        <ele>-10.8</ele>
      </trkpt>
      <trkpt lat="52.497832" lon="4.808902">
        <ele>-10.8</ele>
      </trkpt>
      <trkpt lat="52.497848" lon="4.808899">
        <ele>-10.8</ele>
      </trkpt>
      <trkpt lat="52.497868" lon="4.8089">
        <ele>-10.8</ele>
      </trkpt>
      <trkpt lat="52.497885" lon="4.808901">
        <ele>-10.8</ele>
      </trkpt>
      <trkpt lat="52.4979" lon="4.808898">
        <ele>-10.8</ele>
      </trkpt>
      <trkpt lat="52.497918" lon="4.808897">
        <ele>-10.8</ele>
      </trkpt>
      <trkpt lat="52.497933" lon="4.808895">
        <ele>-10.8</ele>
      </trkpt>
      <trkpt lat="52.497951" lon="4.808893">
        <ele>-10.8</ele>
      </trkpt>
      <trkpt lat="52.49797" lon="4.808891">
        <ele>-10.6</ele>
      </trkpt>
      <trkpt lat="52.497985" lon="4.808892">
        <ele>-10.6</ele>
      </trkpt>
      <trkpt lat="52.498001" lon="4.808893">
        <ele>-10.6</ele>
      </trkpt>
      <trkpt lat="52.498014" lon="4.808892">
        <ele>-10.6</ele>
      </trkpt>
      <trkpt lat="52.49803" lon="4.808896">
        <ele>-10.6</ele>
      </trkpt>
      <trkpt lat="52.498046" lon="4.808898">
        <ele>-10.6</ele>
      </trkpt>
      <trkpt lat="52.498057" lon="4.8089">
        <ele>-10.6</ele>
      </trkpt>
      <trkpt lat="52.498072" lon="4.808906">
        <ele>-10.8</ele>
      </trkpt>
      <trkpt lat="52.49809" lon="4.80891">
        <ele>-11.0</ele>
      </trkpt>
      <trkpt lat="52.498108" lon="4.808911">
        <ele>-11.0</ele>
      </trkpt>
      <trkpt lat="52.498131" lon="4.808904">
        <ele>-11.0</ele>
      </trkpt>
      <trkpt lat="52.498148" lon="4.808898">
        <ele>-11.0</ele>
      </trkpt>
      <trkpt lat="52.498155" lon="4.808857">
        <ele>-11.0</ele>
      </trkpt>
      <trkpt lat="52.498169" lon="4.808848">
        <ele>-11.0</ele>
      </trkpt>
      <trkpt lat="52.498181" lon="4.808849">
        <ele>-10.8</ele>
      </trkpt>
      <trkpt lat="52.498197" lon="4.808849">
        <ele>-10.8</ele>
      </trkpt>
      <trkpt lat="52.49821" lon="4.808855">
        <ele>-10.6</ele>
      </trkpt>
      <trkpt lat="52.498221" lon="4.808854">
        <ele>-10.6</ele>
      </trkpt>
      <trkpt lat="52.498234" lon="4.808853">
        <ele>-10.4</ele>
      </trkpt>
      <trkpt lat="52.498251" lon="4.808859">
        <ele>-10.4</ele>
      </trkpt>
      <trkpt lat="52.498263" lon="4.808853">
        <ele>-10.2</ele>
      </trkpt>
      <trkpt lat="52.49828" lon="4.808853">
        <ele>-10.0</ele>
      </trkpt>
      <trkpt lat="52.498293" lon="4.808846">
        <ele>-10.0</ele>
      </trkpt>
      <trkpt lat="52.49831" lon="4.808843">
        <ele>-10.0</ele>
      </trkpt>
      <trkpt lat="52.498327" lon="4.808842">
        <ele>-10.2</ele>
      </trkpt>
      <trkpt lat="52.498341" lon="4.808838">
        <ele>-10.2</ele>
      </trkpt>
      <trkpt lat="52.498358" lon="4.808841">
        <ele>-10.2</ele>
      </trkpt>
      <trkpt lat="52.498371" lon="4.808839">
        <ele>-10.4</ele>
      </trkpt>
      <trkpt lat="52.498392" lon="4.808841">
        <ele>-10.4</ele>
      </trkpt>
      <trkpt lat="52.498409" lon="4.808838">
        <ele>-10.4</ele>
      </trkpt>
      <trkpt lat="52.498428" lon="4.808836">
        <ele>-10.4</ele>
      </trkpt>
      <trkpt lat="52.498447" lon="4.808838">
        <ele>-10.4</ele>
      </trkpt>
      <trkpt lat="52.49846" lon="4.808832">
        <ele>-10.4</ele>
      </trkpt>
      <trkpt lat="52.498482" lon="4.808838">
        <ele>-10.4</ele>
      </trkpt>
      <trkpt lat="52.498496" lon="4.808836">
        <ele>-10.4</ele>
      </trkpt>
      <trkpt lat="52.498513" lon="4.808837">
        <ele>-10.4</ele>
      </trkpt>
      <trkpt lat="52.498532" lon="4.808835">
        <ele>-10.4</ele>
      </trkpt>
      <trkpt lat="52.498548" lon="4.808832">
        <ele>-10.4</ele>
      </trkpt>
      <trkpt lat="52.498565" lon="4.808829">
        <ele>-10.2</ele>
      </trkpt>
      <trkpt lat="52.498577" lon="4.808822">
        <ele>-10.2</ele>
      </trkpt>
      <trkpt lat="52.498594" lon="4.808817">
        <ele>-10.2</ele>
      </trkpt>
      <trkpt lat="52.49861" lon="4.808813">
        <ele>-10.2</ele>
      </trkpt>
      <trkpt lat="52.498627" lon="4.808808">
        <ele>-10.2</ele>
      </trkpt>
      <trkpt lat="52.498644" lon="4.808802">
        <ele>-10.4</ele>
      </trkpt>
      <trkpt lat="52.498657" lon="4.808794">
        <ele>-10.4</ele>
      </trkpt>
      <trkpt lat="52.498675" lon="4.808795">
        <ele>-10.4</ele>
      </trkpt>
      <trkpt lat="52.498688" lon="4.80879">
        <ele>-10.4</ele>
      </trkpt>
      <trkpt lat="52.498705" lon="4.808782">
        <ele>-10.4</ele>
      </trkpt>
      <trkpt lat="52.498724" lon="4.808779">
        <ele>-10.6</ele>
      </trkpt>
      <trkpt lat="52.498736" lon="4.80877">
        <ele>-10.8</ele>
      </trkpt>
      <trkpt lat="52.498753" lon="4.808769">
        <ele>-11.0</ele>
      </trkpt>
      <trkpt lat="52.498768" lon="4.808767">
        <ele>-11.0</ele>
      </trkpt>
      <trkpt lat="52.498785" lon="4.808766">
        <ele>-11.0</ele>
      </trkpt>
      <trkpt lat="52.4988" lon="4.808766">
        <ele>-11.0</ele>
      </trkpt>
      <trkpt lat="52.498814" lon="4.808765">
        <ele>-11.0</ele>
      </trkpt>
      <trkpt lat="52.49883" lon="4.808767">
        <ele>-11.2</ele>
      </trkpt>
      <trkpt lat="52.498844" lon="4.808764">
        <ele>-11.0</ele>
      </trkpt>
      <trkpt lat="52.498863" lon="4.808768">
        <ele>-10.8</ele>
      </trkpt>
      <trkpt lat="52.49888" lon="4.808766">
        <ele>-10.8</ele>
      </trkpt>
      <trkpt lat="52.498898" lon="4.808764">
        <ele>-10.6</ele>
      </trkpt>
      <trkpt lat="52.498918" lon="4.808762">
        <ele>-10.6</ele>
      </trkpt>
      <trkpt lat="52.498933" lon="4.808761">
        <ele>-10.4</ele>
      </trkpt>
      <trkpt lat="52.49895" lon="4.808762">
        <ele>-10.4</ele>
      </trkpt>
      <trkpt lat="52.498963" lon="4.808756">
        <ele>-10.6</ele>
      </trkpt>
      <trkpt lat="52.498977" lon="4.80875">
        <ele>-10.8</ele>
      </trkpt>
      <trkpt lat="52.498991" lon="4.808746">
        <ele>-10.6</ele>
      </trkpt>
      <trkpt lat="52.499005" lon="4.808743">
        <ele>-10.4</ele>
      </trkpt>
      <trkpt lat="52.499025" lon="4.808737">
        <ele>-10.6</ele>
      </trkpt>
      <trkpt lat="52.499043" lon="4.808727">
        <ele>-10.8</ele>
      </trkpt>
      <trkpt lat="52.499062" lon="4.808724">
        <ele>-10.6</ele>
      </trkpt>
      <trkpt lat="52.499076" lon="4.808718">
        <ele>-10.6</ele>
      </trkpt>
      <trkpt lat="52.499092" lon="4.808714">
        <ele>-10.8</ele>
      </trkpt>
      <trkpt lat="52.499113" lon="4.808713">
        <ele>-11.0</ele>
      </trkpt>
      <trkpt lat="52.499126" lon="4.808701">
        <ele>-11.0</ele>
      </trkpt>
      <trkpt lat="52.499146" lon="4.808698">
        <ele>-10.8</ele>
      </trkpt>
      <trkpt lat="52.49916" lon="4.808695">
        <ele>-10.8</ele>
      </trkpt>
      <trkpt lat="52.499178" lon="4.808696">
        <ele>-10.8</ele>
      </trkpt>
      <trkpt lat="52.499191" lon="4.808695">
        <ele>-10.8</ele>
      </trkpt>
      <trkpt lat="52.49921" lon="4.8087">
        <ele>-10.6</ele>
      </trkpt>
      <trkpt lat="52.499231" lon="4.808699">
        <ele>-10.6</ele>
      </trkpt>
      <trkpt lat="52.499244" lon="4.808699">
        <ele>-10.6</ele>
      </trkpt>
      <trkpt lat="52.499253" lon="4.808695">
        <ele>-10.6</ele>
      </trkpt>
      <trkpt lat="52.499266" lon="4.808696">
        <ele>-10.8</ele>
      </trkpt>
      <trkpt lat="52.499279" lon="4.8087">
        <ele>-10.8</ele>
      </trkpt>
      <trkpt lat="52.499298" lon="4.808704">
        <ele>-10.8</ele>
      </trkpt>
      <trkpt lat="52.49931" lon="4.808702">
        <ele>-10.8</ele>
      </trkpt>
      <trkpt lat="52.499325" lon="4.808704">
        <ele>-10.8</ele>
      </trkpt>
      <trkpt lat="52.499338" lon="4.808701">
        <ele>-10.8</ele>
      </trkpt>
      <trkpt lat="52.499355" lon="4.808701">
        <ele>-10.8</ele>
      </trkpt>
      <trkpt lat="52.499372" lon="4.808699">
        <ele>-10.6</ele>
      </trkpt>
      <trkpt lat="52.499391" lon="4.808699">
        <ele>-10.6</ele>
      </trkpt>
      <trkpt lat="52.499409" lon="4.808696">
        <ele>-10.4</ele>
      </trkpt>
      <trkpt lat="52.499421" lon="4.808687">
        <ele>-10.6</ele>
      </trkpt>
      <trkpt lat="52.499438" lon="4.808683">
        <ele>-10.4</ele>
      </trkpt>
      <trkpt lat="52.499453" lon="4.808678">
        <ele>-10.4</ele>
      </trkpt>
      <trkpt lat="52.499471" lon="4.808674">
        <ele>-10.6</ele>
      </trkpt>
      <trkpt lat="52.499489" lon="4.808667">
        <ele>-10.6</ele>
      </trkpt>
      <trkpt lat="52.499502" lon="4.808664">
        <ele>-10.6</ele>
      </trkpt>
      <trkpt lat="52.499521" lon="4.808663">
        <ele>-10.6</ele>
      </trkpt>
      <trkpt lat="52.499535" lon="4.808656">
        <ele>-10.6</ele>
      </trkpt>
      <trkpt lat="52.499551" lon="4.808654">
        <ele>-10.6</ele>
      </trkpt>
      <trkpt lat="52.499569" lon="4.808651">
        <ele>-10.6</ele>
      </trkpt>
      <trkpt lat="52.499583" lon="4.808649">
        <ele>-10.4</ele>
      </trkpt>
      <trkpt lat="52.4996" lon="4.808649">
        <ele>-10.6</ele>
      </trkpt>
      <trkpt lat="52.49961" lon="4.808645">
        <ele>-10.6</ele>
      </trkpt>
      <trkpt lat="52.499627" lon="4.808645">
        <ele>-10.8</ele>
      </trkpt>
      <trkpt lat="52.499639" lon="4.80864">
        <ele>-10.6</ele>
      </trkpt>
      <trkpt lat="52.499654" lon="4.808636">
        <ele>-10.8</ele>
      </trkpt>
      <trkpt lat="52.499669" lon="4.808633">
        <ele>-10.8</ele>
      </trkpt>
      <trkpt lat="52.499685" lon="4.80863">
        <ele>-10.8</ele>
      </trkpt>
      <trkpt lat="52.499705" lon="4.808628">
        <ele>-10.8</ele>
      </trkpt>
      <trkpt lat="52.499719" lon="4.80862">
        <ele>-11.0</ele>
      </trkpt>
      <trkpt lat="52.499738" lon="4.808625">
        <ele>-11.0</ele>
      </trkpt>
      <trkpt lat="52.499753" lon="4.808623">
        <ele>-11.2</ele>
      </trkpt>
      <trkpt lat="52.499769" lon="4.808623">
        <ele>-11.4</ele>
      </trkpt>
      <trkpt lat="52.499787" lon="4.80862">
        <ele>-11.4</ele>
      </trkpt>
      <trkpt lat="52.499801" lon="4.808616">
        <ele>-11.4</ele>
      </trkpt>
      <trkpt lat="52.499821" lon="4.808616">
        <ele>-11.4</ele>
      </trkpt>
      <trkpt lat="52.499834" lon="4.808612">
        <ele>-11.4</ele>
      </trkpt>
      <trkpt lat="52.499846" lon="4.808613">
        <ele>-11.0</ele>
      </trkpt>
      <trkpt lat="52.499858" lon="4.808609">
        <ele>-10.8</ele>
      </trkpt>
      <trkpt lat="52.499877" lon="4.808608">
        <ele>-10.8</ele>
      </trkpt>
      <trkpt lat="52.499897" lon="4.808607">
        <ele>-10.8</ele>
      </trkpt>
      <trkpt lat="52.499913" lon="4.808605">
        <ele>-10.8</ele>
      </trkpt>
      <trkpt lat="52.499932" lon="4.808605">
        <ele>-10.6</ele>
      </trkpt>
      <trkpt lat="52.499945" lon="4.808599">
        <ele>-10.6</ele>
      </trkpt>
      <trkpt lat="52.499963" lon="4.808596">
        <ele>-10.6</ele>
      </trkpt>
      <trkpt lat="52.499983" lon="4.808593">
        <ele>-10.6</ele>
      </trkpt>
      <trkpt lat="52.499997" lon="4.808584">
        <ele>-10.6</ele>
      </trkpt>
      <trkpt lat="52.500015" lon="4.808581">
        <ele>-10.6</ele>
      </trkpt>
      <trkpt lat="52.50003" lon="4.808578">
        <ele>-10.6</ele>
      </trkpt>
      <trkpt lat="52.500048" lon="4.808581">
        <ele>-10.4</ele>
      </trkpt>
      <trkpt lat="52.500064" lon="4.808579">
        <ele>-10.4</ele>
      </trkpt>
      <trkpt lat="52.50008" lon="4.808576">
        <ele>-10.4</ele>
      </trkpt>
      <trkpt lat="52.500099" lon="4.808578">
        <ele>-10.4</ele>
      </trkpt>
      <trkpt lat="52.500112" lon="4.808576">
        <ele>-10.4</ele>
      </trkpt>
      <trkpt lat="52.500133" lon="4.808581">
        <ele>-10.4</ele>
      </trkpt>
      <trkpt lat="52.500144" lon="4.808577">
        <ele>-10.4</ele>
      </trkpt>
      <trkpt lat="52.500162" lon="4.808573">
        <ele>-10.4</ele>
      </trkpt>
      <trkpt lat="52.500176" lon="4.808566">
        <ele>-10.6</ele>
      </trkpt>
      <trkpt lat="52.500186" lon="4.808559">
        <ele>-10.8</ele>
      </trkpt>
      <trkpt lat="52.500204" lon="4.808557">
        <ele>-11.0</ele>
      </trkpt>
      <trkpt lat="52.500221" lon="4.808552">
        <ele>-11.0</ele>
      </trkpt>
      <trkpt lat="52.500239" lon="4.808551">
        <ele>-11.2</ele>
      </trkpt>
      <trkpt lat="52.500253" lon="4.808548">
        <ele>-11.2</ele>
      </trkpt>
      <trkpt lat="52.500269" lon="4.808543">
        <ele>-11.2</ele>
      </trkpt>
      <trkpt lat="52.500288" lon="4.808543">
        <ele>-11.2</ele>
      </trkpt>
      <trkpt lat="52.500308" lon="4.808544">
        <ele>-11.2</ele>
      </trkpt>
      <trkpt lat="52.500326" lon="4.808546">
        <ele>-11.2</ele>
      </trkpt>
      <trkpt lat="52.500341" lon="4.808546">
        <ele>-11.2</ele>
      </trkpt>
      <trkpt lat="52.500355" lon="4.808545">
        <ele>-11.4</ele>
      </trkpt>
      <trkpt lat="52.500368" lon="4.80854">
        <ele>-11.4</ele>
      </trkpt>
      <trkpt lat="52.500388" lon="4.808539">
        <ele>-11.6</ele>
      </trkpt>
      <trkpt lat="52.500411" lon="4.808539">
        <ele>-11.8</ele>
      </trkpt>
      <trkpt lat="52.500431" lon="4.80854">
        <ele>-11.8</ele>
      </trkpt>
      <trkpt lat="52.50045" lon="4.808539">
        <ele>-11.8</ele>
      </trkpt>
      <trkpt lat="52.500462" lon="4.808533">
        <ele>-11.4</ele>
      </trkpt>
      <trkpt lat="52.500478" lon="4.808529">
        <ele>-11.2</ele>
      </trkpt>
      <trkpt lat="52.500492" lon="4.808521">
        <ele>-10.8</ele>
      </trkpt>
      <trkpt lat="52.500514" lon="4.808525">
        <ele>-10.6</ele>
      </trkpt>
      <trkpt lat="52.50053" lon="4.808523">
        <ele>-10.6</ele>
      </trkpt>
      <trkpt lat="52.500549" lon="4.808523">
        <ele>-10.4</ele>
      </trkpt>
      <trkpt lat="52.500566" lon="4.80852">
        <ele>-10.2</ele>
      </trkpt>
      <trkpt lat="52.500581" lon="4.808515">
        <ele>-10.2</ele>
      </trkpt>
      <trkpt lat="52.500599" lon="4.808515">
        <ele>-10.0</ele>
      </trkpt>
      <trkpt lat="52.500615" lon="4.808513">
        <ele>-10.0</ele>
      </trkpt>
      <trkpt lat="52.500635" lon="4.808514">
        <ele>-10.0</ele>
      </trkpt>
      <trkpt lat="52.500647" lon="4.808513">
        <ele>-10.0</ele>
      </trkpt>
      <trkpt lat="52.500666" lon="4.808515">
        <ele>-10.2</ele>
      </trkpt>
      <trkpt lat="52.500679" lon="4.808513">
        <ele>-10.4</ele>
      </trkpt>
      <trkpt lat="52.500692" lon="4.808509">
        <ele>-10.6</ele>
      </trkpt>
      <trkpt lat="52.500708" lon="4.808507">
        <ele>-10.6</ele>
      </trkpt>
      <trkpt lat="52.500722" lon="4.808502">
        <ele>-10.6</ele>
      </trkpt>
      <trkpt lat="52.500741" lon="4.808505">
        <ele>-10.8</ele>
      </trkpt>
      <trkpt lat="52.500755" lon="4.808503">
        <ele>-10.8</ele>
      </trkpt>
      <trkpt lat="52.500772" lon="4.808504">
        <ele>-10.8</ele>
      </trkpt>
      <trkpt lat="52.500788" lon="4.808505">
        <ele>-10.8</ele>
      </trkpt>
      <trkpt lat="52.500804" lon="4.808504">
        <ele>-10.8</ele>
      </trkpt>
      <trkpt lat="52.50082" lon="4.808501">
        <ele>-10.8</ele>
      </trkpt>
      <trkpt lat="52.500836" lon="4.808498">
        <ele>-10.8</ele>
      </trkpt>
      <trkpt lat="52.500852" lon="4.808502">
        <ele>-10.8</ele>
      </trkpt>
      <trkpt lat="52.500866" lon="4.808496">
        <ele>-10.4</ele>
      </trkpt>
      <trkpt lat="52.500884" lon="4.808497">
        <ele>-10.2</ele>
      </trkpt>
      <trkpt lat="52.500903" lon="4.808497">
        <ele>-10.4</ele>
      </trkpt>
      <trkpt lat="52.500922" lon="4.808495">
        <ele>-10.2</ele>
      </trkpt>
      <trkpt lat="52.500939" lon="4.808493">
        <ele>-10.2</ele>
      </trkpt>
      <trkpt lat="52.500951" lon="4.808488">
        <ele>-10.4</ele>
      </trkpt>
      <trkpt lat="52.500966" lon="4.808483">
        <ele>-10.4</ele>
      </trkpt>
      <trkpt lat="52.500981" lon="4.808475">
        <ele>-10.4</ele>
      </trkpt>
      <trkpt lat="52.501" lon="4.808476">
        <ele>-10.4</ele>
      </trkpt>
      <trkpt lat="52.501015" lon="4.808474">
        <ele>-10.6</ele>
      </trkpt>
      <trkpt lat="52.501035" lon="4.80848">
        <ele>-10.6</ele>
      </trkpt>
      <trkpt lat="52.501054" lon="4.808482">
        <ele>-10.6</ele>
      </trkpt>
      <trkpt lat="52.501071" lon="4.808483">
        <ele>-10.6</ele>
      </trkpt>
      <trkpt lat="52.501095" lon="4.808487">
        <ele>-10.6</ele>
      </trkpt>
      <trkpt lat="52.501111" lon="4.808483">
        <ele>-10.6</ele>
      </trkpt>
      <trkpt lat="52.501128" lon="4.808486">
        <ele>-10.6</ele>
      </trkpt>
      <trkpt lat="52.501143" lon="4.808485">
        <ele>-10.4</ele>
      </trkpt>
      <trkpt lat="52.501158" lon="4.808484">
        <ele>-10.4</ele>
      </trkpt>
      <trkpt lat="52.501176" lon="4.808485">
        <ele>-10.4</ele>
      </trkpt>
      <trkpt lat="52.501189" lon="4.808481">
        <ele>-10.4</ele>
      </trkpt>
      <trkpt lat="52.50121" lon="4.80849">
        <ele>-10.4</ele>
      </trkpt>
      <trkpt lat="52.501224" lon="4.808491">
        <ele>-10.2</ele>
      </trkpt>
      <trkpt lat="52.501243" lon="4.808501">
        <ele>-10.2</ele>
      </trkpt>
      <trkpt lat="52.501258" lon="4.808503">
        <ele>-10.2</ele>
      </trkpt>
      <trkpt lat="52.501275" lon="4.808508">
        <ele>-10.4</ele>
      </trkpt>
      <trkpt lat="52.501295" lon="4.808512">
        <ele>-10.4</ele>
      </trkpt>
      <trkpt lat="52.501307" lon="4.808511">
        <ele>-10.4</ele>
      </trkpt>
      <trkpt lat="52.501327" lon="4.808518">
        <ele>-10.4</ele>
      </trkpt>
      <trkpt lat="52.501337" lon="4.808519">
        <ele>-10.6</ele>
      </trkpt>
      <trkpt lat="52.501355" lon="4.808521">
        <ele>-10.6</ele>
      </trkpt>
      <trkpt lat="52.50137" lon="4.808519">
        <ele>-10.4</ele>
      </trkpt>
      <trkpt lat="52.501381" lon="4.808523">
        <ele>-10.8</ele>
      </trkpt>
      <trkpt lat="52.501398" lon="4.808527">
        <ele>-11.0</ele>
      </trkpt>
      <trkpt lat="52.501413" lon="4.808528">
        <ele>-11.2</ele>
      </trkpt>
      <trkpt lat="52.501428" lon="4.808532">
        <ele>-11.0</ele>
      </trkpt>
      <trkpt lat="52.501445" lon="4.808535">
        <ele>-10.8</ele>
      </trkpt>
      <trkpt lat="52.501459" lon="4.808539">
        <ele>-11.0</ele>
      </trkpt>
      <trkpt lat="52.501471" lon="4.808542">
        <ele>-11.0</ele>
      </trkpt>
      <trkpt lat="52.501483" lon="4.808543">
        <ele>-10.8</ele>
      </trkpt>
      <trkpt lat="52.501498" lon="4.808538">
        <ele>-10.8</ele>
      </trkpt>
      <trkpt lat="52.501514" lon="4.808536">
        <ele>-10.8</ele>
      </trkpt>
      <trkpt lat="52.501528" lon="4.808533">
        <ele>-10.6</ele>
      </trkpt>
      <trkpt lat="52.501544" lon="4.80853">
        <ele>-10.6</ele>
      </trkpt>
      <trkpt lat="52.501558" lon="4.808522">
        <ele>-10.6</ele>
      </trkpt>
      <trkpt lat="52.501576" lon="4.808526">
        <ele>-10.2</ele>
      </trkpt>
      <trkpt lat="52.501593" lon="4.808525">
        <ele>-10.4</ele>
      </trkpt>
      <trkpt lat="52.501611" lon="4.808527">
        <ele>-10.4</ele>
      </trkpt>
      <trkpt lat="52.501628" lon="4.80853">
        <ele>-10.4</ele>
      </trkpt>
      <trkpt lat="52.501642" lon="4.808529">
        <ele>-10.6</ele>
      </trkpt>
      <trkpt lat="52.501656" lon="4.80853">
        <ele>-10.6</ele>
      </trkpt>
      <trkpt lat="52.501667" lon="4.808528">
        <ele>-10.6</ele>
      </trkpt>
      <trkpt lat="52.501676" lon="4.808528">
        <ele>-10.6</ele>
      </trkpt>
      <trkpt lat="52.501678" lon="4.808527">
        <ele>-10.6</ele>
      </trkpt>
      <trkpt lat="52.501675" lon="4.808529">
        <ele>-10.6</ele>
      </trkpt>
      <trkpt lat="52.501676" lon="4.808526">
        <ele>-10.6</ele>
      </trkpt>
      <trkpt lat="52.501676" lon="4.808518">
        <ele>-9.8</ele>
      </trkpt>
      <trkpt lat="52.501675" lon="4.808516">
        <ele>-9.8</ele>
      </trkpt>
      <trkpt lat="52.501677" lon="4.808514">
        <ele>-9.8</ele>
      </trkpt>
      <trkpt lat="52.501681" lon="4.808513">
        <ele>-9.8</ele>
      </trkpt>
      <trkpt lat="52.501687" lon="4.808508">
        <ele>-9.8</ele>
      </trkpt>
      <trkpt lat="52.501689" lon="4.808501">
        <ele>-9.8</ele>
      </trkpt>
      <trkpt lat="52.501692" lon="4.808494">
        <ele>-9.8</ele>
      </trkpt>
      <trkpt lat="52.501698" lon="4.808485">
        <ele>-9.8</ele>
      </trkpt>
      <trkpt lat="52.501701" lon="4.808475">
        <ele>-9.8</ele>
      </trkpt>
      <trkpt lat="52.501704" lon="4.808463">
        <ele>-9.8</ele>
      </trkpt>
      <trkpt lat="52.501705" lon="4.808448">
        <ele>-9.8</ele>
      </trkpt>
      <trkpt lat="52.501706" lon="4.808436">
        <ele>-9.8</ele>
      </trkpt>
      <trkpt lat="52.501708" lon="4.808415">
        <ele>-9.8</ele>
      </trkpt>
      <trkpt lat="52.501709" lon="4.808398">
        <ele>-9.8</ele>
      </trkpt>
      <trkpt lat="52.501712" lon="4.808378">
        <ele>-9.8</ele>
      </trkpt>
      <trkpt lat="52.501714" lon="4.808355">
        <ele>-9.8</ele>
      </trkpt>
      <trkpt lat="52.501713" lon="4.808338">
        <ele>-9.8</ele>
      </trkpt>
      <trkpt lat="52.501717" lon="4.808317">
        <ele>-9.8</ele>
      </trkpt>
      <trkpt lat="52.50172" lon="4.808294">
        <ele>-9.8</ele>
      </trkpt>
      <trkpt lat="52.501724" lon="4.808273">
        <ele>-9.8</ele>
      </trkpt>
      <trkpt lat="52.501723" lon="4.808246">
        <ele>-9.8</ele>
      </trkpt>
      <trkpt lat="52.501727" lon="4.808228">
        <ele>-9.8</ele>
      </trkpt>
      <trkpt lat="52.501729" lon="4.808206">
        <ele>-9.8</ele>
      </trkpt>
      <trkpt lat="52.50173" lon="4.808182">
        <ele>-10.0</ele>
      </trkpt>
      <trkpt lat="52.501733" lon="4.808158">
        <ele>-10.2</ele>
      </trkpt>
      <trkpt lat="52.501734" lon="4.808129">
        <ele>-10.4</ele>
      </trkpt>
      <trkpt lat="52.501736" lon="4.808103">
        <ele>-10.2</ele>
      </trkpt>
      <trkpt lat="52.501739" lon="4.808076">
        <ele>-10.0</ele>
      </trkpt>
      <trkpt lat="52.501741" lon="4.808055">
        <ele>-9.8</ele>
      </trkpt>
      <trkpt lat="52.501743" lon="4.808031">
        <ele>-9.8</ele>
      </trkpt>
      <trkpt lat="52.501745" lon="4.808008">
        <ele>-9.8</ele>
      </trkpt>
      <trkpt lat="52.501746" lon="4.807989">
        <ele>-9.8</ele>
      </trkpt>
      <trkpt lat="52.501748" lon="4.807964">
        <ele>-10.0</ele>
      </trkpt>
      <trkpt lat="52.501748" lon="4.807944">
        <ele>-10.4</ele>
      </trkpt>
      <trkpt lat="52.501752" lon="4.807924">
        <ele>-10.4</ele>
      </trkpt>
      <trkpt lat="52.501753" lon="4.807898">
        <ele>-10.4</ele>
      </trkpt>
      <trkpt lat="52.501757" lon="4.807881">
        <ele>-10.6</ele>
      </trkpt>
      <trkpt lat="52.501762" lon="4.80786">
        <ele>-10.6</ele>
      </trkpt>
      <trkpt lat="52.501765" lon="4.807837">
        <ele>-10.6</ele>
      </trkpt>
      <trkpt lat="52.50177" lon="4.807815">
        <ele>-10.2</ele>
      </trkpt>
      <trkpt lat="52.501772" lon="4.80779">
        <ele>-9.8</ele>
      </trkpt>
      <trkpt lat="52.501775" lon="4.807769">
        <ele>-9.8</ele>
      </trkpt>
      <trkpt lat="52.501777" lon="4.807747">
        <ele>-9.6</ele>
      </trkpt>
      <trkpt lat="52.501781" lon="4.807727">
        <ele>-9.6</ele>
      </trkpt>
      <trkpt lat="52.501787" lon="4.807706">
        <ele>-9.6</ele>
      </trkpt>
      <trkpt lat="52.501791" lon="4.807682">
        <ele>-9.6</ele>
      </trkpt>
      <trkpt lat="52.501795" lon="4.807663">
        <ele>-9.8</ele>
      </trkpt>
      <trkpt lat="52.501798" lon="4.807642">
        <ele>-10.0</ele>
      </trkpt>
      <trkpt lat="52.501803" lon="4.807627">
        <ele>-10.0</ele>
      </trkpt>
      <trkpt lat="52.501808" lon="4.807608">
        <ele>-10.0</ele>
      </trkpt>
      <trkpt lat="52.501812" lon="4.807588">
        <ele>-10.2</ele>
      </trkpt>
      <trkpt lat="52.501818" lon="4.807571">
        <ele>-10.2</ele>
      </trkpt>
      <trkpt lat="52.501819" lon="4.807544">
        <ele>-10.2</ele>
      </trkpt>
      <trkpt lat="52.501822" lon="4.807525">
        <ele>-10.2</ele>
      </trkpt>
      <trkpt lat="52.501825" lon="4.807499">
        <ele>-10.2</ele>
      </trkpt>
      <trkpt lat="52.501826" lon="4.807473">
        <ele>-10.2</ele>
      </trkpt>
      <trkpt lat="52.501827" lon="4.807446">
        <ele>-10.2</ele>
      </trkpt>
      <trkpt lat="52.501829" lon="4.807415">
        <ele>-10.2</ele>
      </trkpt>
      <trkpt lat="52.501829" lon="4.80739">
        <ele>-10.2</ele>
      </trkpt>
      <trkpt lat="52.501828" lon="4.807358">
        <ele>-10.2</ele>
      </trkpt>
      <trkpt lat="52.501829" lon="4.807335">
        <ele>-10.2</ele>
      </trkpt>
      <trkpt lat="52.501832" lon="4.807309">
        <ele>-10.2</ele>
      </trkpt>
      <trkpt lat="52.501833" lon="4.807281">
        <ele>-10.6</ele>
      </trkpt>
      <trkpt lat="52.501837" lon="4.807258">
        <ele>-10.6</ele>
      </trkpt>
      <trkpt lat="52.501844" lon="4.807233">
        <ele>-10.8</ele>
      </trkpt>
      <trkpt lat="52.501844" lon="4.80721">
        <ele>-10.6</ele>
      </trkpt>
      <trkpt lat="52.501851" lon="4.807183">
        <ele>-10.6</ele>
      </trkpt>
      <trkpt lat="52.501854" lon="4.80716">
        <ele>-10.4</ele>
      </trkpt>
      <trkpt lat="52.501857" lon="4.807135">
        <ele>-10.4</ele>
      </trkpt>
      <trkpt lat="52.501859" lon="4.807109">
        <ele>-10.2</ele>
      </trkpt>
      <trkpt lat="52.501862" lon="4.807082">
        <ele>-10.2</ele>
      </trkpt>
      <trkpt lat="52.501863" lon="4.807053">
        <ele>-10.2</ele>
      </trkpt>
      <trkpt lat="52.501867" lon="4.807029">
        <ele>-10.2</ele>
      </trkpt>
      <trkpt lat="52.501872" lon="4.807004">
        <ele>-10.0</ele>
      </trkpt>
      <trkpt lat="52.501877" lon="4.806983">
        <ele>-10.0</ele>
      </trkpt>
      <trkpt lat="52.501882" lon="4.806961">
        <ele>-10.0</ele>
      </trkpt>
      <trkpt lat="52.501888" lon="4.806944">
        <ele>-10.2</ele>
      </trkpt>
      <trkpt lat="52.501895" lon="4.806923">
        <ele>-10.4</ele>
      </trkpt>
      <trkpt lat="52.501899" lon="4.806901">
        <ele>-10.6</ele>
      </trkpt>
      <trkpt lat="52.501906" lon="4.806877">
        <ele>-10.6</ele>
      </trkpt>
      <trkpt lat="52.501909" lon="4.80685">
        <ele>-10.8</ele>
      </trkpt>
      <trkpt lat="52.501911" lon="4.806824">
        <ele>-10.8</ele>
      </trkpt>
      <trkpt lat="52.501914" lon="4.806796">
        <ele>-10.8</ele>
      </trkpt>
      <trkpt lat="52.501917" lon="4.806776">
        <ele>-10.8</ele>
      </trkpt>
      <trkpt lat="52.501921" lon="4.806752">
        <ele>-10.6</ele>
      </trkpt>
      <trkpt lat="52.501927" lon="4.806733">
        <ele>-10.4</ele>
      </trkpt>
      <trkpt lat="52.501933" lon="4.806711">
        <ele>-10.4</ele>
      </trkpt>
      <trkpt lat="52.501934" lon="4.806686">
        <ele>-10.2</ele>
      </trkpt>
      <trkpt lat="52.501937" lon="4.806659">
        <ele>-10.2</ele>
      </trkpt>
      <trkpt lat="52.501942" lon="4.806631">
        <ele>-9.8</ele>
      </trkpt>
      <trkpt lat="52.501945" lon="4.80661">
        <ele>-9.4</ele>
      </trkpt>
      <trkpt lat="52.501948" lon="4.806585">
        <ele>-9.4</ele>
      </trkpt>
      <trkpt lat="52.501952" lon="4.806568">
        <ele>-9.4</ele>
      </trkpt>
      <trkpt lat="52.501957" lon="4.806551">
        <ele>-9.4</ele>
      </trkpt>
      <trkpt lat="52.501961" lon="4.806532">
        <ele>-9.4</ele>
      </trkpt>
      <trkpt lat="52.501965" lon="4.806512">
        <ele>-9.4</ele>
      </trkpt>
      <trkpt lat="52.50197" lon="4.806489">
        <ele>-9.4</ele>
      </trkpt>
      <trkpt lat="52.501975" lon="4.806467">
        <ele>-9.6</ele>
      </trkpt>
      <trkpt lat="52.501976" lon="4.806442">
        <ele>-9.8</ele>
      </trkpt>
      <trkpt lat="52.501982" lon="4.806424">
        <ele>-9.8</ele>
      </trkpt>
      <trkpt lat="52.501985" lon="4.806402">
        <ele>-9.8</ele>
      </trkpt>
      <trkpt lat="52.501989" lon="4.806382">
        <ele>-9.8</ele>
      </trkpt>
      <trkpt lat="52.501994" lon="4.806359">
        <ele>-9.8</ele>
      </trkpt>
      <trkpt lat="52.502" lon="4.806336">
        <ele>-9.8</ele>
      </trkpt>
      <trkpt lat="52.502005" lon="4.806312">
        <ele>-9.4</ele>
      </trkpt>
      <trkpt lat="52.50201" lon="4.80629">
        <ele>-9.8</ele>
      </trkpt>
      <trkpt lat="52.502016" lon="4.80627">
        <ele>-9.8</ele>
      </trkpt>
      <trkpt lat="52.50202" lon="4.806246">
        <ele>-9.8</ele>
      </trkpt>
      <trkpt lat="52.502025" lon="4.806226">
        <ele>-9.8</ele>
      </trkpt>
      <trkpt lat="52.502032" lon="4.806205">
        <ele>-9.8</ele>
      </trkpt>
      <trkpt lat="52.502036" lon="4.806184">
        <ele>-9.8</ele>
      </trkpt>
      <trkpt lat="52.502041" lon="4.806162">
        <ele>-9.8</ele>
      </trkpt>
      <trkpt lat="52.502046" lon="4.806138">
        <ele>-9.8</ele>
      </trkpt>
      <trkpt lat="52.502049" lon="4.806116">
        <ele>-9.6</ele>
      </trkpt>
      <trkpt lat="52.502053" lon="4.80609">
        <ele>-9.6</ele>
      </trkpt>
      <trkpt lat="52.502054" lon="4.806068">
        <ele>-9.4</ele>
      </trkpt>
      <trkpt lat="52.502058" lon="4.806044">
        <ele>-9.4</ele>
      </trkpt>
      <trkpt lat="52.502063" lon="4.806027">
        <ele>-9.4</ele>
      </trkpt>
      <trkpt lat="52.502069" lon="4.80601">
        <ele>-9.2</ele>
      </trkpt>
      <trkpt lat="52.502074" lon="4.805994">
        <ele>-9.2</ele>
      </trkpt>
      <trkpt lat="52.50208" lon="4.805973">
        <ele>-9.2</ele>
      </trkpt>
      <trkpt lat="52.502083" lon="4.805951">
        <ele>-9.6</ele>
      </trkpt>
      <trkpt lat="52.502088" lon="4.805932">
        <ele>-9.8</ele>
      </trkpt>
      <trkpt lat="52.502095" lon="4.805907">
        <ele>-10.0</ele>
      </trkpt>
      <trkpt lat="52.5021" lon="4.805891">
        <ele>-10.0</ele>
      </trkpt>
      <trkpt lat="52.502106" lon="4.805871">
        <ele>-10.2</ele>
      </trkpt>
      <trkpt lat="52.502111" lon="4.805849">
        <ele>-10.2</ele>
      </trkpt>
      <trkpt lat="52.502117" lon="4.805828">
        <ele>-10.2</ele>
      </trkpt>
      <trkpt lat="52.502123" lon="4.805806">
        <ele>-10.0</ele>
      </trkpt>
      <trkpt lat="52.502127" lon="4.805786">
        <ele>-9.8</ele>
      </trkpt>
      <trkpt lat="52.502133" lon="4.805763">
        <ele>-9.6</ele>
      </trkpt>
      <trkpt lat="52.502137" lon="4.805743">
        <ele>-9.6</ele>
      </trkpt>
      <trkpt lat="52.50214" lon="4.805722">
        <ele>-9.6</ele>
      </trkpt>
      <trkpt lat="52.502143" lon="4.805701">
        <ele>-9.6</ele>
      </trkpt>
      <trkpt lat="52.502149" lon="4.805679">
        <ele>-9.6</ele>
      </trkpt>
      <trkpt lat="52.502154" lon="4.805654">
        <ele>-9.6</ele>
      </trkpt>
      <trkpt lat="52.502159" lon="4.80563">
        <ele>-9.4</ele>
      </trkpt>
      <trkpt lat="52.502163" lon="4.805605">
        <ele>-9.6</ele>
      </trkpt>
      <trkpt lat="52.502168" lon="4.805583">
        <ele>-9.6</ele>
      </trkpt>
      <trkpt lat="52.502173" lon="4.805561">
        <ele>-9.6</ele>
      </trkpt>
      <trkpt lat="52.502175" lon="4.80554">
        <ele>-9.8</ele>
      </trkpt>
      <trkpt lat="52.502176" lon="4.805514">
        <ele>-9.8</ele>
      </trkpt>
      <trkpt lat="52.502176" lon="4.805488">
        <ele>-9.8</ele>
      </trkpt>
      <trkpt lat="52.502183" lon="4.805466">
        <ele>-9.8</ele>
      </trkpt>
      <trkpt lat="52.50219" lon="4.805439">
        <ele>-9.8</ele>
      </trkpt>
      <trkpt lat="52.502193" lon="4.805417">
        <ele>-9.8</ele>
      </trkpt>
      <trkpt lat="52.502197" lon="4.805393">
        <ele>-9.6</ele>
      </trkpt>
      <trkpt lat="52.502202" lon="4.805375">
        <ele>-9.4</ele>
      </trkpt>
      <trkpt lat="52.502209" lon="4.805355">
        <ele>-9.2</ele>
      </trkpt>
      <trkpt lat="52.502215" lon="4.805333">
        <ele>-9.4</ele>
      </trkpt>
      <trkpt lat="52.502221" lon="4.805311">
        <ele>-9.4</ele>
      </trkpt>
      <trkpt lat="52.502227" lon="4.805287">
        <ele>-9.2</ele>
      </trkpt>
      <trkpt lat="52.502232" lon="4.805266">
        <ele>-9.2</ele>
      </trkpt>
      <trkpt lat="52.502237" lon="4.805247">
        <ele>-9.2</ele>
      </trkpt>
      <trkpt lat="52.502243" lon="4.80523">
        <ele>-9.2</ele>
      </trkpt>
      <trkpt lat="52.50225" lon="4.805208">
        <ele>-9.2</ele>
      </trkpt>
      <trkpt lat="52.502257" lon="4.805187">
        <ele>-9.2</ele>
      </trkpt>
      <trkpt lat="52.502265" lon="4.805165">
        <ele>-9.2</ele>
      </trkpt>
      <trkpt lat="52.50227" lon="4.805138">
        <ele>-9.8</ele>
      </trkpt>
      <trkpt lat="52.502276" lon="4.805114">
        <ele>-9.6</ele>
      </trkpt>
      <trkpt lat="52.50228" lon="4.805087">
        <ele>-9.6</ele>
      </trkpt>
      <trkpt lat="52.502283" lon="4.805065">
        <ele>-9.6</ele>
      </trkpt>
      <trkpt lat="52.502288" lon="4.805042">
        <ele>-9.6</ele>
      </trkpt>
      <trkpt lat="52.502292" lon="4.805022">
        <ele>-9.6</ele>
      </trkpt>
      <trkpt lat="52.502298" lon="4.805001">
        <ele>-9.8</ele>
      </trkpt>
      <trkpt lat="52.502304" lon="4.804979">
        <ele>-9.8</ele>
      </trkpt>
      <trkpt lat="52.502313" lon="4.804956">
        <ele>-9.8</ele>
      </trkpt>
      <trkpt lat="52.502321" lon="4.804931">
        <ele>-10.0</ele>
      </trkpt>
      <trkpt lat="52.502327" lon="4.804908">
        <ele>-10.0</ele>
      </trkpt>
      <trkpt lat="52.502333" lon="4.804885">
        <ele>-10.0</ele>
      </trkpt>
      <trkpt lat="52.502339" lon="4.804864">
        <ele>-10.0</ele>
      </trkpt>
      <trkpt lat="52.502344" lon="4.804843">
        <ele>-10.2</ele>
      </trkpt>
      <trkpt lat="52.50235" lon="4.804821">
        <ele>-10.2</ele>
      </trkpt>
      <trkpt lat="52.502357" lon="4.8048">
        <ele>-10.2</ele>
      </trkpt>
      <trkpt lat="52.502363" lon="4.804774">
        <ele>-10.2</ele>
      </trkpt>
      <trkpt lat="52.502368" lon="4.804752">
        <ele>-10.2</ele>
      </trkpt>
      <trkpt lat="52.502374" lon="4.804727">
        <ele>-10.4</ele>
      </trkpt>
      <trkpt lat="52.502378" lon="4.80471">
        <ele>-10.4</ele>
      </trkpt>
      <trkpt lat="52.502383" lon="4.804689">
        <ele>-10.4</ele>
      </trkpt>
      <trkpt lat="52.50239" lon="4.804669">
        <ele>-10.4</ele>
      </trkpt>
      <trkpt lat="52.502395" lon="4.804649">
        <ele>-10.4</ele>
      </trkpt>
      <trkpt lat="52.502398" lon="4.804628">
        <ele>-10.4</ele>
      </trkpt>
      <trkpt lat="52.502402" lon="4.804607">
        <ele>-10.4</ele>
      </trkpt>
      <trkpt lat="52.502408" lon="4.804583">
        <ele>-10.2</ele>
      </trkpt>
      <trkpt lat="52.502412" lon="4.804565">
        <ele>-10.0</ele>
      </trkpt>
      <trkpt lat="52.502416" lon="4.804541">
        <ele>-10.0</ele>
      </trkpt>
      <trkpt lat="52.502419" lon="4.804522">
        <ele>-9.6</ele>
      </trkpt>
      <trkpt lat="52.502422" lon="4.804504">
        <ele>-9.8</ele>
      </trkpt>
      <trkpt lat="52.502426" lon="4.804483">
        <ele>-9.8</ele>
      </trkpt>
      <trkpt lat="52.50243" lon="4.804463">
        <ele>-9.8</ele>
      </trkpt>
      <trkpt lat="52.502436" lon="4.804442">
        <ele>-9.8</ele>
      </trkpt>
      <trkpt lat="52.502442" lon="4.804421">
        <ele>-9.6</ele>
      </trkpt>
      <trkpt lat="52.502445" lon="4.804397">
        <ele>-9.8</ele>
      </trkpt>
      <trkpt lat="52.502451" lon="4.804377">
        <ele>-9.8</ele>
      </trkpt>
      <trkpt lat="52.502455" lon="4.804355">
        <ele>-9.6</ele>
      </trkpt>
      <trkpt lat="52.502461" lon="4.804338">
        <ele>-9.6</ele>
      </trkpt>
      <trkpt lat="52.502469" lon="4.804318">
        <ele>-9.8</ele>
      </trkpt>
      <trkpt lat="52.502476" lon="4.804298">
        <ele>-10.0</ele>
      </trkpt>
      <trkpt lat="52.502483" lon="4.804278">
        <ele>-10.0</ele>
      </trkpt>
      <trkpt lat="52.502489" lon="4.804256">
        <ele>-10.0</ele>
      </trkpt>
      <trkpt lat="52.502495" lon="4.804236">
        <ele>-10.0</ele>
      </trkpt>
      <trkpt lat="52.5025" lon="4.804212">
        <ele>-10.0</ele>
      </trkpt>
      <trkpt lat="52.502503" lon="4.80419">
        <ele>-10.0</ele>
      </trkpt>
      <trkpt lat="52.502508" lon="4.804166">
        <ele>-9.8</ele>
      </trkpt>
      <trkpt lat="52.502511" lon="4.804145">
        <ele>-9.6</ele>
      </trkpt>
      <trkpt lat="52.502515" lon="4.804121">
        <ele>-9.6</ele>
      </trkpt>
      <trkpt lat="52.50252" lon="4.804103">
        <ele>-9.4</ele>
      </trkpt>
      <trkpt lat="52.502526" lon="4.804082">
        <ele>-9.4</ele>
      </trkpt>
      <trkpt lat="52.502532" lon="4.804061">
        <ele>-9.8</ele>
      </trkpt>
      <trkpt lat="52.502543" lon="4.804042">
        <ele>-9.6</ele>
      </trkpt>
      <trkpt lat="52.50255" lon="4.804018">
        <ele>-9.4</ele>
      </trkpt>
      <trkpt lat="52.502557" lon="4.803996">
        <ele>-9.4</ele>
      </trkpt>
      <trkpt lat="52.502564" lon="4.80397">
        <ele>-9.4</ele>
      </trkpt>
      <trkpt lat="52.50257" lon="4.803948">
        <ele>-9.6</ele>
      </trkpt>
      <trkpt lat="52.502575" lon="4.803924">
        <ele>-9.6</ele>
      </trkpt>
      <trkpt lat="52.502581" lon="4.803903">
        <ele>-9.6</ele>
      </trkpt>
      <trkpt lat="52.502589" lon="4.803881">
        <ele>-9.6</ele>
      </trkpt>
      <trkpt lat="52.502595" lon="4.803856">
        <ele>-10.0</ele>
      </trkpt>
      <trkpt lat="52.502603" lon="4.803834">
        <ele>-9.8</ele>
      </trkpt>
      <trkpt lat="52.50261" lon="4.80381">
        <ele>-9.6</ele>
      </trkpt>
      <trkpt lat="52.502615" lon="4.803788">
        <ele>-9.6</ele>
      </trkpt>
      <trkpt lat="52.502621" lon="4.80377">
        <ele>-9.6</ele>
      </trkpt>
      <trkpt lat="52.502625" lon="4.803752">
        <ele>-9.6</ele>
      </trkpt>
      <trkpt lat="52.502632" lon="4.803733">
        <ele>-9.4</ele>
      </trkpt>
      <trkpt lat="52.502636" lon="4.803714">
        <ele>-9.4</ele>
      </trkpt>
      <trkpt lat="52.502642" lon="4.803696">
        <ele>-9.4</ele>
      </trkpt>
      <trkpt lat="52.502648" lon="4.803678">
        <ele>-9.6</ele>
      </trkpt>
      <trkpt lat="52.502653" lon="4.803659">
        <ele>-9.6</ele>
      </trkpt>
      <trkpt lat="52.502661" lon="4.803638">
        <ele>-9.8</ele>
      </trkpt>
      <trkpt lat="52.502666" lon="4.80362">
        <ele>-10.0</ele>
      </trkpt>
      <trkpt lat="52.502674" lon="4.8036">
        <ele>-10.0</ele>
      </trkpt>
      <trkpt lat="52.502679" lon="4.803582">
        <ele>-10.0</ele>
      </trkpt>
      <trkpt lat="52.502686" lon="4.803562">
        <ele>-10.0</ele>
      </trkpt>
      <trkpt lat="52.502693" lon="4.803542">
        <ele>-10.0</ele>
      </trkpt>
      <trkpt lat="52.502701" lon="4.803521">
        <ele>-10.0</ele>
      </trkpt>
      <trkpt lat="52.502708" lon="4.803498">
        <ele>-10.0</ele>
      </trkpt>
      <trkpt lat="52.502713" lon="4.803477">
        <ele>-9.6</ele>
      </trkpt>
      <trkpt lat="52.502721" lon="4.80345">
        <ele>-9.6</ele>
      </trkpt>
      <trkpt lat="52.502725" lon="4.80343">
        <ele>-9.4</ele>
      </trkpt>
      <trkpt lat="52.502731" lon="4.803408">
        <ele>-9.4</ele>
      </trkpt>
      <trkpt lat="52.502736" lon="4.803386">
        <ele>-9.4</ele>
      </trkpt>
      <trkpt lat="52.502743" lon="4.803365">
        <ele>-9.4</ele>
      </trkpt>
      <trkpt lat="52.502749" lon="4.803343">
        <ele>-9.4</ele>
      </trkpt>
      <trkpt lat="52.502755" lon="4.80332">
        <ele>-9.6</ele>
      </trkpt>
      <trkpt lat="52.502761" lon="4.803295">
        <ele>-9.8</ele>
      </trkpt>
      <trkpt lat="52.502766" lon="4.803275">
        <ele>-9.8</ele>
      </trkpt>
      <trkpt lat="52.502769" lon="4.803253">
        <ele>-9.8</ele>
      </trkpt>
      <trkpt lat="52.502773" lon="4.803237">
        <ele>-9.8</ele>
      </trkpt>
      <trkpt lat="52.502778" lon="4.803217">
        <ele>-9.8</ele>
      </trkpt>
      <trkpt lat="52.502782" lon="4.803195">
        <ele>-9.8</ele>
      </trkpt>
      <trkpt lat="52.502786" lon="4.803174">
        <ele>-9.6</ele>
      </trkpt>
      <trkpt lat="52.50279" lon="4.803149">
        <ele>-9.4</ele>
      </trkpt>
      <trkpt lat="52.502793" lon="4.803128">
        <ele>-9.2</ele>
      </trkpt>
      <trkpt lat="52.5028" lon="4.803104">
        <ele>-9.2</ele>
      </trkpt>
      <trkpt lat="52.502804" lon="4.803083">
        <ele>-9.2</ele>
      </trkpt>
      <trkpt lat="52.502807" lon="4.803061">
        <ele>-9.8</ele>
      </trkpt>
      <trkpt lat="52.502812" lon="4.803039">
        <ele>-10.0</ele>
      </trkpt>
      <trkpt lat="52.502817" lon="4.803017">
        <ele>-10.2</ele>
      </trkpt>
      <trkpt lat="52.502821" lon="4.802995">
        <ele>-10.4</ele>
      </trkpt>
      <trkpt lat="52.502828" lon="4.802972">
        <ele>-10.4</ele>
      </trkpt>
      <trkpt lat="52.502834" lon="4.802948">
        <ele>-10.4</ele>
      </trkpt>
      <trkpt lat="52.502838" lon="4.802924">
        <ele>-10.0</ele>
      </trkpt>
      <trkpt lat="52.502842" lon="4.802896">
        <ele>-9.4</ele>
      </trkpt>
      <trkpt lat="52.502846" lon="4.802874">
        <ele>-9.0</ele>
      </trkpt>
      <trkpt lat="52.502852" lon="4.802852">
        <ele>-9.2</ele>
      </trkpt>
      <trkpt lat="52.502856" lon="4.802831">
        <ele>-9.4</ele>
      </trkpt>
      <trkpt lat="52.502861" lon="4.802809">
        <ele>-9.4</ele>
      </trkpt>
      <trkpt lat="52.502865" lon="4.802786">
        <ele>-9.6</ele>
      </trkpt>
      <trkpt lat="52.50287" lon="4.802761">
        <ele>-9.6</ele>
      </trkpt>
      <trkpt lat="52.502876" lon="4.802733">
        <ele>-9.6</ele>
      </trkpt>
      <trkpt lat="52.502881" lon="4.802711">
        <ele>-9.6</ele>
      </trkpt>
      <trkpt lat="52.502885" lon="4.802685">
        <ele>-9.6</ele>
      </trkpt>
      <trkpt lat="52.50289" lon="4.802663">
        <ele>-9.4</ele>
      </trkpt>
      <trkpt lat="52.502897" lon="4.802642">
        <ele>-9.2</ele>
      </trkpt>
      <trkpt lat="52.502903" lon="4.80262">
        <ele>-9.0</ele>
      </trkpt>
      <trkpt lat="52.502911" lon="4.802596">
        <ele>-9.0</ele>
      </trkpt>
      <trkpt lat="52.502917" lon="4.802572">
        <ele>-9.2</ele>
      </trkpt>
      <trkpt lat="52.502924" lon="4.80255">
        <ele>-9.4</ele>
      </trkpt>
      <trkpt lat="52.502929" lon="4.802524">
        <ele>-9.4</ele>
      </trkpt>
      <trkpt lat="52.502937" lon="4.802501">
        <ele>-9.6</ele>
      </trkpt>
      <trkpt lat="52.502945" lon="4.802481">
        <ele>-9.6</ele>
      </trkpt>
      <trkpt lat="52.502951" lon="4.802462">
        <ele>-9.8</ele>
      </trkpt>
      <trkpt lat="52.50296" lon="4.802443">
        <ele>-10.0</ele>
      </trkpt>
      <trkpt lat="52.502966" lon="4.802422">
        <ele>-10.0</ele>
      </trkpt>
      <trkpt lat="52.502974" lon="4.8024">
        <ele>-9.8</ele>
      </trkpt>
      <trkpt lat="52.502981" lon="4.802376">
        <ele>-10.0</ele>
      </trkpt>
      <trkpt lat="52.502986" lon="4.802356">
        <ele>-10.0</ele>
      </trkpt>
      <trkpt lat="52.502994" lon="4.802333">
        <ele>-10.0</ele>
      </trkpt>
      <trkpt lat="52.502998" lon="4.802313">
        <ele>-10.0</ele>
      </trkpt>
      <trkpt lat="52.503005" lon="4.802289">
        <ele>-10.0</ele>
      </trkpt>
      <trkpt lat="52.503011" lon="4.802264">
        <ele>-10.0</ele>
      </trkpt>
      <trkpt lat="52.503018" lon="4.802243">
        <ele>-10.0</ele>
      </trkpt>
      <trkpt lat="52.503021" lon="4.802221">
        <ele>-10.0</ele>
      </trkpt>
      <trkpt lat="52.503026" lon="4.802195">
        <ele>-9.6</ele>
      </trkpt>
      <trkpt lat="52.503031" lon="4.802169">
        <ele>-10.0</ele>
      </trkpt>
      <trkpt lat="52.503037" lon="4.802148">
        <ele>-9.6</ele>
      </trkpt>
      <trkpt lat="52.503044" lon="4.802121">
        <ele>-9.6</ele>
      </trkpt>
      <trkpt lat="52.50305" lon="4.802101">
        <ele>-9.4</ele>
      </trkpt>
      <trkpt lat="52.503055" lon="4.802078">
        <ele>-9.6</ele>
      </trkpt>
      <trkpt lat="52.50306" lon="4.802059">
        <ele>-9.6</ele>
      </trkpt>
      <trkpt lat="52.503067" lon="4.802038">
        <ele>-9.8</ele>
      </trkpt>
      <trkpt lat="52.503072" lon="4.802015">
        <ele>-9.8</ele>
      </trkpt>
      <trkpt lat="52.50308" lon="4.801993">
        <ele>-10.0</ele>
      </trkpt>
      <trkpt lat="52.503087" lon="4.801971">
        <ele>-10.2</ele>
      </trkpt>
      <trkpt lat="52.503093" lon="4.801948">
        <ele>-10.2</ele>
      </trkpt>
      <trkpt lat="52.5031" lon="4.801922">
        <ele>-10.2</ele>
      </trkpt>
      <trkpt lat="52.503107" lon="4.801902">
        <ele>-10.2</ele>
      </trkpt>
      <trkpt lat="52.503116" lon="4.801879">
        <ele>-10.2</ele>
      </trkpt>
      <trkpt lat="52.503122" lon="4.801861">
        <ele>-10.2</ele>
      </trkpt>
      <trkpt lat="52.503129" lon="4.801841">
        <ele>-9.8</ele>
      </trkpt>
      <trkpt lat="52.503136" lon="4.801822">
        <ele>-9.4</ele>
      </trkpt>
      <trkpt lat="52.503145" lon="4.801803">
        <ele>-9.4</ele>
      </trkpt>
      <trkpt lat="52.503152" lon="4.801782">
        <ele>-10.0</ele>
      </trkpt>
      <trkpt lat="52.503161" lon="4.801762">
        <ele>-9.6</ele>
      </trkpt>
      <trkpt lat="52.503173" lon="4.801741">
        <ele>-9.8</ele>
      </trkpt>
      <trkpt lat="52.503179" lon="4.801721">
        <ele>-9.8</ele>
      </trkpt>
      <trkpt lat="52.503188" lon="4.801701">
        <ele>-9.8</ele>
      </trkpt>
      <trkpt lat="52.503194" lon="4.801684">
        <ele>-9.8</ele>
      </trkpt>
      <trkpt lat="52.503202" lon="4.801666">
        <ele>-9.8</ele>
      </trkpt>
      <trkpt lat="52.503209" lon="4.801647">
        <ele>-9.8</ele>
      </trkpt>
      <trkpt lat="52.503219" lon="4.80163">
        <ele>-9.8</ele>
      </trkpt>
      <trkpt lat="52.503226" lon="4.801609">
        <ele>-10.0</ele>
      </trkpt>
      <trkpt lat="52.503235" lon="4.801589">
        <ele>-10.0</ele>
      </trkpt>
      <trkpt lat="52.503245" lon="4.80157">
        <ele>-10.0</ele>
      </trkpt>
      <trkpt lat="52.503255" lon="4.801553">
        <ele>-10.0</ele>
      </trkpt>
      <trkpt lat="52.503264" lon="4.801536">
        <ele>-10.0</ele>
      </trkpt>
      <trkpt lat="52.503271" lon="4.801518">
        <ele>-10.0</ele>
      </trkpt>
      <trkpt lat="52.50328" lon="4.801505">
        <ele>-10.0</ele>
      </trkpt>
      <trkpt lat="52.503288" lon="4.801489">
        <ele>-10.8</ele>
      </trkpt>
      <trkpt lat="52.503301" lon="4.801474">
        <ele>-10.0</ele>
      </trkpt>
      <trkpt lat="52.503309" lon="4.801456">
        <ele>-10.8</ele>
      </trkpt>
      <trkpt lat="52.503317" lon="4.801438">
        <ele>-10.4</ele>
      </trkpt>
      <trkpt lat="52.503325" lon="4.801416">
        <ele>-10.2</ele>
      </trkpt>
      <trkpt lat="52.503333" lon="4.8014">
        <ele>-10.2</ele>
      </trkpt>
      <trkpt lat="52.503342" lon="4.801381">
        <ele>-10.0</ele>
      </trkpt>
      <trkpt lat="52.50335" lon="4.801366">
        <ele>-10.0</ele>
      </trkpt>
      <trkpt lat="52.503361" lon="4.80135">
        <ele>-10.0</ele>
      </trkpt>
      <trkpt lat="52.503369" lon="4.80133">
        <ele>-10.0</ele>
      </trkpt>
      <trkpt lat="52.503379" lon="4.801313">
        <ele>-9.8</ele>
      </trkpt>
      <trkpt lat="52.503389" lon="4.801294">
        <ele>-9.6</ele>
      </trkpt>
      <trkpt lat="52.503399" lon="4.801279">
        <ele>-9.4</ele>
      </trkpt>
      <trkpt lat="52.503408" lon="4.801262">
        <ele>-9.4</ele>
      </trkpt>
      <trkpt lat="52.503416" lon="4.801247">
        <ele>-9.4</ele>
      </trkpt>
      <trkpt lat="52.503426" lon="4.801232">
        <ele>-9.4</ele>
      </trkpt>
      <trkpt lat="52.503436" lon="4.801215">
        <ele>-9.4</ele>
      </trkpt>
      <trkpt lat="52.503443" lon="4.801197">
        <ele>-9.4</ele>
      </trkpt>
      <trkpt lat="52.503451" lon="4.801178">
        <ele>-9.2</ele>
      </trkpt>
      <trkpt lat="52.503459" lon="4.80116">
        <ele>-9.2</ele>
      </trkpt>
      <trkpt lat="52.503468" lon="4.80114">
        <ele>-9.2</ele>
      </trkpt>
      <trkpt lat="52.503476" lon="4.801122">
        <ele>-9.0</ele>
      </trkpt>
      <trkpt lat="52.503484" lon="4.801107">
        <ele>-9.0</ele>
      </trkpt>
      <trkpt lat="52.503492" lon="4.801089">
        <ele>-9.0</ele>
      </trkpt>
      <trkpt lat="52.503502" lon="4.801073">
        <ele>-9.0</ele>
      </trkpt>
      <trkpt lat="52.503509" lon="4.801056">
        <ele>-9.8</ele>
      </trkpt>
      <trkpt lat="52.503518" lon="4.801038">
        <ele>-9.6</ele>
      </trkpt>
      <trkpt lat="52.503525" lon="4.801021">
        <ele>-10.8</ele>
      </trkpt>
      <trkpt lat="52.503533" lon="4.801007">
        <ele>-10.4</ele>
      </trkpt>
      <trkpt lat="52.50354" lon="4.800988">
        <ele>-10.2</ele>
      </trkpt>
      <trkpt lat="52.503546" lon="4.800971">
        <ele>-10.0</ele>
      </trkpt>
      <trkpt lat="52.503554" lon="4.800954">
        <ele>-10.0</ele>
      </trkpt>
      <trkpt lat="52.50356" lon="4.800936">
        <ele>-10.0</ele>
      </trkpt>
      <trkpt lat="52.503567" lon="4.800918">
        <ele>-10.0</ele>
      </trkpt>
      <trkpt lat="52.503572" lon="4.800899">
        <ele>-10.0</ele>
      </trkpt>
      <trkpt lat="52.50358" lon="4.800878">
        <ele>-10.0</ele>
      </trkpt>
      <trkpt lat="52.503587" lon="4.800856">
        <ele>-10.2</ele>
      </trkpt>
      <trkpt lat="52.503595" lon="4.800835">
        <ele>-9.8</ele>
      </trkpt>
      <trkpt lat="52.503602" lon="4.800809">
        <ele>-9.8</ele>
      </trkpt>
      <trkpt lat="52.503607" lon="4.800789">
        <ele>-9.8</ele>
      </trkpt>
      <trkpt lat="52.503615" lon="4.800768">
        <ele>-9.6</ele>
      </trkpt>
      <trkpt lat="52.503621" lon="4.80075">
        <ele>-9.6</ele>
      </trkpt>
      <trkpt lat="52.503628" lon="4.80073">
        <ele>-9.6</ele>
      </trkpt>
      <trkpt lat="52.503634" lon="4.800708">
        <ele>-9.6</ele>
      </trkpt>
      <trkpt lat="52.503642" lon="4.800687">
        <ele>-9.6</ele>
      </trkpt>
      <trkpt lat="52.503651" lon="4.800666">
        <ele>-10.2</ele>
      </trkpt>
      <trkpt lat="52.503657" lon="4.800646">
        <ele>-9.8</ele>
      </trkpt>
      <trkpt lat="52.503663" lon="4.800623">
        <ele>-9.6</ele>
      </trkpt>
      <trkpt lat="52.503669" lon="4.800606">
        <ele>-9.4</ele>
      </trkpt>
      <trkpt lat="52.503675" lon="4.800584">
        <ele>-9.4</ele>
      </trkpt>
      <trkpt lat="52.503681" lon="4.800563">
        <ele>-9.4</ele>
      </trkpt>
      <trkpt lat="52.503688" lon="4.800545">
        <ele>-9.4</ele>
      </trkpt>
      <trkpt lat="52.503693" lon="4.800523">
        <ele>-9.4</ele>
      </trkpt>
      <trkpt lat="52.503701" lon="4.800502">
        <ele>-9.2</ele>
      </trkpt>
      <trkpt lat="52.50371" lon="4.800476">
        <ele>-9.8</ele>
      </trkpt>
      <trkpt lat="52.503722" lon="4.800455">
        <ele>-10.0</ele>
      </trkpt>
      <trkpt lat="52.503732" lon="4.800429">
        <ele>-10.2</ele>
      </trkpt>
      <trkpt lat="52.50374" lon="4.800409">
        <ele>-10.2</ele>
      </trkpt>
      <trkpt lat="52.503749" lon="4.800386">
        <ele>-10.2</ele>
      </trkpt>
      <trkpt lat="52.503757" lon="4.800365">
        <ele>-10.2</ele>
      </trkpt>
      <trkpt lat="52.503766" lon="4.800346">
        <ele>-10.2</ele>
      </trkpt>
      <trkpt lat="52.503774" lon="4.800326">
        <ele>-10.2</ele>
      </trkpt>
      <trkpt lat="52.503783" lon="4.800305">
        <ele>-9.8</ele>
      </trkpt>
      <trkpt lat="52.50379" lon="4.800282">
        <ele>-10.6</ele>
      </trkpt>
      <trkpt lat="52.503798" lon="4.800261">
        <ele>-10.2</ele>
      </trkpt>
      <trkpt lat="52.503806" lon="4.800235">
        <ele>-9.8</ele>
      </trkpt>
      <trkpt lat="52.503813" lon="4.800215">
        <ele>-9.8</ele>
      </trkpt>
      <trkpt lat="52.503821" lon="4.800191">
        <ele>-9.6</ele>
      </trkpt>
      <trkpt lat="52.503828" lon="4.800171">
        <ele>-9.6</ele>
      </trkpt>
      <trkpt lat="52.503835" lon="4.800152">
        <ele>-9.6</ele>
      </trkpt>
      <trkpt lat="52.50384" lon="4.800132">
        <ele>-9.6</ele>
      </trkpt>
      <trkpt lat="52.503848" lon="4.800112">
        <ele>-9.6</ele>
      </trkpt>
      <trkpt lat="52.503855" lon="4.800091">
        <ele>-10.2</ele>
      </trkpt>
      <trkpt lat="52.503862" lon="4.80007">
        <ele>-9.8</ele>
      </trkpt>
      <trkpt lat="52.503872" lon="4.800049">
        <ele>-11.0</ele>
      </trkpt>
      <trkpt lat="52.503879" lon="4.800028">
        <ele>-10.4</ele>
      </trkpt>
      <trkpt lat="52.503892" lon="4.800007">
        <ele>-10.2</ele>
      </trkpt>
      <trkpt lat="52.5039" lon="4.799991">
        <ele>-10.2</ele>
      </trkpt>
      <trkpt lat="52.50391" lon="4.799973">
        <ele>-10.2</ele>
      </trkpt>
      <trkpt lat="52.503918" lon="4.799956">
        <ele>-10.2</ele>
      </trkpt>
      <trkpt lat="52.503926" lon="4.799939">
        <ele>-10.0</ele>
      </trkpt>
      <trkpt lat="52.503934" lon="4.79992">
        <ele>-10.0</ele>
      </trkpt>
      <trkpt lat="52.503943" lon="4.799901">
        <ele>-10.0</ele>
      </trkpt>
      <trkpt lat="52.503952" lon="4.799879">
        <ele>-10.6</ele>
      </trkpt>
      <trkpt lat="52.50396" lon="4.79986">
        <ele>-10.2</ele>
      </trkpt>
      <trkpt lat="52.503972" lon="4.799838">
        <ele>-10.2</ele>
      </trkpt>
      <trkpt lat="52.50398" lon="4.799819">
        <ele>-10.0</ele>
      </trkpt>
      <trkpt lat="52.503992" lon="4.7998">
        <ele>-10.0</ele>
      </trkpt>
      <trkpt lat="52.504001" lon="4.799782">
        <ele>-10.0</ele>
      </trkpt>
      <trkpt lat="52.504011" lon="4.799767">
        <ele>-10.0</ele>
      </trkpt>
      <trkpt lat="52.504021" lon="4.799751">
        <ele>-10.0</ele>
      </trkpt>
      <trkpt lat="52.50403" lon="4.799734">
        <ele>-9.4</ele>
      </trkpt>
      <trkpt lat="52.504041" lon="4.799717">
        <ele>-10.4</ele>
      </trkpt>
      <trkpt lat="52.504053" lon="4.799701">
        <ele>-9.8</ele>
      </trkpt>
      <trkpt lat="52.504063" lon="4.799684">
        <ele>-9.4</ele>
      </trkpt>
      <trkpt lat="52.504071" lon="4.799668">
        <ele>-9.2</ele>
      </trkpt>
      <trkpt lat="52.504081" lon="4.799654">
        <ele>-9.0</ele>
      </trkpt>
      <trkpt lat="52.50409" lon="4.799638">
        <ele>-9.0</ele>
      </trkpt>
      <trkpt lat="52.5041" lon="4.799624">
        <ele>-9.0</ele>
      </trkpt>
      <trkpt lat="52.504109" lon="4.799609">
        <ele>-9.0</ele>
      </trkpt>
      <trkpt lat="52.504117" lon="4.799596">
        <ele>-8.8</ele>
      </trkpt>
      <trkpt lat="52.504126" lon="4.799581">
        <ele>-10.0</ele>
      </trkpt>
      <trkpt lat="52.504134" lon="4.799565">
        <ele>-9.2</ele>
      </trkpt>
      <trkpt lat="52.504143" lon="4.799548">
        <ele>-10.2</ele>
      </trkpt>
      <trkpt lat="52.504153" lon="4.799529">
        <ele>-10.0</ele>
      </trkpt>
      <trkpt lat="52.504163" lon="4.799508">
        <ele>-9.8</ele>
      </trkpt>
      <trkpt lat="52.504171" lon="4.79949">
        <ele>-9.8</ele>
      </trkpt>
      <trkpt lat="52.504181" lon="4.799473">
        <ele>-9.8</ele>
      </trkpt>
      <trkpt lat="52.504188" lon="4.799457">
        <ele>-9.8</ele>
      </trkpt>
      <trkpt lat="52.504198" lon="4.799439">
        <ele>-9.8</ele>
      </trkpt>
      <trkpt lat="52.504206" lon="4.799422">
        <ele>-9.8</ele>
      </trkpt>
      <trkpt lat="52.504215" lon="4.799405">
        <ele>-9.4</ele>
      </trkpt>
      <trkpt lat="52.504224" lon="4.799389">
        <ele>-10.6</ele>
      </trkpt>
      <trkpt lat="52.504235" lon="4.799373">
        <ele>-9.8</ele>
      </trkpt>
      <trkpt lat="52.504246" lon="4.799356">
        <ele>-10.2</ele>
      </trkpt>
      <trkpt lat="52.504253" lon="4.799341">
        <ele>-10.2</ele>
      </trkpt>
      <trkpt lat="52.504263" lon="4.799325">
        <ele>-10.4</ele>
      </trkpt>
      <trkpt lat="52.504272" lon="4.79931">
        <ele>-10.4</ele>
      </trkpt>
      <trkpt lat="52.504281" lon="4.799298">
        <ele>-10.4</ele>
      </trkpt>
      <trkpt lat="52.504289" lon="4.799286">
        <ele>-10.4</ele>
      </trkpt>
      <trkpt lat="52.504296" lon="4.799277">
        <ele>-10.4</ele>
      </trkpt>
      <trkpt lat="52.504302" lon="4.799268">
        <ele>-10.4</ele>
      </trkpt>
      <trkpt lat="52.504307" lon="4.799262">
        <ele>-10.4</ele>
      </trkpt>
      <trkpt lat="52.50431" lon="4.79926">
        <ele>-10.4</ele>
      </trkpt>
      <trkpt lat="52.504313" lon="4.799259">
        <ele>-10.4</ele>
      </trkpt>
      <trkpt lat="52.504322" lon="4.799255">
        <ele>-10.2</ele>
      </trkpt>
      <trkpt lat="52.504328" lon="4.799252">
        <ele>-10.0</ele>
      </trkpt>
      <trkpt lat="52.504333" lon="4.799248">
        <ele>-9.8</ele>
      </trkpt>
      <trkpt lat="52.504339" lon="4.799236">
        <ele>-9.4</ele>
      </trkpt>
      <trkpt lat="52.504346" lon="4.799221">
        <ele>-9.2</ele>
      </trkpt>
      <trkpt lat="52.504352" lon="4.799203">
        <ele>-9.0</ele>
      </trkpt>
      <trkpt lat="52.50436" lon="4.799186">
        <ele>-9.0</ele>
      </trkpt>
      <trkpt lat="52.504367" lon="4.799165">
        <ele>-9.0</ele>
      </trkpt>
      <trkpt lat="52.504374" lon="4.799146">
        <ele>-9.0</ele>
      </trkpt>
      <trkpt lat="52.504382" lon="4.799125">
        <ele>-9.4</ele>
      </trkpt>
      <trkpt lat="52.504388" lon="4.799106">
        <ele>-9.6</ele>
      </trkpt>
      <trkpt lat="52.504396" lon="4.799086">
        <ele>-9.6</ele>
      </trkpt>
      <trkpt lat="52.504401" lon="4.799068">
        <ele>-9.6</ele>
      </trkpt>
      <trkpt lat="52.504408" lon="4.79905">
        <ele>-9.8</ele>
      </trkpt>
      <trkpt lat="52.504413" lon="4.799033">
        <ele>-9.8</ele>
      </trkpt>
      <trkpt lat="52.504421" lon="4.799018">
        <ele>-9.6</ele>
      </trkpt>
      <trkpt lat="52.504427" lon="4.798999">
        <ele>-9.4</ele>
      </trkpt>
      <trkpt lat="52.504436" lon="4.798982">
        <ele>-9.4</ele>
      </trkpt>
      <trkpt lat="52.504443" lon="4.798962">
        <ele>-10.4</ele>
      </trkpt>
      <trkpt lat="52.504449" lon="4.798943">
        <ele>-10.0</ele>
      </trkpt>
      <trkpt lat="52.504455" lon="4.798923">
        <ele>-9.8</ele>
      </trkpt>
      <trkpt lat="52.504462" lon="4.798904">
        <ele>-9.8</ele>
      </trkpt>
      <trkpt lat="52.504468" lon="4.798884">
        <ele>-9.8</ele>
      </trkpt>
      <trkpt lat="52.504478" lon="4.798867">
        <ele>-9.6</ele>
      </trkpt>
      <trkpt lat="52.504485" lon="4.798849">
        <ele>-9.6</ele>
      </trkpt>
      <trkpt lat="52.50449" lon="4.79883">
        <ele>-9.6</ele>
      </trkpt>
      <trkpt lat="52.504497" lon="4.798812">
        <ele>-9.2</ele>
      </trkpt>
      <trkpt lat="52.504503" lon="4.798791">
        <ele>-10.4</ele>
      </trkpt>
      <trkpt lat="52.50451" lon="4.798771">
        <ele>-9.4</ele>
      </trkpt>
      <trkpt lat="52.504517" lon="4.798751">
        <ele>-10.8</ele>
      </trkpt>
      <trkpt lat="52.504526" lon="4.798731">
        <ele>-10.0</ele>
      </trkpt>
      <trkpt lat="52.504532" lon="4.79871">
        <ele>-11.0</ele>
      </trkpt>
      <trkpt lat="52.50454" lon="4.798691">
        <ele>-10.0</ele>
      </trkpt>
      <trkpt lat="52.504546" lon="4.798669">
        <ele>-11.0</ele>
      </trkpt>
      <trkpt lat="52.504556" lon="4.798649">
        <ele>-10.0</ele>
      </trkpt>
      <trkpt lat="52.504563" lon="4.798628">
        <ele>-11.0</ele>
      </trkpt>
      <trkpt lat="52.504571" lon="4.798607">
        <ele>-10.4</ele>
      </trkpt>
      <trkpt lat="52.504577" lon="4.798585">
        <ele>-10.8</ele>
      </trkpt>
      <trkpt lat="52.504586" lon="4.798564">
        <ele>-10.4</ele>
      </trkpt>
      <trkpt lat="52.504593" lon="4.79854">
        <ele>-10.4</ele>
      </trkpt>
      <trkpt lat="52.5046" lon="4.798519">
        <ele>-10.2</ele>
      </trkpt>
      <trkpt lat="52.504608" lon="4.798494">
        <ele>-10.2</ele>
      </trkpt>
      <trkpt lat="52.504612" lon="4.798472">
        <ele>-10.4</ele>
      </trkpt>
      <trkpt lat="52.50462" lon="4.798449">
        <ele>-10.4</ele>
      </trkpt>
      <trkpt lat="52.504626" lon="4.798429">
        <ele>-10.4</ele>
      </trkpt>
      <trkpt lat="52.504633" lon="4.798409">
        <ele>-10.4</ele>
      </trkpt>
      <trkpt lat="52.50464" lon="4.79839">
        <ele>-10.4</ele>
      </trkpt>
      <trkpt lat="52.504647" lon="4.798372">
        <ele>-10.4</ele>
      </trkpt>
      <trkpt lat="52.504654" lon="4.798351">
        <ele>-10.2</ele>
      </trkpt>
      <trkpt lat="52.504662" lon="4.798331">
        <ele>-9.6</ele>
      </trkpt>
      <trkpt lat="52.504671" lon="4.798308">
        <ele>-9.4</ele>
      </trkpt>
      <trkpt lat="52.504677" lon="4.798289">
        <ele>-9.2</ele>
      </trkpt>
      <trkpt lat="52.504685" lon="4.798266">
        <ele>-9.2</ele>
      </trkpt>
      <trkpt lat="52.504692" lon="4.798247">
        <ele>-9.2</ele>
      </trkpt>
      <trkpt lat="52.504701" lon="4.798227">
        <ele>-9.0</ele>
      </trkpt>
      <trkpt lat="52.504709" lon="4.798209">
        <ele>-9.0</ele>
      </trkpt>
      <trkpt lat="52.504716" lon="4.798191">
        <ele>-9.0</ele>
      </trkpt>
      <trkpt lat="52.504723" lon="4.798171">
        <ele>-9.4</ele>
      </trkpt>
      <trkpt lat="52.504732" lon="4.798151">
        <ele>-9.0</ele>
      </trkpt>
      <trkpt lat="52.50474" lon="4.798131">
        <ele>-9.8</ele>
      </trkpt>
      <trkpt lat="52.504747" lon="4.798112">
        <ele>-9.6</ele>
      </trkpt>
      <trkpt lat="52.504754" lon="4.79809">
        <ele>-9.8</ele>
      </trkpt>
      <trkpt lat="52.50476" lon="4.79807">
        <ele>-10.0</ele>
      </trkpt>
      <trkpt lat="52.504769" lon="4.798044">
        <ele>-10.0</ele>
      </trkpt>
      <trkpt lat="52.504775" lon="4.798023">
        <ele>-10.0</ele>
      </trkpt>
      <trkpt lat="52.504782" lon="4.798003">
        <ele>-10.0</ele>
      </trkpt>
      <trkpt lat="52.504787" lon="4.797983">
        <ele>-10.0</ele>
      </trkpt>
      <trkpt lat="52.504796" lon="4.797966">
        <ele>-10.0</ele>
      </trkpt>
      <trkpt lat="52.504803" lon="4.797948">
        <ele>-10.0</ele>
      </trkpt>
      <trkpt lat="52.504812" lon="4.79793">
        <ele>-9.8</ele>
      </trkpt>
      <trkpt lat="52.504822" lon="4.797911">
        <ele>-10.6</ele>
      </trkpt>
      <trkpt lat="52.504833" lon="4.797892">
        <ele>-10.2</ele>
      </trkpt>
      <trkpt lat="52.504841" lon="4.797872">
        <ele>-10.0</ele>
      </trkpt>
      <trkpt lat="52.504849" lon="4.797853">
        <ele>-9.8</ele>
      </trkpt>
      <trkpt lat="52.504858" lon="4.797833">
        <ele>-9.8</ele>
      </trkpt>
      <trkpt lat="52.504866" lon="4.797818">
        <ele>-9.8</ele>
      </trkpt>
      <trkpt lat="52.504876" lon="4.797805">
        <ele>-9.6</ele>
      </trkpt>
      <trkpt lat="52.504884" lon="4.797791">
        <ele>-9.6</ele>
      </trkpt>
      <trkpt lat="52.504891" lon="4.797776">
        <ele>-9.6</ele>
      </trkpt>
      <trkpt lat="52.504897" lon="4.797757">
        <ele>-9.6</ele>
      </trkpt>
      <trkpt lat="52.504904" lon="4.797741">
        <ele>-9.8</ele>
      </trkpt>
      <trkpt lat="52.504912" lon="4.79772">
        <ele>-10.0</ele>
      </trkpt>
      <trkpt lat="52.504918" lon="4.797702">
        <ele>-10.0</ele>
      </trkpt>
      <trkpt lat="52.504927" lon="4.797682">
        <ele>-10.0</ele>
      </trkpt>
      <trkpt lat="52.504935" lon="4.797666">
        <ele>-10.2</ele>
      </trkpt>
      <trkpt lat="52.504943" lon="4.797647">
        <ele>-10.2</ele>
      </trkpt>
      <trkpt lat="52.504951" lon="4.797629">
        <ele>-10.2</ele>
      </trkpt>
      <trkpt lat="52.504962" lon="4.797614">
        <ele>-10.2</ele>
      </trkpt>
      <trkpt lat="52.504971" lon="4.797599">
        <ele>-10.2</ele>
      </trkpt>
      <trkpt lat="52.504982" lon="4.797584">
        <ele>-10.2</ele>
      </trkpt>
      <trkpt lat="52.50499" lon="4.797567">
        <ele>-11.0</ele>
      </trkpt>
      <trkpt lat="52.504996" lon="4.79755">
        <ele>-10.8</ele>
      </trkpt>
      <trkpt lat="52.505006" lon="4.797532">
        <ele>-10.6</ele>
      </trkpt>
      <trkpt lat="52.505014" lon="4.797517">
        <ele>-10.4</ele>
      </trkpt>
      <trkpt lat="52.505024" lon="4.797498">
        <ele>-10.4</ele>
      </trkpt>
      <trkpt lat="52.505032" lon="4.797483">
        <ele>-10.4</ele>
      </trkpt>
      <trkpt lat="52.505039" lon="4.797465">
        <ele>-10.4</ele>
      </trkpt>
      <trkpt lat="52.505046" lon="4.797447">
        <ele>-10.4</ele>
      </trkpt>
      <trkpt lat="52.505053" lon="4.79743">
        <ele>-10.2</ele>
      </trkpt>
      <trkpt lat="52.50506" lon="4.797414">
        <ele>-10.2</ele>
      </trkpt>
      <trkpt lat="52.505068" lon="4.797397">
        <ele>-10.2</ele>
      </trkpt>
      <trkpt lat="52.505076" lon="4.797379">
        <ele>-10.6</ele>
      </trkpt>
      <trkpt lat="52.505085" lon="4.797362">
        <ele>-10.2</ele>
      </trkpt>
      <trkpt lat="52.505093" lon="4.797344">
        <ele>-10.4</ele>
      </trkpt>
      <trkpt lat="52.5051" lon="4.797325">
        <ele>-10.2</ele>
      </trkpt>
      <trkpt lat="52.505108" lon="4.797302">
        <ele>-10.4</ele>
      </trkpt>
      <trkpt lat="52.505115" lon="4.797283">
        <ele>-10.0</ele>
      </trkpt>
      <trkpt lat="52.505121" lon="4.797266">
        <ele>-10.2</ele>
      </trkpt>
      <trkpt lat="52.505127" lon="4.797245">
        <ele>-9.8</ele>
      </trkpt>
      <trkpt lat="52.505132" lon="4.797226">
        <ele>-10.2</ele>
      </trkpt>
      <trkpt lat="52.50514" lon="4.797207">
        <ele>-10.0</ele>
      </trkpt>
      <trkpt lat="52.505145" lon="4.797186">
        <ele>-10.4</ele>
      </trkpt>
      <trkpt lat="52.505152" lon="4.797164">
        <ele>-10.2</ele>
      </trkpt>
      <trkpt lat="52.505156" lon="4.797143">
        <ele>-10.2</ele>
      </trkpt>
      <trkpt lat="52.505162" lon="4.797124">
        <ele>-10.2</ele>
      </trkpt>
      <trkpt lat="52.505167" lon="4.797102">
        <ele>-10.2</ele>
      </trkpt>
      <trkpt lat="52.505169" lon="4.797084">
        <ele>-10.2</ele>
      </trkpt>
      <trkpt lat="52.505172" lon="4.797064">
        <ele>-10.2</ele>
      </trkpt>
      <trkpt lat="52.505173" lon="4.797042">
        <ele>-10.2</ele>
      </trkpt>
      <trkpt lat="52.505174" lon="4.797023">
        <ele>-10.4</ele>
      </trkpt>
      <trkpt lat="52.505176" lon="4.797002">
        <ele>-10.8</ele>
      </trkpt>
      <trkpt lat="52.505177" lon="4.796984">
        <ele>-10.8</ele>
      </trkpt>
      <trkpt lat="52.50518" lon="4.796966">
        <ele>-11.0</ele>
      </trkpt>
      <trkpt lat="52.505182" lon="4.796945">
        <ele>-11.0</ele>
      </trkpt>
      <trkpt lat="52.505183" lon="4.796923">
        <ele>-11.2</ele>
      </trkpt>
      <trkpt lat="52.505187" lon="4.796901">
        <ele>-11.2</ele>
      </trkpt>
      <trkpt lat="52.505189" lon="4.796883">
        <ele>-11.6</ele>
      </trkpt>
      <trkpt lat="52.505196" lon="4.796864">
        <ele>-11.6</ele>
      </trkpt>
      <trkpt lat="52.505201" lon="4.796844">
        <ele>-11.4</ele>
      </trkpt>
      <trkpt lat="52.505204" lon="4.796825">
        <ele>-11.6</ele>
      </trkpt>
      <trkpt lat="52.505211" lon="4.796807">
        <ele>-11.4</ele>
      </trkpt>
      <trkpt lat="52.505216" lon="4.796792">
        <ele>-11.2</ele>
      </trkpt>
      <trkpt lat="52.505224" lon="4.796777">
        <ele>-11.2</ele>
      </trkpt>
      <trkpt lat="52.50523" lon="4.796759">
        <ele>-11.0</ele>
      </trkpt>
      <trkpt lat="52.505238" lon="4.796738">
        <ele>-11.0</ele>
      </trkpt>
      <trkpt lat="52.505246" lon="4.796718">
        <ele>-11.0</ele>
      </trkpt>
      <trkpt lat="52.50525" lon="4.796703">
        <ele>-11.0</ele>
      </trkpt>
      <trkpt lat="52.505257" lon="4.796687">
        <ele>-11.0</ele>
      </trkpt>
      <trkpt lat="52.505262" lon="4.79667">
        <ele>-11.0</ele>
      </trkpt>
      <trkpt lat="52.505267" lon="4.796653">
        <ele>-11.0</ele>
      </trkpt>
      <trkpt lat="52.505275" lon="4.796637">
        <ele>-11.0</ele>
      </trkpt>
      <trkpt lat="52.50528" lon="4.796622">
        <ele>-11.0</ele>
      </trkpt>
      <trkpt lat="52.505288" lon="4.796606">
        <ele>-11.0</ele>
      </trkpt>
      <trkpt lat="52.505297" lon="4.796588">
        <ele>-10.8</ele>
      </trkpt>
      <trkpt lat="52.505303" lon="4.796572">
        <ele>-10.8</ele>
      </trkpt>
      <trkpt lat="52.505313" lon="4.796557">
        <ele>-11.0</ele>
      </trkpt>
      <trkpt lat="52.505318" lon="4.796541">
        <ele>-11.0</ele>
      </trkpt>
      <trkpt lat="52.505324" lon="4.796524">
        <ele>-11.2</ele>
      </trkpt>
      <trkpt lat="52.505332" lon="4.796505">
        <ele>-11.2</ele>
      </trkpt>
      <trkpt lat="52.505338" lon="4.796491">
        <ele>-11.2</ele>
      </trkpt>
      <trkpt lat="52.505344" lon="4.796477">
        <ele>-11.4</ele>
      </trkpt>
      <trkpt lat="52.505351" lon="4.796461">
        <ele>-11.4</ele>
      </trkpt>
      <trkpt lat="52.505354" lon="4.796449">
        <ele>-11.4</ele>
      </trkpt>
      <trkpt lat="52.505357" lon="4.796438">
        <ele>-11.2</ele>
      </trkpt>
      <trkpt lat="52.505364" lon="4.796427">
        <ele>-11.2</ele>
      </trkpt>
      <trkpt lat="52.505371" lon="4.796416">
        <ele>-11.0</ele>
      </trkpt>
      <trkpt lat="52.505377" lon="4.796408">
        <ele>-10.8</ele>
      </trkpt>
      <trkpt lat="52.505382" lon="4.7964">
        <ele>-10.6</ele>
      </trkpt>
      <trkpt lat="52.505386" lon="4.796393">
        <ele>-10.6</ele>
      </trkpt>
      <trkpt lat="52.505389" lon="4.796386">
        <ele>-10.6</ele>
      </trkpt>
      <trkpt lat="52.505393" lon="4.796377">
        <ele>-11.0</ele>
      </trkpt>
      <trkpt lat="52.505397" lon="4.796372">
        <ele>-11.0</ele>
      </trkpt>
      <trkpt lat="52.5054" lon="4.796366">
        <ele>-11.0</ele>
      </trkpt>
      <trkpt lat="52.505402" lon="4.79636">
        <ele>-11.0</ele>
      </trkpt>
      <trkpt lat="52.505405" lon="4.796355">
        <ele>-11.2</ele>
      </trkpt>
      <trkpt lat="52.505406" lon="4.79635">
        <ele>-11.2</ele>
      </trkpt>
      <trkpt lat="52.505407" lon="4.796344">
        <ele>-10.8</ele>
      </trkpt>
      <trkpt lat="52.505408" lon="4.796339">
        <ele>-10.8</ele>
      </trkpt>
      <trkpt lat="52.505407" lon="4.796337">
        <ele>-10.8</ele>
      </trkpt>
      <trkpt lat="52.505409" lon="4.796333">
        <ele>-10.6</ele>
      </trkpt>
      <trkpt lat="52.505411" lon="4.796325">
        <ele>-10.6</ele>
      </trkpt>
      <trkpt lat="52.505413" lon="4.79632">
        <ele>-10.6</ele>
      </trkpt>
      <trkpt lat="52.505414" lon="4.796316">
        <ele>-10.8</ele>
      </trkpt>
      <trkpt lat="52.505416" lon="4.796308">
        <ele>-11.0</ele>
      </trkpt>
      <trkpt lat="52.505417" lon="4.796305">
        <ele>-11.2</ele>
      </trkpt>
      <trkpt lat="52.505417" lon="4.796302">
        <ele>-11.4</ele>
      </trkpt>
      <trkpt lat="52.505423" lon="4.796302">
        <ele>-11.4</ele>
      </trkpt>
      <trkpt lat="52.505428" lon="4.7963">
        <ele>-11.4</ele>
      </trkpt>
      <trkpt lat="52.505432" lon="4.796297">
        <ele>-11.4</ele>
      </trkpt>
      <trkpt lat="52.505434" lon="4.796292">
        <ele>-11.4</ele>
      </trkpt>
      <trkpt lat="52.505434" lon="4.796289">
        <ele>-11.4</ele>
      </trkpt>
      <trkpt lat="52.505433" lon="4.796286">
        <ele>-11.2</ele>
      </trkpt>
      <trkpt lat="52.505435" lon="4.796283">
        <ele>-11.2</ele>
      </trkpt>
      <trkpt lat="52.505439" lon="4.796281">
        <ele>-11.2</ele>
      </trkpt>
      <trkpt lat="52.505445" lon="4.796279">
        <ele>-11.4</ele>
      </trkpt>
    </trkseg>
  </trk>
</gpx>